timestamp_us,timestamp_s,sdu_generated_count,l2cap_send_attempt_count,l2cap_send_success_count,l2cap_send_error_count,can_send_wait_last_us,can_send_wait_max_us,packet_sent_wait_max_us,audio_busy_current_duration_us,audio_busy_max_duration_us,ring_fill_current,ring_fill_min,ring_fill_max,ring_underrun_count,ring_overrun_count,sequence_generated,sequence_sent,sequence_skip_count,audio_timer_gap_max_us,audio_timer_late_count,usb_pcm_underrun_count,trace_dropped,hci_write_count,hci_write_error_count,hci_write_last_us,hci_write_max_us,cyw43_lock_wait_last_us,cyw43_lock_wait_max_us,cyw43_lock_hold_last_us,cyw43_lock_hold_max_us,btstack_run_loop_gap_last_us,btstack_run_loop_gap_max_us,hci_to_packet_sent_last_us,hci_to_packet_sent_max_us,rssi_sample_count,rssi_request_skipped_count,rssi_slot0_dbm,rssi_slot1_dbm,rssi_slot0_age_us,rssi_slot1_age_us,tx_stale_drop_count,tx_stale_drop_frames
43059463,43.059463,1785,1785,1785,0,5,6,313,0,323,0,0,1,0,0,248,248,0,74414,1,0,420,2889,0,244,281,0,3,61,830544,2166,74414,22,23,83,0,-85,-2147483648,260484,4294967295,0,0
43309463,43.309463,1798,1798,1798,0,6,6,313,0,323,0,0,1,0,0,5,5,0,74414,1,0,420,2910,0,138,281,0,3,60,830544,2759,74414,22,23,84,0,-78,-2147483648,8623,4294967295,0,0
43559464,43.559464,1810,1810,1810,0,6,6,313,0,323,0,0,1,0,0,17,17,0,74414,1,0,420,2928,0,139,281,1,3,60,830544,2168,74414,22,23,84,0,-78,-2147483648,258624,4294967295,0,0
43809464,43.809464,1823,1823,1823,0,6,6,313,0,323,0,0,1,0,0,30,30,0,74414,1,0,420,2948,0,245,281,1,3,60,830544,2459,74414,22,23,85,0,-81,-2147483648,6734,4294967295,0,0
44059466,44.059466,1835,1835,1835,0,6,6,313,0,323,0,0,1,0,0,42,42,0,74414,1,0,420,2966,0,244,281,1,3,60,830544,2167,74414,22,23,85,0,-81,-2147483648,256736,4294967295,0,0
44309468,44.309468,1848,1848,1848,0,6,6,313,0,323,0,0,1,0,0,55,55,0,74414,1,0,420,2987,0,138,281,1,3,60,830544,1918,74414,22,23,86,0,-82,-2147483648,5400,4294967295,0,0
44559470,44.559470,1860,1860,1860,0,6,6,313,0,323,0,0,1,0,0,67,67,0,74414,1,0,420,3005,0,138,281,1,3,60,830544,2167,74414,22,23,86,0,-82,-2147483648,255402,4294967295,0,0
44809471,44.809471,1873,1873,1873,0,5,6,313,0,323,0,0,1,0,0,80,80,0,74414,1,0,420,3025,0,244,281,1,3,60,830544,2459,74414,22,23,87,0,-80,-2147483648,4075,4294967295,0,0
45059473,45.059473,1885,1885,1885,0,6,6,313,0,323,0,0,1,0,0,92,92,0,74414,1,0,420,3043,0,244,281,1,3,60,830544,2167,74414,22,23,87,0,-80,-2147483648,254077,4294967295,0,0
45309473,45.309473,1898,1898,1898,0,6,6,313,0,323,0,0,1,0,0,105,105,0,74414,1,0,420,3063,0,138,281,1,3,60,830544,1458,74414,22,23,87,0,-80,-2147483648,504077,4294967295,0,0
45559474,45.559474,1910,1910,1910,0,6,6,313,0,323,0,0,1,0,0,117,117,0,74414,1,0,420,3082,0,138,281,1,3,60,830544,2167,74414,22,23,88,0,-82,-2147483648,243199,4294967295,0,0
45809475,45.809475,1923,1923,1923,0,6,6,313,0,323,0,0,1,0,0,130,130,0,74414,1,0,420,3101,0,245,281,1,3,60,830544,1459,74414,22,23,88,0,-82,-2147483648,493200,4294967295,0,0
46059477,46.059477,1935,1935,1935,0,6,6,313,0,323,0,0,1,0,0,142,142,0,74414,1,0,420,3120,0,245,281,1,3,61,830544,2167,74414,21,23,89,0,-82,-2147483648,241535,4294967295,0,0
46309478,46.309478,1948,1948,1948,0,6,6,313,0,323,0,0,1,0,0,155,155,0,74414,1,0,420,3140,0,138,281,1,3,60,830544,2174,74414,22,23,89,0,-82,-2147483648,491536,4294967295,0,0
46559478,46.559478,1960,1960,1960,0,6,6,313,0,323,0,0,1,0,0,167,167,0,74414,1,0,420,3159,0,138,281,1,3,60,830544,2167,74414,22,23,90,0,-79,-2147483648,239532,4294967295,0,0
46809480,46.809480,1973,1973,1973,0,6,6,313,0,323,0,0,1,0,0,180,180,0,74414,1,0,420,3178,0,244,281,1,3,60,830544,2458,74414,22,23,90,0,-79,-2147483648,489534,4294967295,0,0
47059482,47.059482,1985,1985,1985,0,6,6,313,0,323,0,0,1,0,0,192,192,0,74414,1,0,420,3197,0,244,281,1,3,2,830544,2167,74414,22,23,91,0,-81,-2147483648,239059,4294967295,0,0
47309483,47.309483,1998,1998,1998,0,6,6,313,0,323,0,0,1,0,0,205,205,0,74414,1,0,420,3217,0,138,281,1,3,60,830544,1458,74414,22,23,91,0,-81,-2147483648,489060,4294967295,0,0
47559484,47.559484,2010,2010,2010,0,6,6,313,0,323,0,0,1,0,0,217,217,0,74414,1,0,420,3236,0,138,281,1,3,60,830544,2167,74414,22,23,92,0,-80,-2147483648,237824,4294967295,0,0
47809484,47.809484,2023,2023,2023,0,6,6,313,0,323,0,0,1,0,0,230,230,0,74414,1,0,420,3255,0,244,281,1,3,60,830544,2458,74414,22,23,92,0,-80,-2147483648,487824,4294967295,0,0
48059484,48.059484,2035,2035,2035,0,5,6,313,0,323,0,0,1,0,0,242,242,0,74414,1,0,420,3274,0,244,281,1,3,60,830544,2167,74414,22,23,93,0,-79,-2147483648,236655,4294967295,0,0
48309485,48.309485,2048,2048,2048,0,6,6,313,0,323,0,0,1,0,0,255,255,0,74414,1,0,420,3294,0,139,281,0,3,60,830544,1562,74414,22,23,93,0,-79,-2147483648,486656,4294967295,0,0
48559486,48.559486,2060,2060,2060,0,6,6,313,0,323,0,0,1,0,0,11,11,0,74414,1,0,420,3313,0,138,281,1,3,60,830544,2167,74414,22,23,94,0,-80,-2147483648,236026,4294967295,0,0
48809486,48.809486,2073,2073,2073,0,6,6,313,0,323,0,0,1,0,0,24,24,0,74414,1,0,420,3332,0,244,281,1,3,60,830544,2459,74414,22,23,94,0,-80,-2147483648,486026,4294967295,0,0
49059488,49.059488,2085,2085,2085,0,6,6,313,0,323,0,0,1,0,0,36,36,0,74414,1,0,420,3351,0,244,281,1,3,2,830544,2164,74414,22,23,95,0,-82,-2147483648,235816,4294967295,0,0
49309488,49.309488,2098,2098,2098,0,6,6,313,0,323,0,0,1,0,0,49,49,0,74414,1,0,420,3370,0,244,281,0,3,2,830544,1458,74414,22,23,95,0,-82,-2147483648,485816,4294967295,0,0
49559490,49.559490,2110,2110,2110,0,6,6,313,0,323,0,0,1,0,0,61,61,0,74414,1,0,420,3390,0,138,281,0,3,61,830544,2168,74414,22,23,96,0,-82,-2147483648,234941,4294967295,0,0
49809491,49.809491,2123,2123,2123,0,6,6,313,0,323,0,0,1,0,0,74,74,0,74414,1,0,420,3409,0,244,281,1,3,1,830544,2459,74414,22,23,96,0,-82,-2147483648,484942,4294967295,0,0
50059492,50.059492,2135,2135,2135,0,6,6,313,0,323,0,0,1,0,0,86,86,0,74414,1,0,420,3428,0,244,281,1,3,60,830544,2167,74414,22,23,97,0,-83,-2147483648,223137,4294967295,0,0
50309494,50.309494,2148,2148,2148,0,6,6,313,0,323,0,0,1,0,0,99,99,0,74414,1,0,420,3448,0,138,281,1,3,60,830544,2481,74414,21,23,97,0,-83,-2147483648,473139,4294967295,0,0
50559495,50.559495,2160,2160,2160,0,6,6,313,0,323,0,0,1,0,0,111,111,0,74414,1,0,420,3467,0,138,281,1,3,60,830544,2167,74414,22,23,98,0,-83,-2147483648,222600,4294967295,0,0
50809495,50.809495,2173,2173,2173,0,6,6,313,0,323,0,0,1,0,0,124,124,0,74414,1,0,420,3486,0,244,281,1,3,60,830544,2459,74414,22,23,98,0,-83,-2147483648,472600,4294967295,0,0
51059497,51.059497,2185,2185,2185,0,6,6,313,0,323,0,0,1,0,0,136,136,0,74414,1,0,420,3505,0,244,281,1,3,2,830544,2164,74414,22,23,99,0,-85,-2147483648,222336,4294967295,0,0
51309498,51.309498,2198,2198,2198,0,6,6,313,0,323,0,0,1,0,0,149,149,0,74414,1,0,420,3525,0,138,281,0,3,61,830544,2211,74414,22,23,99,0,-85,-2147483648,472337,4294967295,0,0
51559499,51.559499,2210,2210,2210,0,6,6,313,0,323,0,0,1,0,0,161,161,0,74414,1,0,420,3544,0,138,281,1,3,60,830544,2167,74414,22,23,100,0,-87,-2147483648,221137,4294967295,0,0
51809500,51.809500,2223,2223,2223,0,6,6,313,0,323,0,0,1,0,0,174,174,0,74414,1,0,420,3563,0,138,281,1,3,60,830544,1170,74414,22,23,100,0,-87,-2147483648,471138,4294967295,0,0
52059501,52.059501,2235,2235,2235,0,6,6,313,0,323,0,0,1,0,0,186,186,0,74414,1,0,420,3582,0,244,281,1,3,60,830544,2167,74414,22,23,101,0,-84,-2147483648,219927,4294967295,0,0
52309502,52.309502,2248,2248,2248,0,6,6,313,0,323,0,0,1,0,0,199,199,0,74414,1,0,420,3602,0,138,281,1,3,60,830544,2494,74414,22,23,101,0,-84,-2147483648,469928,4294967295,0,0
52559502,52.559502,2260,2260,2260,0,6,6,313,0,323,0,0,1,0,0,211,211,0,74414,1,0,420,3621,0,138,281,1,3,60,830544,2167,74414,22,23,102,0,-84,-2147483648,218779,4294967295,0,0
52809503,52.809503,2273,2273,2273,0,5,6,313,0,323,0,0,1,0,0,224,224,0,74414,1,0,420,3640,0,244,281,1,3,61,830544,2459,74414,22,23,102,0,-84,-2147483648,468780,4294967295,0,0
53059504,53.059504,2285,2285,2285,0,6,6,313,0,323,0,0,1,0,0,236,236,0,74414,1,0,420,3659,0,244,281,1,3,60,830544,2167,74414,22,23,103,0,-85,-2147483648,218736,4294967295,0,0
53309504,53.309504,2298,2298,2298,0,6,6,313,0,323,0,0,1,0,0,249,249,0,74414,1,0,420,3678,0,245,281,1,3,1,830544,2458,74414,22,23,103,0,-85,-2147483648,468736,4294967295,0,0
53559504,53.559504,2310,2310,2310,0,6,6,313,0,323,0,0,1,0,0,5,5,0,74414,1,0,420,3698,0,138,281,1,3,60,830544,2167,74414,22,23,104,0,-84,-2147483648,218232,4294967295,0,0
53809505,53.809505,2323,2323,2323,0,6,6,313,0,323,0,0,1,0,0,18,18,0,74414,1,0,420,3717,0,244,281,1,3,60,830544,2458,74414,22,23,104,0,-84,-2147483648,468233,4294967295,0,0
54059506,54.059506,2335,2335,2335,0,6,6,313,0,323,0,0,1,0,0,30,30,0,74414,1,0,420,3736,0,244,281,1,3,60,830544,2167,74414,22,23,105,0,-84,-2147483648,217695,4294967295,0,0
54309506,54.309506,2348,2348,2348,0,6,6,313,0,323,0,0,1,0,0,43,43,0,74414,1,0,420,3756,0,138,281,1,3,60,830544,2458,74414,22,23,105,0,-84,-2147483648,467695,4294967295,0,0
54559507,54.559507,2360,2360,2360,0,6,6,313,0,323,0,0,1,0,0,55,55,0,74414,1,0,420,3775,0,138,281,1,3,60,830544,2167,74414,22,23,106,0,-83,-2147483648,216544,4294967295,0,0
54809509,54.809509,2373,2373,2373,0,5,6,313,0,323,0,0,1,0,0,68,68,0,74414,1,0,420,3794,0,244,281,1,3,60,830544,2459,74414,22,23,106,0,-83,-2147483648,466546,4294967295,0,0
55059511,55.059511,2385,2385,2385,0,5,6,313,0,323,0,0,1,0,0,80,80,0,74414,1,0,420,3813,0,244,281,1,3,60,830544,2167,74414,22,23,107,0,-85,-2147483648,215217,4294967295,0,0
55309513,55.309513,2398,2398,2398,0,6,6,313,0,323,0,0,1,0,0,93,93,0,74414,1,0,420,3833,0,138,281,1,3,61,830544,1924,74414,22,23,107,0,-85,-2147483648,465219,4294967295,0,0
55559515,55.559515,2410,2410,2410,0,6,6,313,0,323,0,0,1,0,0,105,105,0,74414,1,0,420,3852,0,138,281,0,3,61,830544,2167,74414,22,23,108,0,-76,-2147483648,203199,4294967295,0,0
55809516,55.809516,2423,2423,2423,0,6,6,313,0,323,0,0,1,0,0,118,118,0,74414,1,0,420,3871,0,244,281,1,3,60,830544,2459,74414,22,23,108,0,-76,-2147483648,453200,4294967295,0,0
56059517,56.059517,2435,2435,2435,0,6,6,313,0,323,0,0,1,0,0,130,130,0,74414,1,0,420,3890,0,245,281,1,3,60,830544,2167,74414,22,23,109,0,-77,-2147483648,201074,4294967295,0,0
56309519,56.309519,2448,2448,2448,0,6,6,313,0,323,0,0,1,0,0,143,143,0,74414,1,0,420,3910,0,138,281,1,3,60,830544,1928,74414,22,23,109,0,-77,-2147483648,451076,4294967295,0,0
56559521,56.559521,2460,2460,2460,0,6,6,313,0,323,0,0,1,0,0,155,155,0,74414,1,0,420,3929,0,138,281,1,3,60,830544,2167,74414,22,23,110,0,-76,-2147483648,200993,4294967295,0,0
56809522,56.809522,2473,2473,2473,0,5,6,313,0,323,0,0,1,0,0,168,168,0,74414,1,0,420,3948,0,244,281,1,3,60,830544,2164,74414,22,23,110,0,-76,-2147483648,450994,4294967295,0,0
57059524,57.059524,2485,2485,2485,0,6,6,313,0,323,0,0,1,0,0,180,180,0,74414,1,0,420,3967,0,244,281,1,3,60,830544,2167,74414,22,23,111,0,-76,-2147483648,198933,4294967295,0,0
57309526,57.309526,2498,2498,2498,0,6,6,313,0,323,0,0,1,0,0,193,193,0,74414,1,0,420,3987,0,138,281,0,3,61,830544,1933,74414,22,23,111,0,-76,-2147483648,448935,4294967295,0,0
57559528,57.559528,2510,2510,2510,0,6,6,313,0,323,0,0,1,0,0,205,205,0,74414,1,0,420,4006,0,138,281,1,3,61,830544,2164,74414,22,23,112,0,-75,-2147483648,198852,4294967295,0,0
57809530,57.809530,2523,2523,2523,0,6,6,313,0,323,0,0,1,0,0,218,218,0,74414,1,0,420,4025,0,244,281,0,3,61,830544,2459,74414,22,23,112,0,-75,-2147483648,448854,4294967295,0,0
58059531,58.059531,2535,2535,2535,0,6,6,313,0,323,0,0,1,0,0,230,230,0,74414,1,0,420,4044,0,244,281,1,3,60,830544,2167,74414,22,23,113,0,-76,-2147483648,197814,4294967295,0,0
58309532,58.309532,2548,2548,2548,0,6,6,313,0,323,0,0,1,0,0,243,243,0,74414,1,0,420,4064,0,138,281,1,3,60,830544,1897,74414,21,23,113,0,-76,-2147483648,447815,4294967295,0,0
58559533,58.559533,2560,2560,2560,0,6,6,313,0,323,0,0,1,0,0,255,255,0,74414,1,0,420,4083,0,138,281,1,3,60,830544,2167,74414,22,23,114,0,-76,-2147483648,197674,4294967295,0,0
58809535,58.809535,2573,2573,2573,0,6,6,313,0,323,0,0,1,0,0,12,12,0,74414,1,0,420,4102,0,244,281,1,3,60,830544,2459,74414,22,23,114,0,-76,-2147483648,447676,4294967295,0,0
59059535,59.059535,2585,2585,2585,0,6,6,313,0,323,0,0,1,0,0,24,24,0,74414,1,0,420,4121,0,280,281,1,3,60,830544,2167,74414,21,23,115,0,-76,-2147483648,196502,4294967295,0,0
59309535,59.309535,2598,2598,2598,0,6,6,313,0,323,0,0,1,0,0,37,37,0,74414,1,0,420,4141,0,138,281,0,3,61,830544,2218,74414,22,23,115,0,-76,-2147483648,446502,4294967295,0,0
59559535,59.559535,2610,2610,2610,0,6,6,313,0,323,0,0,1,0,0,49,49,0,74414,1,0,420,4160,0,138,281,1,3,60,830544,2167,74414,22,23,116,0,-76,-2147483648,195189,4294967295,0,0
59809535,59.809535,2623,2623,2623,0,6,6,313,0,323,0,0,1,0,0,62,62,0,74414,1,0,420,4179,0,244,281,1,3,60,830544,2459,74414,22,23,116,0,-76,-2147483648,445189,4294967295,0,0
60059536,60.059536,2635,2635,2635,0,6,6,313,0,323,0,0,1,0,0,74,74,0,74414,1,0,420,4198,0,244,281,1,3,60,830544,2164,74414,22,23,117,0,-82,-2147483648,194657,4294967295,0,0
60309538,60.309538,2648,2648,2648,0,6,6,313,0,323,0,0,1,0,0,87,87,0,74414,1,0,420,4218,0,139,281,1,3,1,830544,2167,74414,22,23,117,0,-82,-2147483648,444659,4294967295,0,0
60559539,60.559539,2660,2660,2660,0,6,6,313,0,323,0,0,1,0,0,99,99,0,74414,1,0,420,4236,0,244,281,0,3,60,830544,2167,74414,22,23,118,0,-86,-2147483648,194287,4294967295,0,0
60809540,60.809540,2673,2673,2673,0,6,6,313,0,323,0,0,1,0,0,112,112,0,74414,1,0,420,4256,0,244,281,0,3,61,830544,2459,74414,22,23,118,0,-86,-2147483648,444288,4294967295,0,0
61059542,61.059542,2685,2685,2685,0,6,6,313,0,323,0,0,1,0,0,124,124,0,74414,1,0,420,4275,0,244,281,1,3,60,830544,1168,74414,22,23,119,0,-88,-2147483648,181980,4294967295,0,0
61309544,61.309544,2698,2698,2698,0,6,6,313,0,323,0,0,1,0,0,137,137,0,74414,1,0,420,4295,0,138,281,1,3,60,830544,1982,74414,22,23,119,0,-88,-2147483648,431982,4294967295,0,0
61559546,61.559546,2710,2710,2710,0,6,6,313,0,323,0,0,1,0,0,149,149,0,74414,1,0,420,4313,0,244,281,1,3,60,830544,2164,74414,22,23,120,0,-84,-2147483648,181018,4294967295,0,0
61809547,61.809547,2723,2723,2723,0,5,6,313,0,323,0,0,1,0,0,162,162,0,74414,1,0,420,4332,0,245,281,1,3,265,830544,1459,74414,21,23,120,0,-84,-2147483648,431019,4294967295,0,0
62059548,62.059548,2735,2735,2735,0,6,6,313,0,323,0,0,1,0,0,174,174,0,74414,1,0,420,4352,0,245,281,1,3,60,830544,2167,74414,22,23,121,0,-89,-2147483648,179871,4294967295,0,0
62309550,62.309550,2748,2748,2748,0,6,6,313,0,323,0,0,1,0,0,187,187,0,74414,1,0,420,4372,0,137,281,1,3,61,830544,1097,74414,22,23,121,0,-89,-2147483648,429873,4294967295,0,0
62559550,62.559550,2760,2760,2760,0,6,6,313,0,323,0,0,1,0,0,199,199,0,74414,1,0,420,4391,0,138,281,1,3,61,830544,2167,74414,22,23,122,0,-81,-2147483648,179827,4294967295,0,0
62809551,62.809551,2773,2773,2773,0,6,6,313,0,323,0,0,1,0,0,212,212,0,74414,1,0,420,4410,0,245,281,1,3,60,830544,2460,74414,22,23,122,0,-81,-2147483648,429828,4294967295,0,0
63059553,63.059553,2785,2785,2785,0,6,6,313,0,323,0,0,1,0,0,224,224,0,74414,1,0,420,4428,0,244,281,1,3,60,830544,2167,74414,22,23,123,0,-86,-2147483648,179781,4294967295,0,0
63309554,63.309554,2798,2798,2798,0,6,6,313,0,323,0,0,1,0,0,237,237,0,74414,1,0,420,4449,0,138,281,0,3,61,830544,2051,74414,22,23,123,0,-86,-2147483648,429782,4294967295,0,0
63559554,63.559554,2810,2810,2810,0,6,6,313,0,323,0,0,1,0,0,249,249,0,74414,1,0,420,4468,0,138,281,1,3,60,830544,2167,74414,22,23,124,0,-85,-2147483648,177622,4294967295,0,0
63809555,63.809555,2823,2823,2823,0,6,6,313,0,323,0,0,1,0,0,6,6,0,74414,1,0,420,4487,0,244,281,1,3,60,830544,2164,74414,22,23,124,0,-85,-2147483648,427623,4294967295,0,0
64059557,64.059557,2835,2835,2835,0,5,6,313,0,323,0,0,1,0,0,18,18,0,74414,1,0,420,4506,0,244,281,1,3,60,830544,2167,74414,22,23,125,0,-86,-2147483648,177469,4294967295,0,0
64309559,64.309559,2848,2848,2848,0,6,6,313,0,323,0,0,1,0,0,31,31,0,74414,1,0,420,4526,0,138,281,1,3,60,830544,1440,74414,22,23,125,0,-86,-2147483648,427471,4294967295,0,0
64559560,64.559560,2860,2860,2860,0,6,6,313,0,323,0,0,1,0,0,43,43,0,74414,1,0,420,4545,0,138,281,1,3,60,830544,2167,74414,22,23,126,0,-90,-2147483648,175524,4294967295,0,0
64809562,64.809562,2873,2873,2873,0,6,6,313,0,323,0,0,1,0,0,56,56,0,74414,1,0,420,4564,0,244,281,1,3,61,830544,2458,74414,22,23,126,0,-90,-2147483648,425526,4294967295,0,0
65059564,65.059564,2885,2885,2885,0,6,6,313,0,323,0,0,1,0,0,68,68,0,74414,1,0,420,4583,0,280,281,1,3,61,830544,2167,74414,22,23,127,0,-82,-2147483648,175117,4294967295,0,0
65309565,65.309565,2898,2898,2898,0,6,6,313,0,323,0,0,1,0,0,81,81,0,74414,1,0,420,4603,0,138,281,1,3,60,830544,2899,74414,22,23,127,0,-82,-2147483648,425118,4294967295,0,0
65559567,65.559567,2910,2910,2910,0,6,6,313,0,323,0,0,1,0,0,93,93,0,74414,1,0,420,4622,0,138,281,0,3,61,830544,2168,74414,22,23,128,0,-83,-2147483648,162992,4294967295,0,0
65809567,65.809567,2923,2923,2923,0,6,6,313,0,323,0,0,1,0,0,106,106,0,74414,1,0,420,4641,0,244,281,1,3,60,830544,2458,74414,22,23,128,0,-83,-2147483648,412992,4294967295,0,0
66059567,66.059567,2935,2935,2935,0,6,6,313,0,323,0,0,1,0,0,118,118,0,74414,1,0,420,4660,0,244,281,1,3,60,830544,2167,74414,22,23,129,0,-84,-2147483648,162017,4294967295,0,0
66309568,66.309568,2948,2948,2948,0,6,6,313,0,323,0,0,1,0,0,131,131,0,74414,1,0,420,4680,0,137,281,1,3,60,830544,2212,74414,22,23,129,0,-84,-2147483648,412018,4294967295,0,0
66559569,66.559569,2960,2960,2960,0,6,6,313,0,323,0,0,1,0,0,143,143,0,74414,1,0,420,4699,0,138,281,1,3,60,830544,2167,74414,22,23,130,0,-86,-2147483648,161890,4294967295,0,0
66809570,66.809570,2973,2973,2973,0,6,6,313,0,323,0,0,1,0,0,156,156,0,74414,1,0,420,4718,0,244,281,1,3,60,830544,1164,74414,22,23,130,0,-86,-2147483648,411891,4294967295,0,0
67059571,67.059571,2985,2985,2985,0,5,6,313,0,323,0,0,1,0,0,168,168,0,74414,1,0,420,4737,0,244,281,1,3,60,830544,2167,74414,22,23,131,0,-85,-2147483648,160794,4294967295,0,0
67309571,67.309571,2998,2998,2998,0,6,6,313,0,323,0,0,1,0,0,181,181,0,74414,1,0,420,4757,0,138,281,1,3,60,830544,1235,74414,22,23,131,0,-85,-2147483648,410794,4294967295,0,0
67559572,67.559572,3010,3010,3010,0,6,6,313,0,323,0,0,1,0,0,193,193,0,74414,1,0,420,4776,0,138,281,1,3,60,830544,2167,74414,22,23,132,0,-83,-2147483648,160753,4294967295,0,0
67809574,67.809574,3023,3023,3023,0,6,6,313,0,323,0,0,1,0,0,206,206,0,74414,1,0,420,4795,0,244,281,1,3,60,830544,2458,74414,22,23,132,0,-83,-2147483648,410755,4294967295,0,0
68059576,68.059576,3035,3035,3035,0,6,6,313,0,323,0,0,1,0,0,218,218,0,74414,1,0,420,4814,0,244,281,1,3,60,830544,2164,74414,22,23,133,0,-83,-2147483648,158695,4294967295,0,0
68309577,68.309577,3048,3048,3048,0,6,6,313,0,323,0,0,1,0,0,231,231,0,74414,1,0,420,4834,0,138,281,0,3,61,830544,2126,74414,22,23,133,0,-83,-2147483648,408696,4294967295,0,0
68559579,68.559579,3060,3060,3060,0,6,6,313,0,323,0,0,1,0,0,243,243,0,74414,1,0,420,4853,0,137,281,1,3,60,830544,2167,74414,22,23,134,0,-75,-2147483648,157554,4294967295,0,0
68809581,68.809581,3073,3073,3073,0,6,6,313,0,323,0,0,1,0,0,0,0,0,74414,1,0,420,4872,0,245,281,1,3,60,830544,2459,74414,22,23,134,0,-75,-2147483648,407556,4294967295,0,0
69059582,69.059582,3085,3085,3085,0,6,6,313,0,323,0,0,1,0,0,12,12,0,74414,1,0,420,4891,0,244,281,1,3,60,830544,2164,74414,22,23,135,0,-76,-2147483648,156378,4294967295,0,0
69309582,69.309582,3098,3098,3098,0,6,6,313,0,323,0,0,1,0,0,25,25,0,74414,1,0,420,4911,0,138,281,1,3,60,830544,2220,74414,22,23,135,0,-76,-2147483648,406378,4294967295,0,0
69559583,69.559583,3110,3110,3110,0,6,6,313,0,323,0,0,1,0,0,37,37,0,74414,1,0,420,4930,0,138,281,1,3,60,830544,2167,74414,22,23,136,0,-80,-2147483648,156343,4294967295,0,0
69809585,69.809585,3123,3123,3123,0,6,6,313,0,323,0,0,1,0,0,50,50,0,74414,1,0,420,4949,0,280,281,1,3,60,830544,2494,74414,22,23,136,0,-80,-2147483648,406345,4294967295,0,0
70059585,70.059585,3135,3135,3135,0,5,6,313,0,323,0,0,1,0,0,62,62,0,74414,1,0,420,4968,0,244,281,1,3,60,830544,2164,74414,22,23,137,0,-78,-2147483648,154523,4294967295,0,0
70309587,70.309587,3148,3148,3148,0,6,6,313,0,323,0,0,1,0,0,75,75,0,74414,1,0,420,4988,0,138,281,0,3,61,830544,2219,74414,22,23,137,0,-78,-2147483648,404525,4294967295,0,0
70559587,70.559587,3160,3160,3160,0,6,6,313,0,323,0,0,1,0,0,87,87,0,74414,1,0,420,5007,0,138,281,1,3,60,830544,2167,74414,22,23,138,0,-77,-2147483648,154085,4294967295,0,0
70809589,70.809589,3173,3173,3173,0,6,6,313,0,323,0,0,1,0,0,100,100,0,74414,1,0,420,5026,0,245,281,1,3,60,830544,2459,74414,22,23,138,0,-77,-2147483648,404087,4294967295,0,0
71059589,71.059589,3185,3185,3185,0,6,6,313,0,323,0,0,1,0,0,112,112,0,74414,1,0,420,5045,0,244,281,1,3,60,830544,2167,74414,22,23,139,0,-79,-2147483648,141859,4294967295,0,0
71309591,71.309591,3198,3198,3198,0,6,6,313,0,323,0,0,1,0,0,125,125,0,74414,1,0,420,5065,0,138,281,1,3,60,830544,1410,74414,22,23,139,0,-79,-2147483648,391861,4294967295,0,0
71559592,71.559592,3210,3210,3210,0,6,6,313,0,323,0,0,1,0,0,137,137,0,74414,1,0,420,5084,0,138,281,0,3,61,830544,2167,74414,22,23,140,0,-78,-2147483648,140896,4294967295,0,0
71809592,71.809592,3223,3223,3223,0,6,6,313,0,323,0,0,1,0,0,150,150,0,74414,1,0,420,5103,0,244,281,1,3,60,830544,2459,74414,22,23,140,0,-78,-2147483648,390896,4294967295,0,0
72059593,72.059593,3235,3235,3235,0,6,6,313,0,323,0,0,1,0,0,162,162,0,74414,1,0,420,5122,0,244,281,1,3,60,830544,2167,74414,22,23,141,0,-75,-2147483648,140723,4294967295,0,0
72309594,72.309594,3248,3248,3248,0,6,6,313,0,323,0,0,1,0,0,175,175,0,74414,1,0,420,5142,0,138,281,0,3,61,830544,1439,74414,22,23,141,0,-75,-2147483648,390724,4294967295,0,0
72559596,72.559596,3260,3260,3260,0,6,6,313,0,323,0,0,1,0,0,187,187,0,74414,1,0,420,5161,0,138,281,0,3,61,830544,2167,74414,22,23,142,0,-75,-2147483648,138724,4294967295,0,0
72809596,72.809596,3273,3273,3273,0,6,6,313,0,323,0,0,1,0,0,200,200,0,74414,1,0,420,5180,0,244,281,1,3,61,830544,1459,74414,22,23,142,0,-75,-2147483648,388724,4294967295,0,0
73059597,73.059597,3285,3285,3285,0,6,6,313,0,323,0,0,1,0,0,212,212,0,74414,1,0,420,5199,0,245,281,0,3,61,830544,2167,74414,22,23,143,0,-76,-2147483648,138480,4294967295,0,0
73309599,73.309599,3298,3298,3298,0,6,6,313,0,323,0,0,1,0,0,225,225,0,74414,1,0,420,5218,0,244,281,1,3,60,830544,2459,74414,23,23,143,0,-76,-2147483648,388482,4294967295,0,0
73559599,73.559599,3310,3310,3310,0,6,6,313,0,323,0,0,1,0,0,237,237,0,74414,1,0,420,5238,0,138,281,0,3,61,830544,2167,74414,22,23,144,0,-78,-2147483648,136310,4294967295,0,0
73809600,73.809600,3323,3323,3323,0,5,6,313,0,323,0,0,1,0,0,250,250,0,74414,1,0,420,5257,0,138,281,0,3,61,830544,2459,74414,21,23,144,0,-78,-2147483648,386311,4294967295,0,0
74059600,74.059600,3335,3335,3335,0,6,6,313,0,323,0,0,1,0,0,6,6,0,74414,1,0,420,5276,0,244,281,1,3,60,830544,2167,74414,22,23,145,0,-79,-2147483648,135019,4294967295,0,0
74309602,74.309602,3348,3348,3348,0,6,6,313,0,323,0,0,1,0,0,19,19,0,74414,1,0,420,5296,0,138,281,1,3,60,830544,1494,74414,22,23,145,0,-79,-2147483648,385021,4294967295,0,0
74559603,74.559603,3360,3360,3360,0,6,6,313,0,323,0,0,1,0,0,31,31,0,74414,1,0,420,5315,0,138,281,1,3,60,830544,1167,74414,22,23,146,0,-78,-2147483648,134094,4294967295,0,0
74809604,74.809604,3373,3373,3373,0,5,6,313,0,323,0,0,1,0,0,44,44,0,74414,1,0,420,5334,0,245,281,1,3,61,830544,1459,74414,22,23,146,0,-78,-2147483648,384095,4294967295,0,0
75059606,75.059606,3385,3385,3385,0,6,6,313,0,323,0,0,1,0,0,56,56,0,74414,1,0,420,5353,0,245,281,1,3,60,830544,2167,74414,22,23,147,0,-79,-2147483648,121901,4294967295,0,0
75309608,75.309608,3398,3398,3398,0,6,6,313,0,323,0,0,1,0,0,69,69,0,74414,1,0,420,5373,0,138,281,1,3,60,830544,1459,74414,22,23,147,0,-79,-2147483648,371903,4294967295,0,0
75559608,75.559608,3410,3410,3410,0,6,6,313,0,323,0,0,1,0,0,81,81,0,74414,1,0,420,5392,0,138,281,1,3,60,830544,2167,74414,22,23,148,0,-79,-2147483648,120973,4294967295,0,0
75809609,75.809609,3423,3423,3423,0,6,6,313,0,323,0,0,1,0,0,94,94,0,74414,1,0,420,5411,0,245,281,1,3,60,830544,1164,74414,21,23,148,0,-79,-2147483648,370974,4294967295,0,0
76059610,76.059610,3435,3435,3435,0,6,6,313,0,323,0,0,1,0,0,106,106,0,74414,1,0,420,5430,0,244,281,1,3,60,830544,1167,74414,23,23,149,0,-80,-2147483648,119763,4294967295,0,0
76309610,76.309610,3448,3448,3448,0,6,6,313,0,323,0,0,1,0,0,119,119,0,74414,1,0,420,5450,0,138,281,1,3,61,830544,1365,74414,22,23,149,0,-80,-2147483648,369763,4294967295,0,0
76559610,76.559610,3460,3460,3460,0,6,6,313,0,323,0,0,1,0,0,131,131,0,74414,1,0,420,5469,0,138,281,1,3,2,830544,2164,74414,22,23,150,0,-77,-2147483648,118790,4294967295,0,0
76809612,76.809612,3473,3473,3473,0,6,6,313,0,323,0,0,1,0,0,144,144,0,74414,1,0,420,5488,0,244,281,1,3,60,830544,2164,74414,22,23,150,0,-77,-2147483648,368792,4294967295,0,0
77059612,77.059612,3485,3485,3485,0,6,6,313,0,323,0,0,1,0,0,156,156,0,74414,1,0,420,5507,0,244,281,0,3,60,830544,2167,74414,22,23,151,0,-76,-2147483648,117357,4294967295,0,0
77309614,77.309614,3498,3498,3498,0,6,6,313,0,323,0,0,1,0,0,169,169,0,74414,1,0,420,5527,0,138,281,0,3,61,830544,1701,74414,22,23,151,0,-76,-2147483648,367359,4294967295,0,0
77559614,77.559614,3510,3510,3510,0,6,6,313,0,323,0,0,1,0,0,181,181,0,74414,1,0,420,5546,0,138,281,1,3,60,830544,2167,74414,22,23,152,0,-77,-2147483648,117316,4294967295,0,0
77809615,77.809615,3523,3523,3523,0,6,6,313,0,323,0,0,1,0,0,194,194,0,74414,1,0,420,5565,0,244,281,1,3,60,830544,2164,74414,22,23,152,0,-77,-2147483648,367317,4294967295,0,0
78059615,78.059615,3535,3535,3535,0,6,6,313,0,323,0,0,1,0,0,206,206,0,74414,1,0,420,5584,0,244,281,0,3,61,830544,1167,74414,22,23,153,0,-77,-2147483648,114949,4294967295,0,0
78309615,78.309615,3548,3548,3548,0,6,6,313,0,323,0,0,1,0,0,219,219,0,74414,1,0,420,5603,0,244,281,1,3,60,830544,2459,74414,22,23,153,0,-77,-2147483648,364949,4294967295,0,0
78559615,78.559615,3560,3560,3560,0,6,6,313,0,323,0,0,1,0,0,231,231,0,74414,1,0,420,5623,0,138,281,0,3,61,830544,2167,74414,22,23,154,0,-78,-2147483648,114034,4294967295,0,0
78809617,78.809617,3573,3573,3573,0,6,6,313,0,323,0,0,1,0,0,244,244,0,74414,1,0,420,5642,0,244,281,1,3,60,830544,2164,74414,22,23,154,0,-78,-2147483648,364036,4294967295,0,0
79059619,79.059619,3585,3585,3585,0,6,6,313,0,323,0,0,1,0,0,0,0,0,74414,1,0,420,5661,0,245,281,1,3,61,830544,2167,74414,22,23,155,0,-77,-2147483648,102771,4294967295,0,0
79309620,79.309620,3598,3598,3598,0,6,6,313,0,323,0,0,1,0,0,13,13,0,74414,1,0,420,5681,0,138,281,0,3,61,830544,2458,74414,22,23,155,0,-77,-2147483648,352772,4294967295,0,0
79559621,79.559621,3610,3610,3610,0,6,6,313,0,323,0,0,1,0,0,25,25,0,74414,1,0,420,5700,0,138,281,1,3,60,830544,1167,74414,22,23,156,0,-76,-2147483648,101863,4294967295,0,0
79809622,79.809622,3623,3623,3623,0,6,6,313,0,323,0,0,1,0,0,38,38,0,74414,1,0,420,5719,0,244,281,1,3,60,830544,1459,74414,22,23,156,0,-76,-2147483648,351864,4294967295,0,0
80059624,80.059624,3635,3635,3635,0,5,6,313,0,323,0,0,1,0,0,50,50,0,74414,1,0,420,5738,0,245,281,1,3,60,830544,2167,74414,22,23,157,0,-76,-2147483648,100024,4294967295,0,0
80309625,80.309625,3648,3648,3648,0,6,6,313,0,323,0,0,1,0,0,63,63,0,74414,1,0,420,5758,0,137,281,1,3,2,830544,1494,74414,22,23,157,0,-76,-2147483648,350025,4294967295,0,0
80559626,80.559626,3660,3660,3660,0,6,6,313,0,323,0,0,1,0,0,75,75,0,74414,1,0,420,5777,0,138,281,1,3,60,830544,1167,74414,22,23,158,0,-76,-2147483648,99667,4294967295,0,0
80809628,80.809628,3673,3673,3673,0,6,6,313,0,323,0,0,1,0,0,88,88,0,74414,1,0,420,5796,0,245,281,1,3,60,830544,1459,74414,21,23,158,0,-76,-2147483648,349669,4294967295,0,0
81059629,81.059629,3685,3685,3685,0,6,6,313,0,323,0,0,1,0,0,100,100,0,74414,1,0,420,5815,0,280,281,1,3,60,830544,2168,74414,21,23,159,0,-77,-2147483648,98372,4294967295,0,0
81309631,81.309631,3698,3698,3698,0,6,6,313,0,323,0,0,1,0,0,113,113,0,74414,1,0,420,5835,0,138,281,0,3,61,830544,2223,74414,22,23,159,0,-77,-2147483648,348374,4294967295,0,0
81559633,81.559633,3710,3710,3710,0,6,6,313,0,323,0,0,1,0,0,125,125,0,74414,1,0,420,5853,0,245,281,1,3,60,830544,2167,74414,21,23,160,0,-78,-2147483648,96186,4294967295,0,0
81809633,81.809633,3723,3723,3723,0,6,6,313,0,323,0,0,1,0,0,138,138,0,74414,1,0,420,5873,0,245,281,1,3,60,830544,1459,74414,22,23,160,0,-78,-2147483648,346186,4294967295,0,0
82059635,82.059635,3735,3735,3735,0,6,6,313,0,323,0,0,1,0,0,150,150,0,74414,1,0,420,5892,0,244,281,1,3,60,830544,1167,74414,22,23,161,0,-76,-2147483648,94268,4294967295,0,0
82309635,82.309635,3748,3748,3748,0,6,6,313,0,323,0,0,1,0,0,163,163,0,74414,1,0,420,5912,0,138,281,0,3,61,830544,1436,74414,22,23,161,0,-76,-2147483648,344268,4294967295,0,0
82559637,82.559637,3760,3760,3760,0,6,6,313,0,323,0,0,1,0,0,175,175,0,74414,1,0,420,5931,0,138,281,0,3,61,830544,1167,74414,22,23,162,0,-77,-2147483648,94241,4294967295,0,0
82809639,82.809639,3773,3773,3773,0,6,6,313,0,323,0,0,1,0,0,188,188,0,74414,1,0,420,5950,0,245,281,1,3,60,830544,2164,74414,22,23,162,0,-77,-2147483648,344243,4294967295,0,0
83059639,83.059639,3785,3785,3785,0,6,6,313,0,323,0,0,1,0,0,200,200,0,74414,1,0,420,5969,0,245,281,1,3,60,830544,2167,74414,21,23,163,0,-78,-2147483648,93910,4294967295,0,0
83309640,83.309640,3798,3798,3798,0,6,6,313,0,323,0,0,1,0,0,213,213,0,74414,1,0,420,5989,0,138,281,1,3,61,830544,2305,74414,22,23,163,0,-78,-2147483648,343911,4294967295,0,0
83559642,83.559642,3810,3810,3810,0,6,6,313,0,323,0,0,1,0,0,225,225,0,74414,1,0,420,6008,0,138,281,1,3,60,830544,2167,74414,22,23,164,0,-78,-2147483648,81676,4294967295,0,0
83809644,83.809644,3823,3823,3823,0,5,6,313,0,323,0,0,1,0,0,238,238,0,74414,1,0,420,6027,0,244,281,1,3,60,830544,1459,74414,22,23,164,0,-78,-2147483648,331678,4294967295,0,0
84059644,84.059644,3835,3835,3835,0,6,6,313,0,323,0,0,1,0,0,250,250,0,74414,1,0,420,6046,0,244,281,1,3,60,830544,1167,74414,22,23,165,0,-79,-2147483648,81595,4294967295,0,0
84309645,84.309645,3848,3848,3848,0,6,6,313,0,323,0,0,1,0,0,7,7,0,74414,1,0,420,6066,0,137,281,0,3,61,830544,1459,74414,22,23,165,0,-79,-2147483648,331596,4294967295,0,0
84559645,84.559645,3860,3860,3860,0,6,6,313,0,323,0,0,1,0,0,19,19,0,74414,1,0,420,6085,0,138,281,1,3,60,830544,2167,74414,22,23,166,0,-75,-2147483648,81582,4294967295,0,0
84809646,84.809646,3873,3873,3873,0,6,6,313,0,323,0,0,1,0,0,32,32,0,74414,1,0,420,6104,0,281,281,1,3,60,830544,2164,74414,22,23,166,0,-75,-2147483648,331583,4294967295,0,0
85059646,85.059646,3885,3885,3885,0,6,6,313,0,323,0,0,1,0,0,44,44,0,74414,1,0,420,6123,0,244,281,1,3,60,830544,2167,74414,22,23,167,0,-74,-2147483648,80583,4294967295,0,0
85309648,85.309648,3898,3898,3898,0,6,6,313,0,323,0,0,1,0,0,57,57,0,74414,1,0,420,6143,0,137,281,1,3,60,830544,1458,74414,22,23,167,0,-74,-2147483648,330585,4294967295,0,0
85559648,85.559648,3910,3910,3910,0,6,6,313,0,323,0,0,1,0,0,69,69,0,74414,1,0,420,6162,0,138,281,1,3,60,830544,2167,74414,22,23,168,0,-76,-2147483648,79469,4294967295,0,0
85809648,85.809648,3923,3923,3923,0,5,6,313,0,323,0,0,1,0,0,82,82,0,74414,1,0,420,6181,0,244,281,1,3,60,830544,2164,74414,22,23,168,0,-76,-2147483648,329469,4294967295,0,0
86059648,86.059648,3935,3935,3935,0,6,6,313,0,323,0,0,1,0,0,94,94,0,74414,1,0,420,6200,0,244,281,1,3,60,830544,2167,74414,22,23,169,0,-77,-2147483648,78412,4294967295,0,0
86309649,86.309649,3948,3948,3948,0,6,6,313,0,323,0,0,1,0,0,107,107,0,74414,1,0,420,6220,0,138,281,1,3,60,830544,2276,74414,22,23,169,0,-77,-2147483648,328413,4294967295,0,0
86559649,86.559649,3960,3960,3960,0,6,6,313,0,323,0,0,1,0,0,119,119,0,74414,1,0,420,6239,0,138,281,1,3,60,830544,2167,74414,22,23,170,0,-78,-2147483648,77189,4294967295,0,0
86809650,86.809650,3973,3973,3973,0,6,6,313,0,323,0,0,1,0,0,132,132,0,74414,1,0,420,6258,0,245,281,1,3,61,830544,2164,74414,22,23,170,0,-78,-2147483648,327190,4294967295,0,0
87059650,87.059650,3985,3985,3985,0,5,6,313,0,323,0,0,1,0,0,144,144,0,74414,1,0,420,6277,0,280,281,1,3,60,830544,2167,74414,22,23,171,0,-78,-2147483648,76111,4294967295,0,0
87309651,87.309651,3998,3998,3998,0,6,6,313,0,323,0,0,1,0,0,157,157,0,74414,1,0,420,6297,0,138,281,0,3,61,830544,2267,74414,22,23,171,0,-78,-2147483648,326112,4294967295,0,0
87559652,87.559652,4010,4010,4010,0,6,6,313,0,323,0,0,1,0,0,169,169,0,74414,1,0,420,6316,0,138,281,1,3,60,830544,2168,74414,21,23,172,0,-79,-2147483648,74798,4294967295,0,0
87809652,87.809652,4023,4023,4023,0,6,6,313,0,323,0,0,1,0,0,182,182,0,74414,1,0,420,6335,0,244,281,1,3,60,830544,2164,74414,22,23,172,0,-79,-2147483648,324798,4294967295,0,0
88059652,88.059652,4035,4035,4035,0,6,6,313,0,323,0,0,1,0,0,194,194,0,74414,1,0,420,6354,0,244,281,1,3,60,830544,2167,74414,22,23,173,0,-77,-2147483648,62734,4294967295,0,0
88309652,88.309652,4048,4048,4048,0,6,6,313,0,323,0,0,1,0,0,207,207,0,74414,1,0,420,6374,0,138,281,1,3,60,830544,2270,74414,22,23,173,0,-77,-2147483648,312734,4294967295,0,0
88559652,88.559652,4060,4060,4060,0,6,6,313,0,323,0,0,1,0,0,219,219,0,74414,1,0,420,6393,0,138,281,1,3,60,830544,2167,74414,22,23,174,0,-75,-2147483648,61644,4294967295,0,0
88809652,88.809652,4073,4073,4073,0,6,6,313,0,323,0,0,1,0,0,232,232,0,74414,1,0,420,6412,0,245,281,1,3,60,830544,2164,74414,21,23,174,0,-75,-2147483648,311644,4294967295,0,0
89059654,89.059654,4085,4085,4085,0,6,6,313,0,323,0,0,1,0,0,244,244,0,74414,1,0,420,6431,0,244,281,0,3,61,830544,2167,74414,22,23,175,0,-75,-2147483648,61567,4294967295,0,0
89309654,89.309654,4098,4098,4098,0,6,6,313,0,323,0,0,1,0,0,1,1,0,74414,1,0,420,6451,0,138,281,0,3,61,830544,2266,74414,22,23,175,0,-75,-2147483648,311567,4294967295,0,0
89559656,89.559656,4110,4110,4110,0,6,6,313,0,323,0,0,1,0,0,13,13,0,74414,1,0,420,6470,0,138,281,1,3,60,830544,2167,74414,22,23,176,0,-76,-2147483648,59447,4294967295,0,0
89809658,89.809658,4123,4123,4123,0,6,6,313,0,323,0,0,1,0,0,26,26,0,74414,1,0,420,6489,0,244,281,1,3,60,830544,1870,74414,22,23,176,0,-76,-2147483648,309449,4294967295,0,0
90059659,90.059659,4135,4135,4135,0,6,6,313,0,323,0,0,1,0,0,38,38,0,74414,1,0,420,6508,0,244,281,1,3,60,830544,2167,74414,22,23,177,0,-77,-2147483648,59404,4294967295,0,0
90309661,90.309661,4148,4148,4148,0,6,6,313,0,323,0,0,1,0,0,51,51,0,74414,1,0,420,6528,0,138,281,1,3,60,830544,2240,74414,22,23,177,0,-77,-2147483648,309406,4294967295,0,0
90559661,90.559661,4160,4160,4160,0,6,6,313,0,323,0,0,1,0,0,63,63,0,74414,1,0,420,6547,0,138,281,1,3,60,830544,2167,74414,22,23,178,0,-79,-2147483648,58405,4294967295,0,0
90809663,90.809663,4173,4173,4173,0,6,6,313,0,323,0,0,1,0,0,76,76,0,74414,1,0,420,6566,0,245,281,1,3,60,830544,1459,74414,22,23,178,0,-79,-2147483648,308407,4294967295,0,0
91059665,91.059665,4185,4185,4185,0,6,6,313,0,323,0,0,1,0,0,88,88,0,74414,1,0,420,6585,0,244,281,1,3,60,830544,2167,74414,22,23,179,0,-77,-2147483648,58365,4294967295,0,0
91309667,91.309667,4198,4198,4198,0,5,6,313,0,323,0,0,1,0,0,101,101,0,74414,1,0,420,6605,0,138,281,1,3,60,830544,1459,74414,21,23,179,0,-77,-2147483648,308367,4294967295,0,0
91559668,91.559668,4210,4210,4210,0,6,6,313,0,323,0,0,1,0,0,113,113,0,74414,1,0,420,6624,0,138,281,1,3,60,830544,2167,74414,22,23,180,0,-77,-2147483648,56984,4294967295,0,0
91809668,91.809668,4223,4223,4223,0,5,6,313,0,323,0,0,1,0,0,126,126,0,74414,1,0,420,6643,0,280,281,0,3,61,830544,1495,74414,22,23,180,0,-77,-2147483648,306984,4294967295,0,0
92059669,92.059669,4235,4235,4235,0,6,6,313,0,323,0,0,1,0,0,138,138,0,74414,1,0,420,6662,0,245,281,1,3,60,830544,1167,74414,22,23,181,0,-77,-2147483648,56025,4294967295,0,0
92309671,92.309671,4248,4248,4248,0,6,6,313,0,323,0,0,1,0,0,151,151,0,74414,1,0,420,6682,0,139,281,1,3,60,830544,1459,74414,22,23,181,0,-77,-2147483648,306027,4294967295,0,0
92559672,92.559672,4260,4260,4260,0,6,6,313,0,323,0,0,1,0,0,163,163,0,74414,1,0,420,6701,0,139,281,1,3,60,830544,2167,74414,22,23,182,0,-78,-2147483648,55180,4294967295,0,0
92809674,92.809674,4273,4273,4273,0,6,6,313,0,323,0,0,1,0,0,176,176,0,74414,1,0,420,6720,0,244,281,0,3,61,830544,1458,74414,22,23,182,0,-78,-2147483648,305182,4294967295,0,0
93059674,93.059674,4285,4285,4285,0,6,6,313,0,323,0,0,1,0,0,188,188,0,74414,1,0,420,6739,0,244,281,1,3,60,830544,2167,74414,22,23,183,0,-77,-2147483648,54736,4294967295,0,0
93309675,93.309675,4298,4298,4298,0,6,6,313,0,323,0,0,1,0,0,201,201,0,74414,1,0,420,6759,0,138,281,1,3,60,830544,1458,74414,22,23,183,0,-77,-2147483648,304737,4294967295,0,0
93559676,93.559676,4310,4310,4310,0,6,6,313,0,323,0,0,1,0,0,213,213,0,74414,1,0,420,6778,0,138,281,1,3,60,830544,2167,74414,22,23,184,0,-77,-2147483648,42703,4294967295,0,0
93809677,93.809677,4323,4323,4323,0,6,6,313,0,323,0,0,1,0,0,226,226,0,74414,1,0,420,6797,0,244,281,0,3,61,830544,2074,74414,22,23,184,0,-77,-2147483648,292704,4294967295,0,0
94059679,94.059679,4335,4335,4335,0,5,6,313,0,323,0,0,1,0,0,238,238,0,74414,1,0,420,6816,0,244,281,0,3,60,830544,1167,74414,22,23,185,0,-78,-2147483648,41585,4294967295,0,0
94309679,94.309679,4348,4348,4348,0,6,6,313,0,323,0,0,1,0,0,251,251,0,74414,1,0,420,6836,0,138,281,1,3,60,830544,1458,74414,22,23,185,0,-78,-2147483648,291585,4294967295,0,0
94559680,94.559680,4360,4360,4360,0,6,6,313,0,323,0,0,1,0,0,7,7,0,74414,1,0,420,6855,0,138,281,1,3,61,830544,2167,74414,22,23,186,0,-77,-2147483648,41514,4294967295,0,0
94809681,94.809681,4373,4373,4373,0,5,6,313,0,323,0,0,1,0,0,20,20,0,74414,1,0,420,6874,0,245,281,1,3,60,830544,1459,74414,21,23,186,0,-77,-2147483648,291515,4294967295,0,0
95059682,95.059682,4385,4385,4385,0,5,6,313,0,323,0,0,1,0,0,32,32,0,74414,1,0,420,6893,0,244,281,1,3,60,830544,1167,74414,22,23,187,0,-78,-2147483648,39388,4294967295,0,0
95309682,95.309682,4398,4398,4398,0,6,6,313,0,323,0,0,1,0,0,45,45,0,74414,1,0,420,6913,0,138,281,0,3,60,830544,1763,74414,22,23,187,0,-78,-2147483648,289388,4294967295,0,0
95559684,95.559684,4410,4410,4410,0,6,6,313,0,323,0,0,1,0,0,57,57,0,74414,1,0,420,6932,0,138,281,1,3,60,830544,2167,74414,22,23,188,0,-79,-2147483648,39342,4294967295,0,0
95809685,95.809685,4423,4423,4423,0,5,6,313,0,323,0,0,1,0,0,70,70,0,74414,1,0,420,6951,0,244,281,1,3,61,830544,1459,74414,22,23,188,0,-79,-2147483648,289343,4294967295,0,0
96059687,96.059687,4435,4435,4435,0,6,6,313,0,323,0,0,1,0,0,82,82,0,74414,1,0,420,6970,0,245,281,1,3,60,830544,2167,74414,22,23,189,0,-76,-2147483648,38378,4294967295,0,0
96309687,96.309687,4448,4448,4448,0,6,6,313,0,323,0,0,1,0,0,95,95,0,74414,1,0,420,6990,0,138,281,1,3,60,830544,1924,74414,22,23,189,0,-76,-2147483648,288378,4294967295,0,0
96559689,96.559689,4460,4460,4460,0,6,6,313,0,323,0,0,1,0,0,107,107,0,74414,1,0,420,7009,0,138,281,1,3,60,830544,2167,74414,22,23,190,0,-78,-2147483648,37176,4294967295,0,0
96809689,96.809689,4473,4473,4473,0,5,6,313,0,323,0,0,1,0,0,120,120,0,74414,1,0,420,7028,0,245,281,1,3,60,830544,1459,74414,22,23,190,0,-78,-2147483648,287176,4294967295,0,0
97059690,97.059690,4485,4485,4485,0,5,6,313,0,323,0,0,1,0,0,132,132,0,74414,1,0,420,7047,0,244,281,0,3,61,830544,2167,74414,22,23,191,0,-78,-2147483648,35210,4294967295,0,0
97309690,97.309690,4498,4498,4498,0,6,6,313,0,323,0,0,1,0,0,145,145,0,74414,1,0,420,7067,0,138,281,0,3,61,830544,1917,74414,22,23,191,0,-78,-2147483648,285210,4294967295,0,0
97559690,97.559690,4510,4510,4510,0,6,6,313,0,323,0,0,1,0,0,157,157,0,74414,1,0,420,7086,0,138,281,1,3,60,830544,2167,74414,22,23,192,0,-76,-2147483648,33705,4294967295,0,0
97809690,97.809690,4523,4523,4523,0,5,6,313,0,323,0,0,1,0,0,170,170,0,74414,1,0,420,7105,0,245,281,1,3,60,830544,1459,74414,22,23,192,0,-76,-2147483648,283705,4294967295,0,0
98059690,98.059690,4535,4535,4535,0,6,6,313,0,323,0,0,1,0,0,182,182,0,74414,1,0,420,7124,0,244,281,1,3,60,830544,1167,74414,22,23,193,0,-78,-2147483648,22666,4294967295,0,0
98309690,98.309690,4548,4548,4548,0,6,6,313,0,323,0,0,1,0,0,195,195,0,74414,1,0,420,7144,0,138,281,1,3,60,830544,1458,74414,22,23,193,0,-78,-2147483648,272666,4294967295,0,0
98559691,98.559691,4560,4560,4560,0,6,6,313,0,323,0,0,1,0,0,207,207,0,74414,1,0,420,7163,0,138,281,1,3,60,830544,2167,74414,21,23,194,0,-76,-2147483648,21516,4294967295,0,0
98809691,98.809691,4573,4573,4573,0,5,6,313,0,323,0,0,1,0,0,220,220,0,74414,1,0,420,7182,0,245,281,1,3,60,830544,2164,74414,22,23,194,0,-76,-2147483648,271516,4294967295,0,0
99059692,99.059692,4585,4585,4585,0,6,6,313,0,323,0,0,1,0,0,232,232,0,74414,1,0,420,7201,0,244,281,0,3,60,830544,2167,74414,22,23,195,0,-77,-2147483648,21475,4294967295,0,0
99309694,99.309694,4598,4598,4598,0,6,6,313,0,323,0,0,1,0,0,245,245,0,74414,1,0,420,7221,0,137,281,1,3,60,830544,1765,74414,22,23,195,0,-77,-2147483648,271477,4294967295,0,0
99559694,99.559694,4610,4610,4610,0,5,6,313,0,323,0,0,1,0,0,1,1,0,74414,1,0,420,7240,0,138,281,1,3,60,830544,2167,74414,22,23,196,0,-77,-2147483648,19351,4294967295,0,0
99809695,99.809695,4623,4623,4623,0,6,6,313,0,323,0,0,1,0,0,14,14,0,74414,1,0,420,7259,0,245,281,1,3,60,830544,2459,74414,22,23,196,0,-77,-2147483648,269352,4294967295,0,0
100059696,100.059696,4635,4635,4635,0,6,6,313,0,323,0,0,1,0,0,26,26,0,74414,1,0,420,7278,0,245,281,1,3,60,830544,2167,74414,22,23,197,0,-77,-2147483648,18143,4294967295,0,0
100309698,100.309698,4648,4648,4648,0,6,6,313,0,323,0,0,1,0,0,39,39,0,74414,1,0,420,7298,0,139,281,0,3,61,830544,1458,74414,22,23,197,0,-77,-2147483648,268145,4294967295,0,0
100559700,100.559700,4660,4660,4660,0,6,6,313,0,323,0,0,1,0,0,51,51,0,74414,1,0,420,7317,0,139,281,0,3,61,830544,2167,74414,22,23,198,0,-76,-2147483648,15965,4294967295,0,0
100809701,100.809701,4673,4673,4673,0,6,6,313,0,323,0,0,1,0,0,64,64,0,74414,1,0,420,7336,0,245,281,1,3,60,830544,2164,74414,22,23,198,0,-76,-2147483648,265966,4294967295,0,0
101059702,101.059702,4685,4685,4685,0,6,6,313,0,323,0,0,1,0,0,76,76,0,74414,1,0,420,7355,0,245,281,1,3,60,830544,2167,74414,22,23,199,0,-77,-2147483648,14651,4294967295,0,0
101309702,101.309702,4698,4698,4698,0,6,6,313,0,323,0,0,1,0,0,89,89,0,74414,1,0,420,7375,0,138,281,0,3,2,830544,1750,74414,22,23,199,0,-77,-2147483648,264651,4294967295,0,0
101559702,101.559702,4710,4710,4710,0,6,6,313,0,323,0,0,1,0,0,101,101,0,74414,1,0,420,7394,0,137,281,1,3,60,830544,2167,74414,22,23,200,0,-76,-2147483648,3610,4294967295,0,0
101809703,101.809703,4723,4723,4723,0,6,6,313,0,323,0,0,1,0,0,114,114,0,74414,1,0,420,7413,0,244,281,1,3,60,830544,1746,74414,22,23,200,0,-76,-2147483648,253611,4294967295,0,0
102059705,102.059705,4735,4735,4735,0,6,6,313,0,323,0,0,1,0,0,126,126,0,74414,1,0,420,7432,0,138,281,1,3,60,830544,2114,74414,21,23,201,0,-77,-2147483648,1240,4294967295,0,0
102309707,102.309707,4748,4748,4748,0,6,6,313,0,323,0,0,1,0,0,139,139,0,74414,1,0,420,7452,0,138,281,1,3,2,830544,1757,74414,22,23,201,0,-77,-2147483648,251242,4294967295,0,0
102559709,102.559709,4760,4760,4760,0,6,6,313,0,323,0,0,1,0,0,151,151,0,74414,1,0,420,7471,0,138,281,1,3,1,830544,2167,74414,22,23,201,0,-77,-2147483648,501244,4294967295,0,0
102809710,102.809710,4773,4773,4773,0,6,6,313,0,323,0,0,1,0,0,164,164,0,74414,1,0,420,7490,0,244,281,1,3,60,830544,2164,74414,22,23,202,0,-78,-2147483648,249275,4294967295,0,0
103059712,103.059712,4785,4785,4785,0,6,6,313,0,323,0,0,1,0,0,176,176,0,74414,1,0,420,7508,0,244,281,1,3,60,830544,2167,74414,22,23,202,0,-78,-2147483648,499277,4294967295,0,0
103309712,103.309712,4798,4798,4798,0,6,6,313,0,323,0,0,1,0,0,189,189,0,74414,1,0,420,7529,0,138,281,1,3,1,830544,1893,74414,21,23,203,0,-76,-2147483648,247335,4294967295,0,0
103559712,103.559712,4810,4810,4810,0,6,6,313,0,323,0,0,1,0,0,201,201,0,74414,1,0,420,7547,0,138,281,1,3,60,830544,2167,74414,22,23,203,0,-76,-2147483648,497335,4294967295,0,0
103809712,103.809712,4823,4823,4823,0,6,6,313,0,323,0,0,1,0,0,214,214,0,74414,1,0,420,7567,0,244,281,1,3,60,830544,2164,74414,22,23,204,0,-78,-2147483648,247073,4294967295,0,0
104059713,104.059713,4835,4835,4835,0,5,6,313,0,323,0,0,1,0,0,226,226,0,74414,1,0,420,7585,0,245,281,1,3,60,830544,2167,74414,21,23,204,0,-78,-2147483648,497074,4294967295,0,0
104309714,104.309714,4848,4848,4848,0,6,6,313,0,323,0,0,1,0,0,239,239,0,74414,1,0,420,7606,0,138,281,0,3,2,830544,1920,74414,22,23,205,0,-77,-2147483648,245918,4294967295,0,0
104559716,104.559716,4860,4860,4860,0,6,6,313,0,323,0,0,1,0,0,251,251,0,74414,1,0,420,7624,0,138,281,1,3,60,830544,2167,74414,22,23,205,0,-77,-2147483648,495920,4294967295,0,0
104809716,104.809716,4873,4873,4873,0,6,6,313,0,323,0,0,1,0,0,8,8,0,74414,1,0,420,7644,0,244,281,1,3,60,830544,2459,74414,22,23,206,0,-76,-2147483648,245911,4294967295,0,0
105059716,105.059716,4885,4885,4885,0,6,6,313,0,323,0,0,1,0,0,20,20,0,74414,1,0,420,7662,0,244,281,1,3,60,830544,2167,74414,22,23,206,0,-76,-2147483648,495911,4294967295,0,0
105309718,105.309718,4898,4898,4898,0,6,6,313,0,323,0,0,1,0,0,33,33,0,74414,1,0,420,7683,0,139,281,0,3,2,830544,1459,74414,22,23,207,0,-79,-2147483648,245108,4294967295,0,0
105559718,105.559718,4910,4910,4910,0,6,6,313,0,323,0,0,1,0,0,45,45,0,74414,1,0,420,7700,0,244,281,1,3,60,830544,2167,74414,22,23,207,0,-79,-2147483648,495108,4294967295,0,0
105809720,105.809720,4923,4923,4923,0,6,6,313,0,323,0,0,1,0,0,58,58,0,74414,1,0,420,7721,0,244,281,0,3,61,830544,2054,74414,22,23,208,0,-76,-2147483648,244066,4294967295,0,0
106059720,106.059720,4935,4935,4935,0,6,6,313,0,323,0,0,1,0,0,70,70,0,74414,1,0,420,7739,0,244,281,1,3,60,830544,2167,74414,22,23,208,0,-76,-2147483648,494066,4294967295,0,0
106309720,106.309720,4948,4948,4948,0,6,6,313,0,323,0,0,1,0,0,83,83,0,74414,1,0,420,7760,0,138,281,1,3,263,830544,1459,74414,22,23,209,0,-78,-2147483648,244042,4294967295,0,0
106559721,106.559721,4960,4960,4960,0,6,6,313,0,323,0,0,1,0,0,95,95,0,74414,1,0,420,7778,0,137,281,1,3,60,830544,2167,74414,22,23,209,0,-78,-2147483648,494043,4294967295,0,0
106809721,106.809721,4973,4973,4973,0,5,6,313,0,323,0,0,1,0,0,108,108,0,74414,1,0,420,7798,0,280,281,1,3,60,830544,2494,74414,22,23,210,0,-76,-2147483648,243996,4294967295,0,0
107059723,107.059723,4985,4985,4985,0,6,6,313,0,323,0,0,1,0,0,120,120,0,74414,1,0,420,7816,0,244,281,1,3,60,830544,2167,74414,22,23,210,0,-76,-2147483648,493998,4294967295,0,0
107309724,107.309724,4998,4998,4998,0,6,6,313,0,323,0,0,1,0,0,133,133,0,74414,1,0,420,7837,0,138,281,1,3,263,830544,1459,74414,22,23,211,0,-75,-2147483648,231379,4294967295,0,0
107559725,107.559725,5010,5010,5010,0,6,6,313,0,323,0,0,1,0,0,145,145,0,74414,1,0,420,7855,0,138,281,1,3,60,830544,2167,74414,22,23,211,0,-75,-2147483648,481380,4294967295,0,0
107809725,107.809725,5023,5023,5023,0,6,6,313,0,323,0,0,1,0,0,158,158,0,74414,1,0,420,7875,0,244,281,1,3,60,830544,2458,74414,22,23,212,0,-77,-2147483648,230594,4294967295,0,0
108059726,108.059726,5035,5035,5035,0,6,6,313,0,323,0,0,1,0,0,170,170,0,74414,1,0,420,7893,0,244,281,1,3,60,830544,2167,74414,22,23,212,0,-77,-2147483648,480595,4294967295,0,0
108309727,108.309727,5048,5048,5048,0,6,6,313,0,323,0,0,1,0,0,183,183,0,74414,1,0,420,7914,0,138,281,0,3,264,830544,1934,74414,22,23,213,0,-77,-2147483648,230333,4294967295,0,0
108559727,108.559727,5060,5060,5060,0,6,6,313,0,323,0,0,1,0,0,195,195,0,74414,1,0,420,7932,0,138,281,1,3,60,830544,2167,74414,22,23,213,0,-77,-2147483648,480333,4294967295,0,0
108809727,108.809727,5073,5073,5073,0,6,6,313,0,323,0,0,1,0,0,208,208,0,74414,1,0,420,7952,0,244,281,1,3,60,830544,2459,74414,22,23,214,0,-76,-2147483648,229432,4294967295,0,0
109059727,109.059727,5085,5085,5085,0,6,6,313,0,323,0,0,1,0,0,220,220,0,74414,1,0,420,7970,0,245,281,1,3,61,830544,2167,74414,22,23,214,0,-76,-2147483648,479432,4294967295,0,0
109309729,109.309729,5098,5098,5098,0,6,6,313,0,323,0,0,1,0,0,233,233,0,74414,1,0,420,7991,0,138,281,1,3,262,830544,2187,74414,22,23,215,0,-81,-2147483648,228183,4294967295,0,0
109559731,109.559731,5110,5110,5110,0,6,6,313,0,323,0,0,1,0,0,245,245,0,74414,1,0,420,8009,0,137,281,1,3,60,830544,2167,74414,22,23,215,0,-81,-2147483648,478185,4294967295,0,0
109809731,109.809731,5123,5123,5123,0,6,6,313,0,323,0,0,1,0,0,2,2,0,74414,1,0,420,8029,0,140,281,1,3,60,830544,1164,74414,22,23,216,0,-79,-2147483648,225862,4294967295,0,0
110059731,110.059731,5135,5135,5135,0,6,6,313,0,323,0,0,1,0,0,14,14,0,74414,1,0,420,8047,0,244,281,1,3,60,830544,2167,74414,22,23,216,0,-79,-2147483648,475862,4294967295,0,0
110309733,110.309733,5148,5148,5148,0,6,6,313,0,323,0,0,1,0,0,27,27,0,74414,1,0,420,8068,0,138,281,1,3,1,830544,2214,74414,22,23,217,0,-77,-2147483648,224547,4294967295,0,0
110559733,110.559733,5160,5160,5160,0,6,6,313,0,323,0,0,1,0,0,39,39,0,74414,1,0,420,8086,0,138,281,1,3,60,830544,2167,74414,22,23,217,0,-77,-2147483648,474547,4294967295,0,0
110809735,110.809735,5173,5173,5173,0,6,6,313,0,323,0,0,1,0,0,52,52,0,74414,1,0,420,8106,0,244,281,1,3,2,830544,2164,74414,22,23,218,0,-78,-2147483648,224005,4294967295,0,0
111059736,111.059736,5185,5185,5185,0,6,6,313,0,323,0,0,1,0,0,64,64,0,74414,1,0,420,8124,0,244,281,1,3,60,830544,2168,74414,22,23,218,0,-78,-2147483648,474006,4294967295,0,0
111309738,111.309738,5198,5198,5198,0,6,6,313,0,323,0,0,1,0,0,77,77,0,74414,1,0,420,8145,0,138,281,0,3,2,830544,1718,74414,22,23,219,0,-75,-2147483648,212545,4294967295,0,0
111559738,111.559738,5210,5210,5210,0,6,6,313,0,323,0,0,1,0,0,89,89,0,74414,1,0,420,8163,0,138,281,1,3,60,830544,2167,74414,22,23,219,0,-75,-2147483648,462545,4294967295,0,0
111809738,111.809738,5223,5223,5223,0,6,6,313,0,323,0,0,1,0,0,102,102,0,74414,1,0,420,8183,0,244,281,1,3,60,830544,2458,74414,22,23,220,0,-75,-2147483648,211344,4294967295,0,0
112059740,112.059740,5235,5235,5235,0,6,6,313,0,323,0,0,1,0,0,114,114,0,74414,1,0,420,8201,0,244,281,1,3,60,830544,2167,74414,22,23,220,0,-75,-2147483648,461346,4294967295,0,0
112309742,112.309742,5248,5248,5248,0,6,6,313,0,323,0,0,1,0,0,127,127,0,74414,1,0,420,8222,0,138,281,0,3,2,830544,2913,74414,22,23,221,0,-76,-2147483648,210381,4294967295,0,0
112559742,112.559742,5260,5260,5260,0,6,6,313,0,323,0,0,1,0,0,139,139,0,74414,1,0,420,8240,0,138,281,1,3,60,830544,2167,74414,21,23,221,0,-76,-2147483648,460381,4294967295,0,0
112809744,112.809744,5273,5273,5273,0,6,6,313,0,323,0,0,1,0,0,152,152,0,74414,1,0,420,8260,0,244,281,1,3,1,830544,2164,74414,22,23,222,0,-74,-2147483648,209174,4294967295,0,0
113059746,113.059746,5285,5285,5285,0,6,6,313,0,323,0,0,1,0,0,164,164,0,74414,1,0,420,8278,0,244,281,1,3,60,830544,2167,74414,22,23,222,0,-74,-2147483648,459176,4294967295,0,0
113309747,113.309747,5298,5298,5298,0,6,6,313,0,323,0,0,1,0,0,177,177,0,74414,1,0,420,8299,0,138,281,1,3,2,830544,1759,74414,22,23,223,0,-74,-2147483648,208211,4294967295,0,0
113559749,113.559749,5310,5310,5310,0,6,6,313,0,323,0,0,1,0,0,189,189,0,74414,1,0,420,8317,0,138,281,1,3,60,830544,2167,74414,22,23,223,0,-74,-2147483648,458213,4294967295,0,0
113809750,113.809750,5323,5323,5323,0,6,6,313,0,323,0,0,1,0,0,202,202,0,74414,1,0,420,8337,0,245,281,1,3,2,830544,2460,74414,21,23,224,0,-75,-2147483648,207006,4294967295,0,0
114059752,114.059752,5335,5335,5335,0,5,6,313,0,323,0,0,1,0,0,214,214,0,74414,1,0,420,8355,0,244,281,1,3,60,830544,2167,74414,22,23,224,0,-75,-2147483648,457008,4294967295,0,0
114309753,114.309753,5348,5348,5348,0,6,6,313,0,323,0,0,1,0,0,227,227,0,74414,1,0,420,8376,0,138,281,0,3,2,830544,1758,74414,22,23,225,0,-74,-2147483648,204522,4294967295,0,0
114559755,114.559755,5360,5360,5360,0,6,6,313,0,323,0,0,1,0,0,239,239,0,74414,1,0,420,8394,0,138,281,1,3,60,830544,2167,74414,22,23,225,0,-74,-2147483648,454524,4294967295,0,0
114809756,114.809756,5373,5373,5373,0,6,6,313,0,323,0,0,1,0,0,252,252,0,74414,1,0,420,8414,0,244,281,1,3,60,830544,2459,74414,22,23,226,0,-74,-2147483648,204520,4294967295,0,0
115059757,115.059757,5385,5385,5385,0,5,6,313,0,323,0,0,1,0,0,8,8,0,74414,1,0,420,8432,0,245,281,1,3,61,830544,2167,74414,22,23,226,0,-74,-2147483648,454521,4294967295,0,0
115309758,115.309758,5398,5398,5398,0,6,6,313,0,323,0,0,1,0,0,21,21,0,74414,1,0,420,8453,0,138,281,0,3,2,830544,1761,74414,21,23,227,0,-73,-2147483648,192324,4294967295,0,0
115559759,115.559759,5410,5410,5410,0,6,6,313,0,323,0,0,1,0,0,33,33,0,74414,1,0,420,8471,0,138,281,1,3,60,830544,2167,74414,22,23,227,0,-73,-2147483648,442325,4294967295,0,0
115809760,115.809760,5423,5423,5423,0,6,6,313,0,323,0,0,1,0,0,46,46,0,74414,1,0,420,8491,0,245,281,1,3,60,830544,2165,74414,21,23,228,0,-73,-2147483648,190166,4294967295,0,0
116059761,116.059761,5435,5435,5435,0,6,6,313,0,323,0,0,1,0,0,58,58,0,74414,1,0,420,8509,0,280,281,1,3,60,830544,2167,74414,22,23,228,0,-73,-2147483648,440167,4294967295,0,0
116309762,116.309762,5448,5448,5448,0,6,6,313,0,323,0,0,1,0,0,71,71,0,74414,1,0,420,8530,0,138,281,1,3,2,830544,1925,74414,22,23,229,0,-74,-2147483648,189115,4294967295,0,0
116559763,116.559763,5460,5460,5460,0,6,6,313,0,323,0,0,1,0,0,83,83,0,74414,1,0,420,8548,0,138,281,0,3,61,830544,2167,74414,21,23,229,0,-74,-2147483648,439116,4294967295,0,0
116809764,116.809764,5473,5473,5473,0,6,6,313,0,323,0,0,1,0,0,96,96,0,74414,1,0,420,8568,0,244,281,1,3,60,830544,2164,74414,22,23,230,0,-74,-2147483648,187078,4294967295,0,0
117059766,117.059766,5485,5485,5485,0,6,6,313,0,323,0,0,1,0,0,108,108,0,74414,1,0,420,8586,0,244,281,1,3,60,830544,2167,74414,22,23,230,0,-74,-2147483648,437080,4294967295,0,0
117309768,117.309768,5498,5498,5498,0,6,6,313,0,323,0,0,1,0,0,121,121,0,74414,1,0,420,8607,0,138,281,1,3,2,830544,2164,74414,22,23,231,0,-74,-2147483648,185799,4294967295,0,0
117559768,117.559768,5510,5510,5510,0,6,6,313,0,323,0,0,1,0,0,133,133,0,74414,1,0,420,8625,0,138,281,1,3,60,830544,2167,74414,22,23,231,0,-74,-2147483648,435799,4294967295,0,0
117809769,117.809769,5523,5523,5523,0,6,6,313,0,323,0,0,1,0,0,146,146,0,74414,1,0,420,8645,0,244,281,1,3,61,830544,2073,74414,22,23,232,0,-74,-2147483648,173454,4294967295,0,0
118059769,118.059769,5535,5535,5535,0,6,6,313,0,323,0,0,1,0,0,158,158,0,74414,1,0,420,8663,0,244,281,1,3,60,830544,2167,74414,22,23,232,0,-74,-2147483648,423454,4294967295,0,0
118309771,118.309771,5548,5548,5548,0,6,6,313,0,323,0,0,1,0,0,171,171,0,74414,1,0,420,8684,0,138,281,0,3,2,830544,1861,74414,21,23,233,0,-79,-2147483648,171080,4294967295,0,0
118559773,118.559773,5560,5560,5560,0,6,6,313,0,323,0,0,1,0,0,183,183,0,74414,1,0,420,8702,0,138,281,1,3,60,830544,2164,74414,22,23,233,0,-79,-2147483648,421082,4294967295,0,0
118809775,118.809775,5573,5573,5573,0,6,6,313,0,323,0,0,1,0,0,196,196,0,74414,1,0,420,8722,0,244,281,1,3,60,830544,2164,74414,22,23,234,0,-78,-2147483648,170242,4294967295,0,0
119059775,119.059775,5585,5585,5585,0,6,6,313,0,323,0,0,1,0,0,208,208,0,74414,1,0,420,8740,0,244,281,1,3,60,830544,2167,74414,22,23,234,0,-78,-2147483648,420242,4294967295,0,0
119309777,119.309777,5598,5598,5598,0,6,6,313,0,323,0,0,1,0,0,221,221,0,74414,1,0,420,8761,0,137,281,1,3,2,830544,2377,74414,22,23,235,0,-77,-2147483648,169342,4294967295,0,0
119559779,119.559779,5610,5610,5610,0,6,6,313,0,323,0,0,1,0,0,233,233,0,74414,1,0,420,8779,0,138,281,1,3,60,830544,2167,74414,22,23,235,0,-77,-2147483648,419344,4294967295,0,0
119809781,119.809781,5623,5623,5623,0,6,6,313,0,323,0,0,1,0,0,246,246,0,74414,1,0,420,8799,0,244,281,1,3,60,830544,2459,74414,22,23,236,0,-77,-2147483648,168112,4294967295,0,0
120059782,120.059782,5635,5635,5635,0,5,6,313,0,323,0,0,1,0,0,2,2,0,74414,1,0,420,8817,0,245,281,0,3,60,830544,2167,74414,22,23,236,0,-77,-2147483648,418113,4294967295,0,0
120309783,120.309783,5648,5648,5648,0,6,6,313,0,323,0,0,1,0,0,15,15,0,74414,1,0,420,8838,0,138,281,1,3,2,830544,2459,74414,22,23,237,0,-77,-2147483648,165777,4294967295,0,0
120559783,120.559783,5660,5660,5660,0,6,6,313,0,323,0,0,1,0,0,27,27,0,74414,1,0,420,8856,0,138,281,1,3,2,830544,2167,74414,22,23,237,0,-77,-2147483648,415777,4294967295,0,0
120809785,120.809785,5673,5673,5673,0,6,6,313,0,323,0,0,1,0,0,40,40,0,74414,1,0,420,8876,0,245,281,1,3,60,830544,2459,74414,21,23,238,0,-75,-2147483648,164464,4294967295,0,0
121059786,121.059786,5685,5685,5685,0,6,6,313,0,323,0,0,1,0,0,52,52,0,74414,1,0,420,8894,0,244,281,1,3,60,830544,2167,74414,22,23,238,0,-75,-2147483648,414465,4294967295,0,0
121309788,121.309788,5698,5698,5698,0,6,6,313,0,323,0,0,1,0,0,65,65,0,74414,1,0,420,8915,0,138,281,0,3,2,830544,2458,74414,22,23,239,0,-72,-2147483648,152324,4294967295,0,0
121559790,121.559790,5710,5710,5710,0,6,6,313,0,323,0,0,1,0,0,77,77,0,74414,1,0,420,8933,0,138,281,0,3,2,830544,2168,74414,22,23,239,0,-72,-2147483648,402326,4294967295,0,0
121809792,121.809792,5723,5723,5723,0,6,6,313,0,323,0,0,1,0,0,90,90,0,74414,1,0,420,8953,0,138,281,0,3,61,830544,1459,74414,22,23,240,0,-76,-2147483648,150296,4294967295,0,0
122059794,122.059794,5735,5735,5735,0,5,6,313,0,323,0,0,1,0,0,102,102,0,74414,1,0,420,8971,0,244,281,1,3,60,830544,2167,74414,22,23,240,0,-76,-2147483648,400298,4294967295,0,0
122309795,122.309795,5748,5748,5748,0,6,6,313,0,323,0,0,1,0,0,115,115,0,74414,1,0,420,8992,0,138,281,0,3,2,830544,1919,74414,22,23,241,0,-77,-2147483648,149057,4294967295,0,0
122559795,122.559795,5760,5760,5760,0,6,6,313,0,323,0,0,1,0,0,127,127,0,74414,1,0,420,9010,0,137,281,0,3,2,830544,2167,74414,22,23,241,0,-77,-2147483648,399057,4294967295,0,0
122809795,122.809795,5773,5773,5773,0,6,6,313,0,323,0,0,1,0,0,140,140,0,74414,1,0,420,9030,0,244,281,1,3,60,830544,2458,74414,22,23,242,0,-76,-2147483648,148061,4294967295,0,0
123059796,123.059796,5785,5785,5785,0,6,6,313,0,323,0,0,1,0,0,152,152,0,74414,1,0,420,9048,0,244,281,1,3,60,830544,2167,74414,22,23,242,0,-76,-2147483648,398062,4294967295,0,0
123309796,123.309796,5798,5798,5798,0,6,6,313,0,323,0,0,1,0,0,165,165,0,74414,1,0,420,9069,0,138,281,0,3,2,830544,1929,74414,22,23,243,0,-75,-2147483648,146919,4294967295,0,0
123559798,123.559798,5810,5810,5810,0,6,6,313,0,323,0,0,1,0,0,177,177,0,74414,1,0,420,9087,0,138,281,1,3,2,830544,2167,74414,22,23,243,0,-75,-2147483648,396921,4294967295,0,0
123809798,123.809798,5823,5823,5823,0,6,6,313,0,323,0,0,1,0,0,190,190,0,74414,1,0,420,9107,0,245,281,1,3,60,830544,2459,74414,22,23,244,0,-74,-2147483648,145747,4294967295,0,0
124059800,124.059800,5835,5835,5835,0,6,6,313,0,323,0,0,1,0,0,202,202,0,74414,1,0,420,9125,0,244,281,1,3,60,830544,2167,74414,22,23,244,0,-74,-2147483648,395749,4294967295,0,0
124309801,124.309801,5848,5848,5848,0,6,6,313,0,323,0,0,1,0,0,215,215,0,74414,1,0,420,9146,0,138,281,0,3,2,830544,1891,74414,22,23,245,0,-77,-2147483648,145726,4294967295,0,0
124559802,124.559802,5860,5860,5860,0,6,6,313,0,323,0,0,1,0,0,227,227,0,74414,1,0,420,9164,0,138,281,1,3,2,830544,2167,74414,22,23,245,0,-77,-2147483648,395727,4294967295,0,0
124809804,124.809804,5873,5873,5873,0,6,6,313,0,323,0,0,1,0,0,240,240,0,74414,1,0,420,9184,0,244,281,1,3,60,830544,2459,74414,22,23,246,0,-76,-2147483648,133310,4294967295,0,0
125059805,125.059805,5885,5885,5885,0,5,6,313,0,323,0,0,1,0,0,252,252,0,74414,1,0,420,9202,0,245,281,1,3,60,830544,2167,74414,21,23,246,0,-76,-2147483648,383311,4294967295,0,0
125309806,125.309806,5898,5898,5898,0,6,6,313,0,323,0,0,1,0,0,9,9,0,74414,1,0,420,9223,0,138,281,1,3,1,830544,1927,74414,22,23,247,0,-75,-2147483648,131267,4294967295,0,0
125559808,125.559808,5910,5910,5910,0,5,6,313,0,323,0,0,1,0,0,21,21,0,74414,1,0,420,9241,0,138,281,1,3,2,830544,2167,74414,22,23,247,0,-75,-2147483648,381269,4294967295,0,0
125809808,125.809808,5923,5923,5923,0,6,6,313,0,323,0,0,1,0,0,34,34,0,74414,1,0,420,9261,0,244,281,0,3,61,830544,2458,74414,22,23,248,0,-75,-2147483648,131228,4294967295,0,0
126059810,126.059810,5935,5935,5935,0,6,6,313,0,323,0,0,1,0,0,46,46,0,74414,1,0,420,9279,0,244,281,0,3,60,830544,2167,74414,22,23,248,0,-75,-2147483648,381230,4294967295,0,0
126309810,126.309810,5948,5948,5948,0,6,6,313,0,323,0,0,1,0,0,59,59,0,74414,1,0,420,9300,0,138,281,1,3,2,830544,1728,74414,22,23,249,0,-74,-2147483648,129102,4294967295,0,0
126559812,126.559812,5960,5960,5960,0,6,6,313,0,323,0,0,1,0,0,71,71,0,74414,1,0,420,9318,0,138,281,1,3,60,830544,2167,74414,22,23,249,0,-74,-2147483648,379104,4294967295,0,0
126809813,126.809813,5973,5973,5973,0,6,6,313,0,323,0,0,1,0,0,84,84,0,74414,1,0,420,9338,0,244,281,1,3,60,830544,2458,74414,22,23,250,0,-74,-2147483648,129057,4294967295,0,0
127059814,127.059814,5985,5985,5985,0,6,6,313,0,323,0,0,1,0,0,96,96,0,74414,1,0,420,9356,0,244,281,0,3,2,830544,2167,74414,22,23,250,0,-74,-2147483648,379058,4294967295,0,0
127309814,127.309814,5998,5998,5998,0,6,6,313,0,323,0,0,1,0,0,109,109,0,74414,1,0,420,9377,0,138,281,0,3,2,830544,1722,74414,22,23,251,0,-74,-2147483648,128183,4294967295,0,0
127559814,127.559814,6010,6010,6010,0,6,6,313,0,323,0,0,1,0,0,121,121,0,74414,1,0,420,9395,0,138,281,1,3,60,830544,2167,74414,22,23,251,0,-74,-2147483648,378183,4294967295,0,0
127809815,127.809815,6023,6023,6023,0,6,6,313,0,323,0,0,1,0,0,134,134,0,74414,1,0,420,9415,0,244,281,1,3,61,830544,2459,74414,22,23,252,0,-74,-2147483648,126887,4294967295,0,0
128059817,128.059817,6035,6035,6035,0,6,6,313,0,323,0,0,1,0,0,146,146,0,74414,1,0,420,9433,0,244,281,1,3,1,830544,2168,74414,22,23,252,0,-74,-2147483648,376889,4294967295,0,0
128309818,128.309818,6048,6048,6048,0,6,6,313,0,323,0,0,1,0,0,159,159,0,74414,1,0,420,9454,0,138,281,0,3,2,830544,1748,74414,22,23,253,0,-75,-2147483648,125707,4294967295,0,0
128559819,128.559819,6060,6060,6060,0,6,6,313,0,323,0,0,1,0,0,171,171,0,74414,1,0,420,9472,0,137,281,1,3,60,830544,2167,74414,22,23,253,0,-75,-2147483648,375708,4294967295,0,0
128809821,128.809821,6073,6073,6073,0,6,6,313,0,323,0,0,1,0,0,184,184,0,74414,1,0,420,9492,0,245,281,1,3,60,830544,2460,74414,22,23,254,0,-74,-2147483648,124396,4294967295,0,0
129059822,129.059822,6085,6085,6085,0,6,6,313,0,323,0,0,1,0,0,196,196,0,74414,1,0,420,9510,0,244,281,1,3,60,830544,2167,74414,22,23,254,0,-74,-2147483648,374397,4294967295,0,0
129309823,129.309823,6098,6098,6098,0,6,6,313,0,323,0,0,1,0,0,209,209,0,74414,1,0,420,9531,0,138,281,1,3,1,830544,2458,74414,22,23,255,0,-75,-2147483648,112262,4294967295,0,0
129559824,129.559824,6110,6110,6110,0,6,6,313,0,323,0,0,1,0,0,221,221,0,74414,1,0,420,9549,0,137,281,1,3,60,830544,2167,74414,22,23,255,0,-75,-2147483648,362263,4294967295,0,0
129809825,129.809825,6123,6123,6123,0,6,6,313,0,323,0,0,1,0,0,234,234,0,74414,1,0,420,9569,0,244,281,0,3,61,830544,2459,74414,22,23,256,0,-75,-2147483648,110047,4294967295,0,0
130059826,130.059826,6135,6135,6135,0,6,6,313,0,323,0,0,1,0,0,246,246,0,74414,1,0,420,9587,0,244,281,1,3,60,830544,2167,74414,22,23,256,0,-75,-2147483648,360048,4294967295,0,0
130309826,130.309826,6148,6148,6148,0,6,6,313,0,323,0,0,1,0,0,3,3,0,74414,1,0,420,9608,0,138,281,1,3,1,830544,2459,74414,22,23,257,0,-74,-2147483648,110057,4294967295,0,0
130559826,130.559826,6160,6160,6160,0,6,6,313,0,323,0,0,1,0,0,15,15,0,74414,1,0,420,9626,0,138,281,1,3,60,830544,2167,74414,22,23,257,0,-74,-2147483648,360057,4294967295,0,0
130809827,130.809827,6173,6173,6173,0,6,6,313,0,323,0,0,1,0,0,28,28,0,74414,1,0,420,9646,0,244,281,1,3,60,830544,2458,74414,22,23,258,0,-75,-2147483648,107966,4294967295,0,0
131059829,131.059829,6185,6185,6185,0,6,6,313,0,323,0,0,1,0,0,40,40,0,74414,1,0,420,9664,0,280,281,1,3,60,830544,2167,74414,22,23,258,0,-75,-2147483648,357968,4294967295,0,0
131309829,131.309829,6198,6198,6198,0,6,6,313,0,323,0,0,1,0,0,53,53,0,74414,1,0,420,9685,0,138,281,1,3,1,830544,2459,74414,22,23,259,0,-75,-2147483648,107894,4294967295,0,0
131559829,131.559829,6210,6210,6210,0,6,6,313,0,323,0,0,1,0,0,65,65,0,74414,1,0,420,9703,0,139,281,0,3,61,830544,2167,74414,22,23,259,0,-75,-2147483648,357894,4294967295,0,0
131809831,131.809831,6223,6223,6223,0,6,6,313,0,323,0,0,1,0,0,78,78,0,74414,1,0,420,9723,0,244,281,1,3,60,830544,2459,74414,22,23,260,0,-74,-2147483648,106754,4294967295,0,0
132059833,132.059833,6235,6235,6235,0,5,6,313,0,323,0,0,1,0,0,90,90,0,74414,1,0,420,9741,0,245,281,1,3,60,830544,2167,74414,22,23,260,0,-74,-2147483648,356756,4294967295,0,0
132309834,132.309834,6248,6248,6248,0,6,6,313,0,323,0,0,1,0,0,103,103,0,74414,1,0,420,9762,0,138,281,1,3,1,830544,2458,74414,22,23,261,0,-74,-2147483648,106712,4294967295,0,0
132559835,132.559835,6260,6260,6260,0,6,6,313,0,323,0,0,1,0,0,115,115,0,74414,1,0,420,9780,0,137,281,1,3,60,830544,2167,74414,22,23,261,0,-74,-2147483648,356713,4294967295,0,0
132809837,132.809837,6273,6273,6273,0,6,6,313,0,323,0,0,1,0,0,128,128,0,74414,1,0,420,9800,0,244,281,0,3,61,830544,2458,74414,22,23,262,0,-74,-2147483648,104892,4294967295,0,0
133059839,133.059839,6285,6285,6285,0,5,6,313,0,323,0,0,1,0,0,140,140,0,74414,1,0,420,9818,0,244,281,1,3,60,830544,2167,74414,22,23,262,0,-74,-2147483648,354894,4294967295,0,0
133309840,133.309840,6298,6298,6298,0,6,6,313,0,323,0,0,1,0,0,153,153,0,74414,1,0,420,9839,0,138,281,1,3,2,830544,2459,74414,22,23,263,0,-75,-2147483648,93410,4294967295,0,0
133559842,133.559842,6310,6310,6310,0,6,6,313,0,323,0,0,1,0,0,165,165,0,74414,1,0,420,9857,0,137,281,1,3,60,830544,2167,74414,22,23,263,0,-75,-2147483648,343412,4294967295,0,0
133809844,133.809844,6323,6323,6323,0,6,6,313,0,323,0,0,1,0,0,178,178,0,74414,1,0,420,9877,0,244,281,0,3,61,830544,2458,74414,22,23,264,0,-75,-2147483648,93305,4294967295,0,0
134059845,134.059845,6335,6335,6335,0,6,6,313,0,323,0,0,1,0,0,190,190,0,74414,1,0,420,9895,0,245,281,1,3,60,830544,2167,74414,21,23,264,0,-75,-2147483648,343306,4294967295,0,0
134309845,134.309845,6348,6348,6348,0,6,6,313,0,323,0,0,1,0,0,203,203,0,74414,1,0,420,9916,0,138,281,0,3,2,830544,1919,74414,22,23,265,0,-75,-2147483648,92338,4294967295,0,0
134559847,134.559847,6360,6360,6360,0,6,6,313,0,323,0,0,1,0,0,215,215,0,74414,1,0,420,9934,0,137,281,1,3,2,830544,2167,74414,22,23,265,0,-75,-2147483648,342340,4294967295,0,0
134809847,134.809847,6373,6373,6373,0,5,6,313,0,323,0,0,1,0,0,228,228,0,74414,1,0,420,9954,0,245,281,1,3,60,830544,2459,74414,21,23,266,0,-75,-2147483648,91135,4294967295,0,0
135059849,135.059849,6385,6385,6385,0,6,6,313,0,323,0,0,1,0,0,240,240,0,74414,1,0,420,9972,0,244,281,1,3,2,830544,2167,74414,22,23,266,0,-75,-2147483648,341137,4294967295,0,0
135309851,135.309851,6398,6398,6398,0,6,6,313,0,323,0,0,1,0,0,253,253,0,74414,1,0,420,9993,0,138,281,1,3,1,830544,1930,74414,22,23,267,0,-78,-2147483648,90174,4294967295,0,0
135559851,135.559851,6410,6410,6410,0,6,6,313,0,323,0,0,1,0,0,9,9,0,74414,1,0,420,10011,0,138,281,1,3,2,830544,2167,74414,22,23,267,0,-78,-2147483648,340174,4294967295,0,0
135809853,135.809853,6423,6423,6423,0,6,6,313,0,323,0,0,1,0,0,22,22,0,74414,1,0,420,10031,0,280,281,1,3,60,830544,1164,74414,22,23,268,0,-80,-2147483648,88966,4294967295,0,0
136059853,136.059853,6435,6435,6435,0,6,6,313,0,323,0,0,1,0,0,34,34,0,74414,1,0,420,10049,0,244,281,1,3,60,830544,2167,74414,22,23,268,0,-80,-2147483648,338966,4294967295,0,0
136309853,136.309853,6448,6448,6448,0,6,6,313,0,323,0,0,1,0,0,47,47,0,74414,1,0,420,10070,0,138,281,1,3,1,830544,1925,74414,22,23,269,0,-78,-2147483648,88000,4294967295,0,0
136559855,136.559855,6460,6460,6460,0,6,6,313,0,323,0,0,1,0,0,59,59,0,74414,1,0,420,10088,0,138,281,1,3,60,830544,2167,74414,22,23,269,0,-78,-2147483648,338002,4294967295,0,0
136809856,136.809856,6473,6473,6473,0,6,6,313,0,323,0,0,1,0,0,72,72,0,74414,1,0,420,10108,0,244,281,0,3,61,830544,2459,74414,22,23,270,0,-76,-2147483648,87804,4294967295,0,0
137059858,137.059858,6485,6485,6485,0,6,6,313,0,323,0,0,1,0,0,84,84,0,74414,1,0,420,10126,0,244,281,1,3,60,830544,2168,74414,22,23,270,0,-76,-2147483648,337806,4294967295,0,0
137309859,137.309859,6498,6498,6498,0,6,6,313,0,323,0,0,1,0,0,97,97,0,74414,1,0,420,10147,0,138,281,1,3,2,830544,1841,74414,22,23,271,0,-76,-2147483648,85617,4294967295,0,0
137559860,137.559860,6510,6510,6510,0,6,6,313,0,323,0,0,1,0,0,109,109,0,74414,1,0,420,10165,0,138,281,1,3,2,830544,2167,74414,22,23,271,0,-76,-2147483648,335618,4294967295,0,0
137809870,137.809870,6523,6523,6523,0,6,6,313,0,323,0,0,1,0,0,122,122,0,74414,1,0,420,10185,0,244,281,1,3,60,830544,1164,74414,22,23,272,0,-77,-2147483648,85290,4294967295,0,0
138059959,138.059959,6535,6535,6535,0,6,6,313,0,323,0,0,1,0,0,134,134,0,74414,1,0,420,10203,0,279,281,1,3,1,830544,2167,74414,22,23,272,0,-77,-2147483648,335379,4294967295,0,0
138309964,138.309964,6548,6548,6548,0,6,6,313,0,323,0,0,1,0,0,147,147,0,74414,1,0,420,10224,0,137,281,1,3,2,830544,1718,74414,22,23,273,0,-78,-2147483648,73374,4294967295,0,0
138559965,138.559965,6560,6560,6560,0,5,6,313,0,323,0,0,1,0,0,159,159,0,74414,1,0,420,10242,0,138,281,1,3,2,830544,2167,74414,22,23,273,0,-78,-2147483648,323375,4294967295,0,0
138809965,138.809965,6573,6573,6573,0,5,6,313,0,323,0,0,1,0,0,172,172,0,74414,1,0,420,10262,0,245,281,1,3,60,830544,1164,74414,21,23,274,0,-80,-2147483648,71247,4294967295,0,0
139059966,139.059966,6585,6585,6585,0,6,6,313,0,323,0,0,1,0,0,184,184,0,74414,1,0,420,10280,0,244,281,1,3,2,830544,2167,74414,22,23,274,0,-80,-2147483648,321248,4294967295,0,0
139309967,139.309967,6598,6598,6598,0,6,6,313,0,323,0,0,1,0,0,197,197,0,74414,1,0,420,10301,0,138,281,1,3,2,830544,1751,74414,22,23,275,0,-79,-2147483648,71205,4294967295,0,0
139559968,139.559968,6610,6610,6610,0,6,6,313,0,323,0,0,1,0,0,209,209,0,74414,1,0,420,10319,0,138,281,1,3,2,830544,2167,74414,22,23,275,0,-79,-2147483648,321206,4294967295,0,0
139809968,139.809968,6623,6623,6623,0,5,6,313,0,323,0,0,1,0,0,222,222,0,74414,1,0,420,10339,0,244,281,1,3,60,830544,1164,74414,22,23,276,0,-79,-2147483648,70332,4294967295,0,0
140059970,140.059970,6635,6635,6635,0,5,6,313,0,323,0,0,1,0,0,234,234,0,74414,1,0,420,10357,0,245,281,1,3,2,830544,2167,74414,22,23,276,0,-79,-2147483648,320334,4294967295,0,0
140309970,140.309970,6648,6648,6648,0,6,6,313,0,323,0,0,1,0,0,247,247,0,74414,1,0,420,10378,0,138,281,1,3,2,830544,1749,74414,22,23,277,0,-80,-2147483648,70067,4294967295,0,0
140559970,140.559970,6660,6660,6660,0,6,6,313,0,323,0,0,1,0,0,3,3,0,74414,1,0,420,10396,0,138,281,0,3,60,830544,2167,74414,22,23,277,0,-80,-2147483648,320067,4294967295,0,0
140809971,140.809971,6673,6673,6673,0,5,6,313,0,323,0,0,1,0,0,16,16,0,74414,1,0,420,10416,0,244,281,1,3,60,830544,2459,74414,22,23,278,0,-78,-2147483648,69133,4294967295,0,0
141059971,141.059971,6685,6685,6685,0,6,6,313,0,323,0,0,1,0,0,28,28,0,74414,1,0,420,10434,0,244,281,1,3,60,830544,2167,74414,22,23,278,0,-78,-2147483648,319133,4294967295,0,0
141309973,141.309973,6698,6698,6698,0,6,6,313,0,323,0,0,1,0,0,41,41,0,74414,1,0,420,10455,0,138,281,0,3,2,830544,2458,74414,22,23,279,0,-79,-2147483648,68873,4294967295,0,0
141559975,141.559975,6710,6710,6710,0,6,6,313,0,323,0,0,1,0,0,53,53,0,74414,1,0,420,10473,0,138,281,1,3,60,830544,2167,74414,22,23,279,0,-79,-2147483648,318875,4294967295,0,0
141809977,141.809977,6723,6723,6723,0,6,6,313,0,323,0,0,1,0,0,66,66,0,74414,1,0,420,10493,0,280,281,1,3,60,830544,1494,74414,22,23,280,0,-76,-2147483648,66583,4294967295,0,0
142059979,142.059979,6735,6735,6735,0,6,6,313,0,323,0,0,1,0,0,78,78,0,74414,1,0,420,10511,0,244,281,1,3,61,830544,2167,74414,22,23,280,0,-76,-2147483648,316585,4294967295,0,0
142309981,142.309981,6748,6748,6748,0,6,6,313,0,323,0,0,1,0,0,91,91,0,74414,1,0,420,10532,0,138,281,1,3,1,830544,2458,74414,22,23,281,0,-76,-2147483648,66807,4294967295,0,0
142559982,142.559982,6760,6760,6760,0,6,6,313,0,323,0,0,1,0,0,103,103,0,74414,1,0,420,10550,0,138,281,1,3,2,830544,2164,74414,22,23,281,0,-76,-2147483648,316808,4294967295,0,0
142809984,142.809984,6773,6773,6773,0,6,6,313,0,323,0,0,1,0,0,116,116,0,74414,1,0,420,10570,0,244,281,1,3,60,830544,2458,74414,22,23,282,0,-77,-2147483648,66739,4294967295,0,0
143059984,143.059984,6785,6785,6785,0,6,6,313,0,323,0,0,1,0,0,128,128,0,74414,1,0,420,10588,0,244,281,1,3,60,830544,2167,74414,22,23,282,0,-77,-2147483648,316739,4294967295,0,0
143309985,143.309985,6798,6798,6798,0,6,6,313,0,323,0,0,1,0,0,141,141,0,74414,1,0,420,10609,0,138,281,0,3,2,830544,2459,74414,22,23,283,0,-80,-2147483648,64326,4294967295,0,0
143559987,143.559987,6810,6810,6810,0,6,6,313,0,323,0,0,1,0,0,153,153,0,74414,1,0,420,10627,0,138,281,1,3,2,830544,2167,74414,22,23,283,0,-80,-2147483648,314328,4294967295,0,0
143809987,143.809987,6823,6823,6823,0,6,6,313,0,323,0,0,1,0,0,166,166,0,74414,1,0,420,10647,0,244,281,1,3,60,830544,1459,74414,22,23,284,0,-77,-2147483648,53279,4294967295,0,0
144059988,144.059988,6835,6835,6835,0,6,6,313,0,323,0,0,1,0,0,178,178,0,74414,1,0,420,10665,0,244,281,1,3,61,830544,2167,74414,22,23,284,0,-77,-2147483648,303280,4294967295,0,0
144309988,144.309988,6848,6848,6848,0,6,6,313,0,323,0,0,1,0,0,191,191,0,74414,1,0,420,10686,0,138,281,1,3,61,830544,1164,74414,22,23,285,0,-79,-2147483648,52312,4294967295,0,0
144559988,144.559988,6860,6860,6860,0,6,6,313,0,323,0,0,1,0,0,203,203,0,74414,1,0,420,10704,0,138,281,1,3,60,830544,1168,74414,22,23,285,0,-79,-2147483648,302312,4294967295,0,0
144809989,144.809989,6873,6873,6873,0,6,6,313,0,323,0,0,1,0,0,216,216,0,74414,1,0,420,10724,0,244,281,1,3,60,830544,1165,74414,22,23,286,0,-79,-2147483648,51112,4294967295,0,0
145059990,145.059990,6885,6885,6885,0,6,6,313,0,323,0,0,1,0,0,228,228,0,74414,1,0,420,10742,0,244,281,0,3,61,830544,2167,74414,22,23,286,0,-79,-2147483648,301113,4294967295,0,0
145309992,145.309992,6898,6898,6898,0,6,6,313,0,323,0,0,1,0,0,241,241,0,74414,1,0,420,10763,0,138,281,1,3,62,830544,1921,74414,22,23,287,0,-76,-2147483648,50146,4294967295,0,0
145559994,145.559994,6910,6910,6910,0,6,6,313,0,323,0,0,1,0,0,253,253,0,74414,1,0,420,10781,0,138,281,1,3,60,830544,1167,74414,22,23,287,0,-76,-2147483648,300148,4294967295,0,0
145809994,145.809994,6923,6923,6923,0,6,6,313,0,323,0,0,1,0,0,10,10,0,74414,1,0,420,10801,0,244,281,1,3,60,830544,1164,74414,22,23,288,0,-77,-2147483648,48331,4294967295,0,0
146059994,146.059994,6935,6935,6935,0,6,6,313,0,323,0,0,1,0,0,22,22,0,74414,1,0,420,10819,0,244,281,0,3,61,830544,2167,74414,22,23,288,0,-77,-2147483648,298331,4294967295,0,0
146309995,146.309995,6948,6948,6948,0,6,6,313,0,323,0,0,1,0,0,35,35,0,74414,1,0,420,10840,0,138,281,1,3,60,830544,1890,74414,22,23,289,0,-75,-2147483648,48007,4294967295,0,0
146559996,146.559996,6960,6960,6960,0,6,6,313,0,323,0,0,1,0,0,47,47,0,74414,1,0,420,10858,0,138,281,1,3,60,830544,1167,74414,22,23,289,0,-75,-2147483648,298008,4294967295,0,0
146809998,146.809998,6973,6973,6973,0,6,6,313,0,323,0,0,1,0,0,60,60,0,74414,1,0,420,10878,0,244,281,1,3,60,830544,2459,74414,22,23,290,0,-75,-2147483648,47717,4294967295,0,0
147059998,147.059998,6985,6985,6985,0,6,6,313,0,323,0,0,1,0,0,72,72,0,74414,1,0,420,10896,0,244,281,1,3,60,830544,2167,74414,22,23,290,0,-75,-2147483648,297717,4294967295,0,0
147309998,147.309998,6998,6998,6998,0,6,6,313,0,323,0,0,1,0,0,85,85,0,74414,1,0,420,10917,0,138,281,0,3,61,830544,2469,74414,22,23,291,0,-76,-2147483648,45592,4294967295,0,0
147559999,147.559999,7010,7010,7010,0,6,6,313,0,323,0,0,1,0,0,97,97,0,74414,1,0,420,10935,0,138,281,1,3,60,830544,2167,74414,22,23,291,0,-76,-2147483648,295593,4294967295,0,0
147810000,147.810000,7023,7023,7023,0,6,6,313,0,323,0,0,1,0,0,110,110,0,74414,1,0,420,10955,0,244,281,1,3,60,830544,1164,74414,22,23,292,0,-76,-2147483648,44283,4294967295,0,0
148060002,148.060002,7035,7035,7035,0,6,6,313,0,323,0,0,1,0,0,122,122,0,74414,1,0,420,10973,0,244,281,0,3,2,830544,2167,74414,22,23,292,0,-76,-2147483648,294285,4294967295,0,0
148310004,148.310004,7048,7048,7048,0,6,6,313,0,323,0,0,1,0,0,135,135,0,74414,1,0,420,10994,0,138,281,1,3,62,830544,1942,74414,22,23,293,0,-75,-2147483648,32210,4294967295,0,0
148560006,148.560006,7060,7060,7060,0,6,6,313,0,323,0,0,1,0,0,147,147,0,74414,1,0,420,11012,0,138,281,1,3,60,830544,2167,74414,23,23,293,0,-75,-2147483648,282212,4294967295,0,0
148810007,148.810007,7073,7073,7073,0,6,6,313,0,323,0,0,1,0,0,160,160,0,74414,1,0,420,11032,0,244,281,1,3,60,830544,2164,74414,22,23,294,0,-76,-2147483648,31187,4294967295,0,0
149060008,149.060008,7085,7085,7085,0,6,6,313,0,323,0,0,1,0,0,172,172,0,74414,1,0,420,11050,0,245,281,1,3,60,830544,1167,74414,22,23,294,0,-76,-2147483648,281188,4294967295,0,0
149310009,149.310009,7098,7098,7098,0,6,6,313,0,323,0,0,1,0,0,185,185,0,74414,1,0,420,11071,0,138,281,0,3,61,830544,1164,74414,22,23,295,0,-76,-2147483648,31080,4294967295,0,0
149560011,149.560011,7110,7110,7110,0,6,6,313,0,323,0,0,1,0,0,197,197,0,74414,1,0,420,11089,0,138,281,1,3,60,830544,2167,74414,22,23,295,0,-76,-2147483648,281082,4294967295,0,0
149810011,149.810011,7123,7123,7123,0,6,6,313,0,323,0,0,1,0,0,210,210,0,74414,1,0,420,11109,0,244,281,1,3,60,830544,2032,74414,22,23,296,0,-76,-2147483648,29345,4294967295,0,0
150060013,150.060013,7135,7135,7135,0,6,6,313,0,323,0,0,1,0,0,222,222,0,74414,1,0,420,11127,0,244,281,1,3,2,830544,2167,74414,22,23,296,0,-76,-2147483648,279347,4294967295,0,0
150310015,150.310015,7148,7148,7148,0,6,6,313,0,323,0,0,1,0,0,235,235,0,74414,1,0,420,11148,0,139,281,0,3,61,830544,1908,74414,22,23,297,0,-75,-2147483648,27843,4294967295,0,0
150560017,150.560017,7160,7160,7160,0,6,6,313,0,323,0,0,1,0,0,247,247,0,74414,1,0,420,11166,0,138,281,1,3,60,830544,2167,74414,22,23,297,0,-75,-2147483648,277845,4294967295,0,0
150810019,150.810019,7173,7173,7173,0,6,6,313,0,323,0,0,1,0,0,4,4,0,74414,1,0,420,11186,0,244,281,1,3,60,830544,1164,74414,22,23,298,0,-75,-2147483648,26758,4294967295,0,0
151060019,151.060019,7185,7185,7185,0,6,6,313,0,323,0,0,1,0,0,16,16,0,74414,1,0,420,11204,0,244,281,1,3,60,830544,2167,74414,22,23,298,0,-75,-2147483648,276758,4294967295,0,0
151310020,151.310020,7198,7198,7198,0,6,6,313,0,323,0,0,1,0,0,29,29,0,74414,1,0,420,11225,0,138,281,0,3,61,830544,2459,74414,22,23,299,0,-77,-2147483648,25562,4294967295,0,0
151560020,151.560020,7210,7210,7210,0,6,6,313,0,323,0,0,1,0,0,41,41,0,74414,1,0,420,11243,0,138,281,1,3,60,830544,2167,74414,22,23,299,0,-77,-2147483648,275562,4294967295,0,0
151810021,151.810021,7223,7223,7223,0,6,6,313,0,323,0,0,1,0,0,54,54,0,74414,1,0,420,11263,0,245,281,1,3,60,830544,1459,74414,22,23,300,0,-77,-2147483648,24717,4294967295,0,0
152060023,152.060023,7235,7235,7235,0,6,6,313,0,323,0,0,1,0,0,66,66,0,74414,1,0,420,11281,0,245,281,1,3,60,830544,2167,74414,22,23,300,0,-77,-2147483648,274719,4294967295,0,0
152310024,152.310024,7248,7248,7248,0,6,6,313,0,323,0,0,1,0,0,79,79,0,74414,1,0,420,11302,0,138,281,1,3,60,830544,2164,74414,22,23,301,0,-76,-2147483648,24241,4294967295,0,0
152560025,152.560025,7260,7260,7260,0,6,6,313,0,323,0,0,1,0,0,91,91,0,74414,1,0,420,11320,0,138,281,1,3,60,830544,2168,74414,22,23,301,0,-76,-2147483648,274242,4294967295,0,0
152810025,152.810025,7273,7273,7273,0,6,6,313,0,323,0,0,1,0,0,104,104,0,74414,1,0,420,11340,0,244,281,1,3,60,830544,1459,74414,22,23,302,0,-76,-2147483648,12182,4294967295,0,0
153060025,153.060025,7285,7285,7285,0,6,6,313,0,323,0,0,1,0,0,116,116,0,74414,1,0,420,11358,0,280,281,1,3,60,830544,2167,74414,22,23,302,0,-76,-2147483648,262182,4294967295,0,0
153310027,153.310027,7298,7298,7298,0,6,6,313,0,323,0,0,1,0,0,129,129,0,74414,1,0,420,11379,0,138,281,0,3,61,830544,2494,74414,22,23,303,0,-75,-2147483648,10086,4294967295,0,0
153560027,153.560027,7310,7310,7310,0,6,6,313,0,323,0,0,1,0,0,141,141,0,74414,1,0,420,11397,0,138,281,1,3,60,830544,1168,74414,22,23,303,0,-75,-2147483648,260086,4294967295,0,0
153810027,153.810027,7323,7323,7323,0,6,6,313,0,323,0,0,1,0,0,154,154,0,74414,1,0,420,11417,0,244,281,0,3,61,830544,2459,74414,22,23,304,0,-76,-2147483648,9907,4294967295,0,0
154060028,154.060028,7335,7335,7335,0,6,6,313,0,323,0,0,1,0,0,166,166,0,74414,1,0,420,11435,0,244,281,1,3,60,830544,2167,74414,22,23,304,0,-76,-2147483648,259908,4294967295,0,0
154310029,154.310029,7348,7348,7348,0,6,6,313,0,323,0,0,1,0,0,179,179,0,74414,1,0,420,11456,0,138,281,1,3,60,830544,1459,74414,23,23,305,0,-76,-2147483648,8893,4294967295,0,0
154560031,154.560031,7360,7360,7360,0,6,6,313,0,323,0,0,1,0,0,191,191,0,74414,1,0,420,11474,0,138,281,1,3,60,830544,2167,74414,22,23,305,0,-76,-2147483648,258895,4294967295,0,0
154810032,154.810032,7373,7373,7373,0,6,6,313,0,323,0,0,1,0,0,204,204,0,74414,1,0,420,11494,0,244,281,1,3,60,830544,1459,74414,22,23,306,0,-76,-2147483648,8848,4294967295,0,0
155060033,155.060033,7385,7385,7385,0,6,6,313,0,323,0,0,1,0,0,216,216,0,74414,1,0,420,11512,0,245,281,1,3,60,830544,2167,74414,22,23,306,0,-76,-2147483648,258849,4294967295,0,0
155310035,155.310035,7398,7398,7398,0,6,6,313,0,323,0,0,1,0,0,229,229,0,74414,1,0,420,11533,0,138,281,1,3,60,830544,1164,74414,22,23,307,0,-75,-2147483648,7885,4294967295,0,0
155560037,155.560037,7410,7410,7410,0,6,6,313,0,323,0,0,1,0,0,241,241,0,74414,1,0,420,11551,0,138,281,1,3,60,830544,2168,74414,22,23,307,0,-75,-2147483648,257887,4294967295,0,0
155810038,155.810038,7423,7423,7423,0,6,6,313,0,323,0,0,1,0,0,254,254,0,74414,1,0,420,11571,0,244,281,1,3,60,830544,1460,74414,23,23,308,0,-80,-2147483648,6650,4294967295,0,0
156060039,156.060039,7435,7435,7435,0,6,6,313,0,323,0,0,1,0,0,10,10,0,74414,1,0,420,11589,0,244,281,1,3,60,830544,2167,74414,23,23,308,0,-80,-2147483648,256651,4294967295,0,0
156310040,156.310040,7448,7448,7448,0,6,6,313,0,323,0,0,1,0,0,23,23,0,74414,1,0,420,11610,0,138,281,1,3,60,830544,2164,74414,22,23,309,0,-78,-2147483648,5510,4294967295,0,0
156560041,156.560041,7460,7460,7460,0,6,6,313,0,323,0,0,1,0,0,35,35,0,74414,1,0,420,11628,0,138,281,1,3,60,830544,1167,74414,22,23,309,0,-78,-2147483648,255511,4294967295,0,0
156810042,156.810042,7473,7473,7473,0,5,6,313,0,323,0,0,1,0,0,48,48,0,74414,1,0,420,11648,0,244,281,0,3,61,830544,2459,74414,22,23,310,0,-79,-2147483648,4196,4294967295,0,0
157060043,157.060043,7485,7485,7485,0,6,6,313,0,323,0,0,1,0,0,60,60,0,74414,1,0,420,11666,0,244,281,1,3,60,830544,1167,74414,22,23,310,0,-79,-2147483648,254197,4294967295,0,0
157310044,157.310044,7498,7498,7498,0,6,6,313,0,323,0,0,1,0,0,73,73,0,74414,1,0,420,11686,0,138,281,1,3,61,830544,1458,74414,22,23,310,0,-79,-2147483648,504198,4294967295,0,0
157560045,157.560045,7510,7510,7510,0,6,6,313,0,323,0,0,1,0,0,85,85,0,74414,1,0,420,11705,0,138,281,1,3,60,830544,2167,74414,22,23,311,0,-79,-2147483648,242119,4294967295,0,0
157810045,157.810045,7523,7523,7523,0,6,6,313,0,323,0,0,1,0,0,98,98,0,74414,1,0,420,11724,0,280,281,1,3,60,830544,2164,74414,22,23,311,0,-79,-2147483648,492119,4294967295,0,0
158060046,158.060046,7535,7535,7535,0,6,6,313,0,323,0,0,1,0,0,110,110,0,74414,1,0,420,11743,0,245,281,1,3,60,830544,1168,74414,22,23,312,0,-82,-2147483648,241061,4294967295,0,0
158310047,158.310047,7548,7548,7548,0,6,6,313,0,323,0,0,1,0,0,123,123,0,74414,1,0,420,11763,0,138,281,0,3,61,830544,1459,74414,22,23,312,0,-82,-2147483648,491062,4294967295,0,0
158560047,158.560047,7560,7560,7560,0,6,6,313,0,323,0,0,1,0,0,135,135,0,74414,1,0,420,11782,0,138,281,1,3,60,830544,1167,74414,22,23,313,0,-80,-2147483648,240958,4294967295,0,0
158810049,158.810049,7573,7573,7573,0,6,6,313,0,323,0,0,1,0,0,148,148,0,74414,1,0,420,11801,0,245,281,1,3,60,830544,1459,74414,22,23,313,0,-80,-2147483648,490960,4294967295,0,0
159060049,159.060049,7585,7585,7585,0,6,6,313,0,323,0,0,1,0,0,160,160,0,74414,1,0,420,11820,0,245,281,1,3,60,830544,1168,74414,22,23,314,0,-74,-2147483648,238833,4294967295,0,0
159310051,159.310051,7598,7598,7598,0,6,6,313,0,323,0,0,1,0,0,173,173,0,74414,1,0,420,11840,0,138,281,0,3,61,830544,1459,74414,22,23,314,0,-74,-2147483648,488835,4294967295,0,0
159560051,159.560051,7610,7610,7610,0,6,6,313,0,323,0,0,1,0,0,185,185,0,74414,1,0,420,11859,0,138,281,1,3,60,830544,1167,74414,22,23,315,0,-79,-2147483648,238784,4294967295,0,0
159810051,159.810051,7623,7623,7623,0,5,6,313,0,323,0,0,1,0,0,198,198,0,74414,1,0,420,11878,0,245,281,1,3,60,830544,1459,74414,22,23,315,0,-79,-2147483648,488784,4294967295,0,0
160060051,160.060051,7635,7635,7635,0,6,6,313,0,323,0,0,1,0,0,210,210,0,74414,1,0,420,11897,0,245,281,0,3,60,830544,1167,74414,22,23,316,0,-79,-2147483648,236659,4294967295,0,0
160310053,160.310053,7648,7648,7648,0,6,6,313,0,323,0,0,1,0,0,223,223,0,74414,1,0,420,11917,0,138,281,1,3,60,830544,1458,74414,22,23,316,0,-79,-2147483648,486661,4294967295,0,0
160560054,160.560054,7660,7660,7660,0,6,6,313,0,323,0,0,1,0,0,235,235,0,74414,1,0,420,11936,0,138,281,1,3,60,830544,1167,74414,22,23,317,0,-77,-2147483648,236616,4294967295,0,0
160810054,160.810054,7673,7673,7673,0,6,6,313,0,323,0,0,1,0,0,248,248,0,74414,1,0,420,11955,0,244,281,1,3,60,830544,1459,74414,22,23,317,0,-77,-2147483648,486616,4294967295,0,0
161060055,161.060055,7685,7685,7685,0,6,6,313,0,323,0,0,1,0,0,4,4,0,74414,1,0,420,11974,0,244,281,1,3,60,830544,2167,74414,22,23,318,0,-77,-2147483648,234173,4294967295,0,0
161310057,161.310057,7698,7698,7698,0,6,6,313,0,323,0,0,1,0,0,17,17,0,74414,1,0,420,11994,0,138,281,0,3,61,830544,1459,74414,22,23,318,0,-77,-2147483648,484175,4294967295,0,0
161560059,161.560059,7710,7710,7710,0,6,6,313,0,323,0,0,1,0,0,29,29,0,74414,1,0,420,12013,0,138,281,1,3,60,830544,2167,74414,22,23,319,0,-80,-2147483648,234167,4294967295,0,0
161810059,161.810059,7723,7723,7723,0,6,6,313,0,323,0,0,1,0,0,42,42,0,74414,1,0,420,12032,0,245,281,1,3,60,830544,2164,74414,22,23,319,0,-80,-2147483648,484167,4294967295,0,0
162060061,162.060061,7735,7735,7735,0,6,6,313,0,323,0,0,1,0,0,54,54,0,74414,1,0,420,12051,0,244,281,1,3,60,830544,2167,74414,22,23,320,0,-77,-2147483648,234160,4294967295,0,0
162310062,162.310062,7748,7748,7748,0,6,6,313,0,323,0,0,1,0,0,67,67,0,74414,1,0,420,12071,0,138,281,1,3,2,830544,2164,74414,22,23,320,0,-77,-2147483648,484161,4294967295,0,0
162560064,162.560064,7760,7760,7760,0,6,6,313,0,323,0,0,1,0,0,79,79,0,74414,1,0,420,12090,0,138,281,1,3,60,830544,2167,74414,22,23,321,0,-78,-2147483648,223319,4294967295,0,0
162810064,162.810064,7773,7773,7773,0,5,6,313,0,323,0,0,1,0,0,92,92,0,74414,1,0,420,12109,0,245,281,1,3,60,830544,2164,74414,21,23,321,0,-78,-2147483648,473319,4294967295,0,0
163060064,163.060064,7785,7785,7785,0,6,6,313,0,323,0,0,1,0,0,104,104,0,74414,1,0,420,12128,0,244,281,1,3,61,830544,2167,74414,22,23,322,0,-76,-2147483648,223122,4294967295,0,0
163310065,163.310065,7798,7798,7798,0,6,6,313,0,323,0,0,1,0,0,117,117,0,74414,1,0,420,12148,0,138,281,0,3,61,830544,2165,74414,22,23,322,0,-76,-2147483648,473123,4294967295,0,0
163560066,163.560066,7810,7810,7810,0,6,6,313,0,323,0,0,1,0,0,129,129,0,74414,1,0,420,12167,0,139,281,1,3,60,830544,2167,74414,22,23,323,0,-75,-2147483648,222005,4294967295,0,0
163810067,163.810067,7823,7823,7823,0,6,6,313,0,323,0,0,1,0,0,142,142,0,74414,1,0,420,12186,0,280,281,1,3,60,830544,1494,74414,22,23,323,0,-75,-2147483648,472006,4294967295,0,0
164060069,164.060069,7835,7835,7835,0,6,6,313,0,323,0,0,1,0,0,154,154,0,74414,1,0,420,12205,0,245,281,1,3,60,830544,1167,74414,22,23,324,0,-75,-2147483648,220925,4294967295,0,0
164310070,164.310070,7848,7848,7848,0,6,6,313,0,323,0,0,1,0,0,167,167,0,74414,1,0,420,12225,0,138,281,1,3,2,830544,1763,74414,22,23,324,0,-75,-2147483648,470926,4294967295,0,0
164560072,164.560072,7860,7860,7860,0,6,6,313,0,323,0,0,1,0,0,179,179,0,74414,1,0,420,12244,0,139,281,1,3,61,830544,2167,74414,22,23,325,0,-75,-2147483648,219963,4294967295,0,0
164810072,164.810072,7873,7873,7873,0,5,6,313,0,323,0,0,1,0,0,192,192,0,74414,1,0,420,12263,0,244,281,1,3,60,830544,1459,74414,22,23,325,0,-75,-2147483648,469963,4294967295,0,0
165060073,165.060073,7885,7885,7885,0,6,6,313,0,323,0,0,1,0,0,204,204,0,74414,1,0,420,12282,0,245,281,1,3,60,830544,1167,74414,22,23,326,0,-75,-2147483648,219880,4294967295,0,0
165310075,165.310075,7898,7898,7898,0,6,6,313,0,323,0,0,1,0,0,217,217,0,74414,1,0,420,12302,0,138,281,1,3,60,830544,2164,74414,22,23,326,0,-75,-2147483648,469882,4294967295,0,0
165560076,165.560076,7910,7910,7910,0,6,6,313,0,323,0,0,1,0,0,229,229,0,74414,1,0,420,12321,0,139,281,1,3,60,830544,2167,74414,22,23,327,0,-76,-2147483648,218802,4294967295,0,0
165810076,165.810076,7923,7923,7923,0,6,6,313,0,323,0,0,1,0,0,242,242,0,74414,1,0,420,12340,0,245,281,1,3,60,830544,1460,74414,22,23,327,0,-76,-2147483648,468802,4294967295,0,0
166060077,166.060077,7935,7935,7935,0,6,6,313,0,323,0,0,1,0,0,254,254,0,74414,1,0,420,12359,0,244,281,1,3,60,830544,1168,74414,22,23,328,0,-76,-2147483648,218755,4294967295,0,0
166310078,166.310078,7948,7948,7948,0,6,6,313,0,323,0,0,1,0,0,11,11,0,74414,1,0,420,12379,0,138,281,1,3,1,830544,1887,74414,22,23,328,0,-76,-2147483648,468756,4294967295,0,0
166560080,166.560080,7960,7960,7960,0,6,6,313,0,323,0,0,1,0,0,23,23,0,74414,1,0,420,12398,0,138,281,1,3,60,830544,2167,74414,22,23,329,0,-75,-2147483648,216718,4294967295,0,0
166810082,166.810082,7973,7973,7973,0,6,6,313,0,323,0,0,1,0,0,36,36,0,74414,1,0,420,12417,0,245,281,1,3,60,830544,2164,74414,21,23,329,0,-75,-2147483648,466720,4294967295,0,0
167060082,167.060082,7985,7985,7985,0,6,6,313,0,323,0,0,1,0,0,48,48,0,74414,1,0,420,12436,0,244,281,1,3,60,830544,1168,74414,22,23,330,0,-75,-2147483648,216555,4294967295,0,0
167310082,167.310082,7998,7998,7998,0,6,6,313,0,323,0,0,1,0,0,61,61,0,74414,1,0,420,12456,0,138,281,1,3,1,830544,1917,74414,22,23,330,0,-75,-2147483648,466555,4294967295,0,0
167560084,167.560084,8010,8010,8010,0,6,6,313,0,323,0,0,1,0,0,73,73,0,74414,1,0,420,12475,0,138,281,1,3,60,830544,2167,74414,22,23,331,0,-77,-2147483648,214582,4294967295,0,0
167810086,167.810086,8023,8023,8023,0,6,6,313,0,323,0,0,1,0,0,86,86,0,74414,1,0,420,12494,0,244,281,1,3,60,830544,2164,74414,22,23,331,0,-77,-2147483648,464584,4294967295,0,0
168060086,168.060086,8035,8035,8035,0,6,6,313,0,323,0,0,1,0,0,98,98,0,74414,1,0,420,12513,0,245,281,1,3,60,830544,2167,74414,21,23,332,0,-76,-2147483648,203228,4294967295,0,0
168310087,168.310087,8048,8048,8048,0,6,6,313,0,323,0,0,1,0,0,111,111,0,74414,1,0,420,12533,0,138,281,1,3,1,830544,1928,74414,22,23,332,0,-76,-2147483648,453229,4294967295,0,0
168560089,168.560089,8060,8060,8060,0,6,6,313,0,323,0,0,1,0,0,123,123,0,74414,1,0,420,12552,0,138,281,1,3,60,830544,2167,74414,22,23,333,0,-76,-2147483648,203063,4294967295,0,0
168810090,168.810090,8073,8073,8073,0,5,6,313,0,323,0,0,1,0,0,136,136,0,74414,1,0,420,12571,0,245,281,1,3,60,830544,1459,74414,22,23,333,0,-76,-2147483648,453064,4294967295,0,0
169060091,169.060091,8085,8085,8085,0,6,6,313,0,323,0,0,1,0,0,148,148,0,74414,1,0,420,12590,0,244,281,1,3,60,830544,2167,74414,22,23,334,0,-76,-2147483648,202091,4294967295,0,0
169310091,169.310091,8098,8098,8098,0,6,6,313,0,323,0,0,1,0,0,161,161,0,74414,1,0,420,12610,0,137,281,1,3,2,830544,1922,74414,22,23,334,0,-76,-2147483648,452091,4294967295,0,0
169560092,169.560092,8110,8110,8110,0,6,6,313,0,323,0,0,1,0,0,173,173,0,74414,1,0,420,12629,0,138,281,1,3,60,830544,2167,74414,22,23,335,0,-75,-2147483648,201901,4294967295,0,0
169810092,169.810092,8123,8123,8123,0,6,6,313,0,323,0,0,1,0,0,186,186,0,74414,1,0,420,12648,0,244,281,1,3,60,830544,1459,74414,22,23,335,0,-75,-2147483648,451901,4294967295,0,0
170060092,170.060092,8135,8135,8135,0,6,6,313,0,323,0,0,1,0,0,198,198,0,74414,1,0,420,12667,0,244,281,1,3,60,830544,2167,74414,22,23,336,0,-77,-2147483648,199926,4294967295,0,0
170310094,170.310094,8148,8148,8148,0,6,6,313,0,323,0,0,1,0,0,211,211,0,74414,1,0,420,12687,0,138,281,0,3,2,830544,1924,74414,22,23,336,0,-77,-2147483648,449928,4294967295,0,0
170560095,170.560095,8160,8160,8160,0,6,6,313,0,323,0,0,1,0,0,223,223,0,74414,1,0,420,12706,0,138,281,1,3,60,830544,2167,74414,22,23,337,0,-77,-2147483648,199732,4294967295,0,0
170810095,170.810095,8173,8173,8173,0,5,6,313,0,323,0,0,1,0,0,236,236,0,74414,1,0,420,12725,0,245,281,1,3,60,830544,2164,74414,22,23,337,0,-77,-2147483648,449732,4294967295,0,0
171060096,171.060096,8185,8185,8185,0,5,6,313,0,323,0,0,1,0,0,248,248,0,74414,1,0,420,12744,0,245,281,1,3,60,830544,2167,74414,21,23,338,0,-75,-2147483648,197755,4294967295,0,0
171310096,171.310096,8198,8198,8198,0,5,6,313,0,323,0,0,1,0,0,5,5,0,74414,1,0,420,12764,0,138,281,1,3,60,830544,1760,74414,22,23,338,0,-75,-2147483648,447755,4294967295,0,0
171560097,171.560097,8210,8210,8210,0,6,6,313,0,323,0,0,1,0,0,17,17,0,74414,1,0,420,12783,0,138,281,1,3,60,830544,2168,74414,22,23,339,0,-75,-2147483648,197489,4294967295,0,0
171810097,171.810097,8223,8223,8223,0,5,6,313,0,323,0,0,1,0,0,30,30,0,74414,1,0,420,12802,0,245,281,1,3,60,830544,2164,74414,21,23,339,0,-75,-2147483648,447489,4294967295,0,0
172060098,172.060098,8235,8235,8235,0,5,6,313,0,323,0,0,1,0,0,42,42,0,74414,1,0,420,12821,0,244,281,1,3,60,830544,2167,74414,22,23,340,0,-76,-2147483648,196561,4294967295,0,0
172310099,172.310099,8248,8248,8248,0,6,6,313,0,323,0,0,1,0,0,55,55,0,74414,1,0,420,12841,0,138,281,0,3,61,830544,1759,74414,22,23,340,0,-76,-2147483648,446562,4294967295,0,0
172560099,172.560099,8260,8260,8260,0,6,6,313,0,323,0,0,1,0,0,67,67,0,74414,1,0,420,12860,0,138,281,1,3,61,830544,2167,74414,22,23,341,0,-76,-2147483648,195327,4294967295,0,0
172810100,172.810100,8273,8273,8273,0,6,6,313,0,323,0,0,1,0,0,80,80,0,74414,1,0,420,12879,0,245,281,1,3,60,830544,1459,74414,22,23,341,0,-76,-2147483648,445328,4294967295,0,0
173060101,173.060101,8285,8285,8285,0,5,6,313,0,323,0,0,1,0,0,92,92,0,74414,1,0,420,12898,0,245,281,1,3,60,830544,2167,74414,22,23,342,0,-77,-2147483648,194052,4294967295,0,0
173310102,173.310102,8298,8298,8298,0,6,6,313,0,323,0,0,1,0,0,105,105,0,74414,1,0,420,12918,0,138,281,1,3,2,830544,2164,74414,21,23,342,0,-77,-2147483648,444053,4294967295,0,0
173560102,173.560102,8310,8310,8310,0,6,6,313,0,323,0,0,1,0,0,117,117,0,74414,1,0,420,12937,0,139,281,1,3,60,830544,2167,74414,22,23,343,0,-75,-2147483648,194044,4294967295,0,0
173810103,173.810103,8323,8323,8323,0,6,6,313,0,323,0,0,1,0,0,130,130,0,74414,1,0,420,12956,0,244,281,1,3,60,830544,2164,74414,22,23,343,0,-75,-2147483648,444045,4294967295,0,0
174060105,174.060105,8335,8335,8335,0,6,6,313,0,323,0,0,1,0,0,142,142,0,74414,1,0,420,12975,0,244,281,1,3,60,830544,2167,74414,22,23,344,0,-75,-2147483648,183025,4294967295,0,0
174310106,174.310106,8348,8348,8348,0,6,6,313,0,323,0,0,1,0,0,155,155,0,74414,1,0,420,12995,0,138,281,1,3,265,830544,2164,74414,22,23,344,0,-75,-2147483648,433026,4294967295,0,0
174560107,174.560107,8360,8360,8360,0,6,6,313,0,323,0,0,1,0,0,167,167,0,74414,1,0,420,13014,0,138,281,1,3,60,830544,2167,74414,22,23,345,0,-77,-2147483648,181877,4294967295,0,0
174810107,174.810107,8373,8373,8373,0,6,6,313,0,323,0,0,1,0,0,180,180,0,74414,1,0,420,13033,0,245,281,1,3,60,830544,2459,74414,22,23,345,0,-77,-2147483648,431877,4294967295,0,0
175060107,175.060107,8385,8385,8385,0,6,6,313,0,323,0,0,1,0,0,192,192,0,74414,1,0,420,13052,0,244,281,1,3,60,830544,2167,74414,22,23,346,0,-77,-2147483648,179779,4294967295,0,0
175310109,175.310109,8398,8398,8398,0,5,6,313,0,323,0,0,1,0,0,205,205,0,74414,1,0,420,13072,0,138,281,1,3,265,830544,2164,74414,22,23,346,0,-77,-2147483648,429781,4294967295,0,0
175560109,175.560109,8410,8410,8410,0,6,6,313,0,323,0,0,1,0,0,217,217,0,74414,1,0,420,13091,0,138,281,0,3,60,830544,2167,74414,22,23,347,0,-78,-2147483648,179704,4294967295,0,0
175810111,175.810111,8423,8423,8423,0,6,6,313,0,323,0,0,1,0,0,230,230,0,74414,1,0,420,13110,0,244,281,1,3,60,830544,2459,74414,22,23,347,0,-78,-2147483648,429706,4294967295,0,0
176060112,176.060112,8435,8435,8435,0,6,6,313,0,323,0,0,1,0,0,242,242,0,74414,1,0,420,13129,0,244,281,1,3,60,830544,2167,74414,22,23,348,0,-77,-2147483648,179663,4294967295,0,0
176310114,176.310114,8448,8448,8448,0,6,6,313,0,323,0,0,1,0,0,255,255,0,74414,1,0,420,13149,0,138,281,1,3,61,830544,2186,74414,22,23,348,0,-77,-2147483648,429665,4294967295,0,0
176560114,176.560114,8460,8460,8460,0,6,6,313,0,323,0,0,1,0,0,11,11,0,74414,1,0,420,13168,0,138,281,1,3,60,830544,2167,74414,22,23,349,0,-83,-2147483648,177721,4294967295,0,0
176810116,176.810116,8473,8473,8473,0,6,6,313,0,323,0,0,1,0,0,24,24,0,74414,1,0,420,13187,0,245,281,1,3,60,830544,2458,74414,22,23,349,0,-83,-2147483648,427723,4294967295,0,0
177060118,177.060118,8485,8485,8485,0,6,6,313,0,323,0,0,1,0,0,36,36,0,74414,1,0,420,13206,0,244,281,1,3,60,830544,2168,74414,22,23,350,0,-77,-2147483648,176456,4294967295,0,0
177310120,177.310120,8498,8498,8498,0,6,6,313,0,323,0,0,1,0,0,49,49,0,74414,1,0,420,13226,0,138,281,1,3,2,830544,1459,74414,21,23,350,0,-77,-2147483648,426458,4294967295,0,0
177560121,177.560121,8510,8510,8510,0,6,6,313,0,323,0,0,1,0,0,61,61,0,74414,1,0,420,13245,0,137,281,1,3,60,830544,2167,74414,22,23,351,0,-85,-2147483648,175299,4294967295,0,0
177810121,177.810121,8523,8523,8523,0,6,6,313,0,323,0,0,1,0,0,74,74,0,74414,1,0,420,13264,0,244,281,1,3,60,830544,2459,74414,22,23,351,0,-85,-2147483648,425299,4294967295,0,0
178060123,178.060123,8535,8535,8535,0,5,6,313,0,323,0,0,1,0,0,86,86,0,74414,1,0,420,13283,0,245,281,0,3,60,830544,2167,74414,21,23,352,0,-81,-2147483648,173981,4294967295,0,0
178310123,178.310123,8548,8548,8548,0,6,6,313,0,323,0,0,1,0,0,99,99,0,74414,1,0,420,13303,0,138,281,1,3,265,830544,1459,74414,22,23,352,0,-81,-2147483648,423981,4294967295,0,0
178560124,178.560124,8560,8560,8560,0,6,6,313,0,323,0,0,1,0,0,111,111,0,74414,1,0,420,13322,0,138,281,1,3,60,830544,2167,74414,21,23,353,0,-80,-2147483648,162961,4294967295,0,0
178810124,178.810124,8573,8573,8573,0,5,6,313,0,323,0,0,1,0,0,124,124,0,74414,1,0,420,13341,0,245,281,1,3,60,830544,2164,74414,22,23,353,0,-80,-2147483648,412961,4294967295,0,0
179060125,179.060125,8585,8585,8585,0,5,6,313,0,323,0,0,1,0,0,136,136,0,74414,1,0,420,13360,0,245,281,1,3,60,830544,2168,74414,22,23,354,0,-79,-2147483648,160930,4294967295,0,0
179310125,179.310125,8598,8598,8598,0,6,6,313,0,323,0,0,1,0,0,149,149,0,74414,1,0,420,13380,0,138,281,1,3,265,830544,1459,74414,23,23,354,0,-79,-2147483648,410930,4294967295,0,0
179560125,179.560125,8610,8610,8610,0,6,6,313,0,323,0,0,1,0,0,161,161,0,74414,1,0,420,13399,0,138,281,1,3,60,830544,2167,74414,22,23,355,0,-75,-2147483648,159601,4294967295,0,0
179810127,179.810127,8623,8623,8623,0,6,6,313,0,323,0,0,1,0,0,174,174,0,74414,1,0,420,13418,0,244,281,1,3,61,830544,2458,74414,22,23,355,0,-75,-2147483648,409603,4294967295,0,0
180060128,180.060128,8635,8635,8635,0,6,6,313,0,323,0,0,1,0,0,186,186,0,74414,1,0,420,13437,0,244,281,1,3,60,830544,2165,74414,22,23,356,0,-75,-2147483648,159587,4294967295,0,0
180310128,180.310128,8648,8648,8648,0,6,6,313,0,323,0,0,1,0,0,199,199,0,74414,1,0,420,13457,0,244,281,1,3,60,830544,2459,74414,22,23,356,0,-75,-2147483648,409587,4294967295,0,0
180560130,180.560130,8660,8660,8660,0,6,6,313,0,323,0,0,1,0,0,211,211,0,74414,1,0,420,13476,0,138,281,1,3,60,830544,2167,74414,22,23,357,0,-76,-2147483648,159417,4294967295,0,0
180810132,180.810132,8673,8673,8673,0,6,6,313,0,323,0,0,1,0,0,224,224,0,74414,1,0,420,13495,0,245,281,1,3,60,830544,2164,74414,22,23,357,0,-76,-2147483648,409419,4294967295,0,0
181060133,181.060133,8685,8685,8685,0,6,6,313,0,323,0,0,1,0,0,236,236,0,74414,1,0,420,13514,0,244,281,1,3,60,830544,2167,74414,22,23,358,0,-80,-2147483648,158577,4294967295,0,0
181310133,181.310133,8698,8698,8698,0,6,6,313,0,323,0,0,1,0,0,249,249,0,74414,1,0,420,13533,0,245,281,0,3,265,830544,2164,74414,22,23,358,0,-80,-2147483648,408577,4294967295,0,0
181560135,181.560135,8710,8710,8710,0,6,6,313,0,323,0,0,1,0,0,5,5,0,74414,1,0,420,13553,0,138,281,1,3,60,830544,2168,74414,22,23,359,0,-79,-2147483648,156421,4294967295,0,0
181810135,181.810135,8723,8723,8723,0,6,6,313,0,323,0,0,1,0,0,18,18,0,74414,1,0,420,13572,0,244,281,1,3,60,830544,2458,74414,22,23,359,0,-79,-2147483648,406421,4294967295,0,0
182060137,182.060137,8735,8735,8735,0,6,6,313,0,323,0,0,1,0,0,30,30,0,74414,1,0,420,13591,0,280,281,1,3,60,830544,2167,74414,22,23,360,0,-80,-2147483648,156265,4294967295,0,0
182310139,182.310139,8748,8748,8748,0,6,6,313,0,323,0,0,1,0,0,43,43,0,74414,1,0,420,13610,0,244,281,0,3,265,830544,2459,74414,22,23,360,0,-80,-2147483648,406267,4294967295,0,0
182560141,182.560141,8760,8760,8760,0,6,6,313,0,323,0,0,1,0,0,55,55,0,74414,1,0,420,13630,0,138,281,1,3,60,830544,2167,74414,21,23,361,0,-77,-2147483648,144964,4294967295,0,0
182810141,182.810141,8773,8773,8773,0,6,6,313,0,323,0,0,1,0,0,68,68,0,74414,1,0,420,13649,0,244,281,1,3,267,830544,2458,74414,22,23,361,0,-77,-2147483648,394964,4294967295,0,0
183060142,183.060142,8785,8785,8785,0,5,6,313,0,323,0,0,1,0,0,80,80,0,74414,1,0,420,13669,0,138,281,1,3,60,830544,1167,74414,21,23,362,0,-75,-2147483648,142673,4294967295,0,0
183310143,183.310143,8798,8798,8798,0,6,6,313,0,323,0,0,1,0,0,93,93,0,74414,1,0,420,13688,0,138,281,1,3,60,830544,2524,74414,22,23,362,0,-75,-2147483648,392674,4294967295,0,0
183560145,183.560145,8810,8810,8810,0,6,6,313,0,323,0,0,1,0,0,105,105,0,74414,1,0,420,13707,0,138,281,1,3,60,830544,1167,74414,22,23,363,0,-79,-2147483648,140617,4294967295,0,0
183810147,183.810147,8823,8823,8823,0,6,6,313,0,323,0,0,1,0,0,118,118,0,74414,1,0,420,13726,0,245,281,1,3,60,830544,2459,74414,22,23,363,0,-79,-2147483648,390619,4294967295,0,0
184060148,184.060148,8835,8835,8835,0,6,6,313,0,323,0,0,1,0,0,130,130,0,74414,1,0,420,13745,0,245,281,1,3,60,830544,2167,74414,22,23,364,0,-77,-2147483648,139625,4294967295,0,0
184310150,184.310150,8848,8848,8848,0,6,6,313,0,323,0,0,1,0,0,143,143,0,74414,1,0,420,13765,0,139,281,0,3,61,830544,2521,74414,22,23,364,0,-77,-2147483648,389627,4294967295,0,0
184560152,184.560152,8860,8860,8860,0,6,6,313,0,323,0,0,1,0,0,155,155,0,74414,1,0,420,13784,0,138,281,1,3,60,830544,2167,74414,22,23,365,0,-75,-2147483648,138793,4294967295,0,0
184810153,184.810153,8873,8873,8873,0,6,6,313,0,323,0,0,1,0,0,168,168,0,74414,1,0,420,13803,0,245,281,1,3,60,830544,2164,74414,22,23,365,0,-75,-2147483648,388794,4294967295,0,0
185060155,185.060155,8885,8885,8885,0,5,6,313,0,323,0,0,1,0,0,180,180,0,74414,1,0,420,13822,0,244,281,1,3,60,830544,2167,74414,22,23,366,0,-76,-2147483648,138255,4294967295,0,0
185310156,185.310156,8898,8898,8898,0,6,6,313,0,323,0,0,1,0,0,193,193,0,74414,1,0,420,13841,0,244,281,1,3,264,830544,1459,74414,22,23,366,0,-76,-2147483648,388256,4294967295,0,0
185560157,185.560157,8910,8910,8910,0,6,6,313,0,323,0,0,1,0,0,205,205,0,74414,1,0,420,13861,0,138,281,1,3,60,830544,2168,74414,21,23,367,0,-77,-2147483648,137598,4294967295,0,0
185810158,185.810158,8923,8923,8923,0,6,6,313,0,323,0,0,1,0,0,218,218,0,74414,1,0,420,13880,0,245,281,1,3,60,830544,2164,74414,22,23,367,0,-77,-2147483648,387599,4294967295,0,0
186060160,186.060160,8935,8935,8935,0,6,6,313,0,323,0,0,1,0,0,230,230,0,74414,1,0,420,13899,0,245,281,1,3,60,830544,2167,74414,21,23,368,0,-76,-2147483648,137453,4294967295,0,0
186310162,186.310162,8948,8948,8948,0,6,6,313,0,323,0,0,1,0,0,243,243,0,74414,1,0,420,13918,0,244,281,1,3,265,830544,1458,74414,22,23,368,0,-76,-2147483648,387455,4294967295,0,0
186560163,186.560163,8960,8960,8960,0,6,6,313,0,323,0,0,1,0,0,255,255,0,74414,1,0,420,13938,0,138,281,1,3,60,830544,2167,74414,22,23,369,0,-77,-2147483648,135133,4294967295,0,0
186810165,186.810165,8973,8973,8973,0,6,6,313,0,323,0,0,1,0,0,12,12,0,74414,1,0,420,13957,0,244,281,1,3,60,830544,2164,74414,22,23,369,0,-77,-2147483648,385135,4294967295,0,0
187060165,187.060165,8985,8985,8985,0,6,6,313,0,323,0,0,1,0,0,24,24,0,74414,1,0,420,13976,0,244,281,1,3,60,830544,2167,74414,22,23,370,0,-76,-2147483648,135097,4294967295,0,0
187310166,187.310166,8998,8998,8998,0,6,6,313,0,323,0,0,1,0,0,37,37,0,74414,1,0,420,13995,0,245,281,1,3,265,830544,2458,74414,22,23,370,0,-76,-2147483648,385098,4294967295,0,0
187560166,187.560166,9010,9010,9010,0,6,6,313,0,323,0,0,1,0,0,49,49,0,74414,1,0,420,14015,0,138,281,1,3,60,830544,2167,74414,22,23,371,0,-77,-2147483648,122782,4294967295,0,0
187810168,187.810168,9023,9023,9023,0,5,6,313,0,323,0,0,1,0,0,62,62,0,74414,1,0,420,14034,0,245,281,1,3,60,830544,2459,74414,22,23,371,0,-77,-2147483648,372784,4294967295,0,0
188060170,188.060170,9035,9035,9035,0,5,6,313,0,323,0,0,1,0,0,74,74,0,74414,1,0,420,14053,0,280,281,1,3,60,830544,2167,74414,22,23,372,0,-78,-2147483648,121817,4294967295,0,0
188310172,188.310172,9048,9048,9048,0,6,6,313,0,323,0,0,1,0,0,87,87,0,74414,1,0,420,14073,0,137,281,1,3,1,830544,2599,74414,22,23,372,0,-78,-2147483648,371819,4294967295,0,0
188560172,188.560172,9060,9060,9060,0,6,6,313,0,323,0,0,1,0,0,99,99,0,74414,1,0,420,14092,0,138,281,1,3,60,830544,2168,74414,22,23,373,0,-77,-2147483648,120615,4294967295,0,0
188810173,188.810173,9073,9073,9073,0,6,6,313,0,323,0,0,1,0,0,112,112,0,74414,1,0,420,14111,0,245,281,1,3,60,830544,2459,74414,22,23,373,0,-77,-2147483648,370616,4294967295,0,0
189060175,189.060175,9085,9085,9085,0,6,6,313,0,323,0,0,1,0,0,124,124,0,74414,1,0,420,14130,0,244,281,1,3,60,830544,2167,74414,22,23,374,0,-78,-2147483648,119653,4294967295,0,0
189310177,189.310177,9098,9098,9098,0,6,6,313,0,323,0,0,1,0,0,137,137,0,74414,1,0,420,14150,0,138,281,1,3,2,830544,2620,74414,22,23,374,0,-78,-2147483648,369655,4294967295,0,0
189560178,189.560178,9110,9110,9110,0,6,6,313,0,323,0,0,1,0,0,149,149,0,74414,1,0,420,14169,0,138,281,1,3,60,830544,2167,74414,22,23,375,0,-79,-2147483648,118416,4294967295,0,0
189810180,189.810180,9123,9123,9123,0,6,6,313,0,323,0,0,1,0,0,162,162,0,74414,1,0,420,14188,0,244,281,1,3,61,830544,1459,74414,22,23,375,0,-79,-2147483648,368418,4294967295,0,0
190060180,190.060180,9135,9135,9135,0,5,6,313,0,323,0,0,1,0,0,174,174,0,74414,1,0,420,14207,0,245,281,1,3,60,830544,2167,74414,21,23,376,0,-79,-2147483648,116291,4294967295,0,0
190310182,190.310182,9148,9148,9148,0,6,6,313,0,323,0,0,1,0,0,187,187,0,74414,1,0,420,14226,0,280,281,1,3,2,830544,2494,74414,22,23,376,0,-79,-2147483648,366293,4294967295,0,0
190560182,190.560182,9160,9160,9160,0,6,6,313,0,323,0,0,1,0,0,199,199,0,74414,1,0,420,14246,0,138,281,1,3,60,830544,2167,74414,22,23,377,0,-77,-2147483648,116249,4294967295,0,0
190810182,190.810182,9173,9173,9173,0,5,6,313,0,323,0,0,1,0,0,212,212,0,74414,1,0,420,14265,0,245,281,1,3,60,830544,2459,74414,22,23,377,0,-77,-2147483648,366249,4294967295,0,0
191060183,191.060183,9185,9185,9185,0,6,6,313,0,323,0,0,1,0,0,224,224,0,74414,1,0,420,14284,0,244,281,1,3,60,830544,2167,74414,22,23,378,0,-77,-2147483648,115080,4294967295,0,0
191310183,191.310183,9198,9198,9198,0,6,6,313,0,323,0,0,1,0,0,237,237,0,74414,1,0,420,14304,0,244,281,1,3,60,830544,1459,74414,22,23,378,0,-77,-2147483648,365080,4294967295,0,0
191560185,191.560185,9210,9210,9210,0,6,6,313,0,323,0,0,1,0,0,249,249,0,74414,1,0,420,14323,0,138,281,0,3,60,830544,2167,74414,22,23,379,0,-78,-2147483648,114608,4294967295,0,0
191810186,191.810186,9223,9223,9223,0,6,6,313,0,323,0,0,1,0,0,6,6,0,74414,1,0,420,14342,0,244,281,1,3,60,830544,2164,74414,22,23,379,0,-78,-2147483648,364609,4294967295,0,0
192060188,192.060188,9235,9235,9235,0,6,6,313,0,323,0,0,1,0,0,18,18,0,74414,1,0,420,14361,0,244,281,0,3,61,830544,2167,74414,22,23,380,0,-78,-2147483648,114507,4294967295,0,0
192310189,192.310189,9248,9248,9248,0,6,6,313,0,323,0,0,1,0,0,31,31,0,74414,1,0,420,14380,0,244,281,1,3,1,830544,2459,74414,22,23,380,0,-78,-2147483648,364508,4294967295,0,0
192560190,192.560190,9260,9260,9260,0,6,6,313,0,323,0,0,1,0,0,43,43,0,74414,1,0,420,14400,0,245,281,1,3,60,830544,2167,74414,22,23,381,0,-79,-2147483648,102220,4294967295,0,0
192810192,192.810192,9273,9273,9273,0,6,6,313,0,323,0,0,1,0,0,56,56,0,74414,1,0,420,14419,0,245,281,0,3,61,830544,2459,74414,21,23,381,0,-79,-2147483648,352222,4294967295,0,0
193060194,193.060194,9285,9285,9285,0,5,6,313,0,323,0,0,1,0,0,68,68,0,74414,1,0,420,14438,0,244,281,1,3,60,830544,2167,74414,22,23,382,0,-77,-2147483648,100372,4294967295,0,0
193310194,193.310194,9298,9298,9298,0,6,6,313,0,323,0,0,1,0,0,81,81,0,74414,1,0,420,14458,0,138,281,1,3,60,830544,2323,74414,22,23,382,0,-77,-2147483648,350372,4294967295,0,0
193560195,193.560195,9310,9310,9310,0,6,6,313,0,323,0,0,1,0,0,93,93,0,74414,1,0,420,14477,0,244,281,1,3,60,830544,2167,74414,22,23,383,0,-80,-2147483648,99348,4294967295,0,0
193810196,193.810196,9323,9323,9323,0,6,6,313,0,323,0,0,1,0,0,106,106,0,74414,1,0,420,14497,0,138,281,1,3,60,830544,2730,74414,22,23,383,0,-80,-2147483648,349349,4294967295,0,0
194060197,194.060197,9335,9335,9335,0,6,6,313,0,323,0,0,1,0,0,118,118,0,74414,1,0,420,14515,0,244,281,1,3,60,830544,2167,74414,22,23,384,0,-77,-2147483648,99117,4294967295,0,0
194310199,194.310199,9348,9348,9348,0,6,6,313,0,323,0,0,1,0,0,131,131,0,74414,1,0,420,14534,0,244,281,0,3,2,830544,2458,74414,22,23,384,0,-77,-2147483648,349119,4294967295,0,0
194560200,194.560200,9360,9360,9360,0,6,6,313,0,323,0,0,1,0,0,143,143,0,74414,1,0,420,14554,0,138,281,0,3,61,830544,2167,74414,22,23,385,0,-80,-2147483648,98341,4294967295,0,0
194810201,194.810201,9373,9373,9373,0,6,6,313,0,323,0,0,1,0,0,156,156,0,74414,1,0,420,14573,0,244,281,0,3,61,830544,2459,74414,22,23,385,0,-80,-2147483648,348342,4294967295,0,0
195060201,195.060201,9385,9385,9385,0,6,6,313,0,323,0,0,1,0,0,168,168,0,74414,1,0,420,14592,0,244,281,1,3,60,830544,2167,74414,22,23,386,0,-80,-2147483648,96910,4294967295,0,0
195310201,195.310201,9398,9398,9398,0,6,6,313,0,323,0,0,1,0,0,181,181,0,74414,1,0,420,14611,0,244,281,1,3,2,830544,2459,74414,22,23,386,0,-80,-2147483648,346910,4294967295,0,0
195560203,195.560203,9410,9410,9410,0,6,6,313,0,323,0,0,1,0,0,193,193,0,74414,1,0,420,14631,0,244,281,1,3,60,830544,1168,74414,22,23,387,0,-79,-2147483648,94955,4294967295,0,0
195810204,195.810204,9423,9423,9423,0,5,6,313,0,323,0,0,1,0,0,206,206,0,74414,1,0,420,14650,0,245,281,0,3,61,830544,2164,74414,22,23,387,0,-79,-2147483648,344956,4294967295,0,0
196060206,196.060206,9435,9435,9435,0,6,6,313,0,323,0,0,1,0,0,218,218,0,74414,1,0,420,14669,0,138,281,1,3,60,830544,2168,74414,22,23,388,0,-79,-2147483648,82371,4294967295,0,0
196310208,196.310208,9448,9448,9448,0,6,6,313,0,323,0,0,1,0,0,231,231,0,74414,1,0,420,14688,0,244,281,0,3,2,830544,2459,74414,22,23,388,0,-79,-2147483648,332373,4294967295,0,0
196560210,196.560210,9460,9460,9460,0,6,6,313,0,323,0,0,1,0,0,243,243,0,74414,1,0,420,14708,0,244,281,1,3,60,830544,2167,74414,22,23,389,0,-78,-2147483648,82329,4294967295,0,0
196810211,196.810211,9473,9473,9473,0,6,6,313,0,323,0,0,1,0,0,0,0,0,74414,1,0,420,14727,0,244,281,1,3,60,830544,1164,74414,22,23,389,0,-78,-2147483648,332330,4294967295,0,0
197060213,197.060213,9485,9485,9485,0,6,6,313,0,323,0,0,1,0,0,12,12,0,74414,1,0,420,14747,0,138,281,1,3,61,830544,2167,74414,22,23,390,0,-78,-2147483648,82344,4294967295,0,0
197310213,197.310213,9498,9498,9498,0,6,6,313,0,323,0,0,1,0,0,25,25,0,74414,1,0,420,14766,0,245,281,1,3,60,830544,2164,74414,21,23,390,0,-78,-2147483648,332344,4294967295,0,0
197560214,197.560214,9510,9510,9510,0,6,6,313,0,323,0,0,1,0,0,37,37,0,74414,1,0,420,14785,0,138,281,1,3,60,830544,2167,74414,22,23,391,0,-78,-2147483648,80551,4294967295,0,0
197810215,197.810215,9523,9523,9523,0,5,6,313,0,323,0,0,1,0,0,50,50,0,74414,1,0,420,14804,0,244,281,1,3,60,830544,2164,74414,22,23,391,0,-78,-2147483648,330552,4294967295,0,0
198060215,198.060215,9535,9535,9535,0,6,6,313,0,323,0,0,1,0,0,62,62,0,74414,1,0,420,14823,0,244,281,1,3,60,830544,2167,74414,22,23,392,0,-76,-2147483648,79368,4294967295,0,0
198310216,198.310216,9548,9548,9548,0,6,6,313,0,323,0,0,1,0,0,75,75,0,74414,1,0,420,14842,0,244,281,0,3,2,830544,2458,74414,22,23,392,0,-76,-2147483648,329369,4294967295,0,0
198560217,198.560217,9560,9560,9560,0,6,6,313,0,323,0,0,1,0,0,87,87,0,74414,1,0,420,14862,0,245,281,1,3,60,830544,2167,74414,21,23,393,0,-77,-2147483648,79288,4294967295,0,0
198810219,198.810219,9573,9573,9573,0,6,6,313,0,323,0,0,1,0,0,100,100,0,74414,1,0,420,14881,0,244,281,1,3,60,830544,1164,74414,22,23,393,0,-77,-2147483648,329290,4294967295,0,0
199060220,199.060220,9585,9585,9585,0,6,6,313,0,323,0,0,1,0,0,112,112,0,74414,1,0,420,14900,0,244,281,1,3,60,830544,2167,74414,22,23,394,0,-76,-2147483648,77379,4294967295,0,0
199310220,199.310220,9598,9598,9598,0,6,6,313,0,323,0,0,1,0,0,125,125,0,74414,1,0,420,14919,0,244,281,1,3,1,830544,2459,74414,22,23,394,0,-76,-2147483648,327379,4294967295,0,0
199560221,199.560221,9610,9610,9610,0,6,6,313,0,323,0,0,1,0,0,137,137,0,74414,1,0,420,14939,0,138,281,1,3,60,830544,2167,74414,22,23,395,0,-77,-2147483648,77193,4294967295,0,0
199810222,199.810222,9623,9623,9623,0,5,6,313,0,323,0,0,1,0,0,150,150,0,74414,1,0,420,14958,0,245,281,1,3,60,830544,2164,74414,21,23,395,0,-77,-2147483648,327194,4294967295,0,0
200060223,200.060223,9635,9635,9635,0,5,6,313,0,323,0,0,1,0,0,162,162,0,74414,1,0,420,14977,0,245,281,1,3,60,830544,2167,74414,21,23,396,0,-77,-2147483648,74857,4294967295,0,0
200310225,200.310225,9648,9648,9648,0,6,6,313,0,323,0,0,1,0,0,175,175,0,74414,1,0,420,14997,0,138,281,1,3,60,830544,1459,74414,22,23,396,0,-77,-2147483648,324859,4294967295,0,0
200560226,200.560226,9660,9660,9660,0,6,6,313,0,323,0,0,1,0,0,187,187,0,74414,1,0,420,15016,0,138,281,0,3,61,830544,1168,74414,22,23,397,0,-77,-2147483648,74573,4294967295,0,0
200810226,200.810226,9673,9673,9673,0,6,6,313,0,323,0,0,1,0,0,200,200,0,74414,1,0,420,15035,0,244,281,1,3,60,830544,2459,74414,22,23,397,0,-77,-2147483648,324573,4294967295,0,0
201060226,201.060226,9685,9685,9685,0,5,6,313,0,323,0,0,1,0,0,212,212,0,74414,1,0,420,15054,0,245,281,1,3,2,830544,1168,74414,22,23,398,0,-76,-2147483648,62324,4294967295,0,0
201310226,201.310226,9698,9698,9698,0,6,6,313,0,323,0,0,1,0,0,225,225,0,74414,1,0,420,15074,0,244,281,0,3,2,830544,2459,74414,22,23,398,0,-76,-2147483648,312324,4294967295,0,0
201560227,201.560227,9710,9710,9710,0,6,6,313,0,323,0,0,1,0,0,237,237,0,74414,1,0,420,15093,0,138,281,1,3,60,830544,2167,74414,22,23,399,0,-73,-2147483648,61692,4294967295,0,0
201810229,201.810229,9723,9723,9723,0,6,6,313,0,323,0,0,1,0,0,250,250,0,74414,1,0,420,15112,0,280,281,1,3,60,830544,1165,74414,21,23,399,0,-73,-2147483648,311694,4294967295,0,0
202060231,202.060231,9735,9735,9735,0,6,6,313,0,323,0,0,1,0,0,6,6,0,74414,1,0,420,15131,0,244,281,1,3,60,830544,1167,74414,22,23,400,0,-76,-2147483648,61018,4294967295,0,0
202310231,202.310231,9748,9748,9748,0,6,6,313,0,323,0,0,1,0,0,19,19,0,74414,1,0,420,15150,0,244,281,1,3,60,830544,2458,74414,22,23,400,0,-76,-2147483648,311018,4294967295,0,0
202560232,202.560232,9760,9760,9760,0,6,6,313,0,323,0,0,1,0,0,31,31,0,74414,1,0,420,15170,0,244,281,1,3,60,830544,2167,74414,22,23,401,0,-76,-2147483648,60203,4294967295,0,0
202810234,202.810234,9773,9773,9773,0,6,6,313,0,323,0,0,1,0,0,44,44,0,74414,1,0,420,15190,0,140,281,1,3,60,830544,1164,74414,22,23,401,0,-76,-2147483648,310205,4294967295,0,0
203060234,203.060234,9785,9785,9785,0,5,6,313,0,323,0,0,1,0,0,56,56,0,74414,1,0,420,15208,0,245,281,0,3,61,830544,2167,74414,22,23,402,0,-78,-2147483648,59423,4294967295,0,0
203310234,203.310234,9798,9798,9798,0,6,6,313,0,323,0,0,1,0,0,69,69,0,74414,1,0,420,15228,0,245,281,1,3,60,830544,2164,74414,21,23,402,0,-78,-2147483648,309423,4294967295,0,0
203560236,203.560236,9810,9810,9810,0,6,6,313,0,323,0,0,1,0,0,81,81,0,74414,1,0,420,15247,0,244,281,0,3,61,830544,2167,74414,22,23,403,0,-76,-2147483648,57239,4294967295,0,0
203810238,203.810238,9823,9823,9823,0,6,6,313,0,323,0,0,1,0,0,94,94,0,74414,1,0,420,15266,0,244,281,1,3,60,830544,2458,74414,22,23,403,0,-76,-2147483648,307241,4294967295,0,0
204060240,204.060240,9835,9835,9835,0,6,6,313,0,323,0,0,1,0,0,106,106,0,74414,1,0,420,15285,0,279,281,1,3,60,830544,2167,74414,22,23,404,0,-77,-2147483648,57133,4294967295,0,0
204310240,204.310240,9848,9848,9848,0,6,6,313,0,323,0,0,1,0,0,119,119,0,74414,1,0,420,15304,0,244,281,1,3,60,830544,2459,74414,22,23,404,0,-77,-2147483648,307133,4294967295,0,0
204560241,204.560241,9860,9860,9860,0,6,6,313,0,323,0,0,1,0,0,131,131,0,74414,1,0,420,15324,0,138,281,1,3,60,830544,2167,74414,22,23,405,0,-76,-2147483648,56593,4294967295,0,0
204810243,204.810243,9873,9873,9873,0,5,6,313,0,323,0,0,1,0,0,144,144,0,74414,1,0,420,15344,0,138,281,1,3,60,830544,1797,74414,22,23,405,0,-76,-2147483648,306595,4294967295,0,0
205060243,205.060243,9885,9885,9885,0,6,6,313,0,323,0,0,1,0,0,156,156,0,74414,1,0,420,15362,0,245,281,1,3,60,830544,2167,74414,22,23,406,0,-75,-2147483648,55848,4294967295,0,0
205310245,205.310245,9898,9898,9898,0,6,6,313,0,323,0,0,1,0,0,169,169,0,74414,1,0,420,15382,0,244,281,1,3,60,830544,2164,74414,22,23,406,0,-75,-2147483648,305850,4294967295,0,0
205560247,205.560247,9910,9910,9910,0,6,6,313,0,323,0,0,1,0,0,181,181,0,74414,1,0,420,15401,0,244,281,1,3,60,830544,2167,74414,22,23,407,0,-72,-2147483648,42655,4294967295,0,0
205810248,205.810248,9923,9923,9923,0,6,6,313,0,323,0,0,1,0,0,194,194,0,74414,1,0,420,15420,0,245,281,1,3,60,830544,2459,74414,21,23,407,0,-72,-2147483648,292656,4294967295,0,0
206060249,206.060249,9935,9935,9935,0,6,6,313,0,323,0,0,1,0,0,206,206,0,74414,1,0,420,15439,0,244,281,1,3,60,830544,2167,74414,22,23,408,0,-74,-2147483648,41546,4294967295,0,0
206310251,206.310251,9948,9948,9948,0,6,6,313,0,323,0,0,1,0,0,219,219,0,74414,1,0,420,15459,0,244,281,1,3,60,830544,2322,74414,22,23,408,0,-74,-2147483648,291548,4294967295,0,0
206560253,206.560253,9960,9960,9960,0,6,6,313,0,323,0,0,1,0,0,231,231,0,74414,1,0,420,15478,0,244,281,1,3,60,830544,2167,74414,22,23,409,0,-73,-2147483648,40463,4294967295,0,0
206810255,206.810255,9973,9973,9973,0,6,6,313,0,323,0,0,1,0,0,244,244,0,74414,1,0,420,15498,0,138,281,1,3,1,830544,1786,74414,22,23,409,0,-73,-2147483648,290465,4294967295,0,0
207060256,207.060256,9985,9985,9985,0,5,6,313,0,323,0,0,1,0,0,0,0,0,74414,1,0,420,15517,0,138,281,1,3,2,830544,2167,74414,22,23,410,0,-73,-2147483648,40077,4294967295,0,0
207310256,207.310256,9998,9998,9998,0,6,6,313,0,323,0,0,1,0,0,13,13,0,74414,1,0,420,15536,0,244,281,1,3,60,830544,2164,74414,22,23,410,0,-73,-2147483648,290077,4294967295,0,0
207560258,207.560258,10010,10010,10010,0,6,6,313,0,323,0,0,1,0,0,25,25,0,74414,1,0,420,15555,0,138,281,1,3,60,830544,2167,74414,22,23,411,0,-74,-2147483648,38970,4294967295,0,0
207810259,207.810259,10023,10023,10023,0,6,6,313,0,323,0,0,1,0,0,38,38,0,74414,1,0,420,15574,0,280,281,1,3,2,830544,2164,74414,22,23,411,0,-74,-2147483648,288971,4294967295,0,0
208060259,208.060259,10035,10035,10035,0,5,6,313,0,323,0,0,1,0,0,50,50,0,74414,1,0,420,15594,0,138,281,1,3,60,830544,2167,74414,22,23,412,0,-75,-2147483648,38218,4294967295,0,0
208310260,208.310260,10048,10048,10048,0,6,6,313,0,323,0,0,1,0,0,63,63,0,74414,1,0,420,15613,0,244,281,0,3,61,830544,1165,74414,22,23,412,0,-75,-2147483648,288219,4294967295,0,0
208560261,208.560261,10060,10060,10060,0,6,6,313,0,323,0,0,1,0,0,75,75,0,74414,1,0,420,15632,0,244,281,1,3,60,830544,2167,74414,22,23,413,0,-74,-2147483648,36389,4294967295,0,0
208810262,208.810262,10073,10073,10073,0,6,6,313,0,323,0,0,1,0,0,88,88,0,74414,1,0,420,15651,0,244,281,0,3,2,830544,2164,74414,22,23,413,0,-74,-2147483648,286390,4294967295,0,0
209060262,209.060262,10085,10085,10085,0,6,6,313,0,323,0,0,1,0,0,100,100,0,74414,1,0,420,15670,0,244,281,1,3,60,830544,2167,74414,22,23,414,0,-76,-2147483648,34629,4294967295,0,0
209310263,209.310263,10098,10098,10098,0,6,6,313,0,323,0,0,1,0,0,113,113,0,74414,1,0,420,15690,0,244,281,1,3,2,830544,1459,74414,22,23,414,0,-76,-2147483648,284630,4294967295,0,0
209560265,209.560265,10110,10110,10110,0,6,6,313,0,323,0,0,1,0,0,125,125,0,74414,1,0,420,15709,0,244,281,0,3,60,830544,2167,74414,22,23,415,0,-77,-2147483648,34548,4294967295,0,0
209810266,209.810266,10123,10123,10123,0,6,6,313,0,323,0,0,1,0,0,138,138,0,74414,1,0,420,15728,0,244,281,1,3,60,830544,1459,74414,22,23,415,0,-77,-2147483648,284549,4294967295,0,0
210060268,210.060268,10135,10135,10135,0,6,6,313,0,323,0,0,1,0,0,150,150,0,74414,1,0,420,15747,0,280,281,1,3,60,830544,2167,74414,22,23,416,0,-77,-2147483648,22513,4294967295,0,0
210310269,210.310269,10148,10148,10148,0,6,6,313,0,323,0,0,1,0,0,163,163,0,74414,1,0,420,15766,0,244,281,1,3,60,830544,1459,74414,22,23,416,0,-77,-2147483648,272514,4294967295,0,0
210560271,210.560271,10160,10160,10160,0,6,6,313,0,323,0,0,1,0,0,175,175,0,74414,1,0,420,15786,0,138,281,0,3,60,830544,2167,74414,22,23,417,0,-76,-2147483648,21092,4294967295,0,0
210810272,210.810272,10173,10173,10173,0,5,6,313,0,323,0,0,1,0,0,188,188,0,74414,1,0,420,15805,0,244,281,1,3,60,830544,2164,74414,22,23,417,0,-76,-2147483648,271093,4294967295,0,0
211060273,211.060273,10185,10185,10185,0,6,6,313,0,323,0,0,1,0,0,200,200,0,74414,1,0,420,15825,0,138,281,1,3,60,830544,2167,74414,22,23,418,0,-77,-2147483648,19567,4294967295,0,0
211310275,211.310275,10198,10198,10198,0,6,6,313,0,323,0,0,1,0,0,213,213,0,74414,1,0,420,15844,0,244,281,1,3,60,830544,2164,74414,22,23,418,0,-77,-2147483648,269569,4294967295,0,0
211560277,211.560277,10210,10210,10210,0,6,6,313,0,323,0,0,1,0,0,225,225,0,74414,1,0,420,15863,0,138,281,1,3,60,830544,2167,74414,22,23,419,0,-76,-2147483648,19014,4294967295,0,0
211810278,211.810278,10223,10223,10223,0,5,6,313,0,323,0,0,1,0,0,238,238,0,74414,1,0,420,15882,0,245,281,1,3,60,830544,1165,74414,21,23,419,0,-76,-2147483648,269015,4294967295,0,0
212060278,212.060278,10235,10235,10235,0,6,6,313,0,323,0,0,1,0,0,250,250,0,74414,1,0,420,15901,0,244,281,1,3,60,830544,2167,74414,22,23,420,0,-78,-2147483648,18877,4294967295,0,0
212310278,212.310278,10248,10248,10248,0,6,6,313,0,323,0,0,1,0,0,7,7,0,74414,1,0,420,15921,0,244,281,1,3,61,830544,2164,74414,22,23,420,0,-78,-2147483648,268877,4294967295,0,0
212560278,212.560278,10260,10260,10260,0,6,6,313,0,323,0,0,1,0,0,19,19,0,74414,1,0,420,15940,0,244,281,1,3,2,830544,1167,74414,22,23,421,0,-76,-2147483648,16718,4294967295,0,0
212810280,212.810280,10273,10273,10273,0,6,6,313,0,323,0,0,1,0,0,32,32,0,74414,1,0,420,15959,0,244,281,1,3,61,830544,1164,74414,22,23,421,0,-76,-2147483648,266720,4294967295,0,0
213060281,213.060281,10285,10285,10285,0,6,6,313,0,323,0,0,1,0,0,44,44,0,74414,1,0,420,15979,0,138,281,1,3,60,830544,2167,74414,23,23,422,0,-75,-2147483648,15728,4294967295,0,0
213310283,213.310283,10298,10298,10298,0,6,6,313,0,323,0,0,1,0,0,57,57,0,74414,1,0,420,15998,0,245,281,1,3,60,830544,2164,74414,21,23,422,0,-75,-2147483648,265730,4294967295,0,0
213560285,213.560285,10310,10310,10310,0,6,6,313,0,323,0,0,1,0,0,69,69,0,74414,1,0,420,16017,0,138,281,1,3,60,830544,2167,74414,21,23,423,0,-76,-2147483648,15164,4294967295,0,0
213810286,213.810286,10323,10323,10323,0,6,6,313,0,323,0,0,1,0,0,82,82,0,74414,1,0,420,16036,0,244,281,1,3,60,830544,2459,74414,22,23,423,0,-76,-2147483648,265165,4294967295,0,0
214060286,214.060286,10335,10335,10335,0,6,6,313,0,323,0,0,1,0,0,94,94,0,74414,1,0,420,16055,0,245,281,1,3,60,830544,2167,74414,22,23,424,0,-78,-2147483648,14506,4294967295,0,0
214310287,214.310287,10348,10348,10348,0,6,6,313,0,323,0,0,1,0,0,107,107,0,74414,1,0,420,16074,0,244,281,1,3,60,830544,1460,74414,22,23,424,0,-78,-2147483648,264507,4294967295,0,0
214560287,214.560287,10360,10360,10360,0,6,6,313,0,323,0,0,1,0,0,119,119,0,74414,1,0,420,16094,0,137,281,1,3,1,830544,2164,74414,22,23,425,0,-78,-2147483648,2326,4294967295,0,0
214810287,214.810287,10373,10373,10373,0,5,6,313,0,323,0,0,1,0,0,132,132,0,74414,1,0,420,16113,0,244,281,1,3,60,830544,2165,74414,22,23,425,0,-78,-2147483648,252326,4294967295,0,0
215060287,215.060287,10385,10385,10385,0,6,6,313,0,323,0,0,1,0,0,144,144,0,74414,1,0,420,16132,0,138,281,1,3,60,830544,2167,74414,22,23,426,0,-79,-2147483648,1024,4294967295,0,0
215310288,215.310288,10398,10398,10398,0,6,6,313,0,323,0,0,1,0,0,157,157,0,74414,1,0,420,16151,0,244,281,1,3,1,830544,2164,74414,22,23,426,0,-79,-2147483648,251025,4294967295,0,0
215560290,215.560290,10410,10410,10410,0,6,6,313,0,323,0,0,1,0,0,169,169,0,74414,1,0,420,16171,0,138,281,0,3,61,830544,2167,74414,22,23,427,0,-74,-2147483648,1012,4294967295,0,0
215810290,215.810290,10423,10423,10423,0,6,6,313,0,323,0,0,1,0,0,182,182,0,74414,1,0,420,16190,0,244,281,1,3,60,830544,2164,74414,22,23,427,0,-74,-2147483648,251012,4294967295,0,0
216060292,216.060292,10435,10435,10435,0,6,6,313,0,323,0,0,1,0,0,194,194,0,74414,1,0,420,16209,0,138,281,1,3,60,830544,2167,74414,22,23,428,0,-76,-2147483648,968,4294967295,0,0
216310294,216.310294,10448,10448,10448,0,6,6,313,0,323,0,0,1,0,0,207,207,0,74414,1,0,420,16228,0,244,281,1,3,60,830544,2164,74414,22,23,428,0,-76,-2147483648,250970,4294967295,0,0
216560294,216.560294,10460,10460,10460,0,6,6,313,0,323,0,0,1,0,0,219,219,0,74414,1,0,420,16248,0,138,281,0,3,61,830544,2167,74414,22,23,429,0,-75,-2147483648,615,4294967295,0,0
216810296,216.810296,10473,10473,10473,0,6,6,313,0,323,0,0,1,0,0,232,232,0,74414,1,0,420,16267,0,244,281,1,3,60,830544,2164,74414,22,23,429,0,-75,-2147483648,250617,4294967295,0,0
217060297,217.060297,10485,10485,10485,0,6,6,313,0,323,0,0,1,0,0,244,244,0,74414,1,0,420,16285,0,244,281,1,3,60,830544,2167,74414,22,23,429,0,-75,-2147483648,500618,4294967295,0,0
217310298,217.310298,10498,10498,10498,0,6,6,313,0,323,0,0,1,0,0,1,1,0,74414,1,0,420,16305,0,244,281,1,3,60,830544,2459,74414,22,23,430,0,-74,-2147483648,248767,4294967295,0,0
217560299,217.560299,10510,10510,10510,0,6,6,313,0,323,0,0,1,0,0,13,13,0,74414,1,0,420,16324,0,244,281,1,3,2,830544,2167,74414,22,23,430,0,-74,-2147483648,498768,4294967295,0,0
217810301,217.810301,10523,10523,10523,0,6,6,313,0,323,0,0,1,0,0,26,26,0,74414,1,0,420,16345,0,138,281,0,3,61,830544,1459,74414,22,23,431,0,-76,-2147483648,246798,4294967295,0,0
218060303,218.060303,10535,10535,10535,0,5,6,313,0,323,0,0,1,0,0,38,38,0,74414,1,0,420,16362,0,245,281,1,3,60,830544,2167,74414,22,23,431,0,-76,-2147483648,496800,4294967295,0,0
218310303,218.310303,10548,10548,10548,0,6,6,313,0,323,0,0,1,0,0,51,51,0,74414,1,0,420,16383,0,244,281,1,3,2,830544,2164,74414,22,23,432,0,-76,-2147483648,246568,4294967295,0,0
218560305,218.560305,10560,10560,10560,0,6,6,313,0,323,0,0,1,0,0,63,63,0,74414,1,0,420,16401,0,245,281,1,3,60,830544,2167,74414,22,23,432,0,-76,-2147483648,496570,4294967295,0,0
218810307,218.810307,10573,10573,10573,0,6,6,313,0,323,0,0,1,0,0,76,76,0,74414,1,0,420,16421,0,244,281,0,3,61,830544,2165,74414,22,23,433,0,-79,-2147483648,245692,4294967295,0,0
219060309,219.060309,10585,10585,10585,0,6,6,313,0,323,0,0,1,0,0,88,88,0,74414,1,0,420,16440,0,138,281,1,3,60,830544,2167,74414,22,23,433,0,-79,-2147483648,495694,4294967295,0,0
219310310,219.310310,10598,10598,10598,0,6,6,313,0,323,0,0,1,0,0,101,101,0,74414,1,0,420,16460,0,280,281,1,3,2,830544,2164,74414,22,23,434,0,-74,-2147483648,233431,4294967295,0,0
219560312,219.560312,10610,10610,10610,0,6,6,313,0,323,0,0,1,0,0,113,113,0,74414,1,0,420,16478,0,138,281,1,3,60,830544,2167,74414,22,23,434,0,-74,-2147483648,483433,4294967295,0,0
219810312,219.810312,10623,10623,10623,0,6,6,313,0,323,0,0,1,0,0,126,126,0,74414,1,0,420,16498,0,244,281,1,3,60,830544,1166,74414,22,23,435,0,-75,-2147483648,231965,4294967295,0,0
220060314,220.060314,10635,10635,10635,0,6,6,313,0,323,0,0,1,0,0,138,138,0,74414,1,0,420,16517,0,138,281,1,3,60,830544,2167,74414,23,23,435,0,-75,-2147483648,481967,4294967295,0,0
220310314,220.310314,10648,10648,10648,0,6,6,313,0,323,0,0,1,0,0,151,151,0,74414,1,0,420,16537,0,244,281,0,3,2,830544,2164,74414,22,23,436,0,-76,-2147483648,230058,4294967295,0,0
220560314,220.560314,10660,10660,10660,0,6,6,313,0,323,0,0,1,0,0,163,163,0,74414,1,0,420,16555,0,245,281,1,3,60,830544,2167,74414,22,23,436,0,-76,-2147483648,480058,4294967295,0,0
220810314,220.810314,10673,10673,10673,0,6,6,313,0,323,0,0,1,0,0,176,176,0,74414,1,0,420,16575,0,244,281,1,3,60,830544,2164,74414,22,23,437,0,-76,-2147483648,229861,4294967295,0,0
221060316,221.060316,10685,10685,10685,0,6,6,313,0,323,0,0,1,0,0,188,188,0,74414,1,0,420,16594,0,138,281,1,3,60,830544,2167,74414,22,23,437,0,-76,-2147483648,479863,4294967295,0,0
221310317,221.310317,10698,10698,10698,0,6,6,313,0,323,0,0,1,0,0,201,201,0,74414,1,0,420,16614,0,244,281,1,3,60,830544,2164,74414,22,23,438,0,-77,-2147483648,227774,4294967295,0,0
221560319,221.560319,10710,10710,10710,0,6,6,313,0,323,0,0,1,0,0,213,213,0,74414,1,0,420,16632,0,280,281,1,3,60,830544,2167,74414,22,23,438,0,-77,-2147483648,477776,4294967295,0,0
221810319,221.810319,10723,10723,10723,0,6,6,313,0,323,0,0,1,0,0,226,226,0,74414,1,0,420,16652,0,244,281,1,3,60,830544,1164,74414,22,23,439,0,-74,-2147483648,227729,4294967295,0,0
222060320,222.060320,10735,10735,10735,0,6,6,313,0,323,0,0,1,0,0,238,238,0,74414,1,0,420,16670,0,244,281,1,3,2,830544,2167,74414,22,23,439,0,-74,-2147483648,477730,4294967295,0,0
222310320,222.310320,10748,10748,10748,0,6,6,313,0,323,0,0,1,0,0,251,251,0,74414,1,0,420,16691,0,244,281,1,3,60,830544,2164,74414,22,23,440,0,-80,-2147483648,225818,4294967295,0,0
222560322,222.560322,10760,10760,10760,0,6,6,313,0,323,0,0,1,0,0,7,7,0,74414,1,0,420,16709,0,244,281,1,3,60,830544,2167,74414,22,23,440,0,-80,-2147483648,475820,4294967295,0,0
222810324,222.810324,10773,10773,10773,0,6,6,313,0,323,0,0,1,0,0,20,20,0,74414,1,0,420,16729,0,244,281,1,3,60,830544,2164,74414,22,23,441,0,-81,-2147483648,225564,4294967295,0,0
223060326,223.060326,10785,10785,10785,0,5,6,313,0,323,0,0,1,0,0,32,32,0,74414,1,0,420,16748,0,138,281,1,3,60,830544,2167,74414,22,23,441,0,-81,-2147483648,475566,4294967295,0,0
223310326,223.310326,10798,10798,10798,0,6,6,313,0,323,0,0,1,0,0,45,45,0,74414,1,0,420,16767,0,244,281,1,3,2,830544,2458,74414,22,23,442,0,-81,-2147483648,214208,4294967295,0,0
223560328,223.560328,10810,10810,10810,0,6,6,313,0,323,0,0,1,0,0,57,57,0,74414,1,0,420,16786,0,244,281,0,3,61,830544,2167,74414,22,23,442,0,-81,-2147483648,464210,4294967295,0,0
223810328,223.810328,10823,10823,10823,0,6,6,313,0,323,0,0,1,0,0,70,70,0,74414,1,0,420,16806,0,280,281,0,3,61,830544,2164,74414,22,23,443,0,-84,-2147483648,212416,4294967295,0,0
224060328,224.060328,10835,10835,10835,0,6,6,313,0,323,0,0,1,0,0,82,82,0,74414,1,0,420,16825,0,138,281,1,3,60,830544,2167,74414,22,23,443,0,-84,-2147483648,462416,4294967295,0,0
224310328,224.310328,10848,10848,10848,0,6,6,313,0,323,0,0,1,0,0,95,95,0,74414,1,0,420,16845,0,245,281,1,3,60,830544,2164,74414,22,23,444,0,-81,-2147483648,212342,4294967295,0,0
224560329,224.560329,10860,10860,10860,0,6,6,313,0,323,0,0,1,0,0,107,107,0,74414,1,0,420,16863,0,244,281,0,3,61,830544,2167,74414,22,23,444,0,-81,-2147483648,462343,4294967295,0,0
224810330,224.810330,10873,10873,10873,0,6,6,313,0,323,0,0,1,0,0,120,120,0,74414,1,0,420,16883,0,244,281,1,3,60,830544,2164,74414,22,23,445,0,-84,-2147483648,211330,4294967295,0,0
225060331,225.060331,10885,10885,10885,0,5,6,313,0,323,0,0,1,0,0,132,132,0,74414,1,0,420,16900,0,244,281,1,3,60,830544,2167,74414,22,23,445,0,-84,-2147483648,461331,4294967295,0,0
225310332,225.310332,10898,10898,10898,0,6,6,313,0,323,0,0,1,0,0,145,145,0,74414,1,0,420,16922,0,279,281,1,3,61,830544,2494,74414,22,23,446,0,-90,-2147483648,209805,4294967295,0,0
225560332,225.560332,10910,10910,10910,0,6,6,313,0,323,0,0,1,0,0,157,157,0,74414,1,0,420,16940,0,138,281,1,3,60,830544,2167,74414,22,23,446,0,-90,-2147483648,459805,4294967295,0,0
225810332,225.810332,10923,10923,10923,0,5,6,313,0,323,0,0,1,0,0,170,170,0,74414,1,0,420,16960,0,244,281,1,3,60,830544,2459,74414,22,23,447,0,-91,-2147483648,209541,4294967295,0,0
226060332,226.060332,10935,10935,10935,0,6,6,313,0,323,0,0,1,0,0,182,182,0,74414,1,0,420,16978,0,244,281,1,3,61,830544,2168,74414,22,23,447,0,-91,-2147483648,459541,4294967295,0,0
226310332,226.310332,10948,10948,10948,0,6,6,313,0,323,0,0,1,0,0,195,195,0,74414,1,0,420,16999,0,244,281,1,3,60,830544,2164,74414,22,23,448,0,-89,-2147483648,207966,4294967295,0,0
226560332,226.560332,10960,10960,10960,0,6,6,313,0,323,0,0,1,0,0,207,207,0,74414,1,0,420,17017,0,244,281,1,3,60,830544,2167,74414,22,23,448,0,-89,-2147483648,457966,4294967295,0,0
226810332,226.810332,10973,10973,10973,0,6,6,313,0,323,0,0,1,0,0,220,220,0,74414,1,0,420,17037,0,244,281,1,3,60,830544,2164,74414,22,23,449,0,-88,-2147483648,206514,4294967295,0,0
227060333,227.060333,10985,10985,10985,0,6,6,313,0,323,0,0,1,0,0,232,232,0,74414,1,0,420,17056,0,138,281,1,3,60,830544,2167,74414,22,23,449,0,-88,-2147483648,456515,4294967295,0,0
227310335,227.310335,10998,10998,10998,0,6,6,313,0,323,0,0,1,0,0,245,245,0,74414,1,0,420,17076,0,244,281,1,3,60,830544,2164,74414,22,23,450,0,-78,-2147483648,204643,4294967295,0,0
227560336,227.560336,11010,11010,11010,0,6,6,313,0,323,0,0,1,0,0,1,1,0,74414,1,0,420,17094,0,138,281,0,3,61,830544,2165,74414,22,23,450,0,-78,-2147483648,454644,4294967295,0,0
227810338,227.810338,11023,11023,11023,0,6,6,313,0,323,0,0,1,0,0,14,14,0,74414,1,0,420,17114,0,244,281,0,3,61,830544,2165,74414,22,23,451,0,-78,-2147483648,193988,4294967295,0,0
228060338,228.060338,11035,11035,11035,0,6,6,313,0,323,0,0,1,0,0,26,26,0,74414,1,0,420,17133,0,138,281,1,3,60,830544,2167,74414,22,23,451,0,-78,-2147483648,443988,4294967295,0,0
228310338,228.310338,11048,11048,11048,0,6,6,313,0,323,0,0,1,0,0,39,39,0,74414,1,0,420,17153,0,244,281,1,3,60,830544,2164,74414,22,23,452,0,-87,-2147483648,192651,4294967295,0,0
228560339,228.560339,11060,11060,11060,0,6,6,313,0,323,0,0,1,0,0,51,51,0,74414,1,0,420,17171,0,244,281,1,3,60,830544,2167,74414,22,23,452,0,-87,-2147483648,442652,4294967295,0,0
228810341,228.810341,11073,11073,11073,0,6,6,313,0,323,0,0,1,0,0,64,64,0,74414,1,0,420,17191,0,244,281,1,3,60,830544,2459,74414,22,23,453,0,-85,-2147483648,191082,4294967295,0,0
229060343,229.060343,11085,11085,11085,0,6,6,313,0,323,0,0,1,0,0,76,76,0,74414,1,0,420,17210,0,138,281,1,3,60,830544,2167,74414,22,23,453,0,-85,-2147483648,441084,4294967295,0,0
229310345,229.310345,11098,11098,11098,0,6,6,313,0,323,0,0,1,0,0,89,89,0,74414,1,0,420,17230,0,244,281,1,3,60,830544,2164,74414,22,23,454,0,-85,-2147483648,190505,4294967295,0,0
229560345,229.560345,11110,11110,11110,0,6,6,313,0,323,0,0,1,0,0,101,101,0,74414,1,0,420,17248,0,244,281,1,3,60,830544,2167,74414,22,23,454,0,-85,-2147483648,440505,4294967295,0,0
229810345,229.810345,11123,11123,11123,0,6,6,313,0,323,0,0,1,0,0,114,114,0,74414,1,0,420,17268,0,280,281,1,3,60,830544,2495,74414,22,23,455,0,-83,-2147483648,190044,4294967295,0,0
230060345,230.060345,11135,11135,11135,0,6,6,313,0,323,0,0,1,0,0,126,126,0,74414,1,0,420,17287,0,138,281,1,3,60,830544,2167,74414,22,23,455,0,-83,-2147483648,440044,4294967295,0,0
230310346,230.310346,11148,11148,11148,0,6,6,313,0,323,0,0,1,0,0,139,139,0,74414,1,0,420,17307,0,244,281,1,3,60,830544,2458,74414,22,23,456,0,-86,-2147483648,188051,4294967295,0,0
230560347,230.560347,11160,11160,11160,0,6,6,313,0,323,0,0,1,0,0,151,151,0,74414,1,0,420,17325,0,244,281,1,3,60,830544,2167,74414,22,23,456,0,-86,-2147483648,438052,4294967295,0,0
230810347,230.810347,11173,11173,11173,0,6,6,313,0,323,0,0,1,0,0,164,164,0,74414,1,0,420,17345,0,244,281,1,3,60,830544,2164,74414,22,23,457,0,-86,-2147483648,186468,4294967295,0,0
231060348,231.060348,11185,11185,11185,0,6,6,313,0,323,0,0,1,0,0,176,176,0,74414,1,0,420,17363,0,244,281,1,3,60,830544,2167,74414,22,23,457,0,-86,-2147483648,436469,4294967295,0,0
231310348,231.310348,11198,11198,11198,0,6,6,313,0,323,0,0,1,0,0,189,189,0,74414,1,0,420,17384,0,244,281,1,3,60,830544,2164,74414,22,23,458,0,-85,-2147483648,185411,4294967295,0,0
231560349,231.560349,11210,11210,11210,0,6,6,313,0,323,0,0,1,0,0,201,201,0,74414,1,0,420,17402,0,244,281,1,3,60,830544,1168,74414,22,23,458,0,-85,-2147483648,435412,4294967295,0,0
231810350,231.810350,11223,11223,11223,0,5,6,313,0,323,0,0,1,0,0,214,214,0,74414,1,0,420,17422,0,245,281,1,3,61,830544,2459,74414,22,23,459,0,-83,-2147483648,173555,4294967295,0,0
232060352,232.060352,11235,11235,11235,0,6,6,313,0,323,0,0,1,0,0,226,226,0,74414,1,0,420,17440,0,245,281,1,3,60,830544,2167,74414,22,23,459,0,-83,-2147483648,423557,4294967295,0,0
232310354,232.310354,11248,11248,11248,0,6,6,313,0,323,0,0,1,0,0,239,239,0,74414,1,0,420,17460,0,244,281,1,3,60,830544,2164,74414,22,23,460,0,-83,-2147483648,172943,4294967295,0,0
232560355,232.560355,11260,11260,11260,0,6,6,313,0,323,0,0,1,0,0,251,251,0,74414,1,0,420,17479,0,244,281,1,3,60,830544,1167,74414,22,23,460,0,-83,-2147483648,422944,4294967295,0,0
232810355,232.810355,11273,11273,11273,0,6,6,313,0,323,0,0,1,0,0,8,8,0,74414,1,0,420,17499,0,244,281,1,3,60,830544,2164,74414,22,23,461,0,-84,-2147483648,172869,4294967295,0,0
233060356,233.060356,11285,11285,11285,0,6,6,313,0,323,0,0,1,0,0,20,20,0,74414,1,0,420,17517,0,244,281,0,3,60,830544,2167,74414,22,23,461,0,-84,-2147483648,422870,4294967295,0,0
233310357,233.310357,11298,11298,11298,0,6,6,313,0,323,0,0,1,0,0,33,33,0,74414,1,0,420,17538,0,244,281,1,3,60,830544,2164,74414,22,23,462,0,-75,-2147483648,172851,4294967295,0,0
233560359,233.560359,11310,11310,11310,0,6,6,313,0,323,0,0,1,0,0,45,45,0,74414,1,0,420,17556,0,245,281,1,3,60,830544,2167,74414,21,23,462,0,-75,-2147483648,422853,4294967295,0,0
233810359,233.810359,11323,11323,11323,0,6,6,313,0,323,0,0,1,0,0,58,58,0,74414,1,0,420,17576,0,244,281,1,3,61,830544,2164,74414,22,23,463,0,-76,-2147483648,172561,4294967295,0,0
234060360,234.060360,11335,11335,11335,0,6,6,313,0,323,0,0,1,0,0,70,70,0,74414,1,0,420,17595,0,138,281,1,3,60,830544,2167,74414,21,23,463,0,-76,-2147483648,422562,4294967295,0,0
234310361,234.310361,11348,11348,11348,0,6,6,313,0,323,0,0,1,0,0,83,83,0,74414,1,0,420,17615,0,244,281,1,3,60,830544,2164,74414,22,23,464,0,-77,-2147483648,170681,4294967295,0,0
234560362,234.560362,11360,11360,11360,0,6,6,313,0,323,0,0,1,0,0,95,95,0,74414,1,0,420,17633,0,244,281,1,3,60,830544,2167,74414,22,23,464,0,-77,-2147483648,420682,4294967295,0,0
234810362,234.810362,11373,11373,11373,0,6,6,313,0,323,0,0,1,0,0,108,108,0,74414,1,0,420,17653,0,245,281,1,3,60,830544,2164,74414,21,23,465,0,-74,-2147483648,168738,4294967295,0,0
235060364,235.060364,11385,11385,11385,0,6,6,313,0,323,0,0,1,0,0,120,120,0,74414,1,0,420,17672,0,138,281,1,3,60,830544,2167,74414,22,23,465,0,-74,-2147483648,418740,4294967295,0,0
235310365,235.310365,11398,11398,11398,0,6,6,313,0,323,0,0,1,0,0,133,133,0,74414,1,0,420,17692,0,244,281,1,3,60,830544,2164,74414,22,23,466,0,-72,-2147483648,168475,4294967295,0,0
235560365,235.560365,11410,11410,11410,0,6,6,313,0,323,0,0,1,0,0,145,145,0,74414,1,0,420,17710,0,244,281,0,3,61,830544,2168,74414,22,23,466,0,-72,-2147483648,418475,4294967295,0,0
235810367,235.810367,11423,11423,11423,0,6,6,313,0,323,0,0,1,0,0,158,158,0,74414,1,0,420,17730,0,244,281,1,3,60,830544,2164,74414,22,23,467,0,-73,-2147483648,167549,4294967295,0,0
236060368,236.060368,11435,11435,11435,0,6,6,313,0,323,0,0,1,0,0,170,170,0,74414,1,0,420,17749,0,138,281,1,3,60,830544,2167,74414,21,23,467,0,-73,-2147483648,417550,4294967295,0,0
236310368,236.310368,11448,11448,11448,0,6,6,313,0,323,0,0,1,0,0,183,183,0,74414,1,0,420,17769,0,244,281,1,3,61,830544,2458,74414,22,23,468,0,-72,-2147483648,165760,4294967295,0,0
236560370,236.560370,11460,11460,11460,0,6,6,313,0,323,0,0,1,0,0,195,195,0,74414,1,0,420,17787,0,280,281,1,3,60,830544,2167,74414,22,23,468,0,-72,-2147483648,415762,4294967295,0,0
236810370,236.810370,11473,11473,11473,0,5,6,313,0,323,0,0,1,0,0,208,208,0,74414,1,0,420,17807,0,244,281,1,3,61,830544,2164,74414,22,23,469,0,-72,-2147483648,164737,4294967295,0,0
237060371,237.060371,11485,11485,11485,0,6,6,313,0,323,0,0,1,0,0,220,220,0,74414,1,0,420,17826,0,138,281,1,3,60,830544,2167,74414,22,23,469,0,-72,-2147483648,414738,4294967295,0,0
237310373,237.310373,11498,11498,11498,0,6,6,313,0,323,0,0,1,0,0,233,233,0,74414,1,0,420,17845,0,244,281,1,3,60,830544,2164,74414,22,23,470,0,-74,-2147483648,152764,4294967295,0,0
237560374,237.560374,11510,11510,11510,0,6,6,313,0,323,0,0,1,0,0,245,245,0,74414,1,0,420,17864,0,244,281,1,3,2,830544,2167,74414,22,23,470,0,-74,-2147483648,402765,4294967295,0,0
237810375,237.810375,11523,11523,11523,0,6,6,313,0,323,0,0,1,0,0,2,2,0,74414,1,0,420,17884,0,244,281,1,3,60,830544,2164,74414,22,23,471,0,-77,-2147483648,150710,4294967295,0,0
238060376,238.060376,11535,11535,11535,0,6,6,313,0,323,0,0,1,0,0,14,14,0,74414,1,0,420,17903,0,138,281,1,3,61,830544,2168,74414,22,23,471,0,-77,-2147483648,400711,4294967295,0,0
238310378,238.310378,11548,11548,11548,0,6,6,313,0,323,0,0,1,0,0,27,27,0,74414,1,0,420,17923,0,244,281,1,3,60,830544,1459,74414,22,23,472,0,-77,-2147483648,150634,4294967295,0,0
238560379,238.560379,11560,11560,11560,0,6,6,313,0,323,0,0,1,0,0,39,39,0,74414,1,0,420,17941,0,245,281,1,3,60,830544,2167,74414,22,23,472,0,-77,-2147483648,400635,4294967295,0,0
238810380,238.810380,11573,11573,11573,0,5,6,313,0,323,0,0,1,0,0,52,52,0,74414,1,0,420,17961,0,244,281,0,3,61,830544,2164,74414,22,23,473,0,-79,-2147483648,149490,4294967295,0,0
239060382,239.060382,11585,11585,11585,0,6,6,313,0,323,0,0,1,0,0,64,64,0,74414,1,0,420,17979,0,244,281,0,3,60,830544,2167,74414,22,23,473,0,-79,-2147483648,399492,4294967295,0,0
239310383,239.310383,11598,11598,11598,0,6,6,313,0,323,0,0,1,0,0,77,77,0,74414,1,0,420,18000,0,244,281,1,3,60,830544,1459,74414,22,23,474,0,-77,-2147483648,147458,4294967295,0,0
239560385,239.560385,11610,11610,11610,0,6,6,313,0,323,0,0,1,0,0,89,89,0,74414,1,0,420,18018,0,244,281,1,3,60,830544,2167,74414,22,23,474,0,-77,-2147483648,397460,4294967295,0,0
239810387,239.810387,11623,11623,11623,0,5,6,313,0,323,0,0,1,0,0,102,102,0,74414,1,0,420,18038,0,245,281,1,3,60,830544,1459,74414,21,23,475,0,-76,-2147483648,146222,4294967295,0,0
240060388,240.060388,11635,11635,11635,0,6,6,313,0,323,0,0,1,0,0,114,114,0,74414,1,0,420,18057,0,138,281,1,3,60,830544,2167,74414,22,23,475,0,-76,-2147483648,396223,4294967295,0,0
240310389,240.310389,11648,11648,11648,0,6,6,313,0,323,0,0,1,0,0,127,127,0,74414,1,0,420,18077,0,244,281,1,3,60,830544,2164,74414,22,23,476,0,-75,-2147483648,144673,4294967295,0,0
240560389,240.560389,11660,11660,11660,0,6,6,313,0,323,0,0,1,0,0,139,139,0,74414,1,0,420,18095,0,245,281,1,3,60,830544,2167,74414,22,23,476,0,-75,-2147483648,394673,4294967295,0,0
240810389,240.810389,11673,11673,11673,0,6,6,313,0,323,0,0,1,0,0,152,152,0,74414,1,0,420,18116,0,140,281,0,3,2,830544,1458,74414,22,23,477,0,-78,-2147483648,144457,4294967295,0,0
241060390,241.060390,11685,11685,11685,0,5,6,313,0,323,0,0,1,0,0,164,164,0,74414,1,0,420,18134,0,137,281,0,3,61,830544,2167,74414,22,23,477,0,-78,-2147483648,394458,4294967295,0,0
241310390,241.310390,11698,11698,11698,0,6,6,313,0,323,0,0,1,0,0,177,177,0,74414,1,0,420,18154,0,279,281,1,3,60,830544,2164,74414,22,23,478,0,-79,-2147483648,133151,4294967295,0,0
241560391,241.560391,11710,11710,11710,0,6,6,313,0,323,0,0,1,0,0,189,189,0,74414,1,0,420,18172,0,244,281,1,3,60,830544,2167,74414,22,23,478,0,-79,-2147483648,383152,4294967295,0,0
241810391,241.810391,11723,11723,11723,0,6,6,313,0,323,0,0,1,0,0,202,202,0,74414,1,0,420,18192,0,244,281,1,3,60,830544,1164,74414,22,23,479,0,-77,-2147483648,131699,4294967295,0,0
242060391,242.060391,11735,11735,11735,0,6,6,313,0,323,0,0,1,0,0,214,214,0,74414,1,0,420,18211,0,138,281,1,3,60,830544,2167,74414,22,23,479,0,-77,-2147483648,381699,4294967295,0,0
242310392,242.310392,11748,11748,11748,0,6,6,313,0,323,0,0,1,0,0,227,227,0,74414,1,0,420,18231,0,244,281,1,3,60,830544,2164,74414,22,23,480,0,-77,-2147483648,129943,4294967295,0,0
242560394,242.560394,11760,11760,11760,0,6,6,313,0,323,0,0,1,0,0,239,239,0,74414,1,0,420,18249,0,138,281,0,3,61,830544,1167,74414,22,23,480,0,-77,-2147483648,379945,4294967295,0,0
242810395,242.810395,11773,11773,11773,0,6,6,313,0,323,0,0,1,0,0,252,252,0,74414,1,0,420,18269,0,245,281,1,3,60,830544,1164,74414,21,23,481,0,-77,-2147483648,127818,4294967295,0,0
243060396,243.060396,11785,11785,11785,0,6,6,313,0,323,0,0,1,0,0,8,8,0,74414,1,0,420,18288,0,138,281,0,3,60,830544,2167,74414,22,23,481,0,-77,-2147483648,377819,4294967295,0,0
243310397,243.310397,11798,11798,11798,0,6,6,313,0,323,0,0,1,0,0,21,21,0,74414,1,0,420,18308,0,244,281,1,3,60,830544,2458,74414,22,23,482,0,-77,-2147483648,127497,4294967295,0,0
243560399,243.560399,11810,11810,11810,0,6,6,313,0,323,0,0,1,0,0,33,33,0,74414,1,0,420,18326,0,244,281,1,3,60,830544,2167,74414,22,23,482,0,-77,-2147483648,377499,4294967295,0,0
243810399,243.810399,11823,11823,11823,0,5,6,313,0,323,0,0,1,0,0,46,46,0,74414,1,0,420,18346,0,245,281,1,3,60,830544,2164,74414,22,23,483,0,-76,-2147483648,125762,4294967295,0,0
244060399,244.060399,11835,11835,11835,0,5,6,313,0,323,0,0,1,0,0,58,58,0,74414,1,0,420,18365,0,138,281,1,3,60,830544,1168,74414,22,23,483,0,-76,-2147483648,375762,4294967295,0,0
244310401,244.310401,11848,11848,11848,0,6,6,313,0,323,0,0,1,0,0,71,71,0,74414,1,0,420,18385,0,244,281,1,3,60,830544,2164,74414,22,23,484,0,-76,-2147483648,125054,4294967295,0,0
244560403,244.560403,11860,11860,11860,0,6,6,313,0,323,0,0,1,0,0,83,83,0,74414,1,0,420,18403,0,244,281,1,3,60,830544,1167,74414,22,23,484,0,-76,-2147483648,375056,4294967295,0,0
244810404,244.810404,11873,11873,11873,0,6,6,313,0,323,0,0,1,0,0,96,96,0,74414,1,0,420,18423,0,244,281,1,3,60,830544,2164,74414,22,23,485,0,-76,-2147483648,113673,4294967295,0,0
245060405,245.060405,11885,11885,11885,0,6,6,313,0,323,0,0,1,0,0,108,108,0,74414,1,0,420,18442,0,138,281,1,3,60,830544,2167,74414,22,23,485,0,-76,-2147483648,363674,4294967295,0,0
245310405,245.310405,11898,11898,11898,0,6,6,313,0,323,0,0,1,0,0,121,121,0,74414,1,0,420,18462,0,244,281,1,3,60,830544,2459,74414,22,23,486,0,-75,-2147483648,111270,4294967295,0,0
245560407,245.560407,11910,11910,11910,0,6,6,313,0,323,0,0,1,0,0,133,133,0,74414,1,0,420,18480,0,244,281,1,3,60,830544,2167,74414,22,23,486,0,-75,-2147483648,361272,4294967295,0,0
245810408,245.810408,11923,11923,11923,0,6,6,313,0,323,0,0,1,0,0,146,146,0,74414,1,0,420,18500,0,244,281,1,3,60,830544,2164,74414,22,23,487,0,-76,-2147483648,110338,4294967295,0,0
246060408,246.060408,11935,11935,11935,0,6,6,313,0,323,0,0,1,0,0,158,158,0,74414,1,0,420,18519,0,138,281,0,3,60,830544,1167,74414,22,23,487,0,-76,-2147483648,360338,4294967295,0,0
246310409,246.310409,11948,11948,11948,0,6,6,313,0,323,0,0,1,0,0,171,171,0,74414,1,0,420,18539,0,244,281,1,3,60,830544,2164,74414,22,23,488,0,-76,-2147483648,110080,4294967295,0,0
246560411,246.560411,11960,11960,11960,0,6,6,313,0,323,0,0,1,0,0,183,183,0,74414,1,0,420,18557,0,244,281,1,3,60,830544,2167,74414,22,23,488,0,-76,-2147483648,360082,4294967295,0,0
246810412,246.810412,11973,11973,11973,0,6,6,313,0,323,0,0,1,0,0,196,196,0,74414,1,0,420,18577,0,245,281,1,3,60,830544,2164,74414,22,23,489,0,-75,-2147483648,108171,4294967295,0,0
247060412,247.060412,11985,11985,11985,0,6,6,313,0,323,0,0,1,0,0,208,208,0,74414,1,0,420,18596,0,138,281,1,3,60,830544,1167,74414,22,23,489,0,-75,-2147483648,358171,4294967295,0,0
247310414,247.310414,11998,11998,11998,0,6,6,313,0,323,0,0,1,0,0,221,221,0,74414,1,0,420,18616,0,280,281,1,3,60,830544,2164,74414,22,23,490,0,-75,-2147483648,107941,4294967295,0,0
247560415,247.560415,12010,12010,12010,0,6,6,313,0,323,0,0,1,0,0,233,233,0,74414,1,0,420,18634,0,244,281,1,3,60,830544,2167,74414,22,23,490,0,-75,-2147483648,357942,4294967295,0,0
247810416,247.810416,12023,12023,12023,0,6,6,313,0,323,0,0,1,0,0,246,246,0,74414,1,0,420,18654,0,244,281,1,3,60,830544,2459,74414,22,23,491,0,-76,-2147483648,106000,4294967295,0,0
248060418,248.060418,12035,12035,12035,0,6,6,313,0,323,0,0,1,0,0,2,2,0,74414,1,0,420,18673,0,138,281,1,3,60,830544,2167,74414,22,23,491,0,-76,-2147483648,356002,4294967295,0,0
248310419,248.310419,12048,12048,12048,0,6,6,313,0,323,0,0,1,0,0,15,15,0,74414,1,0,420,18693,0,244,281,1,3,60,830544,2164,74414,22,23,492,0,-76,-2147483648,94190,4294967295,0,0
248560420,248.560420,12060,12060,12060,0,6,6,313,0,323,0,0,1,0,0,27,27,0,74414,1,0,420,18711,0,244,281,1,3,60,830544,2167,74414,22,23,492,0,-76,-2147483648,344191,4294967295,0,0
248810420,248.810420,12073,12073,12073,0,5,6,313,0,323,0,0,1,0,0,40,40,0,74414,1,0,420,18731,0,245,281,1,3,60,830544,2164,74414,22,23,493,0,-76,-2147483648,93685,4294967295,0,0
249060422,249.060422,12085,12085,12085,0,5,6,313,0,323,0,0,1,0,0,52,52,0,74414,1,0,420,18750,0,137,281,1,3,60,830544,1168,74414,22,23,493,0,-76,-2147483648,343687,4294967295,0,0
249310423,249.310423,12098,12098,12098,0,6,6,313,0,323,0,0,1,0,0,65,65,0,74414,1,0,420,18770,0,244,281,1,3,60,830544,2164,74414,22,23,494,0,-76,-2147483648,92878,4294967295,0,0
249560424,249.560424,12110,12110,12110,0,6,6,313,0,323,0,0,1,0,0,77,77,0,74414,1,0,420,18788,0,244,281,1,3,60,830544,2167,74414,22,23,494,0,-76,-2147483648,342879,4294967295,0,0
249810424,249.810424,12123,12123,12123,0,6,6,313,0,323,0,0,1,0,0,90,90,0,74414,1,0,420,18808,0,244,281,1,3,60,830544,2459,74414,22,23,495,0,-76,-2147483648,91544,4294967295,0,0
250060424,250.060424,12135,12135,12135,0,6,6,313,0,323,0,0,1,0,0,102,102,0,74414,1,0,420,18827,0,138,281,1,3,60,830544,2167,74414,22,23,495,0,-76,-2147483648,341544,4294967295,0,0
250310424,250.310424,12148,12148,12148,0,6,6,313,0,323,0,0,1,0,0,115,115,0,74414,1,0,420,18847,0,244,281,1,3,60,830544,2164,74414,22,23,496,0,-76,-2147483648,91498,4294967295,0,0
250560424,250.560424,12160,12160,12160,0,6,6,313,0,323,0,0,1,0,0,127,127,0,74414,1,0,420,18865,0,244,281,1,3,60,830544,2167,74414,22,23,496,0,-76,-2147483648,341498,4294967295,0,0
250810426,250.810426,12173,12173,12173,0,6,6,313,0,323,0,0,1,0,0,140,140,0,74414,1,0,420,18885,0,244,281,1,3,61,830544,2164,74414,22,23,497,0,-76,-2147483648,89452,4294967295,0,0
251060428,251.060428,12185,12185,12185,0,6,6,313,0,323,0,0,1,0,0,152,152,0,74414,1,0,420,18904,0,138,281,1,3,60,830544,2167,74414,22,23,497,0,-76,-2147483648,339454,4294967295,0,0
251310429,251.310429,12198,12198,12198,0,6,6,313,0,323,0,0,1,0,0,165,165,0,74414,1,0,420,18924,0,244,281,1,3,60,830544,1164,74414,22,23,498,0,-75,-2147483648,87591,4294967295,0,0
251560430,251.560430,12210,12210,12210,0,6,6,313,0,323,0,0,1,0,0,177,177,0,74414,1,0,420,18942,0,245,281,1,3,60,830544,2167,74414,21,23,498,0,-75,-2147483648,337592,4294967295,0,0
251810430,251.810430,12223,12223,12223,0,6,6,313,0,323,0,0,1,0,0,190,190,0,74414,1,0,420,18962,0,245,281,1,3,60,830544,2164,74414,21,23,499,0,-76,-2147483648,85522,4294967295,0,0
252060432,252.060432,12235,12235,12235,0,6,6,313,0,323,0,0,1,0,0,202,202,0,74414,1,0,420,18981,0,138,281,1,3,60,830544,2167,74414,22,23,499,0,-76,-2147483648,335524,4294967295,0,0
252310432,252.310432,12248,12248,12248,0,6,6,313,0,323,0,0,1,0,0,215,215,0,74414,1,0,420,19001,0,244,281,1,3,60,830544,2459,74414,22,23,500,0,-78,-2147483648,85479,4294967295,0,0
252560434,252.560434,12260,12260,12260,0,6,6,313,0,323,0,0,1,0,0,227,227,0,74414,1,0,420,19019,0,244,281,1,3,61,830544,2167,74414,22,23,500,0,-78,-2147483648,335481,4294967295,0,0
252810434,252.810434,12273,12273,12273,0,5,6,313,0,323,0,0,1,0,0,240,240,0,74414,1,0,420,19039,0,245,281,1,3,60,830544,2459,74414,21,23,501,0,-78,-2147483648,74122,4294967295,0,0
253060436,253.060436,12285,12285,12285,0,6,6,313,0,323,0,0,1,0,0,252,252,0,74414,1,0,420,19058,0,138,281,1,3,60,830544,2167,74414,22,23,501,0,-78,-2147483648,324124,4294967295,0,0
253310436,253.310436,12298,12298,12298,0,6,6,313,0,323,0,0,1,0,0,9,9,0,74414,1,0,420,19078,0,244,281,1,3,60,830544,2164,74414,22,23,502,0,-78,-2147483648,73619,4294967295,0,0
253560437,253.560437,12310,12310,12310,0,6,6,313,0,323,0,0,1,0,0,21,21,0,74414,1,0,420,19096,0,244,281,1,3,60,830544,2167,74414,22,23,502,0,-78,-2147483648,323620,4294967295,0,0
253810438,253.810438,12323,12323,12323,0,5,6,313,0,323,0,0,1,0,0,34,34,0,74414,1,0,420,19116,0,245,281,1,3,60,830544,2164,74414,22,23,503,0,-76,-2147483648,71552,4294967295,0,0
254060438,254.060438,12335,12335,12335,0,6,6,313,0,323,0,0,1,0,0,46,46,0,74414,1,0,420,19135,0,138,281,1,3,60,830544,2167,74414,22,23,503,0,-76,-2147483648,321552,4294967295,0,0
254310440,254.310440,12348,12348,12348,0,6,6,313,0,323,0,0,1,0,0,59,59,0,74414,1,0,420,19155,0,244,281,1,3,60,830544,2459,74414,22,23,504,0,-78,-2147483648,71446,4294967295,0,0
254560441,254.560441,12360,12360,12360,0,6,6,313,0,323,0,0,1,0,0,71,71,0,74414,1,0,420,19173,0,244,281,1,3,60,830544,2167,74414,22,23,504,0,-78,-2147483648,321447,4294967295,0,0
254810441,254.810441,12373,12373,12373,0,5,6,313,0,323,0,0,1,0,0,84,84,0,74414,1,0,420,19193,0,244,281,1,3,60,830544,2164,74414,22,23,505,0,-77,-2147483648,70302,4294967295,0,0
255060441,255.060441,12385,12385,12385,0,6,6,313,0,323,0,0,1,0,0,96,96,0,74414,1,0,420,19212,0,138,281,1,3,60,830544,2168,74414,22,23,505,0,-77,-2147483648,320302,4294967295,0,0
255310443,255.310443,12398,12398,12398,0,6,6,313,0,323,0,0,1,0,0,109,109,0,74414,1,0,420,19232,0,244,281,0,3,2,830544,2164,74414,22,23,506,0,-75,-2147483648,69967,4294967295,0,0
255560443,255.560443,12410,12410,12410,0,6,6,313,0,323,0,0,1,0,0,121,121,0,74414,1,0,420,19250,0,244,281,1,3,61,830544,2167,74414,22,23,506,0,-75,-2147483648,319967,4294967295,0,0
255810443,255.810443,12423,12423,12423,0,6,6,313,0,323,0,0,1,0,0,134,134,0,74414,1,0,420,19270,0,245,281,1,3,1,830544,2164,74414,21,23,507,0,-76,-2147483648,69173,4294967295,0,0
256060445,256.060445,12435,12435,12435,0,6,6,313,0,323,0,0,1,0,0,146,146,0,74414,1,0,420,19289,0,140,281,1,3,60,830544,2167,74414,22,23,507,0,-76,-2147483648,319175,4294967295,0,0
256310446,256.310446,12448,12448,12448,0,6,6,313,0,323,0,0,1,0,0,159,159,0,74414,1,0,420,19309,0,244,281,1,3,60,830544,1164,74414,22,23,508,0,-77,-2147483648,68672,4294967295,0,0
256560448,256.560448,12460,12460,12460,0,6,6,313,0,323,0,0,1,0,0,171,171,0,74414,1,0,420,19327,0,244,281,1,3,60,830544,2167,74414,22,23,508,0,-77,-2147483648,318674,4294967295,0,0
256810450,256.810450,12473,12473,12473,0,6,6,313,0,323,0,0,1,0,0,184,184,0,74414,1,0,420,19347,0,244,281,1,3,60,830544,2164,74414,22,23,509,0,-79,-2147483648,67032,4294967295,0,0
257060451,257.060451,12485,12485,12485,0,6,6,313,0,323,0,0,1,0,0,196,196,0,74414,1,0,420,19366,0,138,281,1,3,60,830544,2167,74414,22,23,509,0,-79,-2147483648,317033,4294967295,0,0
257310451,257.310451,12498,12498,12498,0,6,6,313,0,323,0,0,1,0,0,209,209,0,74414,1,0,420,19386,0,244,281,1,3,1,830544,2164,74414,22,23,510,0,-80,-2147483648,64905,4294967295,0,0
257560452,257.560452,12510,12510,12510,0,6,6,313,0,323,0,0,1,0,0,221,221,0,74414,1,0,420,19404,0,244,281,1,3,60,830544,2167,74414,22,23,510,0,-80,-2147483648,314906,4294967295,0,0
257810452,257.810452,12523,12523,12523,0,6,6,313,0,323,0,0,1,0,0,234,234,0,74414,1,0,420,19424,0,244,281,1,3,60,830544,2459,74414,22,23,511,0,-80,-2147483648,51898,4294967295,0,0
258060453,258.060453,12535,12535,12535,0,6,6,313,0,323,0,0,1,0,0,246,246,0,74414,1,0,420,19443,0,138,281,0,3,60,830544,2167,74414,22,23,511,0,-80,-2147483648,301899,4294967295,0,0
258310454,258.310454,12548,12548,12548,0,6,6,313,0,323,0,0,1,0,0,3,3,0,74414,1,0,420,19463,0,244,281,1,3,61,830544,2164,74414,22,23,512,0,-77,-2147483648,51856,4294967295,0,0
258560455,258.560455,12560,12560,12560,0,6,6,313,0,323,0,0,1,0,0,15,15,0,74414,1,0,420,19481,0,244,281,1,3,60,830544,1167,74414,22,23,512,0,-77,-2147483648,301857,4294967295,0,0
258810456,258.810456,12573,12573,12573,0,6,6,313,0,323,0,0,1,0,0,28,28,0,74414,1,0,420,19501,0,279,281,1,3,60,830544,2164,74414,22,23,513,0,-78,-2147483648,50925,4294967295,0,0
259060457,259.060457,12585,12585,12585,0,6,6,313,0,323,0,0,1,0,0,40,40,0,74414,1,0,420,19520,0,140,281,1,3,60,830544,2167,74414,22,23,513,0,-78,-2147483648,300926,4294967295,0,0
259310458,259.310458,12598,12598,12598,0,6,6,313,0,323,0,0,1,0,0,53,53,0,74414,1,0,420,19540,0,244,281,1,3,60,830544,2164,74414,22,23,514,0,-78,-2147483648,50331,4294967295,0,0
259560459,259.560459,12610,12610,12610,0,6,6,313,0,323,0,0,1,0,0,65,65,0,74414,1,0,420,19558,0,244,281,1,3,60,830544,2167,74414,22,23,514,0,-78,-2147483648,300332,4294967295,0,0
259810461,259.810461,12623,12623,12623,0,6,6,313,0,323,0,0,1,0,0,78,78,0,74414,1,0,420,19578,0,244,281,1,3,60,830544,2458,74414,22,23,515,0,-78,-2147483648,49735,4294967295,0,0
260060462,260.060462,12635,12635,12635,0,6,6,313,0,323,0,0,1,0,0,90,90,0,74414,1,0,420,19597,0,138,281,1,3,60,830544,2167,74414,22,23,515,0,-78,-2147483648,299736,4294967295,0,0
260310462,260.310462,12648,12648,12648,0,6,6,313,0,323,0,0,1,0,0,103,103,0,74414,1,0,420,19617,0,244,281,0,3,60,830544,2164,74414,22,23,516,0,-76,-2147483648,49689,4294967295,0,0
260560462,260.560462,12660,12660,12660,0,6,6,313,0,323,0,0,1,0,0,115,115,0,74414,1,0,420,19635,0,244,281,1,3,60,830544,2167,74414,22,23,516,0,-76,-2147483648,299689,4294967295,0,0
260810463,260.810463,12673,12673,12673,0,5,6,313,0,323,0,0,1,0,0,128,128,0,74414,1,0,420,19655,0,245,281,1,3,60,830544,2164,74414,22,23,517,0,-76,-2147483648,47565,4294967295,0,0
261060463,261.060463,12685,12685,12685,0,6,6,313,0,323,0,0,1,0,0,140,140,0,74414,1,0,420,19674,0,138,281,1,3,60,830544,2167,74414,22,23,517,0,-76,-2147483648,297565,4294967295,0,0
261310463,261.310463,12698,12698,12698,0,6,6,313,0,323,0,0,1,0,0,153,153,0,74414,1,0,420,19694,0,245,281,1,3,60,830544,2164,74414,22,23,518,0,-76,-2147483648,46966,4294967295,0,0
261560463,261.560463,12710,12710,12710,0,6,6,313,0,323,0,0,1,0,0,165,165,0,74414,1,0,420,19712,0,244,281,1,3,60,830544,2167,74414,22,23,518,0,-76,-2147483648,296966,4294967295,0,0
261810464,261.810464,12723,12723,12723,0,6,6,313,0,323,0,0,1,0,0,178,178,0,74414,1,0,420,19732,0,244,281,1,3,1,830544,2164,74414,22,23,519,0,-76,-2147483648,46161,4294967295,0,0
262060464,262.060464,12735,12735,12735,0,6,6,313,0,323,0,0,1,0,0,190,190,0,74414,1,0,420,19751,0,138,281,1,3,61,830544,2167,74414,22,23,519,0,-76,-2147483648,296161,4294967295,0,0
262310465,262.310465,12748,12748,12748,0,6,6,313,0,323,0,0,1,0,0,203,203,0,74414,1,0,420,19771,0,244,281,0,3,61,830544,2164,74414,22,23,520,0,-76,-2147483648,44766,4294967295,0,0
262560466,262.560466,12760,12760,12760,0,6,6,313,0,323,0,0,1,0,0,215,215,0,74414,1,0,420,19789,0,244,281,1,3,60,830544,1167,74414,22,23,520,0,-76,-2147483648,294767,4294967295,0,0
262810466,262.810466,12773,12773,12773,0,6,6,313,0,323,0,0,1,0,0,228,228,0,74414,1,0,420,19809,0,244,281,1,3,60,830544,2164,74414,22,23,521,0,-76,-2147483648,33958,4294967295,0,0
263060467,263.060467,12785,12785,12785,0,6,6,313,0,323,0,0,1,0,0,240,240,0,74414,1,0,420,19828,0,138,281,1,3,2,830544,2167,74414,22,23,521,0,-76,-2147483648,283959,4294967295,0,0
263310467,263.310467,12798,12798,12798,0,6,6,313,0,323,0,0,1,0,0,253,253,0,74414,1,0,420,19848,0,244,281,1,3,60,830544,2459,74414,22,23,522,0,-76,-2147483648,31986,4294967295,0,0
263560468,263.560468,12810,12810,12810,0,6,6,313,0,323,0,0,1,0,0,9,9,0,74414,1,0,420,19866,0,244,281,1,3,60,830544,2167,74414,22,23,522,0,-76,-2147483648,281987,4294967295,0,0
263810469,263.810469,12823,12823,12823,0,6,6,313,0,323,0,0,1,0,0,22,22,0,74414,1,0,420,19886,0,245,281,1,3,60,830544,1459,74414,22,23,523,0,-75,-2147483648,31144,4294967295,0,0
264060469,264.060469,12835,12835,12835,0,6,6,313,0,323,0,0,1,0,0,34,34,0,74414,1,0,420,19905,0,138,281,1,3,60,830544,2168,74414,22,23,523,0,-75,-2147483648,281144,4294967295,0,0
264310471,264.310471,12848,12848,12848,0,6,6,313,0,323,0,0,1,0,0,47,47,0,74414,1,0,420,19925,0,244,281,1,3,60,830544,2164,74414,22,23,524,0,-76,-2147483648,30794,4294967295,0,0
264560472,264.560472,12860,12860,12860,0,6,6,313,0,323,0,0,1,0,0,59,59,0,74414,1,0,420,19943,0,244,281,1,3,60,830544,2167,74414,22,23,524,0,-76,-2147483648,280795,4294967295,0,0
264810474,264.810474,12873,12873,12873,0,6,6,313,0,323,0,0,1,0,0,72,72,0,74414,1,0,420,19963,0,244,281,1,3,60,830544,2165,74414,22,23,525,0,-76,-2147483648,29581,4294967295,0,0
265060476,265.060476,12885,12885,12885,0,6,6,313,0,323,0,0,1,0,0,84,84,0,74414,1,0,420,19982,0,138,281,0,3,61,830544,2167,74414,21,23,525,0,-76,-2147483648,279583,4294967295,0,0
265310478,265.310478,12898,12898,12898,0,6,6,313,0,323,0,0,1,0,0,97,97,0,74414,1,0,420,20002,0,244,281,1,3,60,830544,1458,74414,22,23,526,0,-76,-2147483648,29089,4294967295,0,0
265560479,265.560479,12910,12910,12910,0,6,6,313,0,323,0,0,1,0,0,109,109,0,74414,1,0,420,20020,0,280,281,1,3,60,830544,2167,74414,21,23,526,0,-76,-2147483648,279090,4294967295,0,0
265810480,265.810480,12923,12923,12923,0,6,6,313,0,323,0,0,1,0,0,122,122,0,74414,1,0,420,20040,0,244,281,1,3,60,830544,2459,74414,22,23,527,0,-75,-2147483648,27178,4294967295,0,0
266060481,266.060481,12935,12935,12935,0,6,6,313,0,323,0,0,1,0,0,134,134,0,74414,1,0,420,20059,0,138,281,1,3,60,830544,2167,74414,21,23,527,0,-75,-2147483648,277179,4294967295,0,0
266310482,266.310482,12948,12948,12948,0,6,6,313,0,323,0,0,1,0,0,147,147,0,74414,1,0,420,20079,0,244,281,1,3,60,830544,2164,74414,22,23,528,0,-76,-2147483648,25055,4294967295,0,0
266560482,266.560482,12960,12960,12960,0,6,6,313,0,323,0,0,1,0,0,159,159,0,74414,1,0,420,20097,0,244,281,0,3,2,830544,2168,74414,22,23,528,0,-76,-2147483648,275055,4294967295,0,0
266810482,266.810482,12973,12973,12973,0,6,6,313,0,323,0,0,1,0,0,172,172,0,74414,1,0,420,20117,0,245,281,1,3,60,830544,2164,74414,22,23,529,0,-76,-2147483648,24701,4294967295,0,0
267060484,267.060484,12985,12985,12985,0,6,6,313,0,323,0,0,1,0,0,184,184,0,74414,1,0,420,20136,0,138,281,1,3,60,830544,2167,74414,22,23,529,0,-76,-2147483648,274703,4294967295,0,0
267310484,267.310484,12998,12998,12998,0,6,6,313,0,323,0,0,1,0,0,197,197,0,74414,1,0,420,20156,0,244,281,1,3,60,830544,2164,74414,22,23,530,0,-76,-2147483648,11490,4294967295,0,0
267560485,267.560485,13010,13010,13010,0,6,6,313,0,323,0,0,1,0,0,209,209,0,74414,1,0,420,20174,0,244,281,1,3,60,830544,2167,74414,22,23,530,0,-76,-2147483648,261491,4294967295,0,0
267810486,267.810486,13023,13023,13023,0,6,6,313,0,323,0,0,1,0,0,222,222,0,74414,1,0,420,20194,0,244,281,1,3,60,830544,2459,74414,22,23,531,0,-76,-2147483648,10477,4294967295,0,0
268060488,268.060488,13035,13035,13035,0,6,6,313,0,323,0,0,1,0,0,234,234,0,74414,1,0,420,20213,0,138,281,1,3,60,830544,2167,74414,22,23,531,0,-76,-2147483648,260479,4294967295,0,0
268310488,268.310488,13048,13048,13048,0,6,6,313,0,323,0,0,1,0,0,247,247,0,74414,1,0,420,20233,0,244,281,1,3,60,830544,2459,74414,22,23,532,0,-76,-2147483648,8539,4294967295,0,0
268560489,268.560489,13060,13060,13060,0,6,6,313,0,323,0,0,1,0,0,3,3,0,74414,1,0,420,20251,0,244,281,1,3,60,830544,2167,74414,22,23,532,0,-76,-2147483648,258540,4294967295,0,0
268810489,268.810489,13073,13073,13073,0,6,6,313,0,323,0,0,1,0,0,16,16,0,74414,1,0,420,20271,0,244,281,1,3,60,830544,1164,74414,22,23,533,0,-77,-2147483648,7331,4294967295,0,0
269060490,269.060490,13085,13085,13085,0,6,6,313,0,323,0,0,1,0,0,28,28,0,74414,1,0,420,20290,0,138,281,1,3,60,830544,2167,74414,22,23,533,0,-77,-2147483648,257332,4294967295,0,0
269310491,269.310491,13098,13098,13098,0,6,6,313,0,323,0,0,1,0,0,41,41,0,74414,1,0,420,20310,0,245,281,0,3,61,830544,1164,74414,22,23,534,0,-76,-2147483648,7325,4294967295,0,0
269560493,269.560493,13110,13110,13110,0,6,6,313,0,323,0,0,1,0,0,53,53,0,74414,1,0,420,20328,0,244,281,1,3,60,830544,2167,74414,22,23,534,0,-76,-2147483648,257327,4294967295,0,0
269810494,269.810494,13123,13123,13123,0,5,6,313,0,323,0,0,1,0,0,66,66,0,74414,1,0,420,20348,0,245,281,1,3,60,830544,2164,74414,22,23,535,0,-77,-2147483648,5876,4294967295,0,0
270060496,270.060496,13135,13135,13135,0,6,6,313,0,323,0,0,1,0,0,78,78,0,74414,1,0,420,20367,0,138,281,1,3,60,830544,2167,74414,22,23,535,0,-77,-2147483648,255878,4294967295,0,0
270310498,270.310498,13148,13148,13148,0,6,6,313,0,323,0,0,1,0,0,91,91,0,74414,1,0,420,20387,0,244,281,1,3,60,830544,2164,74414,23,23,536,0,-75,-2147483648,4976,4294967295,0,0
270560498,270.560498,13160,13160,13160,0,6,6,313,0,323,0,0,1,0,0,103,103,0,74414,1,0,420,20405,0,244,281,1,3,60,830544,2167,74414,22,23,536,0,-75,-2147483648,254976,4294967295,0,0
270810499,270.810499,13173,13173,13173,0,6,6,313,0,323,0,0,1,0,0,116,116,0,74414,1,0,420,20425,0,244,281,1,3,1,830544,2164,74414,22,23,537,0,-77,-2147483648,4794,4294967295,0,0
271060500,271.060500,13185,13185,13185,0,6,6,313,0,323,0,0,1,0,0,128,128,0,74414,1,0,420,20444,0,138,281,1,3,61,830544,2167,74414,22,23,537,0,-77,-2147483648,254795,4294967295,0,0
271310502,271.310502,13198,13198,13198,0,6,6,313,0,323,0,0,1,0,0,141,141,0,74414,1,0,420,20463,0,245,281,1,3,60,830544,2164,74414,22,23,537,0,-77,-2147483648,504797,4294967295,0,0
271560503,271.560503,13210,13210,13210,0,6,6,313,0,323,0,0,1,0,0,153,153,0,74414,1,0,420,20482,0,280,281,1,3,60,830544,2167,74414,22,23,538,0,-77,-2147483648,243669,4294967295,0,0
271810505,271.810505,13223,13223,13223,0,6,6,313,0,323,0,0,1,0,0,166,166,0,74414,1,0,420,20501,0,244,281,1,3,60,830544,2164,74414,22,23,538,0,-77,-2147483648,493671,4294967295,0,0
272060505,272.060505,13235,13235,13235,0,6,6,313,0,323,0,0,1,0,0,178,178,0,74414,1,0,420,20521,0,138,281,1,3,60,830544,2167,74414,21,23,539,0,-78,-2147483648,243626,4294967295,0,0
272310505,272.310505,13248,13248,13248,0,6,6,313,0,323,0,0,1,0,0,191,191,0,74414,1,0,420,20540,0,244,281,1,3,61,830544,2459,74414,22,23,539,0,-78,-2147483648,493626,4294967295,0,0
272560507,272.560507,13260,13260,13260,0,6,6,313,0,323,0,0,1,0,0,203,203,0,74414,1,0,420,20559,0,244,281,1,3,60,830544,2168,74414,22,23,540,0,-78,-2147483648,242174,4294967295,0,0
272810507,272.810507,13273,13273,13273,0,5,6,313,0,323,0,0,1,0,0,216,216,0,74414,1,0,420,20578,0,245,281,1,3,60,830544,2164,74414,21,23,540,0,-78,-2147483648,492174,4294967295,0,0
273060508,273.060508,13285,13285,13285,0,6,6,313,0,323,0,0,1,0,0,228,228,0,74414,1,0,420,20598,0,138,281,1,3,2,830544,2167,74414,22,23,541,0,-79,-2147483648,240660,4294967295,0,0
273310508,273.310508,13298,13298,13298,0,6,6,313,0,323,0,0,1,0,0,241,241,0,74414,1,0,420,20616,0,244,281,1,3,60,830544,2164,74414,22,23,541,0,-79,-2147483648,490660,4294967295,0,0
273560508,273.560508,13310,13310,13310,0,6,6,313,0,323,0,0,1,0,0,253,253,0,74414,1,0,420,20636,0,245,281,1,3,60,830544,2167,74414,22,23,542,0,-78,-2147483648,238773,4294967295,0,0
273810510,273.810510,13323,13323,13323,0,5,6,313,0,323,0,0,1,0,0,10,10,0,74414,1,0,420,20655,0,280,281,1,3,2,830544,1495,74414,22,23,542,0,-78,-2147483648,488775,4294967295,0,0
274060512,274.060512,13335,13335,13335,0,6,6,313,0,323,0,0,1,0,0,22,22,0,74414,1,0,420,20675,0,138,281,1,3,2,830544,2167,74414,22,23,543,0,-79,-2147483648,236808,4294967295,0,0
274310513,274.310513,13348,13348,13348,0,6,6,313,0,323,0,0,1,0,0,35,35,0,74414,1,0,420,20694,0,244,281,1,3,60,830544,2458,74414,22,23,543,0,-79,-2147483648,486809,4294967295,0,0
274560515,274.560515,13360,13360,13360,0,6,6,313,0,323,0,0,1,0,0,47,47,0,74414,1,0,420,20713,0,244,281,1,3,61,830544,2167,74414,22,23,544,0,-78,-2147483648,235847,4294967295,0,0
274810516,274.810516,13373,13373,13373,0,6,6,313,0,323,0,0,1,0,0,60,60,0,74414,1,0,420,20732,0,244,281,0,3,61,830544,2458,74414,22,23,544,0,-78,-2147483648,485848,4294967295,0,0
275060517,275.060517,13385,13385,13385,0,6,6,313,0,323,0,0,1,0,0,72,72,0,74414,1,0,420,20752,0,138,281,1,3,60,830544,2167,74414,22,23,545,0,-77,-2147483648,223054,4294967295,0,0
275310519,275.310519,13398,13398,13398,0,5,6,313,0,323,0,0,1,0,0,85,85,0,74414,1,0,420,20771,0,244,281,1,3,60,830544,2164,74414,22,23,545,0,-77,-2147483648,473056,4294967295,0,0
275560520,275.560520,13410,13410,13410,0,6,6,313,0,323,0,0,1,0,0,97,97,0,74414,1,0,420,20790,0,244,281,0,3,61,830544,2167,74414,22,23,546,0,-71,-2147483648,222188,4294967295,0,0
275810521,275.810521,13423,13423,13423,0,5,6,313,0,323,0,0,1,0,0,110,110,0,74414,1,0,420,20809,0,245,281,1,3,60,830544,2459,74414,21,23,546,0,-71,-2147483648,472189,4294967295,0,0
276060523,276.060523,13435,13435,13435,0,5,6,313,0,323,0,0,1,0,0,122,122,0,74414,1,0,420,20829,0,138,281,1,3,60,830544,2167,74414,22,23,547,0,-73,-2147483648,221225,4294967295,0,0
276310523,276.310523,13448,13448,13448,0,6,6,313,0,323,0,0,1,0,0,135,135,0,74414,1,0,420,20848,0,244,281,1,3,60,830544,2459,74414,22,23,547,0,-73,-2147483648,471225,4294967295,0,0
276560523,276.560523,13460,13460,13460,0,6,6,313,0,323,0,0,1,0,0,147,147,0,74414,1,0,420,20867,0,244,281,1,3,60,830544,2168,74414,22,23,548,0,-73,-2147483648,219952,4294967295,0,0
276810524,276.810524,13473,13473,13473,0,6,6,313,0,323,0,0,1,0,0,160,160,0,74414,1,0,420,20886,0,245,281,1,3,60,830544,2459,74414,22,23,548,0,-73,-2147483648,469953,4294967295,0,0
277060524,277.060524,13485,13485,13485,0,6,6,313,0,323,0,0,1,0,0,172,172,0,74414,1,0,420,20906,0,138,281,1,3,60,830544,1167,74414,22,23,549,0,-75,-2147483648,217881,4294967295,0,0
277310524,277.310524,13498,13498,13498,0,6,6,313,0,323,0,0,1,0,0,185,185,0,74414,1,0,420,20925,0,244,281,1,3,60,830544,2164,74414,22,23,549,0,-75,-2147483648,467881,4294967295,0,0
277560526,277.560526,13510,13510,13510,0,6,6,313,0,323,0,0,1,0,0,197,197,0,74414,1,0,420,20944,0,244,281,1,3,60,830544,2167,74414,22,23,550,0,-74,-2147483648,217809,4294967295,0,0
277810527,277.810527,13523,13523,13523,0,6,6,313,0,323,0,0,1,0,0,210,210,0,74414,1,0,420,20963,0,245,281,1,3,60,830544,2164,74414,21,23,550,0,-74,-2147483648,467810,4294967295,0,0
278060528,278.060528,13535,13535,13535,0,6,6,313,0,323,0,0,1,0,0,222,222,0,74414,1,0,420,20983,0,138,281,1,3,60,830544,2167,74414,22,23,551,0,-74,-2147483648,215886,4294967295,0,0
278310528,278.310528,13548,13548,13548,0,6,6,313,0,323,0,0,1,0,0,235,235,0,74414,1,0,420,21002,0,244,281,0,3,61,830544,2459,74414,22,23,551,0,-74,-2147483648,465886,4294967295,0,0
278560529,278.560529,13560,13560,13560,0,6,6,313,0,323,0,0,1,0,0,247,247,0,74414,1,0,420,21021,0,244,281,1,3,60,830544,2167,74414,22,23,552,0,-74,-2147483648,215519,4294967295,0,0
278810531,278.810531,13573,13573,13573,0,6,6,313,0,323,0,0,1,0,0,4,4,0,74414,1,0,420,21040,0,244,281,1,3,61,830544,2458,74414,22,23,552,0,-74,-2147483648,465521,4294967295,0,0
279060532,279.060532,13585,13585,13585,0,6,6,313,0,323,0,0,1,0,0,16,16,0,74414,1,0,420,21060,0,138,281,1,3,60,830544,2167,74414,22,23,553,0,-77,-2147483648,214679,4294967295,0,0
279310532,279.310532,13598,13598,13598,0,6,6,313,0,323,0,0,1,0,0,29,29,0,74414,1,0,420,21079,0,245,281,1,3,60,830544,2459,74414,21,23,553,0,-77,-2147483648,464679,4294967295,0,0
279560534,279.560534,13610,13610,13610,0,6,6,313,0,323,0,0,1,0,0,41,41,0,74414,1,0,420,21098,0,244,281,1,3,60,830544,2167,74414,22,23,554,0,-75,-2147483648,203325,4294967295,0,0
279810534,279.810534,13623,13623,13623,0,5,6,313,0,323,0,0,1,0,0,54,54,0,74414,1,0,420,21117,0,245,281,1,3,60,830544,2459,74414,21,23,554,0,-75,-2147483648,453325,4294967295,0,0
280060535,280.060535,13635,13635,13635,0,6,6,313,0,323,0,0,1,0,0,66,66,0,74414,1,0,420,21137,0,138,281,1,3,60,830544,2167,74414,22,23,555,0,-75,-2147483648,202200,4294967295,0,0
280310535,280.310535,13648,13648,13648,0,6,6,313,0,323,0,0,1,0,0,79,79,0,74414,1,0,420,21156,0,244,281,1,3,60,830544,2459,74414,22,23,555,0,-75,-2147483648,452200,4294967295,0,0
280560535,280.560535,13660,13660,13660,0,6,6,313,0,323,0,0,1,0,0,91,91,0,74414,1,0,420,21175,0,244,281,1,3,60,830544,2167,74414,22,23,556,0,-77,-2147483648,201187,4294967295,0,0
280810535,280.810535,13673,13673,13673,0,5,6,313,0,323,0,0,1,0,0,104,104,0,74414,1,0,420,21194,0,279,281,1,3,60,830544,2164,74414,22,23,556,0,-77,-2147483648,451187,4294967295,0,0
281060537,281.060537,13685,13685,13685,0,5,6,313,0,323,0,0,1,0,0,116,116,0,74414,1,0,420,21214,0,138,281,1,3,60,830544,2167,74414,22,23,557,0,-77,-2147483648,200041,4294967295,0,0
281310538,281.310538,13698,13698,13698,0,6,6,313,0,323,0,0,1,0,0,129,129,0,74414,1,0,420,21233,0,244,281,1,3,60,830544,2458,74414,22,23,557,0,-77,-2147483648,450042,4294967295,0,0
281560538,281.560538,13710,13710,13710,0,6,6,313,0,323,0,0,1,0,0,141,141,0,74414,1,0,420,21252,0,244,281,1,3,60,830544,2167,74414,22,23,558,0,-77,-2147483648,199073,4294967295,0,0
281810538,281.810538,13723,13723,13723,0,6,6,313,0,323,0,0,1,0,0,154,154,0,74414,1,0,420,21271,0,244,281,1,3,60,830544,2164,74414,23,23,558,0,-77,-2147483648,449073,4294967295,0,0
282060538,282.060538,13735,13735,13735,0,5,6,313,0,323,0,0,1,0,0,166,166,0,74414,1,0,420,21291,0,138,281,1,3,60,830544,2167,74414,22,23,559,0,-76,-2147483648,197829,4294967295,0,0
282310538,282.310538,13748,13748,13748,0,6,6,313,0,323,0,0,1,0,0,179,179,0,74414,1,0,420,21310,0,244,281,1,3,60,830544,2458,74414,22,23,559,0,-76,-2147483648,447829,4294967295,0,0
282560540,282.560540,13760,13760,13760,0,6,6,313,0,323,0,0,1,0,0,191,191,0,74414,1,0,420,21329,0,244,281,1,3,60,830544,2167,74414,22,23,560,0,-76,-2147483648,195836,4294967295,0,0
282810540,282.810540,13773,13773,13773,0,6,6,313,0,323,0,0,1,0,0,204,204,0,74414,1,0,420,21348,0,245,281,1,3,60,830544,2164,74414,22,23,560,0,-76,-2147483648,445836,4294967295,0,0
283060540,283.060540,13785,13785,13785,0,6,6,313,0,323,0,0,1,0,0,216,216,0,74414,1,0,420,21368,0,173,281,1,3,60,830544,2167,74414,22,23,561,0,-76,-2147483648,195145,4294967295,0,0
283310542,283.310542,13798,13798,13798,0,6,6,313,0,323,0,0,1,0,0,229,229,0,74414,1,0,420,21387,0,245,281,1,3,60,830544,2164,74414,22,23,561,0,-76,-2147483648,445147,4294967295,0,0
283560542,283.560542,13810,13810,13810,0,6,6,313,0,323,0,0,1,0,0,241,241,0,74414,1,0,420,21406,0,244,281,1,3,60,830544,2167,74414,22,23,562,0,-75,-2147483648,184369,4294967295,0,0
283810543,283.810543,13823,13823,13823,0,6,6,313,0,323,0,0,1,0,0,254,254,0,74414,1,0,420,21425,0,244,281,1,3,60,830544,2164,74414,22,23,562,0,-75,-2147483648,434370,4294967295,0,0
284060544,284.060544,13835,13835,13835,0,5,6,313,0,323,0,0,1,0,0,10,10,0,74414,1,0,420,21445,0,138,281,1,3,60,830544,2167,74414,22,23,563,0,-75,-2147483648,183377,4294967295,0,0
284310545,284.310545,13848,13848,13848,0,6,6,313,0,323,0,0,1,0,0,23,23,0,74414,1,0,420,21464,0,244,281,1,3,60,830544,2164,74414,22,23,563,0,-75,-2147483648,433378,4294967295,0,0
284560547,284.560547,13860,13860,13860,0,6,6,313,0,323,0,0,1,0,0,35,35,0,74414,1,0,420,21483,0,244,281,1,3,60,830544,2168,74414,22,23,564,0,-74,-2147483648,182176,4294967295,0,0
284810547,284.810547,13873,13873,13873,0,6,6,313,0,323,0,0,1,0,0,48,48,0,74414,1,0,420,21502,0,244,281,1,3,60,830544,2458,74414,22,23,564,0,-74,-2147483648,432176,4294967295,0,0
285060548,285.060548,13885,13885,13885,0,6,6,313,0,323,0,0,1,0,0,60,60,0,74414,1,0,420,21522,0,138,281,1,3,60,830544,2167,74414,22,23,565,0,-75,-2147483648,181211,4294967295,0,0
285310550,285.310550,13898,13898,13898,0,6,6,313,0,323,0,0,1,0,0,73,73,0,74414,1,0,420,21541,0,279,281,1,3,60,830544,2164,74414,22,23,565,0,-75,-2147483648,431213,4294967295,0,0
285560552,285.560552,13910,13910,13910,0,6,6,313,0,323,0,0,1,0,0,85,85,0,74414,1,0,420,21560,0,244,281,1,3,61,830544,1167,74414,22,23,566,0,-75,-2147483648,180005,4294967295,0,0
285810552,285.810552,13923,13923,13923,0,5,6,313,0,323,0,0,1,0,0,98,98,0,74414,1,0,420,21579,0,245,281,1,3,60,830544,2459,74414,21,23,566,0,-75,-2147483648,430005,4294967295,0,0
286060554,286.060554,13935,13935,13935,0,6,6,313,0,323,0,0,1,0,0,110,110,0,74414,1,0,420,21599,0,138,281,1,3,60,830544,2167,74414,22,23,567,0,-75,-2147483648,179069,4294967295,0,0
286310556,286.310556,13948,13948,13948,0,6,6,313,0,323,0,0,1,0,0,123,123,0,74414,1,0,420,21618,0,244,281,1,3,60,830544,2164,74414,22,23,567,0,-75,-2147483648,429071,4294967295,0,0
286560556,286.560556,13960,13960,13960,0,6,6,313,0,323,0,0,1,0,0,135,135,0,74414,1,0,420,21637,0,244,281,1,3,60,830544,1167,74414,22,23,568,0,-74,-2147483648,177227,4294967295,0,0
286810556,286.810556,13973,13973,13973,0,5,6,313,0,323,0,0,1,0,0,148,148,0,74414,1,0,420,21656,0,245,281,0,3,61,830544,2165,74414,22,23,568,0,-74,-2147483648,427227,4294967295,0,0
287060556,287.060556,13985,13985,13985,0,6,6,313,0,323,0,0,1,0,0,160,160,0,74414,1,0,420,21676,0,138,281,1,3,60,830544,2167,74414,22,23,569,0,-74,-2147483648,175160,4294967295,0,0
287310558,287.310558,13998,13998,13998,0,6,6,313,0,323,0,0,1,0,0,173,173,0,74414,1,0,420,21695,0,244,281,1,3,60,830544,2165,74414,22,23,569,0,-74,-2147483648,425162,4294967295,0,0
287560560,287.560560,14010,14010,14010,0,6,6,313,0,323,0,0,1,0,0,185,185,0,74414,1,0,420,21714,0,280,281,1,3,60,830544,2167,74414,22,23,570,0,-76,-2147483648,163347,4294967295,0,0
287810561,287.810561,14023,14023,14023,0,6,6,313,0,323,0,0,1,0,0,198,198,0,74414,1,0,420,21733,0,245,281,1,3,60,830544,2164,74414,21,23,570,0,-76,-2147483648,413348,4294967295,0,0
288060561,288.060561,14035,14035,14035,0,6,6,313,0,323,0,0,1,0,0,210,210,0,74414,1,0,420,21753,0,138,281,0,3,61,830544,2167,74414,22,23,571,0,-76,-2147483648,162112,4294967295,0,0
288310562,288.310562,14048,14048,14048,0,6,6,313,0,323,0,0,1,0,0,223,223,0,74414,1,0,420,21772,0,244,281,0,3,61,830544,1164,74414,22,23,571,0,-76,-2147483648,412113,4294967295,0,0
288560562,288.560562,14060,14060,14060,0,6,6,313,0,323,0,0,1,0,0,235,235,0,74414,1,0,420,21791,0,245,281,1,3,60,830544,2167,74414,22,23,572,0,-75,-2147483648,160781,4294967295,0,0
288810562,288.810562,14073,14073,14073,0,6,6,313,0,323,0,0,1,0,0,248,248,0,74414,1,0,420,21810,0,245,281,1,3,60,830544,2164,74414,21,23,572,0,-75,-2147483648,410781,4294967295,0,0
289060563,289.060563,14085,14085,14085,0,6,6,313,0,323,0,0,1,0,0,4,4,0,74414,1,0,420,21830,0,138,281,1,3,60,830544,2167,74414,22,23,573,0,-75,-2147483648,159941,4294967295,0,0
289310565,289.310565,14098,14098,14098,0,6,6,313,0,323,0,0,1,0,0,17,17,0,74414,1,0,420,21849,0,244,281,1,3,60,830544,2164,74414,22,23,573,0,-75,-2147483648,409943,4294967295,0,0
289560567,289.560567,14110,14110,14110,0,6,6,313,0,323,0,0,1,0,0,29,29,0,74414,1,0,420,21868,0,244,281,1,3,60,830544,2167,74414,22,23,574,0,-81,-2147483648,158610,4294967295,0,0
289810567,289.810567,14123,14123,14123,0,6,6,313,0,323,0,0,1,0,0,42,42,0,74414,1,0,420,21887,0,244,281,1,3,60,830544,2164,74414,22,23,574,0,-81,-2147483648,408610,4294967295,0,0
290060569,290.060569,14135,14135,14135,0,6,6,313,0,323,0,0,1,0,0,54,54,0,74414,1,0,420,21907,0,138,281,1,3,60,830544,2167,74414,22,23,575,0,-80,-2147483648,158318,4294967295,0,0
290310569,290.310569,14148,14148,14148,0,6,6,313,0,323,0,0,1,0,0,67,67,0,74414,1,0,420,21926,0,244,281,0,3,61,830544,2164,74414,22,23,575,0,-80,-2147483648,408318,4294967295,0,0
290560571,290.560571,14160,14160,14160,0,6,6,313,0,323,0,0,1,0,0,79,79,0,74414,1,0,420,21945,0,244,281,1,3,61,830544,2167,74414,22,23,576,0,-79,-2147483648,157786,4294967295,0,0
290810572,290.810572,14173,14173,14173,0,6,6,313,0,323,0,0,1,0,0,92,92,0,74414,1,0,420,21964,0,244,281,1,3,60,830544,2458,74414,22,23,576,0,-79,-2147483648,407787,4294967295,0,0
291060573,291.060573,14185,14185,14185,0,6,6,313,0,323,0,0,1,0,0,104,104,0,74414,1,0,420,21984,0,138,281,1,3,60,830544,2167,74414,22,23,577,0,-78,-2147483648,157705,4294967295,0,0
291310574,291.310574,14198,14198,14198,0,6,6,313,0,323,0,0,1,0,0,117,117,0,74414,1,0,420,22003,0,280,281,1,3,60,830544,2494,74414,22,23,577,0,-78,-2147483648,407706,4294967295,0,0
291560574,291.560574,14210,14210,14210,0,6,6,313,0,323,0,0,1,0,0,129,129,0,74414,1,0,420,22022,0,245,281,0,3,61,830544,2167,74414,21,23,578,0,-79,-2147483648,155794,4294967295,0,0
291810574,291.810574,14223,14223,14223,0,5,6,313,0,323,0,0,1,0,0,142,142,0,74414,1,0,420,22041,0,245,281,1,3,2,830544,2459,74414,22,23,578,0,-79,-2147483648,405794,4294967295,0,0
292060574,292.060574,14235,14235,14235,0,6,6,313,0,323,0,0,1,0,0,154,154,0,74414,1,0,420,22061,0,139,281,1,3,60,830544,2167,74414,22,23,579,0,-78,-2147483648,155812,4294967295,0,0
292310576,292.310576,14248,14248,14248,0,6,6,313,0,323,0,0,1,0,0,167,167,0,74414,1,0,420,22080,0,244,281,1,3,60,830544,2164,74414,22,23,579,0,-78,-2147483648,405814,4294967295,0,0
292560576,292.560576,14260,14260,14260,0,6,6,313,0,323,0,0,1,0,0,179,179,0,74414,1,0,420,22099,0,244,281,1,3,60,830544,2167,74414,22,23,580,0,-78,-2147483648,155034,4294967295,0,0
292810576,292.810576,14273,14273,14273,0,6,6,313,0,323,0,0,1,0,0,192,192,0,74414,1,0,420,22118,0,245,281,1,3,60,830544,2164,74414,22,23,580,0,-78,-2147483648,405034,4294967295,0,0
293060578,293.060578,14285,14285,14285,0,6,6,313,0,323,0,0,1,0,0,204,204,0,74414,1,0,420,22138,0,138,281,1,3,60,830544,2167,74414,22,23,581,0,-75,-2147483648,154957,4294967295,0,0
293310579,293.310579,14298,14298,14298,0,6,6,313,0,323,0,0,1,0,0,217,217,0,74414,1,0,420,22157,0,244,281,1,3,60,830544,2459,74414,22,23,581,0,-75,-2147483648,404958,4294967295,0,0
293560580,293.560580,14310,14310,14310,0,6,6,313,0,323,0,0,1,0,0,229,229,0,74414,1,0,420,22176,0,280,281,0,3,60,830544,2167,74414,22,23,582,0,-77,-2147483648,144184,4294967295,0,0
293810582,293.810582,14323,14323,14323,0,6,6,313,0,323,0,0,1,0,0,242,242,0,74414,1,0,420,22195,0,244,281,0,3,61,830544,2164,74414,22,23,582,0,-77,-2147483648,394186,4294967295,0,0
294060582,294.060582,14335,14335,14335,0,6,6,313,0,323,0,0,1,0,0,254,254,0,74414,1,0,420,22215,0,138,281,1,3,1,830544,2167,74414,21,23,583,0,-79,-2147483648,143497,4294967295,0,0
294310584,294.310584,14348,14348,14348,0,6,6,313,0,323,0,0,1,0,0,11,11,0,74414,1,0,420,22234,0,244,281,1,3,60,830544,2164,74414,22,23,583,0,-79,-2147483648,393499,4294967295,0,0
294560586,294.560586,14360,14360,14360,0,6,6,313,0,323,0,0,1,0,0,23,23,0,74414,1,0,420,22253,0,244,281,1,3,60,830544,2167,74414,22,23,584,0,-79,-2147483648,141975,4294967295,0,0
294810586,294.810586,14373,14373,14373,0,6,6,313,0,323,0,0,1,0,0,36,36,0,74414,1,0,420,22272,0,244,281,0,3,61,830544,2164,74414,22,23,584,0,-79,-2147483648,391975,4294967295,0,0
295060587,295.060587,14385,14385,14385,0,6,6,313,0,323,0,0,1,0,0,48,48,0,74414,1,0,420,22291,0,244,281,1,3,60,830544,2167,74414,22,23,585,0,-80,-2147483648,140899,4294967295,0,0
295310589,295.310589,14398,14398,14398,0,6,6,313,0,323,0,0,1,0,0,61,61,0,74414,1,0,420,22311,0,244,281,1,3,2,830544,2458,74414,22,23,585,0,-80,-2147483648,390901,4294967295,0,0
295560590,295.560590,14410,14410,14410,0,6,6,313,0,323,0,0,1,0,0,73,73,0,74414,1,0,420,22330,0,244,281,1,3,60,830544,2168,74414,22,23,586,0,-77,-2147483648,140397,4294967295,0,0
295810591,295.810591,14423,14423,14423,0,6,6,313,0,323,0,0,1,0,0,86,86,0,74414,1,0,420,22349,0,280,281,1,3,60,830544,2164,74414,22,23,586,0,-77,-2147483648,390398,4294967295,0,0
296060592,296.060592,14435,14435,14435,0,6,6,313,0,323,0,0,1,0,0,98,98,0,74414,1,0,420,22369,0,137,281,1,3,60,830544,2167,74414,21,23,587,0,-78,-2147483648,139923,4294967295,0,0
296310594,296.310594,14448,14448,14448,0,6,6,313,0,323,0,0,1,0,0,111,111,0,74414,1,0,420,22388,0,245,281,0,3,61,830544,2164,74414,22,23,587,0,-78,-2147483648,389925,4294967295,0,0
296560596,296.560596,14460,14460,14460,0,6,6,313,0,323,0,0,1,0,0,123,123,0,74414,1,0,420,22407,0,244,281,1,3,60,830544,2167,74414,22,23,588,0,-76,-2147483648,138718,4294967295,0,0
296810596,296.810596,14473,14473,14473,0,5,6,313,0,323,0,0,1,0,0,136,136,0,74414,1,0,420,22426,0,245,281,1,3,60,830544,2164,74414,22,23,588,0,-76,-2147483648,388718,4294967295,0,0
297060598,297.060598,14485,14485,14485,0,6,6,313,0,323,0,0,1,0,0,148,148,0,74414,1,0,420,22446,0,138,281,1,3,60,830544,2167,74414,22,23,589,0,-77,-2147483648,137294,4294967295,0,0
297310598,297.310598,14498,14498,14498,0,6,6,313,0,323,0,0,1,0,0,161,161,0,74414,1,0,420,22465,0,244,281,1,3,2,830544,2458,74414,22,23,589,0,-77,-2147483648,387294,4294967295,0,0
297560599,297.560599,14510,14510,14510,0,5,6,313,0,323,0,0,1,0,0,173,173,0,74414,1,0,420,22484,0,244,281,0,3,60,830544,2167,74414,22,23,590,0,-76,-2147483648,136058,4294967295,0,0
297810600,297.810600,14523,14523,14523,0,6,6,313,0,323,0,0,1,0,0,186,186,0,74414,1,0,420,22503,0,244,281,1,3,60,830544,2164,74414,22,23,590,0,-76,-2147483648,386059,4294967295,0,0
298060601,298.060601,14535,14535,14535,0,6,6,313,0,323,0,0,1,0,0,198,198,0,74414,1,0,420,22523,0,138,281,0,3,60,830544,2167,74414,22,23,591,0,-75,-2147483648,134818,4294967295,0,0
298310601,298.310601,14548,14548,14548,0,6,6,313,0,323,0,0,1,0,0,211,211,0,74414,1,0,420,22542,0,244,281,1,3,60,830544,2459,74414,22,23,591,0,-75,-2147483648,384818,4294967295,0,0
298560601,298.560601,14560,14560,14560,0,6,6,313,0,323,0,0,1,0,0,223,223,0,74414,1,0,420,22561,0,244,281,1,3,60,830544,2168,74414,22,23,592,0,-76,-2147483648,122486,4294967295,0,0
298810602,298.810602,14573,14573,14573,0,6,6,313,0,323,0,0,1,0,0,236,236,0,74414,1,0,420,22580,0,245,281,1,3,60,830544,2164,74414,22,23,592,0,-76,-2147483648,372487,4294967295,0,0
299060603,299.060603,14585,14585,14585,0,6,6,313,0,323,0,0,1,0,0,248,248,0,74414,1,0,420,22600,0,138,281,1,3,60,830544,2167,74414,22,23,593,0,-77,-2147483648,121368,4294967295,0,0
299310605,299.310605,14598,14598,14598,0,6,6,313,0,323,0,0,1,0,0,5,5,0,74414,1,0,420,22619,0,244,281,1,3,60,830544,2459,74414,22,23,593,0,-77,-2147483648,371370,4294967295,0,0
299560607,299.560607,14610,14610,14610,0,6,6,313,0,323,0,0,1,0,0,17,17,0,74414,1,0,420,22638,0,244,281,1,3,60,830544,2167,74414,22,23,594,0,-77,-2147483648,120320,4294967295,0,0
299810607,299.810607,14623,14623,14623,0,6,6,313,0,323,0,0,1,0,0,30,30,0,74414,1,0,420,22657,0,244,281,1,3,60,830544,2164,74414,22,23,594,0,-77,-2147483648,370320,4294967295,0,0
300060609,300.060609,14635,14635,14635,0,6,6,313,0,323,0,0,1,0,0,42,42,0,74414,1,0,420,22677,0,137,281,1,3,60,830544,2167,74414,22,23,595,0,-76,-2147483648,120084,4294967295,0,0
300310609,300.310609,14648,14648,14648,0,6,6,313,0,323,0,0,1,0,0,55,55,0,74414,1,0,420,22696,0,244,281,1,3,60,830544,2164,74414,22,23,595,0,-76,-2147483648,370084,4294967295,0,0
300560611,300.560611,14660,14660,14660,0,6,6,313,0,323,0,0,1,0,0,67,67,0,74414,1,0,420,22715,0,244,281,1,3,60,830544,2167,74414,22,23,596,0,-76,-2147483648,118148,4294967295,0,0
300810613,300.810613,14673,14673,14673,0,6,6,313,0,323,0,0,1,0,0,80,80,0,74414,1,0,420,22734,0,244,281,1,3,60,830544,2458,74414,22,23,596,0,-76,-2147483648,368150,4294967295,0,0
301060615,301.060615,14685,14685,14685,0,6,6,313,0,323,0,0,1,0,0,92,92,0,74414,1,0,420,22754,0,138,281,1,3,60,830544,2167,74414,22,23,597,0,-73,-2147483648,117920,4294967295,0,0
301310616,301.310616,14698,14698,14698,0,5,6,313,0,323,0,0,1,0,0,105,105,0,74414,1,0,420,22773,0,245,281,1,3,60,830544,2164,74414,22,23,597,0,-73,-2147483648,367921,4294967295,0,0
301560617,301.560617,14710,14710,14710,0,6,6,313,0,323,0,0,1,0,0,117,117,0,74414,1,0,420,22792,0,244,281,1,3,60,830544,2167,74414,22,23,598,0,-74,-2147483648,115981,4294967295,0,0
301810618,301.810618,14723,14723,14723,0,6,6,313,0,323,0,0,1,0,0,130,130,0,74414,1,0,420,22811,0,245,281,0,3,61,830544,2164,74414,22,23,598,0,-74,-2147483648,365982,4294967295,0,0
302060620,302.060620,14735,14735,14735,0,5,6,313,0,323,0,0,1,0,0,142,142,0,74414,1,0,420,22831,0,138,281,1,3,60,830544,2167,74414,22,23,599,0,-75,-2147483648,115848,4294967295,0,0
302310621,302.310621,14748,14748,14748,0,6,6,313,0,323,0,0,1,0,0,155,155,0,74414,1,0,420,22850,0,244,281,1,3,60,830544,2164,74414,22,23,599,0,-75,-2147483648,365849,4294967295,0,0
302560621,302.560621,14760,14760,14760,0,6,6,313,0,323,0,0,1,0,0,167,167,0,74414,1,0,420,22869,0,244,281,1,3,60,830544,2167,74414,22,23,600,0,-77,-2147483648,114788,4294967295,0,0
302810622,302.810622,14773,14773,14773,0,5,6,313,0,323,0,0,1,0,0,180,180,0,74414,1,0,420,22888,0,245,281,1,3,60,830544,2459,74414,22,23,600,0,-77,-2147483648,364789,4294967295,0,0
303060623,303.060623,14785,14785,14785,0,6,6,313,0,323,0,0,1,0,0,192,192,0,74414,1,0,420,22908,0,138,281,1,3,60,830544,2167,74414,22,23,601,0,-77,-2147483648,103435,4294967295,0,0
303310625,303.310625,14798,14798,14798,0,6,6,313,0,323,0,0,1,0,0,205,205,0,74414,1,0,420,22927,0,244,281,1,3,60,830544,2164,74414,22,23,601,0,-77,-2147483648,353437,4294967295,0,0
303560627,303.560627,14810,14810,14810,0,6,6,313,0,323,0,0,1,0,0,217,217,0,74414,1,0,420,22946,0,245,281,1,3,2,830544,2167,74414,22,23,602,0,-75,-2147483648,101341,4294967295,0,0
303810629,303.810629,14823,14823,14823,0,6,6,313,0,323,0,0,1,0,0,230,230,0,74414,1,0,420,22965,0,244,281,1,3,60,830544,2164,74414,22,23,602,0,-75,-2147483648,351343,4294967295,0,0
304060630,304.060630,14835,14835,14835,0,5,6,313,0,323,0,0,1,0,0,242,242,0,74414,1,0,420,22985,0,138,281,1,3,60,830544,2167,74414,22,23,603,0,-75,-2147483648,99855,4294967295,0,0
304310631,304.310631,14848,14848,14848,0,6,6,313,0,323,0,0,1,0,0,255,255,0,74414,1,0,420,23004,0,244,281,1,3,61,830544,2164,74414,22,23,603,0,-75,-2147483648,349856,4294967295,0,0
304560633,304.560633,14860,14860,14860,0,6,6,313,0,323,0,0,1,0,0,11,11,0,74414,1,0,420,23023,0,244,281,1,3,60,830544,2167,74414,22,23,604,0,-74,-2147483648,99791,4294967295,0,0
304810635,304.810635,14873,14873,14873,0,6,6,313,0,323,0,0,1,0,0,24,24,0,74414,1,0,420,23042,0,244,281,1,3,60,830544,2164,74414,22,23,604,0,-74,-2147483648,349793,4294967295,0,0
305060636,305.060636,14885,14885,14885,0,5,6,313,0,323,0,0,1,0,0,36,36,0,74414,1,0,420,23062,0,138,281,1,3,60,830544,2167,74414,22,23,605,0,-75,-2147483648,99225,4294967295,0,0
305310637,305.310637,14898,14898,14898,0,6,6,313,0,323,0,0,1,0,0,49,49,0,74414,1,0,420,23081,0,244,281,1,3,60,830544,1164,74414,22,23,605,0,-75,-2147483648,349226,4294967295,0,0
305560637,305.560637,14910,14910,14910,0,6,6,313,0,323,0,0,1,0,0,61,61,0,74414,1,0,420,23100,0,244,281,1,3,60,830544,2167,74414,22,23,606,0,-75,-2147483648,98599,4294967295,0,0
305810638,305.810638,14923,14923,14923,0,6,6,313,0,323,0,0,1,0,0,74,74,0,74414,1,0,420,23119,0,244,281,1,3,60,830544,2458,74414,22,23,606,0,-75,-2147483648,348600,4294967295,0,0
306060638,306.060638,14935,14935,14935,0,6,6,313,0,323,0,0,1,0,0,86,86,0,74414,1,0,420,23139,0,138,281,1,3,60,830544,2167,74414,22,23,607,0,-75,-2147483648,96622,4294967295,0,0
306310640,306.310640,14948,14948,14948,0,6,6,313,0,323,0,0,1,0,0,99,99,0,74414,1,0,420,23158,0,245,281,1,3,60,830544,2164,74414,22,23,607,0,-75,-2147483648,346624,4294967295,0,0
306560641,306.560641,14960,14960,14960,0,6,6,313,0,323,0,0,1,0,0,111,111,0,74414,1,0,420,23177,0,244,281,1,3,60,830544,2167,74414,22,23,608,0,-76,-2147483648,95604,4294967295,0,0
306810641,306.810641,14973,14973,14973,0,5,6,313,0,323,0,0,1,0,0,124,124,0,74414,1,0,420,23196,0,245,281,1,3,60,830544,2459,74414,21,23,608,0,-76,-2147483648,345604,4294967295,0,0
307060641,307.060641,14985,14985,14985,0,6,6,313,0,323,0,0,1,0,0,136,136,0,74414,1,0,420,23216,0,138,281,1,3,60,830544,1167,74414,22,23,609,0,-76,-2147483648,94959,4294967295,0,0
307310641,307.310641,14998,14998,14998,0,6,6,313,0,323,0,0,1,0,0,149,149,0,74414,1,0,420,23235,0,280,281,1,3,60,830544,2164,74414,21,23,609,0,-76,-2147483648,344959,4294967295,0,0
307560641,307.560641,15010,15010,15010,0,6,6,313,0,323,0,0,1,0,0,161,161,0,74414,1,0,420,23254,0,244,281,1,3,60,830544,2167,74414,22,23,610,0,-77,-2147483648,94804,4294967295,0,0
307810642,307.810642,15023,15023,15023,0,6,6,313,0,323,0,0,1,0,0,174,174,0,74414,1,0,420,23273,0,245,281,1,3,60,830544,2164,74414,21,23,610,0,-77,-2147483648,344805,4294967295,0,0
308060643,308.060643,15035,15035,15035,0,6,6,313,0,323,0,0,1,0,0,186,186,0,74414,1,0,420,23293,0,138,281,1,3,2,830544,2167,74414,22,23,611,0,-77,-2147483648,82899,4294967295,0,0
308310643,308.310643,15048,15048,15048,0,6,6,313,0,323,0,0,1,0,0,199,199,0,74414,1,0,420,23312,0,244,281,1,3,60,830544,2165,74414,22,23,611,0,-77,-2147483648,332899,4294967295,0,0
308560645,308.560645,15060,15060,15060,0,5,6,313,0,323,0,0,1,0,0,211,211,0,74414,1,0,420,23331,0,245,281,1,3,60,830544,2167,74414,22,23,612,0,-77,-2147483648,81172,4294967295,0,0
308810645,308.810645,15073,15073,15073,0,6,6,313,0,323,0,0,1,0,0,224,224,0,74414,1,0,420,23350,0,245,281,1,3,1,830544,2164,74414,22,23,612,0,-77,-2147483648,331172,4294967295,0,0
309060645,309.060645,15085,15085,15085,0,6,6,313,0,323,0,0,1,0,0,236,236,0,74414,1,0,420,23370,0,138,281,1,3,61,830544,2167,74414,22,23,613,0,-77,-2147483648,79930,4294967295,0,0
309310645,309.310645,15098,15098,15098,0,6,6,313,0,323,0,0,1,0,0,249,249,0,74414,1,0,420,23389,0,244,281,1,3,60,830544,2164,74414,22,23,613,0,-77,-2147483648,329930,4294967295,0,0
309560646,309.560646,15110,15110,15110,0,6,6,313,0,323,0,0,1,0,0,5,5,0,74414,1,0,420,23408,0,245,281,1,3,61,830544,1167,74414,21,23,614,0,-75,-2147483648,79580,4294967295,0,0
309810647,309.810647,15123,15123,15123,0,6,6,313,0,323,0,0,1,0,0,18,18,0,74414,1,0,420,23427,0,244,281,1,3,60,830544,2164,74414,22,23,614,0,-75,-2147483648,329581,4294967295,0,0
310060647,310.060647,15135,15135,15135,0,6,6,313,0,323,0,0,1,0,0,30,30,0,74414,1,0,420,23447,0,137,281,1,3,60,830544,1167,74414,22,23,615,0,-76,-2147483648,77762,4294967295,0,0
310310649,310.310649,15148,15148,15148,0,6,6,313,0,323,0,0,1,0,0,43,43,0,74414,1,0,420,23466,0,244,281,1,3,60,830544,2164,74414,22,23,615,0,-76,-2147483648,327764,4294967295,0,0
310560650,310.560650,15160,15160,15160,0,6,6,313,0,323,0,0,1,0,0,55,55,0,74414,1,0,420,23485,0,244,281,1,3,60,830544,1168,74414,22,23,616,0,-75,-2147483648,77413,4294967295,0,0
310810652,310.810652,15173,15173,15173,0,6,6,313,0,323,0,0,1,0,0,68,68,0,74414,1,0,420,23504,0,244,281,1,3,60,830544,2459,74414,22,23,616,0,-75,-2147483648,327415,4294967295,0,0
311060652,311.060652,15185,15185,15185,0,6,6,313,0,323,0,0,1,0,0,80,80,0,74414,1,0,420,23524,0,139,281,1,3,2,830544,2167,74414,22,23,617,0,-76,-2147483648,75840,4294967295,0,0
311310653,311.310653,15198,15198,15198,0,6,6,313,0,323,0,0,1,0,0,93,93,0,74414,1,0,420,23543,0,244,281,1,3,2,830544,2164,74414,22,23,617,0,-76,-2147483648,325841,4294967295,0,0
311560653,311.560653,15210,15210,15210,0,6,6,313,0,323,0,0,1,0,0,105,105,0,74414,1,0,420,23562,0,244,281,1,3,60,830544,2168,74414,21,23,618,0,-75,-2147483648,74656,4294967295,0,0
311810655,311.810655,15223,15223,15223,0,6,6,313,0,323,0,0,1,0,0,118,118,0,74414,1,0,420,23581,0,245,281,1,3,60,830544,2164,74414,21,23,618,0,-75,-2147483648,324658,4294967295,0,0
312060656,312.060656,15235,15235,15235,0,5,6,313,0,323,0,0,1,0,0,130,130,0,74414,1,0,420,23601,0,138,281,1,3,60,830544,2167,74414,22,23,619,0,-74,-2147483648,63337,4294967295,0,0
312310656,312.310656,15248,15248,15248,0,6,6,313,0,323,0,0,1,0,0,143,143,0,74414,1,0,420,23620,0,244,281,1,3,60,830544,2164,74414,22,23,619,0,-74,-2147483648,313337,4294967295,0,0
312560658,312.560658,15260,15260,15260,0,6,6,313,0,323,0,0,1,0,0,155,155,0,74414,1,0,420,23639,0,244,281,1,3,61,830544,1168,74414,22,23,620,0,-74,-2147483648,62316,4294967295,0,0
312810659,312.810659,15273,15273,15273,0,6,6,313,0,323,0,0,1,0,0,168,168,0,74414,1,0,420,23658,0,244,281,1,3,60,830544,2164,74414,23,23,620,0,-74,-2147483648,312317,4294967295,0,0
313060660,313.060660,15285,15285,15285,0,5,6,313,0,323,0,0,1,0,0,180,180,0,74414,1,0,420,23678,0,138,281,1,3,60,830544,2168,74414,21,23,621,0,-75,-2147483648,61139,4294967295,0,0
313310661,313.310661,15298,15298,15298,0,6,6,313,0,323,0,0,1,0,0,193,193,0,74414,1,0,420,23697,0,280,281,1,3,60,830544,2494,74414,22,23,621,0,-75,-2147483648,311140,4294967295,0,0
313560661,313.560661,15310,15310,15310,0,6,6,313,0,323,0,0,1,0,0,205,205,0,74414,1,0,420,23716,0,244,281,1,3,60,830544,1167,74414,22,23,622,0,-75,-2147483648,60144,4294967295,0,0
313810663,313.810663,15323,15323,15323,0,6,6,313,0,323,0,0,1,0,0,218,218,0,74414,1,0,420,23735,0,244,281,0,3,61,830544,1165,74414,22,23,622,0,-75,-2147483648,310146,4294967295,0,0
314060663,314.060663,15335,15335,15335,0,6,6,313,0,323,0,0,1,0,0,230,230,0,74414,1,0,420,23755,0,138,281,1,3,60,830544,1168,74414,21,23,623,0,-76,-2147483648,58660,4294967295,0,0
314310663,314.310663,15348,15348,15348,0,6,6,313,0,323,0,0,1,0,0,243,243,0,74414,1,0,420,23774,0,244,281,1,3,60,830544,1164,74414,22,23,623,0,-76,-2147483648,308660,4294967295,0,0
314560665,314.560665,15360,15360,15360,0,6,6,313,0,323,0,0,1,0,0,255,255,0,74414,1,0,420,23793,0,244,281,1,3,60,830544,2167,74414,22,23,624,0,-80,-2147483648,56815,4294967295,0,0
314810667,314.810667,15373,15373,15373,0,6,6,313,0,323,0,0,1,0,0,12,12,0,74414,1,0,420,23812,0,244,281,1,3,60,830544,2164,74414,22,23,624,0,-80,-2147483648,306817,4294967295,0,0
315060668,315.060668,15385,15385,15385,0,6,6,313,0,323,0,0,1,0,0,24,24,0,74414,1,0,420,23832,0,138,281,0,3,61,830544,2167,74414,22,23,625,0,-84,-2147483648,55909,4294967295,0,0
315310669,315.310669,15398,15398,15398,0,6,6,313,0,323,0,0,1,0,0,37,37,0,74414,1,0,420,23850,0,244,281,1,3,60,830544,2164,74414,22,23,625,0,-84,-2147483648,305910,4294967295,0,0
315560669,315.560669,15410,15410,15410,0,6,6,313,0,323,0,0,1,0,0,49,49,0,74414,1,0,420,23870,0,138,281,1,3,60,830544,2167,74414,22,23,626,0,-84,-2147483648,43516,4294967295,0,0
315810669,315.810669,15423,15423,15423,0,6,6,313,0,323,0,0,1,0,0,62,62,0,74414,1,0,420,23889,0,244,281,1,3,60,830544,2164,74414,22,23,626,0,-84,-2147483648,293516,4294967295,0,0
316060669,316.060669,15435,15435,15435,0,5,6,313,0,323,0,0,1,0,0,74,74,0,74414,1,0,420,23909,0,138,281,1,3,60,830544,2167,74414,21,23,627,0,-80,-2147483648,43256,4294967295,0,0
316310671,316.310671,15448,15448,15448,0,6,6,313,0,323,0,0,1,0,0,87,87,0,74414,1,0,420,23928,0,244,281,1,3,60,830544,2164,74414,22,23,627,0,-80,-2147483648,293258,4294967295,0,0
316560671,316.560671,15460,15460,15460,0,6,6,313,0,323,0,0,1,0,0,99,99,0,74414,1,0,420,23947,0,244,281,1,3,60,830544,2167,74414,22,23,628,0,-78,-2147483648,42377,4294967295,0,0
316810672,316.810672,15473,15473,15473,0,6,6,313,0,323,0,0,1,0,0,112,112,0,74414,1,0,420,23966,0,245,281,1,3,60,830544,2164,74414,22,23,628,0,-78,-2147483648,292378,4294967295,0,0
317060674,317.060674,15485,15485,15485,0,6,6,313,0,323,0,0,1,0,0,124,124,0,74414,1,0,420,23986,0,138,281,1,3,60,830544,2167,74414,22,23,629,0,-76,-2147483648,42008,4294967295,0,0
317310675,317.310675,15498,15498,15498,0,6,6,313,0,323,0,0,1,0,0,137,137,0,74414,1,0,420,24005,0,244,281,1,3,60,830544,2458,74414,22,23,629,0,-76,-2147483648,292009,4294967295,0,0
317560677,317.560677,15510,15510,15510,0,6,6,313,0,323,0,0,1,0,0,149,149,0,74414,1,0,420,24024,0,244,281,1,3,60,830544,2167,74414,22,23,630,0,-80,-2147483648,41010,4294967295,0,0
317810678,317.810678,15523,15523,15523,0,6,6,313,0,323,0,0,1,0,0,162,162,0,74414,1,0,420,24043,0,245,281,0,3,61,830544,1164,74414,22,23,630,0,-80,-2147483648,291011,4294967295,0,0
318060678,318.060678,15535,15535,15535,0,5,6,313,0,323,0,0,1,0,0,174,174,0,74414,1,0,420,24063,0,138,281,1,3,60,830544,1167,74414,22,23,631,0,-80,-2147483648,39439,4294967295,0,0
318310679,318.310679,15548,15548,15548,0,6,6,313,0,323,0,0,1,0,0,187,187,0,74414,1,0,420,24082,0,244,281,1,3,60,830544,2164,74414,22,23,631,0,-80,-2147483648,289440,4294967295,0,0
318560681,318.560681,15560,15560,15560,0,6,6,313,0,323,0,0,1,0,0,199,199,0,74414,1,0,420,24101,0,244,281,1,3,60,830544,2167,74414,22,23,632,0,-83,-2147483648,37283,4294967295,0,0
318810681,318.810681,15573,15573,15573,0,5,6,313,0,323,0,0,1,0,0,212,212,0,74414,1,0,420,24120,0,244,281,1,3,60,830544,2164,74414,22,23,632,0,-83,-2147483648,287283,4294967295,0,0
319060681,319.060681,15585,15585,15585,0,6,6,313,0,323,0,0,1,0,0,224,224,0,74414,1,0,420,24140,0,138,281,1,3,60,830544,2167,74414,22,23,633,0,-79,-2147483648,36689,4294967295,0,0
319310681,319.310681,15598,15598,15598,0,6,6,313,0,323,0,0,1,0,0,237,237,0,74414,1,0,420,24159,0,245,281,1,3,60,830544,2458,74414,22,23,633,0,-79,-2147483648,286689,4294967295,0,0
319560681,319.560681,15610,15610,15610,0,6,6,313,0,323,0,0,1,0,0,249,249,0,74414,1,0,420,24178,0,244,281,1,3,60,830544,2167,74414,22,23,634,0,-85,-2147483648,35874,4294967295,0,0
319810681,319.810681,15623,15623,15623,0,6,6,313,0,323,0,0,1,0,0,6,6,0,74414,1,0,420,24197,0,244,281,1,3,60,830544,2458,74414,22,23,634,0,-85,-2147483648,285874,4294967295,0,0
320060681,320.060681,15635,15635,15635,0,6,6,313,0,323,0,0,1,0,0,18,18,0,74414,1,0,420,24217,0,138,281,1,3,60,830544,2167,74414,22,23,635,0,-87,-2147483648,24432,4294967295,0,0
320310681,320.310681,15648,15648,15648,0,6,6,313,0,323,0,0,1,0,0,31,31,0,74414,1,0,420,24236,0,244,281,1,3,60,830544,2164,74414,22,23,635,0,-87,-2147483648,274432,4294967295,0,0
320560681,320.560681,15660,15660,15660,0,6,6,313,0,323,0,0,1,0,0,43,43,0,74414,1,0,420,24255,0,244,281,1,3,60,830544,2167,74414,22,23,636,0,-87,-2147483648,21905,4294967295,0,0
320810682,320.810682,15673,15673,15673,0,6,6,313,0,323,0,0,1,0,0,56,56,0,74414,1,0,420,24274,0,244,281,1,3,60,830544,2164,74414,22,23,636,0,-87,-2147483648,271906,4294967295,0,0
321060683,321.060683,15685,15685,15685,0,6,6,313,0,323,0,0,1,0,0,68,68,0,74414,1,0,420,24294,0,138,281,1,3,60,830544,2167,74414,21,23,637,0,-86,-2147483648,20698,4294967295,0,0
321310685,321.310685,15698,15698,15698,0,6,6,313,0,323,0,0,1,0,0,81,81,0,74414,1,0,420,24313,0,244,281,1,3,60,830544,2164,74414,22,23,637,0,-86,-2147483648,270700,4294967295,0,0
321560685,321.560685,15710,15710,15710,0,6,6,313,0,323,0,0,1,0,0,93,93,0,74414,1,0,420,24332,0,138,281,1,3,61,830544,2167,74414,22,23,638,0,-82,-2147483648,20560,4294967295,0,0
321810687,321.810687,15723,15723,15723,0,6,6,313,0,323,0,0,1,0,0,106,106,0,74414,1,0,420,24351,0,245,281,1,3,60,830544,2164,74414,22,23,638,0,-82,-2147483648,270562,4294967295,0,0
322060688,322.060688,15735,15735,15735,0,6,6,313,0,323,0,0,1,0,0,118,118,0,74414,1,0,420,24371,0,138,281,1,3,60,830544,2167,74414,22,23,639,0,-85,-2147483648,20024,4294967295,0,0
322310690,322.310690,15748,15748,15748,0,6,6,313,0,323,0,0,1,0,0,131,131,0,74414,1,0,420,24390,0,244,281,1,3,60,830544,2459,74414,22,23,639,0,-85,-2147483648,270026,4294967295,0,0
322560690,322.560690,15760,15760,15760,0,6,6,313,0,323,0,0,1,0,0,143,143,0,74414,1,0,420,24409,0,244,281,1,3,60,830544,2167,74414,22,23,640,0,-83,-2147483648,18810,4294967295,0,0
322810692,322.810692,15773,15773,15773,0,6,6,313,0,323,0,0,1,0,0,156,156,0,74414,1,0,420,24428,0,244,281,1,3,60,830544,2458,74414,22,23,640,0,-83,-2147483648,268812,4294967295,0,0
323060694,323.060694,15785,15785,15785,0,6,6,313,0,323,0,0,1,0,0,168,168,0,74414,1,0,420,24448,0,138,281,1,3,60,830544,2167,74414,22,23,641,0,-88,-2147483648,17742,4294967295,0,0
323310694,323.310694,15798,15798,15798,0,6,6,313,0,323,0,0,1,0,0,181,181,0,74414,1,0,420,24467,0,244,281,0,3,61,830544,2164,74414,22,23,641,0,-88,-2147483648,267742,4294967295,0,0
323560696,323.560696,15810,15810,15810,0,6,6,313,0,323,0,0,1,0,0,193,193,0,74414,1,0,420,24486,0,244,281,1,3,60,830544,2167,74414,22,23,642,0,-82,-2147483648,17080,4294967295,0,0
323810696,323.810696,15823,15823,15823,0,6,6,313,0,323,0,0,1,0,0,206,206,0,74414,1,0,420,24505,0,244,281,1,3,60,830544,2164,74414,22,23,642,0,-82,-2147483648,267080,4294967295,0,0
324060697,324.060697,15835,15835,15835,0,6,6,313,0,323,0,0,1,0,0,218,218,0,74414,1,0,420,24525,0,139,281,1,3,60,830544,2167,74414,22,23,643,0,-86,-2147483648,16488,4294967295,0,0
324310699,324.310699,15848,15848,15848,0,6,6,313,0,323,0,0,1,0,0,231,231,0,74414,1,0,420,24544,0,244,281,1,3,60,830544,2164,74414,22,23,643,0,-86,-2147483648,266490,4294967295,0,0
324560699,324.560699,15860,15860,15860,0,6,6,313,0,323,0,0,1,0,0,243,243,0,74414,1,0,420,24563,0,244,281,1,3,60,830544,2167,74414,22,23,644,0,-78,-2147483648,16346,4294967295,0,0
324810701,324.810701,15873,15873,15873,0,6,6,313,0,323,0,0,1,0,0,0,0,0,74414,1,0,420,24582,0,279,281,1,3,60,830544,2494,74414,22,23,644,0,-78,-2147483648,266348,4294967295,0,0
325060703,325.060703,15885,15885,15885,0,6,6,313,0,323,0,0,1,0,0,12,12,0,74414,1,0,420,24602,0,138,281,1,3,60,830544,2167,74414,22,23,645,0,-76,-2147483648,15047,4294967295,0,0
325310704,325.310704,15898,15898,15898,0,6,6,313,0,323,0,0,1,0,0,25,25,0,74414,1,0,420,24621,0,245,281,1,3,60,830544,2164,74414,22,23,645,0,-76,-2147483648,265048,4294967295,0,0
325560706,325.560706,15910,15910,15910,0,6,6,313,0,323,0,0,1,0,0,37,37,0,74414,1,0,420,24640,0,138,281,1,3,60,830544,2167,74414,22,23,646,0,-77,-2147483648,3694,4294967295,0,0
325810708,325.810708,15923,15923,15923,0,6,6,313,0,323,0,0,1,0,0,50,50,0,74414,1,0,420,24659,0,244,281,1,3,60,830544,2164,74414,22,23,646,0,-77,-2147483648,253696,4294967295,0,0
326060710,326.060710,15935,15935,15935,0,5,6,313,0,323,0,0,1,0,0,62,62,0,74414,1,0,420,24679,0,137,281,1,3,60,830544,2133,74414,22,23,647,0,-74,-2147483648,2489,4294967295,0,0
326310711,326.310711,15948,15948,15948,0,5,6,313,0,323,0,0,1,0,0,75,75,0,74414,1,0,420,24698,0,244,281,1,3,2,830544,2164,74414,22,23,647,0,-74,-2147483648,252490,4294967295,0,0
326560712,326.560712,15960,15960,15960,0,6,6,313,0,323,0,0,1,0,0,87,87,0,74414,1,0,420,24717,0,139,281,1,3,60,830544,2193,74414,22,23,648,0,-78,-2147483648,1350,4294967295,0,0
326810714,326.810714,15973,15973,15973,0,6,6,313,0,323,0,0,1,0,0,100,100,0,74414,1,0,420,24736,0,245,281,1,3,60,830544,2164,74414,21,23,648,0,-78,-2147483648,251352,4294967295,0,0
327060716,327.060716,15985,15985,15985,0,6,6,313,0,323,0,0,1,0,0,112,112,0,74414,1,0,420,24756,0,138,281,1,3,60,830544,2109,74414,22,23,649,0,-83,-2147483648,1394,4294967295,0,0
327310716,327.310716,15998,15998,15998,0,6,6,313,0,323,0,0,1,0,0,125,125,0,74414,1,0,420,24775,0,244,281,1,3,1,830544,2164,74414,22,23,649,0,-83,-2147483648,251394,4294967295,0,0
327560717,327.560717,16010,16010,16010,0,6,6,313,0,323,0,0,1,0,0,137,137,0,74414,1,0,420,24794,0,138,281,0,3,61,830544,2167,74414,21,23,650,0,-79,-2147483648,1070,4294967295,0,0
327810719,327.810719,16023,16023,16023,0,5,6,313,0,323,0,0,1,0,0,150,150,0,74414,1,0,420,24813,0,245,281,1,3,60,830544,2164,74414,21,23,650,0,-79,-2147483648,251072,4294967295,0,0
328060720,328.060720,16035,16035,16035,0,6,6,313,0,323,0,0,1,0,0,162,162,0,74414,1,0,420,24833,0,139,281,1,3,61,830544,2167,74414,22,23,651,0,-78,-2147483648,294,4294967295,0,0
328310720,328.310720,16048,16048,16048,0,6,6,313,0,323,0,0,1,0,0,175,175,0,74414,1,0,420,24852,0,245,281,1,3,60,830544,2164,74414,22,23,651,0,-78,-2147483648,250294,4294967295,0,0
328560720,328.560720,16060,16060,16060,0,6,6,313,0,323,0,0,1,0,0,187,187,0,74414,1,0,420,24870,0,245,281,1,3,60,830544,2167,74414,22,23,651,0,-78,-2147483648,500294,4294967295,0,0
328810720,328.810720,16073,16073,16073,0,6,6,313,0,323,0,0,1,0,0,200,200,0,74414,1,0,420,24890,0,244,281,1,3,60,830544,2164,74414,22,23,652,0,-75,-2147483648,248164,4294967295,0,0
329060722,329.060722,16085,16085,16085,0,5,6,313,0,323,0,0,1,0,0,212,212,0,74414,1,0,420,24909,0,138,281,1,3,60,830544,1167,74414,21,23,652,0,-75,-2147483648,498166,4294967295,0,0
329310723,329.310723,16098,16098,16098,0,6,6,313,0,323,0,0,1,0,0,225,225,0,74414,1,0,420,24929,0,244,281,1,3,60,830544,1164,74414,22,23,653,0,-75,-2147483648,246258,4294967295,0,0
329560723,329.560723,16110,16110,16110,0,6,6,313,0,323,0,0,1,0,0,237,237,0,74414,1,0,420,24947,0,244,281,1,3,60,830544,2167,74414,22,23,653,0,-75,-2147483648,496258,4294967295,0,0
329810725,329.810725,16123,16123,16123,0,5,6,313,0,323,0,0,1,0,0,250,250,0,74414,1,0,420,24967,0,245,281,1,3,60,830544,2165,74414,22,23,654,0,-78,-2147483648,233529,4294967295,0,0
330060726,330.060726,16135,16135,16135,0,6,6,313,0,323,0,0,1,0,0,6,6,0,74414,1,0,420,24986,0,138,281,1,3,60,830544,2167,74414,22,23,654,0,-78,-2147483648,483530,4294967295,0,0
330310728,330.310728,16148,16148,16148,0,6,6,313,0,323,0,0,1,0,0,19,19,0,74414,1,0,420,25006,0,244,281,1,3,60,830544,1164,74414,22,23,655,0,-80,-2147483648,232566,4294967295,0,0
330560730,330.560730,16160,16160,16160,0,6,6,313,0,323,0,0,1,0,0,31,31,0,74414,1,0,420,25024,0,244,281,1,3,61,830544,2167,74414,22,23,655,0,-80,-2147483648,482568,4294967295,0,0
330810732,330.810732,16173,16173,16173,0,6,6,313,0,323,0,0,1,0,0,44,44,0,74414,1,0,420,25044,0,280,281,1,3,60,830544,2164,74414,22,23,656,0,-79,-2147483648,231332,4294967295,0,0
331060733,331.060733,16185,16185,16185,0,6,6,313,0,323,0,0,1,0,0,56,56,0,74414,1,0,420,25063,0,138,281,0,3,60,830544,2167,74414,22,23,656,0,-79,-2147483648,481333,4294967295,0,0
331310735,331.310735,16198,16198,16198,0,6,6,313,0,323,0,0,1,0,0,69,69,0,74414,1,0,420,25083,0,244,281,1,3,2,830544,2458,74414,22,23,657,0,-76,-2147483648,229177,4294967295,0,0
331560737,331.560737,16210,16210,16210,0,6,6,313,0,323,0,0,1,0,0,81,81,0,74414,1,0,420,25101,0,280,281,1,3,60,830544,2167,74414,22,23,657,0,-76,-2147483648,479179,4294967295,0,0
331810737,331.810737,16223,16223,16223,0,5,6,313,0,323,0,0,1,0,0,94,94,0,74414,1,0,420,25121,0,245,281,1,3,60,830544,2459,74414,22,23,658,0,-76,-2147483648,229135,4294967295,0,0
332060739,332.060739,16235,16235,16235,0,6,6,313,0,323,0,0,1,0,0,106,106,0,74414,1,0,420,25140,0,138,281,1,3,60,830544,2167,74414,22,23,658,0,-76,-2147483648,479137,4294967295,0,0
332310740,332.310740,16248,16248,16248,0,6,6,313,0,323,0,0,1,0,0,119,119,0,74414,1,0,420,25160,0,244,281,1,3,60,830544,2459,74414,22,23,659,0,-77,-2147483648,227071,4294967295,0,0
332560740,332.560740,16260,16260,16260,0,6,6,313,0,323,0,0,1,0,0,131,131,0,74414,1,0,420,25178,0,244,281,1,3,60,830544,2167,74414,22,23,659,0,-77,-2147483648,477071,4294967295,0,0
332810740,332.810740,16273,16273,16273,0,5,6,313,0,323,0,0,1,0,0,144,144,0,74414,1,0,420,25198,0,244,281,1,3,60,830544,2459,74414,22,23,660,0,-78,-2147483648,225405,4294967295,0,0
333060741,333.060741,16285,16285,16285,0,6,6,313,0,323,0,0,1,0,0,156,156,0,74414,1,0,420,25217,0,138,281,1,3,61,830544,2167,74414,22,23,660,0,-78,-2147483648,475406,4294967295,0,0
333310742,333.310742,16298,16298,16298,0,6,6,313,0,323,0,0,1,0,0,169,169,0,74414,1,0,420,25237,0,244,281,0,3,61,830544,2458,74414,22,23,661,0,-78,-2147483648,214476,4294967295,0,0
333560743,333.560743,16310,16310,16310,0,6,6,313,0,323,0,0,1,0,0,181,181,0,74414,1,0,420,25255,0,244,281,1,3,60,830544,2167,74414,22,23,661,0,-78,-2147483648,464477,4294967295,0,0
333810743,333.810743,16323,16323,16323,0,6,6,313,0,323,0,0,1,0,0,194,194,0,74414,1,0,420,25275,0,245,281,1,3,60,830544,2164,74414,21,23,662,0,-79,-2147483648,212105,4294967295,0,0
334060743,334.060743,16335,16335,16335,0,5,6,313,0,323,0,0,1,0,0,206,206,0,74414,1,0,420,25294,0,138,281,1,3,2,830544,2167,74414,22,23,662,0,-79,-2147483648,462105,4294967295,0,0
334310744,334.310744,16348,16348,16348,0,6,6,313,0,323,0,0,1,0,0,219,219,0,74414,1,0,420,25314,0,244,281,1,3,60,830544,2164,74414,22,23,663,0,-78,-2147483648,211910,4294967295,0,0
334560746,334.560746,16360,16360,16360,0,6,6,313,0,323,0,0,1,0,0,231,231,0,74414,1,0,420,25332,0,244,281,1,3,60,830544,2167,74414,22,23,663,0,-78,-2147483648,461912,4294967295,0,0
334810748,334.810748,16373,16373,16373,0,5,6,313,0,323,0,0,1,0,0,244,244,0,74414,1,0,420,25352,0,244,281,1,3,60,830544,2164,74414,22,23,664,0,-77,-2147483648,210978,4294967295,0,0
335060750,335.060750,16385,16385,16385,0,6,6,313,0,323,0,0,1,0,0,0,0,0,74414,1,0,420,25371,0,137,281,1,3,60,830544,2167,74414,22,23,664,0,-77,-2147483648,460980,4294967295,0,0
335310751,335.310751,16398,16398,16398,0,6,6,313,0,323,0,0,1,0,0,13,13,0,74414,1,0,420,25391,0,245,281,1,3,60,830544,2164,74414,22,23,665,0,-72,-2147483648,209743,4294967295,0,0
335560752,335.560752,16410,16410,16410,0,6,6,313,0,323,0,0,1,0,0,25,25,0,74414,1,0,420,25409,0,244,281,1,3,60,830544,2167,74414,22,23,665,0,-72,-2147483648,459744,4294967295,0,0
335810753,335.810753,16423,16423,16423,0,5,6,313,0,323,0,0,1,0,0,38,38,0,74414,1,0,420,25429,0,244,281,1,3,60,830544,2164,74414,22,23,666,0,-78,-2147483648,209269,4294967295,0,0
336060753,336.060753,16435,16435,16435,0,5,6,313,0,323,0,0,1,0,0,50,50,0,74414,1,0,420,25448,0,138,281,1,3,60,830544,2167,74414,22,23,666,0,-78,-2147483648,459269,4294967295,0,0
336310753,336.310753,16448,16448,16448,0,6,6,313,0,323,0,0,1,0,0,63,63,0,74414,1,0,420,25468,0,244,281,0,3,61,830544,2458,74414,22,23,667,0,-74,-2147483648,207508,4294967295,0,0
336560755,336.560755,16460,16460,16460,0,6,6,313,0,323,0,0,1,0,0,75,75,0,74414,1,0,420,25486,0,244,281,1,3,60,830544,2168,74414,22,23,667,0,-74,-2147483648,457510,4294967295,0,0
336810755,336.810755,16473,16473,16473,0,6,6,313,0,323,0,0,1,0,0,88,88,0,74414,1,0,420,25506,0,244,281,1,3,60,830544,1164,74414,22,23,668,0,-76,-2147483648,205936,4294967295,0,0
337060755,337.060755,16485,16485,16485,0,6,6,313,0,323,0,0,1,0,0,100,100,0,74414,1,0,420,25525,0,138,281,1,3,60,830544,2167,74414,21,23,668,0,-76,-2147483648,455936,4294967295,0,0
337310757,337.310757,16498,16498,16498,0,6,6,313,0,323,0,0,1,0,0,113,113,0,74414,1,0,420,25545,0,244,281,1,3,60,830544,2164,74414,22,23,669,0,-75,-2147483648,205401,4294967295,0,0
337560758,337.560758,16510,16510,16510,0,6,6,313,0,323,0,0,1,0,0,125,125,0,74414,1,0,420,25563,0,280,281,1,3,60,830544,2167,74414,22,23,669,0,-75,-2147483648,455402,4294967295,0,0
337810758,337.810758,16523,16523,16523,0,6,6,313,0,323,0,0,1,0,0,138,138,0,74414,1,0,420,25583,0,244,281,1,3,60,830544,2164,74414,22,23,670,0,-75,-2147483648,194472,4294967295,0,0
338060758,338.060758,16535,16535,16535,0,5,6,313,0,323,0,0,1,0,0,150,150,0,74414,1,0,420,25602,0,138,281,0,3,61,830544,2167,74414,22,23,670,0,-75,-2147483648,444472,4294967295,0,0
338310759,338.310759,16548,16548,16548,0,6,6,313,0,323,0,0,1,0,0,163,163,0,74414,1,0,420,25622,0,244,281,1,3,60,830544,2165,74414,22,23,671,0,-76,-2147483648,192134,4294967295,0,0
338560759,338.560759,16560,16560,16560,0,6,6,313,0,323,0,0,1,0,0,175,175,0,74414,1,0,420,25640,0,245,281,1,3,60,830544,2167,74414,22,23,671,0,-76,-2147483648,442134,4294967295,0,0
338810759,338.810759,16573,16573,16573,0,6,6,313,0,323,0,0,1,0,0,188,188,0,74414,1,0,420,25660,0,244,281,1,3,60,830544,2164,74414,22,23,672,0,-76,-2147483648,190099,4294967295,0,0
339060759,339.060759,16585,16585,16585,0,6,6,313,0,323,0,0,1,0,0,200,200,0,74414,1,0,420,25679,0,138,281,1,3,60,830544,2167,74414,22,23,672,0,-76,-2147483648,440099,4294967295,0,0
339310761,339.310761,16598,16598,16598,0,6,6,313,0,323,0,0,1,0,0,213,213,0,74414,1,0,420,25699,0,244,281,1,3,60,830544,2164,74414,22,23,673,0,-77,-2147483648,188130,4294967295,0,0
339560762,339.560762,16610,16610,16610,0,6,6,313,0,323,0,0,1,0,0,225,225,0,74414,1,0,420,25717,0,244,281,1,3,60,830544,2167,74414,22,23,673,0,-77,-2147483648,438131,4294967295,0,0
339810763,339.810763,16623,16623,16623,0,6,6,313,0,323,0,0,1,0,0,238,238,0,74414,1,0,420,25737,0,244,281,1,3,60,830544,2164,74414,22,23,674,0,-77,-2147483648,186921,4294967295,0,0
340060763,340.060763,16635,16635,16635,0,5,6,313,0,323,0,0,1,0,0,250,250,0,74414,1,0,420,25756,0,138,281,1,3,60,830544,2167,74414,21,23,674,0,-77,-2147483648,436921,4294967295,0,0
340310765,340.310765,16648,16648,16648,0,6,6,313,0,323,0,0,1,0,0,7,7,0,74414,1,0,420,25776,0,244,281,1,3,60,830544,2459,74414,22,23,675,0,-74,-2147483648,185958,4294967295,0,0
340560765,340.560765,16660,16660,16660,0,6,6,313,0,323,0,0,1,0,0,19,19,0,74414,1,0,420,25794,0,244,281,1,3,60,830544,2168,74414,22,23,675,0,-74,-2147483648,435958,4294967295,0,0
340810765,340.810765,16673,16673,16673,0,5,6,313,0,323,0,0,1,0,0,32,32,0,74414,1,0,420,25814,0,245,281,1,3,60,830544,2459,74414,22,23,676,0,-74,-2147483648,184749,4294967295,0,0
341060765,341.060765,16685,16685,16685,0,6,6,313,0,323,0,0,1,0,0,44,44,0,74414,1,0,420,25833,0,138,281,1,3,2,830544,2167,74414,22,23,676,0,-74,-2147483648,434749,4294967295,0,0
341310767,341.310767,16698,16698,16698,0,6,6,313,0,323,0,0,1,0,0,57,57,0,74414,1,0,420,25853,0,244,281,1,3,60,830544,2459,74414,22,23,677,0,-74,-2147483648,171931,4294967295,0,0
341560768,341.560768,16710,16710,16710,0,6,6,313,0,323,0,0,1,0,0,69,69,0,74414,1,0,420,25871,0,244,281,1,3,60,830544,2167,74414,22,23,677,0,-74,-2147483648,421932,4294967295,0,0
341810768,341.810768,16723,16723,16723,0,6,6,313,0,323,0,0,1,0,0,82,82,0,74414,1,0,420,25891,0,245,281,1,3,60,830544,2164,74414,21,23,678,0,-76,-2147483648,171359,4294967295,0,0
342060769,342.060769,16735,16735,16735,0,5,6,313,0,323,0,0,1,0,0,94,94,0,74414,1,0,420,25910,0,138,281,1,3,60,830544,2167,74414,22,23,678,0,-76,-2147483648,421360,4294967295,0,0
342310769,342.310769,16748,16748,16748,0,6,6,313,0,323,0,0,1,0,0,107,107,0,74414,1,0,420,25930,0,279,281,1,3,60,830544,2494,74414,22,23,679,0,-78,-2147483648,169760,4294967295,0,0
342560769,342.560769,16760,16760,16760,0,6,6,313,0,323,0,0,1,0,0,119,119,0,74414,1,0,420,25948,0,244,281,1,3,60,830544,2167,74414,22,23,679,0,-78,-2147483648,419760,4294967295,0,0
342810769,342.810769,16773,16773,16773,0,5,6,313,0,323,0,0,1,0,0,132,132,0,74414,1,0,420,25968,0,244,281,1,3,60,830544,2459,74414,22,23,680,0,-77,-2147483648,168090,4294967295,0,0
343060769,343.060769,16785,16785,16785,0,5,6,313,0,323,0,0,1,0,0,144,144,0,74414,1,0,420,25987,0,138,281,1,3,60,830544,2167,74414,22,23,680,0,-77,-2147483648,418090,4294967295,0,0
343310771,343.310771,16798,16798,16798,0,6,6,313,0,323,0,0,1,0,0,157,157,0,74414,1,0,420,26007,0,244,281,1,3,60,830544,2458,74414,22,23,681,0,-78,-2147483648,168046,4294967295,0,0
343560772,343.560772,16810,16810,16810,0,6,6,313,0,323,0,0,1,0,0,169,169,0,74414,1,0,420,26025,0,244,281,1,3,60,830544,2167,74414,22,23,681,0,-78,-2147483648,418047,4294967295,0,0
343810773,343.810773,16823,16823,16823,0,5,6,313,0,323,0,0,1,0,0,182,182,0,74414,1,0,420,26045,0,244,281,1,3,60,830544,2164,74414,22,23,682,0,-78,-2147483648,167114,4294967295,0,0
344060774,344.060774,16835,16835,16835,0,5,6,313,0,323,0,0,1,0,0,194,194,0,74414,1,0,420,26064,0,138,281,0,3,61,830544,2168,74414,22,23,682,0,-78,-2147483648,417115,4294967295,0,0
344310776,344.310776,16848,16848,16848,0,6,6,313,0,323,0,0,1,0,0,207,207,0,74414,1,0,420,26084,0,244,281,1,3,60,830544,2164,74414,22,23,683,0,-77,-2147483648,166939,4294967295,0,0
344560778,344.560778,16860,16860,16860,0,6,6,313,0,323,0,0,1,0,0,219,219,0,74414,1,0,420,26102,0,244,281,1,3,60,830544,2167,74414,22,23,683,0,-77,-2147483648,416941,4294967295,0,0
344810780,344.810780,16873,16873,16873,0,5,6,313,0,323,0,0,1,0,0,232,232,0,74414,1,0,420,26122,0,245,281,1,3,60,830544,2459,74414,22,23,684,0,-76,-2147483648,164944,4294967295,0,0
345060780,345.060780,16885,16885,16885,0,6,6,313,0,323,0,0,1,0,0,244,244,0,74414,1,0,420,26141,0,138,281,1,3,60,830544,2167,74414,22,23,684,0,-76,-2147483648,414944,4294967295,0,0
345310782,345.310782,16898,16898,16898,0,6,6,313,0,323,0,0,1,0,0,1,1,0,74414,1,0,420,26161,0,245,281,1,3,60,830544,2164,74414,21,23,685,0,-76,-2147483648,164779,4294967295,0,0
345560783,345.560783,16910,16910,16910,0,6,6,313,0,323,0,0,1,0,0,13,13,0,74414,1,0,420,26179,0,244,281,1,3,60,830544,2167,74414,22,23,685,0,-76,-2147483648,414780,4294967295,0,0
345810784,345.810784,16923,16923,16923,0,5,6,313,0,323,0,0,1,0,0,26,26,0,74414,1,0,420,26199,0,245,281,1,3,60,830544,2164,74414,22,23,686,0,-79,-2147483648,153456,4294967295,0,0
346060786,346.060786,16935,16935,16935,0,5,6,313,0,323,0,0,1,0,0,38,38,0,74414,1,0,420,26218,0,138,281,1,3,60,830544,2167,74414,22,23,686,0,-79,-2147483648,403458,4294967295,0,0
346310788,346.310788,16948,16948,16948,0,6,6,313,0,323,0,0,1,0,0,51,51,0,74414,1,0,420,26238,0,244,281,1,3,60,830544,2164,74414,22,23,687,0,-74,-2147483648,151487,4294967295,0,0
346560790,346.560790,16960,16960,16960,0,6,6,313,0,323,0,0,1,0,0,63,63,0,74414,1,0,420,26256,0,244,281,0,3,61,830544,2167,74414,22,23,687,0,-74,-2147483648,401489,4294967295,0,0
346810791,346.810791,16973,16973,16973,0,6,6,313,0,323,0,0,1,0,0,76,76,0,74414,1,0,420,26276,0,279,281,1,3,60,830544,2164,74414,22,23,688,0,-78,-2147483648,150249,4294967295,0,0
347060791,347.060791,16985,16985,16985,0,6,6,313,0,323,0,0,1,0,0,88,88,0,74414,1,0,420,26295,0,138,281,1,3,60,830544,2167,74414,22,23,688,0,-78,-2147483648,400249,4294967295,0,0
347310791,347.310791,16998,16998,16998,0,6,6,313,0,323,0,0,1,0,0,101,101,0,74414,1,0,420,26315,0,244,281,1,3,60,830544,2458,74414,22,23,689,0,-77,-2147483648,149280,4294967295,0,0
347560791,347.560791,17010,17010,17010,0,6,6,313,0,323,0,0,1,0,0,113,113,0,74414,1,0,420,26333,0,244,281,1,3,60,830544,2167,74414,22,23,689,0,-77,-2147483648,399280,4294967295,0,0
347810793,347.810793,17023,17023,17023,0,6,6,313,0,323,0,0,1,0,0,126,126,0,74414,1,0,420,26353,0,244,281,1,3,60,830544,2459,74414,22,23,690,0,-78,-2147483648,149087,4294967295,0,0
348060793,348.060793,17035,17035,17035,0,5,6,313,0,323,0,0,1,0,0,138,138,0,74414,1,0,420,26372,0,138,281,1,3,60,830544,2167,74414,22,23,690,0,-78,-2147483648,399087,4294967295,0,0
348310795,348.310795,17048,17048,17048,0,6,6,313,0,323,0,0,1,0,0,151,151,0,74414,1,0,420,26392,0,244,281,1,3,60,830544,2164,74414,22,23,691,0,-77,-2147483648,147818,4294967295,0,0
348560797,348.560797,17060,17060,17060,0,6,6,313,0,323,0,0,1,0,0,163,163,0,74414,1,0,420,26410,0,244,281,0,3,61,830544,2167,74414,22,23,691,0,-77,-2147483648,397820,4294967295,0,0
348810798,348.810798,17073,17073,17073,0,6,6,313,0,323,0,0,1,0,0,176,176,0,74414,1,0,420,26430,0,245,281,1,3,60,830544,2459,74414,22,23,692,0,-80,-2147483648,145910,4294967295,0,0
349060799,349.060799,17085,17085,17085,0,6,6,313,0,323,0,0,1,0,0,188,188,0,74414,1,0,420,26449,0,138,281,1,3,61,830544,2167,74414,22,23,692,0,-80,-2147483648,395911,4294967295,0,0
349310801,349.310801,17098,17098,17098,0,6,6,313,0,323,0,0,1,0,0,201,201,0,74414,1,0,420,26469,0,244,281,1,3,60,830544,2459,74414,22,23,693,0,-77,-2147483648,144946,4294967295,0,0
349560801,349.560801,17110,17110,17110,0,6,6,313,0,323,0,0,1,0,0,213,213,0,74414,1,0,420,26487,0,244,281,1,3,61,830544,2167,74414,22,23,693,0,-77,-2147483648,394946,4294967295,0,0
349810801,349.810801,17123,17123,17123,0,6,6,313,0,323,0,0,1,0,0,226,226,0,74414,1,0,420,26507,0,244,281,1,3,2,830544,2459,74414,22,23,694,0,-81,-2147483648,132799,4294967295,0,0
350060801,350.060801,17135,17135,17135,0,6,6,313,0,323,0,0,1,0,0,238,238,0,74414,1,0,420,26526,0,137,281,0,3,61,830544,2168,74414,22,23,694,0,-81,-2147483648,382799,4294967295,0,0
350310802,350.310802,17148,17148,17148,0,6,6,313,0,323,0,0,1,0,0,251,251,0,74414,1,0,420,26546,0,244,281,1,3,60,830544,2458,74414,22,23,695,0,-79,-2147483648,132415,4294967295,0,0
350560803,350.560803,17160,17160,17160,0,6,6,313,0,323,0,0,1,0,0,7,7,0,74414,1,0,420,26564,0,244,281,1,3,60,830544,2167,74414,22,23,695,0,-79,-2147483648,382416,4294967295,0,0
350810803,350.810803,17173,17173,17173,0,6,6,313,0,323,0,0,1,0,0,20,20,0,74414,1,0,420,26584,0,245,281,0,3,61,830544,2460,74414,22,23,696,0,-80,-2147483648,131482,4294967295,0,0
351060805,351.060805,17185,17185,17185,0,6,6,313,0,323,0,0,1,0,0,32,32,0,74414,1,0,420,26603,0,138,281,1,3,60,830544,2167,74414,22,23,696,0,-80,-2147483648,381484,4294967295,0,0
351310807,351.310807,17198,17198,17198,0,6,6,313,0,323,0,0,1,0,0,45,45,0,74414,1,0,420,26623,0,244,281,1,3,60,830544,2164,74414,22,23,697,0,-83,-2147483648,130246,4294967295,0,0
351560809,351.560809,17210,17210,17210,0,6,6,313,0,323,0,0,1,0,0,57,57,0,74414,1,0,420,26641,0,244,281,0,3,61,830544,2167,74414,22,23,697,0,-83,-2147483648,380248,4294967295,0,0
351810809,351.810809,17223,17223,17223,0,6,6,313,0,323,0,0,1,0,0,70,70,0,74414,1,0,420,26661,0,244,281,1,3,60,830544,2458,74414,22,23,698,0,-75,-2147483648,130018,4294967295,0,0
352060810,352.060810,17235,17235,17235,0,6,6,313,0,323,0,0,1,0,0,82,82,0,74414,1,0,420,26680,0,137,281,1,3,60,830544,2167,74414,22,23,698,0,-75,-2147483648,380019,4294967295,0,0
352310811,352.310811,17248,17248,17248,0,6,6,313,0,323,0,0,1,0,0,95,95,0,74414,1,0,420,26700,0,244,281,0,3,61,830544,2458,74414,21,23,699,0,-77,-2147483648,129147,4294967295,0,0
352560811,352.560811,17260,17260,17260,0,6,6,313,0,323,0,0,1,0,0,107,107,0,74414,1,0,420,26718,0,244,281,1,3,61,830544,2167,74414,22,23,699,0,-77,-2147483648,379147,4294967295,0,0
352810811,352.810811,17273,17273,17273,0,6,6,313,0,323,0,0,1,0,0,120,120,0,74414,1,0,420,26738,0,280,281,1,3,60,830544,2494,74414,22,23,700,0,-77,-2147483648,127845,4294967295,0,0
353060813,353.060813,17285,17285,17285,0,6,6,313,0,323,0,0,1,0,0,132,132,0,74414,1,0,420,26757,0,138,281,1,3,60,830544,2167,74414,22,23,700,0,-77,-2147483648,377847,4294967295,0,0
353310815,353.310815,17298,17298,17298,0,6,6,313,0,323,0,0,1,0,0,145,145,0,74414,1,0,420,26777,0,244,281,1,3,60,830544,2164,74414,22,23,701,0,-78,-2147483648,126975,4294967295,0,0
353560815,353.560815,17310,17310,17310,0,6,6,313,0,323,0,0,1,0,0,157,157,0,74414,1,0,420,26795,0,280,281,1,3,60,830544,2167,74414,22,23,701,0,-78,-2147483648,376975,4294967295,0,0
353810817,353.810817,17323,17323,17323,0,6,6,313,0,323,0,0,1,0,0,170,170,0,74414,1,0,420,26815,0,244,281,1,3,60,830544,2164,74414,23,23,702,0,-78,-2147483648,125004,4294967295,0,0
354060819,354.060819,17335,17335,17335,0,5,6,313,0,323,0,0,1,0,0,182,182,0,74414,1,0,420,26834,0,138,281,1,3,60,830544,2167,74414,22,23,702,0,-78,-2147483648,375006,4294967295,0,0
354310821,354.310821,17348,17348,17348,0,6,6,313,0,323,0,0,1,0,0,195,195,0,74414,1,0,420,26854,0,244,281,1,3,60,830544,2458,74414,21,23,703,0,-78,-2147483648,113651,4294967295,0,0
354560823,354.560823,17360,17360,17360,0,6,6,313,0,323,0,0,1,0,0,207,207,0,74414,1,0,420,26872,0,244,281,0,3,61,830544,2167,74414,22,23,703,0,-78,-2147483648,363653,4294967295,0,0
354810823,354.810823,17373,17373,17373,0,5,6,313,0,323,0,0,1,0,0,220,220,0,74414,1,0,420,26892,0,245,281,1,3,60,830544,2459,74414,22,23,704,0,-77,-2147483648,113517,4294967295,0,0
355060823,355.060823,17385,17385,17385,0,5,6,313,0,323,0,0,1,0,0,232,232,0,74414,1,0,420,26911,0,137,281,1,3,60,830544,2167,74414,22,23,704,0,-77,-2147483648,363517,4294967295,0,0
355310825,355.310825,17398,17398,17398,0,6,6,313,0,323,0,0,1,0,0,245,245,0,74414,1,0,420,26931,0,244,281,1,3,61,830544,2458,74414,22,23,705,0,-76,-2147483648,113227,4294967295,0,0
355560827,355.560827,17410,17410,17410,0,6,6,313,0,323,0,0,1,0,0,1,1,0,74414,1,0,420,26949,0,244,281,1,3,60,830544,2168,74414,22,23,705,0,-76,-2147483648,363229,4294967295,0,0
355810828,355.810828,17423,17423,17423,0,6,6,313,0,323,0,0,1,0,0,14,14,0,74414,1,0,420,26969,0,244,281,1,3,60,830544,2164,74414,22,23,706,0,-77,-2147483648,112420,4294967295,0,0
356060829,356.060829,17435,17435,17435,0,6,6,313,0,323,0,0,1,0,0,26,26,0,74414,1,0,420,26988,0,138,281,1,3,60,830544,2167,74414,22,23,706,0,-77,-2147483648,362421,4294967295,0,0
356310831,356.310831,17448,17448,17448,0,6,6,313,0,323,0,0,1,0,0,39,39,0,74414,1,0,420,27008,0,244,281,1,3,60,830544,2164,74414,22,23,707,0,-79,-2147483648,110356,4294967295,0,0
356560831,356.560831,17460,17460,17460,0,6,6,313,0,323,0,0,1,0,0,51,51,0,74414,1,0,420,27026,0,244,281,1,3,60,830544,2168,74414,22,23,707,0,-79,-2147483648,360356,4294967295,0,0
356810833,356.810833,17473,17473,17473,0,5,6,313,0,323,0,0,1,0,0,64,64,0,74414,1,0,420,27046,0,245,281,1,3,60,830544,2459,74414,22,23,708,0,-80,-2147483648,109823,4294967295,0,0
357060834,357.060834,17485,17485,17485,0,6,6,313,0,323,0,0,1,0,0,76,76,0,74414,1,0,420,27065,0,138,281,1,3,60,830544,2167,74414,22,23,708,0,-80,-2147483648,359824,4294967295,0,0
357310836,357.310836,17498,17498,17498,0,6,6,313,0,323,0,0,1,0,0,89,89,0,74414,1,0,420,27085,0,280,281,1,3,60,830544,2494,74414,22,23,709,0,-80,-2147483648,109347,4294967295,0,0
357560837,357.560837,17510,17510,17510,0,6,6,313,0,323,0,0,1,0,0,101,101,0,74414,1,0,420,27103,0,244,281,1,3,60,830544,2167,74414,22,23,709,0,-80,-2147483648,359348,4294967295,0,0
357810838,357.810838,17523,17523,17523,0,5,6,313,0,323,0,0,1,0,0,114,114,0,74414,1,0,420,27123,0,244,281,1,3,60,830544,2164,74414,22,23,710,0,-77,-2147483648,108113,4294967295,0,0
358060838,358.060838,17535,17535,17535,0,6,6,313,0,323,0,0,1,0,0,126,126,0,74414,1,0,420,27142,0,138,281,1,3,60,830544,2167,74414,22,23,710,0,-77,-2147483648,358113,4294967295,0,0
358310839,358.310839,17548,17548,17548,0,6,6,313,0,323,0,0,1,0,0,139,139,0,74414,1,0,420,27162,0,245,281,1,3,60,830544,2458,74414,22,23,711,0,-79,-2147483648,107176,4294967295,0,0
358560841,358.560841,17560,17560,17560,0,6,6,313,0,323,0,0,1,0,0,151,151,0,74414,1,0,420,27180,0,244,281,1,3,60,830544,2167,74414,22,23,711,0,-79,-2147483648,357178,4294967295,0,0
358810841,358.810841,17573,17573,17573,0,5,6,313,0,323,0,0,1,0,0,164,164,0,74414,1,0,420,27200,0,244,281,1,3,60,830544,2459,74414,22,23,712,0,-79,-2147483648,105482,4294967295,0,0
359060842,359.060842,17585,17585,17585,0,5,6,313,0,323,0,0,1,0,0,176,176,0,74414,1,0,420,27219,0,138,281,1,3,60,830544,2167,74414,21,23,712,0,-79,-2147483648,355483,4294967295,0,0
359310842,359.310842,17598,17598,17598,0,6,6,313,0,323,0,0,1,0,0,189,189,0,74414,1,0,420,27239,0,245,281,1,3,60,830544,2164,74414,21,23,713,0,-79,-2147483648,93515,4294967295,0,0
359560842,359.560842,17610,17610,17610,0,6,6,313,0,323,0,0,1,0,0,201,201,0,74414,1,0,420,27257,0,280,281,1,3,60,830544,2167,74414,22,23,713,0,-79,-2147483648,343515,4294967295,0,0
359810844,359.810844,17623,17623,17623,0,6,6,313,0,323,0,0,1,0,0,214,214,0,74414,1,0,420,27277,0,244,281,1,3,60,830544,2459,74414,22,23,714,0,-74,-2147483648,92553,4294967295,0,0
360060846,360.060846,17635,17635,17635,0,6,6,313,0,323,0,0,1,0,0,226,226,0,74414,1,0,420,27296,0,138,281,1,3,60,830544,2167,74414,21,23,714,0,-74,-2147483648,342555,4294967295,0,0
360310847,360.310847,17648,17648,17648,0,6,6,313,0,323,0,0,1,0,0,239,239,0,74414,1,0,420,27316,0,245,281,1,3,60,830544,2458,74414,22,23,715,0,-72,-2147483648,91989,4294967295,0,0
360560848,360.560848,17660,17660,17660,0,6,6,313,0,323,0,0,1,0,0,251,251,0,74414,1,0,420,27334,0,244,281,1,3,60,830544,2167,74414,22,23,715,0,-72,-2147483648,341990,4294967295,0,0
360810849,360.810849,17673,17673,17673,0,5,6,313,0,323,0,0,1,0,0,8,8,0,74414,1,0,420,27354,0,244,281,1,3,60,830544,2459,74414,22,23,716,0,-72,-2147483648,91425,4294967295,0,0
361060850,361.060850,17685,17685,17685,0,5,6,313,0,323,0,0,1,0,0,20,20,0,74414,1,0,420,27373,0,138,281,0,3,60,830544,2167,74414,22,23,716,0,-72,-2147483648,341426,4294967295,0,0
361310852,361.310852,17698,17698,17698,0,6,6,313,0,323,0,0,1,0,0,33,33,0,74414,1,0,420,27393,0,244,281,1,3,60,830544,2458,74414,22,23,717,0,-73,-2147483648,89822,4294967295,0,0
361560854,361.560854,17710,17710,17710,0,6,6,313,0,323,0,0,1,0,0,45,45,0,74414,1,0,420,27411,0,244,281,1,3,60,830544,2167,74414,22,23,717,0,-73,-2147483648,339824,4294967295,0,0
361810854,361.810854,17723,17723,17723,0,6,6,313,0,323,0,0,1,0,0,58,58,0,74414,1,0,420,27431,0,244,281,1,3,60,830544,2164,74414,23,23,718,0,-78,-2147483648,89107,4294967295,0,0
362060855,362.060855,17735,17735,17735,0,6,6,313,0,323,0,0,1,0,0,70,70,0,74414,1,0,420,27450,0,138,281,1,3,60,830544,2167,74414,22,23,718,0,-78,-2147483648,339108,4294967295,0,0
362310855,362.310855,17748,17748,17748,0,6,6,313,0,323,0,0,1,0,0,83,83,0,74414,1,0,420,27470,0,244,281,1,3,60,830544,2164,74414,22,23,719,0,-75,-2147483648,89206,4294967295,0,0
362560856,362.560856,17760,17760,17760,0,6,6,313,0,323,0,0,1,0,0,95,95,0,74414,1,0,420,27488,0,244,281,1,3,60,830544,2167,74414,22,23,719,0,-75,-2147483648,339207,4294967295,0,0
362810858,362.810858,17773,17773,17773,0,6,6,313,0,323,0,0,1,0,0,108,108,0,74414,1,0,420,27508,0,244,281,1,3,60,830544,2164,74414,22,23,720,0,-77,-2147483648,88245,4294967295,0,0
363060859,363.060859,17785,17785,17785,0,6,6,313,0,323,0,0,1,0,0,120,120,0,74414,1,0,420,27527,0,138,281,1,3,60,830544,2168,74414,22,23,720,0,-77,-2147483648,338246,4294967295,0,0
363310861,363.310861,17798,17798,17798,0,6,6,313,0,323,0,0,1,0,0,133,133,0,74414,1,0,420,27547,0,244,281,0,3,61,830544,2164,74414,22,23,721,0,-79,-2147483648,87620,4294967295,0,0
363560862,363.560862,17810,17810,17810,0,6,6,313,0,323,0,0,1,0,0,145,145,0,74414,1,0,420,27565,0,244,281,1,3,60,830544,2167,74414,22,23,721,0,-79,-2147483648,337621,4294967295,0,0
363810864,363.810864,17823,17823,17823,0,5,6,313,0,323,0,0,1,0,0,158,158,0,74414,1,0,420,27585,0,245,281,1,3,60,830544,2459,74414,21,23,722,0,-76,-2147483648,86752,4294967295,0,0
364060864,364.060864,17835,17835,17835,0,5,6,313,0,323,0,0,1,0,0,170,170,0,74414,1,0,420,27604,0,137,281,1,3,60,830544,2167,74414,22,23,722,0,-76,-2147483648,336752,4294967295,0,0
364310866,364.310866,17848,17848,17848,0,6,6,313,0,323,0,0,1,0,0,183,183,0,74414,1,0,420,27624,0,279,281,1,3,60,830544,2494,74414,22,23,723,0,-77,-2147483648,84905,4294967295,0,0
364560867,364.560867,17860,17860,17860,0,6,6,313,0,323,0,0,1,0,0,195,195,0,74414,1,0,420,27642,0,244,281,1,3,60,830544,2167,74414,22,23,723,0,-77,-2147483648,334906,4294967295,0,0
364810868,364.810868,17873,17873,17873,0,5,6,313,0,323,0,0,1,0,0,208,208,0,74414,1,0,420,27662,0,245,281,1,3,60,830544,2459,74414,22,23,724,0,-77,-2147483648,74194,4294967295,0,0
365060869,365.060869,17885,17885,17885,0,5,6,313,0,323,0,0,1,0,0,220,220,0,74414,1,0,420,27681,0,138,281,1,3,60,830544,2167,74414,22,23,724,0,-77,-2147483648,324195,4294967295,0,0
365310869,365.310869,17898,17898,17898,0,6,6,313,0,323,0,0,1,0,0,233,233,0,74414,1,0,420,27701,0,244,281,1,3,60,830544,2164,74414,22,23,725,0,-76,-2147483648,72247,4294967295,0,0
365560869,365.560869,17910,17910,17910,0,6,6,313,0,323,0,0,1,0,0,245,245,0,74414,1,0,420,27719,0,244,281,1,3,60,830544,2167,74414,22,23,725,0,-76,-2147483648,322247,4294967295,0,0
365810869,365.810869,17923,17923,17923,0,6,6,313,0,323,0,0,1,0,0,2,2,0,74414,1,0,420,27739,0,245,281,1,3,60,830544,2164,74414,22,23,726,0,-77,-2147483648,71651,4294967295,0,0
366060871,366.060871,17935,17935,17935,0,5,6,313,0,323,0,0,1,0,0,14,14,0,74414,1,0,420,27758,0,138,281,1,3,60,830544,2167,74414,22,23,726,0,-77,-2147483648,321653,4294967295,0,0
366310871,366.310871,17948,17948,17948,0,6,6,313,0,323,0,0,1,0,0,27,27,0,74414,1,0,420,27778,0,244,281,0,3,60,830544,2458,74414,22,23,727,0,-76,-2147483648,71458,4294967295,0,0
366560873,366.560873,17960,17960,17960,0,6,6,313,0,323,0,0,1,0,0,39,39,0,74414,1,0,420,27796,0,244,281,1,3,60,830544,2167,74414,22,23,727,0,-76,-2147483648,321460,4294967295,0,0
366810875,366.810875,17973,17973,17973,0,6,6,313,0,323,0,0,1,0,0,52,52,0,74414,1,0,420,27816,0,244,281,1,3,60,830544,2458,74414,22,23,728,0,-76,-2147483648,71350,4294967295,0,0
367060877,367.060877,17985,17985,17985,0,5,6,313,0,323,0,0,1,0,0,64,64,0,74414,1,0,420,27835,0,138,281,1,3,60,830544,2167,74414,22,23,728,0,-76,-2147483648,321352,4294967295,0,0
367310878,367.310878,17998,17998,17998,0,6,6,313,0,323,0,0,1,0,0,77,77,0,74414,1,0,420,27855,0,244,281,1,3,61,830544,2458,74414,22,23,729,0,-76,-2147483648,70142,4294967295,0,0
367560880,367.560880,18010,18010,18010,0,6,6,313,0,323,0,0,1,0,0,89,89,0,74414,1,0,420,27873,0,244,281,1,3,60,830544,2167,74414,22,23,729,0,-76,-2147483648,320144,4294967295,0,0
367810882,367.810882,18023,18023,18023,0,6,6,313,0,323,0,0,1,0,0,102,102,0,74414,1,0,420,27893,0,245,281,1,3,60,830544,2164,74414,22,23,730,0,-76,-2147483648,69853,4294967295,0,0
368060884,368.060884,18035,18035,18035,0,6,6,313,0,323,0,0,1,0,0,114,114,0,74414,1,0,420,27912,0,138,281,1,3,60,830544,2167,74414,22,23,730,0,-76,-2147483648,319855,4294967295,0,0
368310886,368.310886,18048,18048,18048,0,6,6,313,0,323,0,0,1,0,0,127,127,0,74414,1,0,420,27932,0,244,281,1,3,60,830544,2164,74414,22,23,731,0,-76,-2147483648,67914,4294967295,0,0
368560887,368.560887,18060,18060,18060,0,6,6,313,0,323,0,0,1,0,0,139,139,0,74414,1,0,420,27950,0,244,281,1,3,60,830544,2167,74414,22,23,731,0,-76,-2147483648,317915,4294967295,0,0
368810887,368.810887,18073,18073,18073,0,5,6,313,0,323,0,0,1,0,0,152,152,0,74414,1,0,420,27970,0,244,281,0,3,61,830544,2460,74414,22,23,732,0,-77,-2147483648,67015,4294967295,0,0
369060888,369.060888,18085,18085,18085,0,6,6,313,0,323,0,0,1,0,0,164,164,0,74414,1,0,420,27989,0,138,281,1,3,60,830544,2167,74414,22,23,732,0,-77,-2147483648,317016,4294967295,0,0
369310889,369.310889,18098,18098,18098,0,6,6,313,0,323,0,0,1,0,0,177,177,0,74414,1,0,420,28009,0,244,281,1,3,60,830544,2164,74414,22,23,733,0,-76,-2147483648,65037,4294967295,0,0
369560889,369.560889,18110,18110,18110,0,6,6,313,0,323,0,0,1,0,0,189,189,0,74414,1,0,420,28027,0,244,281,1,3,61,830544,2167,74414,22,23,733,0,-76,-2147483648,315037,4294967295,0,0
369810890,369.810890,18123,18123,18123,0,6,6,313,0,323,0,0,1,0,0,202,202,0,74414,1,0,420,28047,0,245,281,1,3,61,830544,2164,74414,21,23,734,0,-76,-2147483648,53105,4294967295,0,0
370060891,370.060891,18135,18135,18135,0,5,6,313,0,323,0,0,1,0,0,214,214,0,74414,1,0,420,28066,0,138,281,1,3,60,830544,2167,74414,21,23,734,0,-76,-2147483648,303106,4294967295,0,0
370310892,370.310892,18148,18148,18148,0,6,6,313,0,323,0,0,1,0,0,227,227,0,74414,1,0,420,28086,0,244,281,1,3,60,830544,2164,74414,22,23,735,0,-76,-2147483648,52048,4294967295,0,0
370560893,370.560893,18160,18160,18160,0,6,6,313,0,323,0,0,1,0,0,239,239,0,74414,1,0,420,28104,0,244,281,1,3,60,830544,2167,74414,22,23,735,0,-76,-2147483648,302049,4294967295,0,0
370810895,370.810895,18173,18173,18173,0,6,6,313,0,323,0,0,1,0,0,252,252,0,74414,1,0,420,28124,0,244,281,1,3,60,830544,2164,74414,22,23,736,0,-76,-2147483648,51459,4294967295,0,0
371060896,371.060896,18185,18185,18185,0,6,6,313,0,323,0,0,1,0,0,8,8,0,74414,1,0,420,28143,0,138,281,1,3,60,830544,2167,74414,22,23,736,0,-76,-2147483648,301460,4294967295,0,0
371310896,371.310896,18198,18198,18198,0,6,6,313,0,323,0,0,1,0,0,21,21,0,74414,1,0,420,28163,0,245,281,1,3,60,830544,2164,74414,22,23,737,0,-76,-2147483648,49881,4294967295,0,0
371560898,371.560898,18210,18210,18210,0,6,6,313,0,323,0,0,1,0,0,33,33,0,74414,1,0,420,28181,0,244,281,1,3,60,830544,2167,74414,22,23,737,0,-76,-2147483648,299883,4294967295,0,0
371810898,371.810898,18223,18223,18223,0,5,6,313,0,323,0,0,1,0,0,46,46,0,74414,1,0,420,28201,0,245,281,1,3,60,830544,2459,74414,21,23,738,0,-76,-2147483648,47938,4294967295,0,0
372060899,372.060899,18235,18235,18235,0,5,6,313,0,323,0,0,1,0,0,58,58,0,74414,1,0,420,28220,0,138,281,0,3,61,830544,2167,74414,22,23,738,0,-76,-2147483648,297939,4294967295,0,0
372310901,372.310901,18248,18248,18248,0,6,6,313,0,323,0,0,1,0,0,71,71,0,74414,1,0,420,28240,0,244,281,1,3,60,830544,2458,74414,22,23,739,0,-76,-2147483648,46001,4294967295,0,0
372560901,372.560901,18260,18260,18260,0,6,6,313,0,323,0,0,1,0,0,83,83,0,74414,1,0,420,28258,0,244,281,1,3,60,830544,2167,74414,22,23,739,0,-76,-2147483648,296001,4294967295,0,0
372810903,372.810903,18273,18273,18273,0,6,6,313,0,323,0,0,1,0,0,96,96,0,74414,1,0,420,28278,0,245,281,1,3,60,830544,2164,74414,22,23,740,0,-76,-2147483648,45770,4294967295,0,0
373060903,373.060903,18285,18285,18285,0,6,6,313,0,323,0,0,1,0,0,108,108,0,74414,1,0,420,28297,0,138,281,1,3,60,830544,2167,74414,22,23,740,0,-76,-2147483648,295770,4294967295,0,0
373310905,373.310905,18298,18298,18298,0,5,6,313,0,323,0,0,1,0,0,121,121,0,74414,1,0,420,28317,0,244,281,1,3,60,830544,2164,74414,22,23,741,0,-78,-2147483648,44902,4294967295,0,0
373560905,373.560905,18310,18310,18310,0,6,6,313,0,323,0,0,1,0,0,133,133,0,74414,1,0,420,28335,0,244,281,1,3,60,830544,2167,74414,22,23,741,0,-78,-2147483648,294902,4294967295,0,0
373810907,373.810907,18323,18323,18323,0,5,6,313,0,323,0,0,1,0,0,146,146,0,74414,1,0,420,28355,0,244,281,1,3,60,830544,2164,74414,23,23,742,0,-74,-2147483648,32720,4294967295,0,0
374060907,374.060907,18335,18335,18335,0,5,6,313,0,323,0,0,1,0,0,158,158,0,74414,1,0,420,28374,0,138,281,1,3,60,830544,2167,74414,22,23,742,0,-74,-2147483648,282720,4294967295,0,0
374310908,374.310908,18348,18348,18348,0,6,6,313,0,323,0,0,1,0,0,171,171,0,74414,1,0,420,28394,0,244,281,1,3,60,830544,2164,74414,22,23,743,0,-76,-2147483648,32616,4294967295,0,0
374560910,374.560910,18360,18360,18360,0,5,6,313,0,323,0,0,1,0,0,183,183,0,74414,1,0,420,28412,0,244,281,1,3,61,830544,2167,74414,22,23,743,0,-76,-2147483648,282618,4294967295,0,0
374810910,374.810910,18373,18373,18373,0,6,6,313,0,323,0,0,1,0,0,196,196,0,74414,1,0,420,28432,0,245,281,1,3,60,830544,2164,74414,22,23,744,0,-77,-2147483648,31411,4294967295,0,0
375060910,375.060910,18385,18385,18385,0,5,6,313,0,323,0,0,1,0,0,208,208,0,74414,1,0,420,28451,0,138,281,1,3,60,830544,2167,74414,22,23,744,0,-77,-2147483648,281411,4294967295,0,0
375310910,375.310910,18398,18398,18398,0,5,6,313,0,323,0,0,1,0,0,221,221,0,74414,1,0,420,28471,0,245,281,1,3,60,830544,2459,74414,21,23,745,0,-78,-2147483648,30384,4294967295,0,0
375560911,375.560911,18410,18410,18410,0,6,6,313,0,323,0,0,1,0,0,233,233,0,74414,1,0,420,28489,0,244,281,1,3,60,830544,2167,74414,22,23,745,0,-78,-2147483648,280385,4294967295,0,0
375810912,375.810912,18423,18423,18423,0,6,6,313,0,323,0,0,1,0,0,246,246,0,74414,1,0,420,28509,0,244,281,1,3,60,830544,2164,74414,22,23,746,0,-80,-2147483648,29204,4294967295,0,0
376060912,376.060912,18435,18435,18435,0,6,6,313,0,323,0,0,1,0,0,2,2,0,74414,1,0,420,28528,0,138,281,1,3,60,830544,2167,74414,22,23,746,0,-80,-2147483648,279204,4294967295,0,0
376310913,376.310913,18448,18448,18448,0,6,6,313,0,323,0,0,1,0,0,15,15,0,74414,1,0,420,28548,0,244,281,1,3,60,830544,2164,74414,22,23,747,0,-81,-2147483648,27234,4294967295,0,0
376560915,376.560915,18460,18460,18460,0,6,6,313,0,323,0,0,1,0,0,27,27,0,74414,1,0,420,28566,0,244,281,1,3,60,830544,2167,74414,22,23,747,0,-81,-2147483648,277236,4294967295,0,0
376810917,376.810917,18473,18473,18473,0,6,6,313,0,323,0,0,1,0,0,40,40,0,74414,1,0,420,28586,0,244,281,1,3,60,830544,2164,74414,22,23,748,0,-81,-2147483648,25996,4294967295,0,0
377060918,377.060918,18485,18485,18485,0,5,6,313,0,323,0,0,1,0,0,52,52,0,74414,1,0,420,28605,0,138,281,1,3,60,830544,2167,74414,22,23,748,0,-81,-2147483648,275997,4294967295,0,0
377310919,377.310919,18498,18498,18498,0,6,6,313,0,323,0,0,1,0,0,65,65,0,74414,1,0,420,28625,0,244,281,1,3,60,830544,2164,74414,22,23,749,0,-75,-2147483648,25128,4294967295,0,0
377560919,377.560919,18510,18510,18510,0,6,6,313,0,323,0,0,1,0,0,77,77,0,74414,1,0,420,28643,0,244,281,1,3,60,830544,2167,74414,22,23,749,0,-75,-2147483648,275128,4294967295,0,0
377810919,377.810919,18523,18523,18523,0,6,6,314,0,323,0,0,1,0,0,90,90,0,74414,1,0,420,28663,0,245,281,1,3,60,830544,2164,74414,22,23,750,0,-76,-2147483648,24957,4294967295,0,0
378060920,378.060920,18535,18535,18535,0,5,6,314,0,323,0,0,1,0,0,102,102,0,74414,1,0,420,28682,0,138,281,1,3,60,830544,2167,74414,22,23,750,0,-76,-2147483648,274958,4294967295,0,0
378310922,378.310922,18548,18548,18548,0,6,6,314,0,323,0,0,1,0,0,115,115,0,74414,1,0,420,28702,0,244,281,1,3,60,830544,2164,74414,22,23,751,0,-76,-2147483648,14672,4294967295,0,0
378560924,378.560924,18560,18560,18560,0,6,6,314,0,323,0,0,1,0,0,127,127,0,74414,1,0,420,28720,0,244,281,1,3,60,830544,2167,74414,22,23,751,0,-76,-2147483648,264674,4294967295,0,0
378810925,378.810925,18573,18573,18573,0,6,6,314,0,323,0,0,1,0,0,140,140,0,74414,1,0,420,28740,0,244,281,1,3,60,830544,2164,74414,22,23,752,0,-77,-2147483648,12306,4294967295,0,0
379060926,379.060926,18585,18585,18585,0,6,6,314,0,323,0,0,1,0,0,152,152,0,74414,1,0,420,28759,0,138,281,0,3,61,830544,2167,74414,21,23,752,0,-77,-2147483648,262307,4294967295,0,0
379310926,379.310926,18598,18598,18598,0,6,6,314,0,323,0,0,1,0,0,165,165,0,74414,1,0,420,28779,0,281,281,1,3,60,830544,2164,74414,22,23,753,0,-85,-2147483648,10292,4294967295,0,0
379560927,379.560927,18610,18610,18610,0,6,6,314,0,323,0,0,1,0,0,177,177,0,74414,1,0,420,28797,0,244,281,0,3,61,830544,2167,74414,22,23,753,0,-85,-2147483648,260293,4294967295,0,0
379810927,379.810927,18623,18623,18623,0,6,6,314,0,323,0,0,1,0,0,190,190,0,74414,1,0,420,28817,0,244,281,1,3,60,830544,2164,74414,22,23,754,0,-84,-2147483648,8330,4294967295,0,0
380060929,380.060929,18635,18635,18635,0,6,6,314,0,323,0,0,1,0,0,202,202,0,74414,1,0,420,28836,0,138,281,1,3,60,830544,2167,74414,22,23,754,0,-84,-2147483648,258332,4294967295,0,0
380310929,380.310929,18648,18648,18648,0,6,6,314,0,323,0,0,1,0,0,215,215,0,74414,1,0,420,28856,0,244,281,1,3,60,830544,2164,74414,22,23,755,0,-84,-2147483648,8228,4294967295,0,0
380560929,380.560929,18660,18660,18660,0,6,6,314,0,323,0,0,1,0,0,227,227,0,74414,1,0,420,28874,0,244,281,1,3,60,830544,2168,74414,22,23,755,0,-84,-2147483648,258228,4294967295,0,0
380810931,380.810931,18673,18673,18673,0,6,6,314,0,323,0,0,1,0,0,240,240,0,74414,1,0,420,28894,0,244,281,1,3,2,830544,2165,74414,22,23,756,0,-83,-2147483648,7962,4294967295,0,0
381060932,381.060932,18685,18685,18685,0,6,6,314,0,323,0,0,1,0,0,252,252,0,74414,1,0,420,28912,0,245,281,1,3,60,830544,2167,74414,22,23,756,0,-83,-2147483648,257963,4294967295,0,0
381310933,381.310933,18698,18698,18698,0,6,6,314,0,323,0,0,1,0,0,9,9,0,74414,1,0,420,28932,0,244,281,1,3,60,830544,2164,74414,22,23,757,0,-91,-2147483648,6023,4294967295,0,0
381560933,381.560933,18710,18710,18710,0,6,6,314,0,323,0,0,1,0,0,21,21,0,74414,1,0,420,28951,0,245,281,1,3,60,830544,2167,74414,21,23,757,0,-91,-2147483648,256023,4294967295,0,0
381810934,381.810934,18723,18723,18723,0,5,6,314,0,323,0,0,1,0,0,34,34,0,74414,1,0,420,28970,0,244,281,1,3,61,830544,1165,74414,22,23,757,0,-91,-2147483648,506024,4294967295,0,0
382060935,382.060935,18735,18735,18735,0,5,6,314,0,323,0,0,1,0,0,46,46,0,74414,1,0,420,28989,0,245,281,1,3,60,830544,2167,74414,22,23,758,0,-92,-2147483648,244248,4294967295,0,0
382310935,382.310935,18748,18748,18748,0,6,6,314,0,323,0,0,1,0,0,59,59,0,74414,1,0,420,29009,0,245,281,1,3,60,830544,2458,74414,22,23,758,0,-92,-2147483648,494248,4294967295,0,0
382560936,382.560936,18760,18760,18760,0,6,6,314,0,323,0,0,1,0,0,71,71,0,74414,1,0,420,29028,0,244,281,1,3,60,830544,2167,74414,22,23,759,0,-86,-2147483648,241626,4294967295,0,0
382810936,382.810936,18773,18773,18773,0,6,6,314,0,323,0,0,1,0,0,84,84,0,74414,1,0,420,29047,0,244,281,1,3,60,830544,2458,74414,22,23,759,0,-86,-2147483648,491626,4294967295,0,0
383060936,383.060936,18785,18785,18785,0,5,6,314,0,323,0,0,1,0,0,96,96,0,74414,1,0,420,29067,0,138,281,1,3,60,830544,2167,74414,21,23,760,0,-84,-2147483648,239903,4294967295,0,0
383310936,383.310936,18798,18798,18798,0,6,6,314,0,323,0,0,1,0,0,109,109,0,74414,1,0,420,29086,0,244,281,1,3,60,830544,2164,74414,22,23,760,0,-84,-2147483648,489903,4294967295,0,0
383560936,383.560936,18810,18810,18810,0,6,6,314,0,323,0,0,1,0,0,121,121,0,74414,1,0,420,29105,0,138,281,1,3,60,830544,2167,74414,22,23,761,0,-81,-2147483648,238233,4294967295,0,0
383810938,383.810938,18823,18823,18823,0,6,6,314,0,323,0,0,1,0,0,134,134,0,74414,1,0,420,29124,0,245,281,1,3,60,830544,2164,74414,22,23,761,0,-81,-2147483648,488235,4294967295,0,0
384060939,384.060939,18835,18835,18835,0,5,6,314,0,323,0,0,1,0,0,146,146,0,74414,1,0,420,29144,0,138,281,1,3,60,830544,2167,74414,22,23,762,0,-84,-2147483648,238191,4294967295,0,0
384310939,384.310939,18848,18848,18848,0,6,6,314,0,323,0,0,1,0,0,159,159,0,74414,1,0,420,29163,0,244,281,1,3,60,830544,2164,74414,22,23,762,0,-84,-2147483648,488191,4294967295,0,0
384560939,384.560939,18860,18860,18860,0,6,6,314,0,323,0,0,1,0,0,171,171,0,74414,1,0,420,29182,0,244,281,1,3,60,830544,2167,74414,22,23,763,0,-85,-2147483648,236063,4294967295,0,0
384810940,384.810940,18873,18873,18873,0,5,6,314,0,323,0,0,1,0,0,184,184,0,74414,1,0,420,29201,0,245,281,1,3,60,830544,2459,74414,22,23,763,0,-85,-2147483648,486064,4294967295,0,0
385060941,385.060941,18885,18885,18885,0,5,6,314,0,323,0,0,1,0,0,196,196,0,74414,1,0,420,29221,0,138,281,0,3,61,830544,1167,74414,22,23,764,0,-85,-2147483648,236045,4294967295,0,0
385310941,385.310941,18898,18898,18898,0,6,6,314,0,323,0,0,1,0,0,209,209,0,74414,1,0,420,29240,0,244,281,1,3,60,830544,2164,74414,22,23,764,0,-85,-2147483648,486045,4294967295,0,0
385560941,385.560941,18910,18910,18910,0,6,6,314,0,323,0,0,1,0,0,221,221,0,74414,1,0,420,29259,0,244,281,1,3,60,830544,2167,74414,22,23,765,0,-86,-2147483648,224661,4294967295,0,0
385810943,385.810943,18923,18923,18923,0,6,6,314,0,323,0,0,1,0,0,234,234,0,74414,1,0,420,29278,0,245,281,1,3,60,830544,2164,74414,22,23,765,0,-86,-2147483648,474663,4294967295,0,0
386060943,386.060943,18935,18935,18935,0,5,6,314,0,323,0,0,1,0,0,246,246,0,74414,1,0,420,29298,0,138,281,1,3,60,830544,1167,74414,21,23,766,0,-79,-2147483648,223756,4294967295,0,0
386310943,386.310943,18948,18948,18948,0,6,6,314,0,323,0,0,1,0,0,3,3,0,74414,1,0,420,29317,0,244,281,1,3,60,830544,2164,74414,22,23,766,0,-79,-2147483648,473756,4294967295,0,0
386560943,386.560943,18960,18960,18960,0,6,6,314,0,323,0,0,1,0,0,15,15,0,74414,1,0,420,29336,0,244,281,1,3,60,830544,2167,74414,22,23,767,0,-80,-2147483648,223284,4294967295,0,0
386810943,386.810943,18973,18973,18973,0,5,6,314,0,323,0,0,1,0,0,28,28,0,74414,1,0,420,29355,0,245,281,1,3,60,830544,2459,74414,21,23,767,0,-80,-2147483648,473284,4294967295,0,0
387060945,387.060945,18985,18985,18985,0,6,6,314,0,323,0,0,1,0,0,40,40,0,74414,1,0,420,29375,0,138,281,1,3,60,830544,2167,74414,22,23,768,0,-79,-2147483648,221587,4294967295,0,0
387310945,387.310945,18998,18998,18998,0,6,6,314,0,323,0,0,1,0,0,53,53,0,74414,1,0,420,29394,0,244,281,0,3,61,830544,2164,74414,22,23,768,0,-79,-2147483648,471587,4294967295,0,0
387560947,387.560947,19010,19010,19010,0,6,6,314,0,323,0,0,1,0,0,65,65,0,74414,1,0,420,29413,0,138,281,1,3,2,830544,2167,74414,22,23,769,0,-80,-2147483648,220283,4294967295,0,0
387810949,387.810949,19023,19023,19023,0,6,6,314,0,323,0,0,1,0,0,78,78,0,74414,1,0,420,29432,0,244,281,0,3,61,830544,2459,74414,22,23,769,0,-80,-2147483648,470285,4294967295,0,0
388060950,388.060950,19035,19035,19035,0,6,6,314,0,323,0,0,1,0,0,90,90,0,74414,1,0,420,29452,0,138,281,1,3,60,830544,2167,74414,22,23,770,0,-81,-2147483648,218949,4294967295,0,0
388310951,388.310951,19048,19048,19048,0,6,6,314,0,323,0,0,1,0,0,103,103,0,74414,1,0,420,29471,0,244,281,1,3,60,830544,2458,74414,22,23,770,0,-81,-2147483648,468950,4294967295,0,0
388560953,388.560953,19060,19060,19060,0,6,6,314,0,323,0,0,1,0,0,115,115,0,74414,1,0,420,29490,0,279,281,1,3,60,830544,2168,74414,22,23,771,0,-87,-2147483648,218216,4294967295,0,0
388810954,388.810954,19073,19073,19073,0,6,6,314,0,323,0,0,1,0,0,128,128,0,74414,1,0,420,29509,0,244,281,1,3,60,830544,2164,74414,22,23,771,0,-87,-2147483648,468217,4294967295,0,0
389060955,389.060955,19085,19085,19085,0,6,6,314,0,323,0,0,1,0,0,140,140,0,74414,1,0,420,29529,0,138,281,1,3,60,830544,2167,74414,22,23,772,0,-81,-2147483648,216060,4294967295,0,0
389310957,389.310957,19098,19098,19098,0,6,6,314,0,323,0,0,1,0,0,153,153,0,74414,1,0,420,29548,0,244,281,1,3,60,830544,2164,74414,22,23,772,0,-81,-2147483648,466062,4294967295,0,0
389560958,389.560958,19110,19110,19110,0,6,6,314,0,323,0,0,1,0,0,165,165,0,74414,1,0,420,29567,0,244,281,1,3,60,830544,2167,74414,22,23,773,0,-83,-2147483648,215802,4294967295,0,0
389810958,389.810958,19123,19123,19123,0,6,6,314,0,323,0,0,1,0,0,178,178,0,74414,1,0,420,29586,0,244,281,1,3,60,830544,2164,74414,22,23,773,0,-83,-2147483648,465802,4294967295,0,0
390060959,390.060959,19135,19135,19135,0,6,6,314,0,323,0,0,1,0,0,190,190,0,74414,1,0,420,29606,0,137,281,1,3,60,830544,2167,74414,22,23,774,0,-81,-2147483648,204658,4294967295,0,0
390310961,390.310961,19148,19148,19148,0,6,6,314,0,323,0,0,1,0,0,203,203,0,74414,1,0,420,29624,0,244,281,1,3,60,830544,2164,74414,22,23,774,0,-81,-2147483648,454660,4294967295,0,0
390560961,390.560961,19160,19160,19160,0,6,6,314,0,323,0,0,1,0,0,215,215,0,74414,1,0,420,29644,0,244,281,1,3,60,830544,2167,74414,22,23,775,0,-80,-2147483648,202534,4294967295,0,0
390810963,390.810963,19173,19173,19173,0,6,6,314,0,323,0,0,1,0,0,228,228,0,74414,1,0,420,29663,0,280,281,1,3,60,830544,2165,74414,22,23,775,0,-80,-2147483648,452536,4294967295,0,0
391060964,391.060964,19185,19185,19185,0,5,6,314,0,323,0,0,1,0,0,240,240,0,74414,1,0,420,29683,0,138,281,1,3,60,830544,2167,74414,22,23,776,0,-83,-2147483648,202524,4294967295,0,0
391310966,391.310966,19198,19198,19198,0,6,6,314,0,323,0,0,1,0,0,253,253,0,74414,1,0,420,29702,0,244,281,1,3,60,830544,2458,74414,22,23,776,0,-83,-2147483648,452526,4294967295,0,0
391560968,391.560968,19210,19210,19210,0,6,6,314,0,323,0,0,1,0,0,9,9,0,74414,1,0,420,29721,0,244,281,1,3,60,830544,2167,74414,22,23,777,0,-79,-2147483648,201682,4294967295,0,0
391810969,391.810969,19223,19223,19223,0,6,6,314,0,323,0,0,1,0,0,22,22,0,74414,1,0,420,29740,0,245,281,1,3,60,830544,2459,74414,22,23,777,0,-79,-2147483648,451683,4294967295,0,0
392060970,392.060970,19235,19235,19235,0,5,6,314,0,323,0,0,1,0,0,34,34,0,74414,1,0,420,29760,0,138,281,1,3,60,830544,2167,74414,22,23,778,0,-80,-2147483648,200290,4294967295,0,0
392310970,392.310970,19248,19248,19248,0,6,6,314,0,323,0,0,1,0,0,47,47,0,74414,1,0,420,29779,0,244,281,1,3,60,830544,2164,74414,22,23,778,0,-80,-2147483648,450290,4294967295,0,0
392560972,392.560972,19260,19260,19260,0,6,6,314,0,323,0,0,1,0,0,59,59,0,74414,1,0,420,29798,0,244,281,1,3,60,830544,2167,74414,22,23,779,0,-76,-2147483648,198980,4294967295,0,0
392810974,392.810974,19273,19273,19273,0,5,6,314,0,323,0,0,1,0,0,72,72,0,74414,1,0,420,29817,0,244,281,0,3,61,830544,2164,74414,22,23,779,0,-76,-2147483648,448982,4294967295,0,0
393060976,393.060976,19285,19285,19285,0,6,6,314,0,323,0,0,1,0,0,84,84,0,74414,1,0,420,29837,0,138,281,1,3,60,830544,2167,74414,22,23,780,0,-75,-2147483648,198218,4294967295,0,0
393310977,393.310977,19298,19298,19298,0,6,6,314,0,323,0,0,1,0,0,97,97,0,74414,1,0,420,29856,0,244,281,1,3,60,830544,2164,74414,22,23,780,0,-75,-2147483648,448219,4294967295,0,0
393560978,393.560978,19310,19310,19310,0,6,6,314,0,323,0,0,1,0,0,109,109,0,74414,1,0,420,29875,0,244,281,1,3,60,830544,2167,74414,22,23,781,0,-75,-2147483648,197283,4294967295,0,0
393810980,393.810980,19323,19323,19323,0,6,6,314,0,323,0,0,1,0,0,122,122,0,74414,1,0,420,29894,0,244,281,1,3,60,830544,2164,74414,22,23,781,0,-75,-2147483648,447285,4294967295,0,0
394060981,394.060981,19335,19335,19335,0,6,6,314,0,323,0,0,1,0,0,134,134,0,74414,1,0,420,29914,0,138,281,1,3,61,830544,2167,74414,22,23,782,0,-76,-2147483648,196812,4294967295,0,0
394310992,394.310992,19348,19348,19348,0,6,6,314,0,323,0,0,1,0,0,147,147,0,74414,1,0,420,29933,0,244,281,1,3,60,830544,2164,74414,22,23,782,0,-76,-2147483648,446823,4294967295,0,0
394560992,394.560992,19360,19360,19360,0,6,6,314,0,323,0,0,1,0,0,159,159,0,74414,1,0,420,29952,0,244,281,1,3,60,830544,2168,74414,22,23,783,0,-76,-2147483648,196135,4294967295,0,0
394810992,394.810992,19373,19373,19373,0,5,6,314,0,323,0,0,1,0,0,172,172,0,74414,1,0,420,29971,0,244,281,1,3,60,830544,2459,74414,22,23,783,0,-76,-2147483648,446135,4294967295,0,0
395060993,395.060993,19385,19385,19385,0,6,6,314,0,323,0,0,1,0,0,184,184,0,74414,1,0,420,29991,0,140,281,1,3,60,830544,1167,74414,22,23,784,0,-82,-2147483648,196056,4294967295,0,0
395311084,395.311084,19398,19398,19398,0,6,6,314,0,323,0,0,1,0,0,197,197,0,74414,1,0,420,30010,0,244,281,0,3,61,830544,2164,74414,22,23,784,0,-82,-2147483648,446147,4294967295,0,0
395561086,395.561086,19410,19410,19410,0,6,6,314,0,323,0,0,1,0,0,209,209,0,74414,1,0,420,30029,0,244,281,1,3,60,830544,2167,74414,22,23,785,0,-77,-2147483648,184760,4294967295,0,0
395811087,395.811087,19423,19423,19423,0,6,6,314,0,323,0,0,1,0,0,222,222,0,74414,1,0,420,30048,0,245,281,1,3,60,830544,2164,74414,21,23,785,0,-77,-2147483648,434761,4294967295,0,0
396061087,396.061087,19435,19435,19435,0,6,6,314,0,323,0,0,1,0,0,234,234,0,74414,1,0,420,30068,0,138,281,1,3,60,830544,2167,74414,21,23,786,0,-78,-2147483648,182697,4294967295,0,0
396311087,396.311087,19448,19448,19448,0,6,6,314,0,323,0,0,1,0,0,247,247,0,74414,1,0,420,30087,0,244,281,1,3,60,830544,2164,74414,22,23,786,0,-78,-2147483648,432697,4294967295,0,0
396561089,396.561089,19460,19460,19460,0,6,6,314,0,323,0,0,1,0,0,3,3,0,74414,1,0,420,30106,0,245,281,1,3,60,830544,2167,74414,22,23,787,0,-76,-2147483648,181575,4294967295,0,0
396811091,396.811091,19473,19473,19473,0,6,6,314,0,323,0,0,1,0,0,16,16,0,74414,1,0,420,30125,0,280,281,1,3,60,830544,2494,74414,22,23,787,0,-76,-2147483648,431577,4294967295,0,0
397061093,397.061093,19485,19485,19485,0,6,6,314,0,323,0,0,1,0,0,28,28,0,74414,1,0,420,30145,0,137,281,1,3,60,830544,2167,74414,22,23,788,0,-77,-2147483648,181236,4294967295,0,0
397311094,397.311094,19498,19498,19498,0,6,6,314,0,323,0,0,1,0,0,41,41,0,74414,1,0,420,30164,0,244,281,0,3,61,830544,2165,74414,22,23,788,0,-77,-2147483648,431237,4294967295,0,0
397561096,397.561096,19510,19510,19510,0,6,6,314,0,323,0,0,1,0,0,53,53,0,74414,1,0,420,30183,0,244,281,1,3,2,830544,2167,74414,22,23,789,0,-73,-2147483648,179416,4294967295,0,0
397811096,397.811096,19523,19523,19523,0,5,6,314,0,323,0,0,1,0,0,66,66,0,74414,1,0,420,30202,0,244,281,1,3,60,830544,2459,74414,22,23,789,0,-73,-2147483648,429416,4294967295,0,0
398061098,398.061098,19535,19535,19535,0,6,6,314,0,323,0,0,1,0,0,78,78,0,74414,1,0,420,30221,0,244,281,1,3,60,830544,2167,74414,22,23,790,0,-81,-2147483648,179401,4294967295,0,0
398311098,398.311098,19548,19548,19548,0,6,6,314,0,323,0,0,1,0,0,91,91,0,74414,1,0,420,30241,0,244,281,1,3,60,830544,2164,74414,22,23,790,0,-81,-2147483648,429401,4294967295,0,0
398561100,398.561100,19560,19560,19560,0,6,6,314,0,323,0,0,1,0,0,103,103,0,74414,1,0,420,30260,0,244,281,1,3,2,830544,2167,74414,22,23,791,0,-80,-2147483648,179387,4294967295,0,0
398811101,398.811101,19573,19573,19573,0,6,6,314,0,323,0,0,1,0,0,116,116,0,74414,1,0,420,30279,0,244,281,1,3,60,830544,2164,74414,22,23,791,0,-80,-2147483648,429388,4294967295,0,0
399061101,399.061101,19585,19585,19585,0,6,6,314,0,323,0,0,1,0,0,128,128,0,74414,1,0,420,30299,0,138,281,0,3,61,830544,2167,74414,22,23,792,0,-80,-2147483648,178360,4294967295,0,0
399311101,399.311101,19598,19598,19598,0,6,6,314,0,323,0,0,1,0,0,141,141,0,74414,1,0,420,30318,0,244,281,0,3,61,830544,2165,74414,22,23,792,0,-80,-2147483648,428360,4294967295,0,0
399561101,399.561101,19610,19610,19610,0,6,6,314,0,323,0,0,1,0,0,153,153,0,74414,1,0,420,30337,0,244,281,1,3,2,830544,2167,74414,22,23,793,0,-79,-2147483648,178317,4294967295,0,0
399811102,399.811102,19623,19623,19623,0,6,6,314,0,323,0,0,1,0,0,166,166,0,74414,1,0,420,30356,0,244,281,1,3,61,830544,1164,74414,22,23,793,0,-79,-2147483648,428318,4294967295,0,0
400061103,400.061103,19635,19635,19635,0,6,6,314,0,323,0,0,1,0,0,178,178,0,74414,1,0,420,30376,0,138,281,1,3,60,830544,2167,74414,21,23,794,0,-79,-2147483648,177533,4294967295,0,0
400311103,400.311103,19648,19648,19648,0,6,6,314,0,323,0,0,1,0,0,191,191,0,74414,1,0,420,30395,0,244,281,1,3,60,830544,2164,74414,22,23,794,0,-79,-2147483648,427533,4294967295,0,0
400561105,400.561105,19660,19660,19660,0,6,6,314,0,323,0,0,1,0,0,203,203,0,74414,1,0,420,30414,0,244,281,1,3,60,830544,2167,74414,22,23,795,0,-78,-2147483648,177429,4294967295,0,0
400811106,400.811106,19673,19673,19673,0,6,6,314,0,323,0,0,1,0,0,216,216,0,74414,1,0,420,30433,0,244,281,1,3,60,830544,2459,74414,22,23,795,0,-78,-2147483648,427430,4294967295,0,0
401061108,401.061108,19685,19685,19685,0,6,6,314,0,323,0,0,1,0,0,228,228,0,74414,1,0,420,30453,0,138,281,1,3,60,830544,2167,74414,22,23,796,0,-79,-2147483648,175974,4294967295,0,0
401311109,401.311109,19698,19698,19698,0,5,6,314,0,323,0,0,1,0,0,241,241,0,74414,1,0,420,30472,0,244,281,1,3,60,830544,2164,74414,22,23,796,0,-79,-2147483648,425975,4294967295,0,0
401561109,401.561109,19710,19710,19710,0,6,6,314,0,323,0,0,1,0,0,253,253,0,74414,1,0,420,30491,0,244,281,1,3,60,830544,2167,74414,22,23,797,0,-79,-2147483648,164902,4294967295,0,0
401811111,401.811111,19723,19723,19723,0,6,6,314,0,323,0,0,1,0,0,10,10,0,74414,1,0,420,30510,0,245,281,1,3,60,830544,1164,74414,21,23,797,0,-79,-2147483648,414904,4294967295,0,0
402061113,402.061113,19735,19735,19735,0,5,6,314,0,323,0,0,1,0,0,22,22,0,74414,1,0,420,30530,0,138,281,1,3,60,830544,2167,74414,22,23,798,0,-79,-2147483648,164789,4294967295,0,0
402311113,402.311113,19748,19748,19748,0,6,6,314,0,323,0,0,1,0,0,35,35,0,74414,1,0,420,30549,0,244,281,1,3,60,830544,2164,74414,22,23,798,0,-79,-2147483648,414789,4294967295,0,0
402561114,402.561114,19760,19760,19760,0,6,6,314,0,323,0,0,1,0,0,47,47,0,74414,1,0,420,30568,0,244,281,1,3,60,830544,2167,74414,22,23,799,0,-83,-2147483648,163434,4294967295,0,0
402811115,402.811115,19773,19773,19773,0,6,6,314,0,323,0,0,1,0,0,60,60,0,74414,1,0,420,30587,0,244,281,1,3,2,830544,2165,74414,22,23,799,0,-83,-2147483648,413435,4294967295,0,0
403061116,403.061116,19785,19785,19785,0,6,6,314,0,323,0,0,1,0,0,72,72,0,74414,1,0,420,30607,0,138,281,1,3,60,830544,2167,74414,22,23,800,0,-79,-2147483648,162226,4294967295,0,0
403311116,403.311116,19798,19798,19798,0,6,6,314,0,323,0,0,1,0,0,85,85,0,74414,1,0,420,30626,0,244,281,1,3,60,830544,2164,74414,22,23,800,0,-79,-2147483648,412226,4294967295,0,0
403561117,403.561117,19810,19810,19810,0,5,6,314,0,323,0,0,1,0,0,97,97,0,74414,1,0,420,30645,0,281,281,1,3,60,830544,2167,74414,21,23,801,0,-82,-2147483648,160560,4294967295,0,0
403811119,403.811119,19823,19823,19823,0,6,6,314,0,323,0,0,1,0,0,110,110,0,74414,1,0,420,30664,0,244,281,1,3,1,830544,1164,74414,22,23,801,0,-82,-2147483648,410562,4294967295,0,0
404061120,404.061120,19835,19835,19835,0,6,6,314,0,323,0,0,1,0,0,122,122,0,74414,1,0,420,30684,0,138,281,1,3,60,830544,2167,74414,22,23,802,0,-77,-2147483648,158894,4294967295,0,0
404311122,404.311122,19848,19848,19848,0,6,6,314,0,323,0,0,1,0,0,135,135,0,74414,1,0,420,30703,0,245,281,1,3,60,830544,2164,74414,22,23,802,0,-77,-2147483648,408896,4294967295,0,0
404561124,404.561124,19860,19860,19860,0,6,6,314,0,323,0,0,1,0,0,147,147,0,74414,1,0,420,30722,0,244,281,1,3,60,830544,2167,74414,22,23,803,0,-77,-2147483648,158453,4294967295,0,0
404811125,404.811125,19873,19873,19873,0,6,6,314,0,323,0,0,1,0,0,160,160,0,74414,1,0,420,30741,0,244,281,1,3,60,830544,2164,74414,22,23,803,0,-77,-2147483648,408454,4294967295,0,0
405061125,405.061125,19885,19885,19885,0,5,6,314,0,323,0,0,1,0,0,172,172,0,74414,1,0,420,30760,0,245,281,1,3,60,830544,2167,74414,22,23,804,0,-79,-2147483648,157239,4294967295,0,0
405311127,405.311127,19898,19898,19898,0,6,6,314,0,323,0,0,1,0,0,185,185,0,74414,1,0,420,30780,0,244,281,1,3,60,830544,2164,74414,22,23,804,0,-79,-2147483648,407241,4294967295,0,0
405561128,405.561128,19910,19910,19910,0,6,6,314,0,323,0,0,1,0,0,197,197,0,74414,1,0,420,30799,0,244,281,1,3,60,830544,2167,74414,22,23,805,0,-79,-2147483648,156956,4294967295,0,0
405811129,405.811129,19923,19923,19923,0,6,6,314,0,323,0,0,1,0,0,210,210,0,74414,1,0,420,30818,0,245,281,1,3,60,830544,2164,74414,22,23,805,0,-79,-2147483648,406957,4294967295,0,0
406061129,406.061129,19935,19935,19935,0,5,6,314,0,323,0,0,1,0,0,222,222,0,74414,1,0,420,30838,0,138,281,0,3,60,830544,2167,74414,22,23,806,0,-75,-2147483648,155655,4294967295,0,0
406311131,406.311131,19948,19948,19948,0,6,6,314,0,323,0,0,1,0,0,235,235,0,74414,1,0,420,30857,0,244,281,1,3,60,830544,2164,74414,22,23,806,0,-75,-2147483648,405657,4294967295,0,0
406561131,406.561131,19960,19960,19960,0,6,6,314,0,323,0,0,1,0,0,247,247,0,74414,1,0,420,30876,0,244,281,1,3,60,830544,2167,74414,22,23,807,0,-76,-2147483648,143753,4294967295,0,0
406811132,406.811132,19973,19973,19973,0,6,6,314,0,323,0,0,1,0,0,4,4,0,74414,1,0,420,30895,0,244,281,1,3,60,830544,1164,74414,22,23,807,0,-76,-2147483648,393754,4294967295,0,0
407061133,407.061133,19985,19985,19985,0,6,6,314,0,323,0,0,1,0,0,16,16,0,74414,1,0,420,30915,0,138,281,1,3,60,830544,2167,74414,22,23,808,0,-79,-2147483648,142917,4294967295,0,0
407311134,407.311134,19998,19998,19998,0,6,6,314,0,323,0,0,1,0,0,29,29,0,74414,1,0,420,30934,0,244,281,1,3,60,830544,2164,74414,22,23,808,0,-79,-2147483648,392918,4294967295,0,0
407561134,407.561134,20010,20010,20010,0,6,6,314,0,323,0,0,1,0,0,41,41,0,74414,1,0,420,30953,0,244,281,1,3,60,830544,2167,74414,22,23,809,0,-78,-2147483648,141603,4294967295,0,0
407811136,407.811136,20023,20023,20023,0,5,6,314,0,323,0,0,1,0,0,54,54,0,74414,1,0,420,30972,0,245,281,1,3,60,830544,2164,74414,22,23,809,0,-78,-2147483648,391605,4294967295,0,0
408061137,408.061137,20035,20035,20035,0,5,6,314,0,323,0,0,1,0,0,66,66,0,74414,1,0,420,30991,0,245,281,1,3,60,830544,2167,74414,22,23,810,0,-77,-2147483648,140558,4294967295,0,0
408311138,408.311138,20048,20048,20048,0,6,6,314,0,323,0,0,1,0,0,79,79,0,74414,1,0,420,31011,0,279,281,1,3,60,830544,2494,74414,22,23,810,0,-77,-2147483648,390559,4294967295,0,0
408561138,408.561138,20060,20060,20060,0,6,6,314,0,323,0,0,1,0,0,91,91,0,74414,1,0,420,31030,0,245,281,1,3,60,830544,2167,74414,22,23,811,0,-79,-2147483648,140571,4294967295,0,0
408811138,408.811138,20073,20073,20073,0,5,6,314,0,323,0,0,1,0,0,104,104,0,74414,1,0,420,31049,0,245,281,1,3,60,830544,2459,74414,22,23,811,0,-79,-2147483648,390571,4294967295,0,0
409061140,409.061140,20085,20085,20085,0,6,6,314,0,323,0,0,1,0,0,116,116,0,74414,1,0,420,31069,0,138,281,1,3,60,830544,2167,74414,22,23,812,0,-74,-2147483648,138417,4294967295,0,0
409311141,409.311141,20098,20098,20098,0,6,6,314,0,323,0,0,1,0,0,129,129,0,74414,1,0,420,31088,0,244,281,1,3,61,830544,2458,74414,22,23,812,0,-74,-2147483648,388418,4294967295,0,0
409561142,409.561142,20110,20110,20110,0,6,6,314,0,323,0,0,1,0,0,141,141,0,74414,1,0,420,31107,0,244,281,1,3,60,830544,2167,74414,22,23,813,0,-79,-2147483648,136695,4294967295,0,0
409811144,409.811144,20123,20123,20123,0,5,6,314,0,323,0,0,1,0,0,154,154,0,74414,1,0,420,31126,0,245,281,0,3,61,830544,2164,74414,22,23,813,0,-79,-2147483648,386697,4294967295,0,0
410061145,410.061145,20135,20135,20135,0,5,6,314,0,323,0,0,1,0,0,166,166,0,74414,1,0,420,31146,0,138,281,1,3,60,830544,2167,74414,22,23,814,0,-89,-2147483648,136282,4294967295,0,0
410311146,410.311146,20148,20148,20148,0,6,6,314,0,323,0,0,1,0,0,179,179,0,74414,1,0,420,31165,0,244,281,1,3,60,830544,2164,74414,22,23,814,0,-89,-2147483648,386283,4294967295,0,0
410561148,410.561148,20160,20160,20160,0,6,6,314,0,323,0,0,1,0,0,191,191,0,74414,1,0,420,31184,0,279,281,1,3,60,830544,2167,74414,22,23,815,0,-82,-2147483648,123490,4294967295,0,0
410811150,410.811150,20173,20173,20173,0,5,6,314,0,323,0,0,1,0,0,204,204,0,74414,1,0,420,31203,0,245,281,1,3,60,830544,2164,74414,22,23,815,0,-82,-2147483648,373492,4294967295,0,0
411061151,411.061151,20185,20185,20185,0,5,6,314,0,323,0,0,1,0,0,216,216,0,74414,1,0,420,31223,0,140,281,1,3,60,830544,1167,74414,21,23,816,0,-81,-2147483648,121614,4294967295,0,0
411311151,411.311151,20198,20198,20198,0,6,6,314,0,323,0,0,1,0,0,229,229,0,74414,1,0,420,31242,0,245,281,1,3,60,830544,2164,74414,22,23,816,0,-81,-2147483648,371614,4294967295,0,0
411561151,411.561151,20210,20210,20210,0,6,6,314,0,323,0,0,1,0,0,241,241,0,74414,1,0,420,31261,0,244,281,1,3,60,830544,2167,74414,22,23,817,0,-76,-2147483648,121321,4294967295,0,0
411811152,411.811152,20223,20223,20223,0,6,6,314,0,323,0,0,1,0,0,254,254,0,74414,1,0,420,31280,0,245,281,1,3,60,830544,2459,74414,22,23,817,0,-76,-2147483648,371322,4294967295,0,0
412061154,412.061154,20235,20235,20235,0,6,6,314,0,323,0,0,1,0,0,10,10,0,74414,1,0,420,31300,0,138,281,1,3,60,830544,2167,74414,21,23,818,0,-79,-2147483648,119719,4294967295,0,0
412311156,412.311156,20248,20248,20248,0,6,6,314,0,323,0,0,1,0,0,23,23,0,74414,1,0,420,31319,0,244,281,1,3,60,830544,2164,74414,22,23,818,0,-79,-2147483648,369721,4294967295,0,0
412561158,412.561158,20260,20260,20260,0,6,6,314,0,323,0,0,1,0,0,35,35,0,74414,1,0,420,31338,0,244,281,0,3,60,830544,2167,74414,22,23,819,0,-81,-2147483648,119144,4294967295,0,0
412811159,412.811159,20273,20273,20273,0,6,6,314,0,323,0,0,1,0,0,48,48,0,74414,1,0,420,31357,0,280,281,1,3,60,830544,2164,74414,22,23,819,0,-81,-2147483648,369145,4294967295,0,0
413061160,413.061160,20285,20285,20285,0,5,6,314,0,323,0,0,1,0,0,60,60,0,74414,1,0,420,31377,0,138,281,0,3,61,830544,1167,74414,21,23,820,0,-79,-2147483648,117274,4294967295,0,0
413311161,413.311161,20298,20298,20298,0,6,6,314,0,323,0,0,1,0,0,73,73,0,74414,1,0,420,31396,0,244,281,1,3,60,830544,2164,74414,22,23,820,0,-79,-2147483648,367275,4294967295,0,0
413561161,413.561161,20310,20310,20310,0,6,6,314,0,323,0,0,1,0,0,85,85,0,74414,1,0,420,31415,0,244,281,1,3,60,830544,2167,74414,22,23,821,0,-82,-2147483648,116252,4294967295,0,0
413811162,413.811162,20323,20323,20323,0,6,6,314,0,323,0,0,1,0,0,98,98,0,74414,1,0,420,31434,0,244,281,1,3,60,830544,2164,74414,22,23,821,0,-82,-2147483648,366253,4294967295,0,0
414061164,414.061164,20335,20335,20335,0,6,6,314,0,323,0,0,1,0,0,110,110,0,74414,1,0,420,31454,0,138,281,1,3,60,830544,1167,74414,22,23,822,0,-81,-2147483648,115137,4294967295,0,0
414311166,414.311166,20348,20348,20348,0,6,6,314,0,323,0,0,1,0,0,123,123,0,74414,1,0,420,31473,0,280,281,1,3,60,830544,2164,74414,22,23,822,0,-81,-2147483648,365139,4294967295,0,0
414561167,414.561167,20360,20360,20360,0,6,6,314,0,323,0,0,1,0,0,135,135,0,74414,1,0,420,31492,0,244,281,1,3,60,830544,2167,74414,21,23,823,0,-81,-2147483648,103815,4294967295,0,0
414811168,414.811168,20373,20373,20373,0,6,6,314,0,323,0,0,1,0,0,148,148,0,74414,1,0,420,31511,0,244,281,1,3,60,830544,1164,74414,22,23,823,0,-81,-2147483648,353816,4294967295,0,0
415061169,415.061169,20385,20385,20385,0,6,6,314,0,323,0,0,1,0,0,160,160,0,74414,1,0,420,31531,0,138,281,1,3,60,830544,1167,74414,22,23,824,0,-81,-2147483648,102739,4294967295,0,0
415311171,415.311171,20398,20398,20398,0,6,6,314,0,323,0,0,1,0,0,173,173,0,74414,1,0,420,31550,0,244,281,1,3,60,830544,2164,74414,22,23,824,0,-81,-2147483648,352741,4294967295,0,0
415561173,415.561173,20410,20410,20410,0,6,6,314,0,323,0,0,1,0,0,185,185,0,74414,1,0,420,31569,0,244,281,1,3,60,830544,2167,74414,22,23,825,0,-77,-2147483648,101831,4294967295,0,0
415811174,415.811174,20423,20423,20423,0,6,6,314,0,323,0,0,1,0,0,198,198,0,74414,1,0,420,31588,0,244,281,1,3,60,830544,2164,74414,22,23,825,0,-77,-2147483648,351832,4294967295,0,0
416061175,416.061175,20435,20435,20435,0,6,6,314,0,323,0,0,1,0,0,210,210,0,74414,1,0,420,31608,0,138,281,1,3,60,830544,1167,74414,22,23,826,0,-80,-2147483648,100593,4294967295,0,0
416311175,416.311175,20448,20448,20448,0,6,6,314,0,323,0,0,1,0,0,223,223,0,74414,1,0,420,31627,0,244,281,1,3,60,830544,2164,74414,22,23,826,0,-80,-2147483648,350593,4294967295,0,0
416561175,416.561175,20460,20460,20460,0,6,6,314,0,323,0,0,1,0,0,235,235,0,74414,1,0,420,31646,0,245,281,1,3,60,830544,2167,74414,21,23,827,0,-80,-2147483648,100484,4294967295,0,0
416811177,416.811177,20473,20473,20473,0,6,6,314,0,323,0,0,1,0,0,248,248,0,74414,1,0,420,31665,0,244,281,1,3,60,830544,2164,74414,22,23,827,0,-80,-2147483648,350486,4294967295,0,0
417061177,417.061177,20485,20485,20485,0,6,6,314,0,323,0,0,1,0,0,4,4,0,74414,1,0,420,31685,0,138,281,1,3,60,830544,2167,74414,23,23,828,0,-79,-2147483648,98480,4294967295,0,0
417311178,417.311178,20498,20498,20498,0,6,6,314,0,323,0,0,1,0,0,17,17,0,74414,1,0,420,31704,0,244,281,0,3,61,830544,2460,74414,22,23,828,0,-79,-2147483648,348481,4294967295,0,0
417561180,417.561180,20510,20510,20510,0,6,6,314,0,323,0,0,1,0,0,29,29,0,74414,1,0,420,31723,0,244,281,1,3,60,830544,2167,74414,22,23,829,0,-79,-2147483648,96728,4294967295,0,0
417811181,417.811181,20523,20523,20523,0,6,6,314,0,323,0,0,1,0,0,42,42,0,74414,1,0,420,31742,0,244,281,1,3,60,830544,2164,74414,22,23,829,0,-79,-2147483648,346729,4294967295,0,0
418061181,418.061181,20535,20535,20535,0,5,6,314,0,323,0,0,1,0,0,54,54,0,74414,1,0,420,31762,0,138,281,1,3,60,830544,2167,74414,21,23,830,0,-76,-2147483648,96371,4294967295,0,0
418311181,418.311181,20548,20548,20548,0,6,6,314,0,323,0,0,1,0,0,67,67,0,74414,1,0,420,31781,0,244,281,1,3,60,830544,2164,74414,22,23,830,0,-76,-2147483648,346371,4294967295,0,0
418561181,418.561181,20560,20560,20560,0,6,6,314,0,323,0,0,1,0,0,79,79,0,74414,1,0,420,31800,0,245,281,0,3,61,830544,2167,74414,22,23,831,0,-72,-2147483648,96234,4294967295,0,0
418811183,418.811183,20573,20573,20573,0,6,6,314,0,323,0,0,1,0,0,92,92,0,74414,1,0,420,31819,0,280,281,1,3,60,830544,2164,74414,22,23,831,0,-72,-2147483648,346236,4294967295,0,0
419061185,419.061185,20585,20585,20585,0,6,6,314,0,323,0,0,1,0,0,104,104,0,74414,1,0,420,31839,0,138,281,1,3,60,830544,2167,74414,22,23,832,0,-72,-2147483648,95148,4294967295,0,0
419311187,419.311187,20598,20598,20598,0,6,6,314,0,323,0,0,1,0,0,117,117,0,74414,1,0,420,31858,0,244,281,1,3,60,830544,2164,74414,22,23,832,0,-72,-2147483648,345150,4294967295,0,0
419561189,419.561189,20610,20610,20610,0,6,6,314,0,323,0,0,1,0,0,129,129,0,74414,1,0,420,31877,0,243,281,1,3,60,830544,2167,74414,23,23,833,0,-73,-2147483648,82848,4294967295,0,0
419811191,419.811191,20623,20623,20623,0,6,6,314,0,323,0,0,1,0,0,142,142,0,74414,1,0,420,31896,0,245,281,1,3,60,830544,2164,74414,22,23,833,0,-73,-2147483648,332850,4294967295,0,0
420061192,420.061192,20635,20635,20635,0,6,6,314,0,323,0,0,1,0,0,154,154,0,74414,1,0,420,31916,0,138,281,1,3,60,830544,2167,74414,22,23,834,0,-73,-2147483648,82748,4294967295,0,0
420311194,420.311194,20648,20648,20648,0,6,6,314,0,323,0,0,1,0,0,167,167,0,74414,1,0,420,31935,0,244,281,1,3,60,830544,2164,74414,22,23,834,0,-73,-2147483648,332750,4294967295,0,0
420561194,420.561194,20660,20660,20660,0,6,6,314,0,323,0,0,1,0,0,179,179,0,74414,1,0,420,31954,0,244,281,1,3,60,830544,2167,74414,22,23,835,0,-76,-2147483648,80683,4294967295,0,0
420811195,420.811195,20673,20673,20673,0,5,6,314,0,323,0,0,1,0,0,192,192,0,74414,1,0,420,31973,0,245,281,1,3,60,830544,2459,74414,22,23,835,0,-76,-2147483648,330684,4294967295,0,0
421061196,421.061196,20685,20685,20685,0,5,6,314,0,323,0,0,1,0,0,204,204,0,74414,1,0,420,31993,0,138,281,1,3,60,830544,2167,74414,22,23,836,0,-74,-2147483648,79476,4294967295,0,0
421311197,421.311197,20698,20698,20698,0,6,6,314,0,323,0,0,1,0,0,217,217,0,74414,1,0,420,32012,0,245,281,1,3,60,830544,2164,74414,22,23,836,0,-74,-2147483648,329477,4294967295,0,0
421561199,421.561199,20710,20710,20710,0,6,6,314,0,323,0,0,1,0,0,229,229,0,74414,1,0,420,32031,0,245,281,1,3,60,830544,2167,74414,22,23,837,0,-74,-2147483648,78513,4294967295,0,0
421811201,421.811201,20723,20723,20723,0,5,6,314,0,323,0,0,1,0,0,242,242,0,74414,1,0,420,32050,0,244,281,0,3,61,830544,2164,74414,22,23,837,0,-74,-2147483648,328515,4294967295,0,0
422061201,422.061201,20735,20735,20735,0,6,6,314,0,323,0,0,1,0,0,254,254,0,74414,1,0,420,32070,0,138,281,1,3,61,830544,2167,74414,22,23,838,0,-73,-2147483648,78439,4294967295,0,0
422311203,422.311203,20748,20748,20748,0,6,6,314,0,323,0,0,1,0,0,11,11,0,74414,1,0,420,32089,0,244,281,1,3,60,830544,2164,74414,22,23,838,0,-73,-2147483648,328441,4294967295,0,0
422561203,422.561203,20760,20760,20760,0,6,6,314,0,323,0,0,1,0,0,23,23,0,74414,1,0,420,32108,0,244,281,1,3,60,830544,2167,74414,22,23,839,0,-82,-2147483648,76273,4294967295,0,0
422811205,422.811205,20773,20773,20773,0,5,6,314,0,323,0,0,1,0,0,36,36,0,74414,1,0,420,32127,0,245,281,1,3,60,830544,2164,74414,22,23,839,0,-82,-2147483648,326275,4294967295,0,0
423061206,423.061206,20785,20785,20785,0,5,6,314,0,323,0,0,1,0,0,48,48,0,74414,1,0,420,32147,0,138,281,1,3,60,830544,2167,74414,22,23,840,0,-76,-2147483648,63526,4294967295,0,0
423311207,423.311207,20798,20798,20798,0,6,6,314,0,323,0,0,1,0,0,61,61,0,74414,1,0,420,32166,0,244,281,1,3,60,830544,2459,74414,22,23,840,0,-76,-2147483648,313527,4294967295,0,0
423561209,423.561209,20810,20810,20810,0,6,6,314,0,323,0,0,1,0,0,73,73,0,74414,1,0,420,32185,0,244,281,1,3,60,830544,2167,74414,22,23,841,0,-78,-2147483648,62776,4294967295,0,0
423811211,423.811211,20823,20823,20823,0,6,6,314,0,323,0,0,1,0,0,86,86,0,74414,1,0,420,32204,0,244,281,1,3,60,830544,2164,74414,22,23,841,0,-78,-2147483648,312778,4294967295,0,0
424061211,424.061211,20835,20835,20835,0,5,6,314,0,323,0,0,1,0,0,98,98,0,74414,1,0,420,32224,0,138,281,1,3,61,830544,2167,74414,22,23,842,0,-81,-2147483648,60682,4294967295,0,0
424311212,424.311212,20848,20848,20848,0,6,6,314,0,323,0,0,1,0,0,111,111,0,74414,1,0,420,32243,0,244,281,1,3,60,830544,2459,74414,22,23,842,0,-81,-2147483648,310683,4294967295,0,0
424561213,424.561213,20860,20860,20860,0,6,6,314,0,323,0,0,1,0,0,123,123,0,74414,1,0,420,32262,0,244,281,1,3,60,830544,2167,74414,22,23,843,0,-80,-2147483648,58987,4294967295,0,0
424811215,424.811215,20873,20873,20873,0,6,6,314,0,323,0,0,1,0,0,136,136,0,74414,1,0,420,32281,0,245,281,1,3,60,830544,2164,74414,21,23,843,0,-80,-2147483648,308989,4294967295,0,0
425061216,425.061216,20885,20885,20885,0,5,6,314,0,323,0,0,1,0,0,148,148,0,74414,1,0,420,32301,0,138,281,1,3,60,830544,2167,74414,21,23,844,0,-82,-2147483648,57595,4294967295,0,0
425311216,425.311216,20898,20898,20898,0,6,6,314,0,323,0,0,1,0,0,161,161,0,74414,1,0,420,32320,0,244,281,1,3,60,830544,2164,74414,22,23,844,0,-82,-2147483648,307595,4294967295,0,0
425561218,425.561218,20910,20910,20910,0,6,6,314,0,323,0,0,1,0,0,173,173,0,74414,1,0,420,32339,0,138,281,1,3,60,830544,2167,74414,22,23,845,0,-79,-2147483648,57337,4294967295,0,0
425811218,425.811218,20923,20923,20923,0,6,6,314,0,323,0,0,1,0,0,186,186,0,74414,1,0,420,32358,0,245,281,1,3,60,830544,2164,74414,21,23,845,0,-79,-2147483648,307337,4294967295,0,0
426061220,426.061220,20935,20935,20935,0,6,6,314,0,323,0,0,1,0,0,198,198,0,74414,1,0,420,32378,0,138,281,1,3,60,830544,2167,74414,22,23,846,0,-81,-2147483648,55183,4294967295,0,0
426311220,426.311220,20948,20948,20948,0,6,6,314,0,323,0,0,1,0,0,211,211,0,74414,1,0,420,32397,0,244,281,1,3,60,830544,2164,74414,22,23,846,0,-81,-2147483648,305183,4294967295,0,0
426561222,426.561222,20960,20960,20960,0,6,6,314,0,323,0,0,1,0,0,223,223,0,74414,1,0,420,32416,0,244,281,1,3,60,830544,2167,74414,22,23,847,0,-82,-2147483648,44996,4294967295,0,0
426811222,426.811222,20973,20973,20973,0,5,6,314,0,323,0,0,1,0,0,236,236,0,74414,1,0,420,32435,0,244,281,1,3,61,830544,2164,74414,22,23,847,0,-82,-2147483648,294996,4294967295,0,0
427061223,427.061223,20985,20985,20985,0,6,6,314,0,323,0,0,1,0,0,248,248,0,74414,1,0,420,32455,0,138,281,1,3,60,830544,2167,74414,21,23,848,0,-76,-2147483648,43845,4294967295,0,0
427311223,427.311223,20998,20998,20998,0,6,6,314,0,323,0,0,1,0,0,5,5,0,74414,1,0,420,32474,0,244,281,1,3,60,830544,2164,74414,22,23,848,0,-76,-2147483648,293845,4294967295,0,0
427561225,427.561225,21010,21010,21010,0,6,6,314,0,323,0,0,1,0,0,17,17,0,74414,1,0,420,32493,0,245,281,1,3,60,830544,2167,74414,22,23,849,0,-76,-2147483648,41932,4294967295,0,0
427811227,427.811227,21023,21023,21023,0,5,6,314,0,323,0,0,1,0,0,30,30,0,74414,1,0,420,32512,0,245,281,1,3,60,830544,2164,74414,22,23,849,0,-76,-2147483648,291934,4294967295,0,0
428061228,428.061228,21035,21035,21035,0,6,6,314,0,323,0,0,1,0,0,42,42,0,74414,1,0,420,32532,0,138,281,0,3,61,830544,2167,74414,21,23,850,0,-79,-2147483648,40546,4294967295,0,0
428311230,428.311230,21048,21048,21048,0,6,6,314,0,323,0,0,1,0,0,55,55,0,74414,1,0,420,32551,0,244,281,0,3,61,830544,2164,74414,22,23,850,0,-79,-2147483648,290548,4294967295,0,0
428561232,428.561232,21060,21060,21060,0,6,6,314,0,323,0,0,1,0,0,67,67,0,74414,1,0,420,32570,0,245,281,1,3,60,830544,2167,74414,22,23,851,0,-71,-2147483648,38514,4294967295,0,0
428811232,428.811232,21073,21073,21073,0,6,6,314,0,323,0,0,1,0,0,80,80,0,74414,1,0,420,32589,0,244,281,0,3,61,830544,1164,74414,22,23,851,0,-71,-2147483648,288514,4294967295,0,0
429061233,429.061233,21085,21085,21085,0,6,6,314,0,323,0,0,1,0,0,92,92,0,74414,1,0,420,32609,0,138,281,1,3,60,830544,2167,74414,22,23,852,0,-76,-2147483648,38286,4294967295,0,0
429311235,429.311235,21098,21098,21098,0,6,6,314,0,323,0,0,1,0,0,105,105,0,74414,1,0,420,32628,0,244,281,1,3,60,830544,2164,74414,22,23,852,0,-76,-2147483648,288288,4294967295,0,0
429561236,429.561236,21110,21110,21110,0,6,6,314,0,323,0,0,1,0,0,117,117,0,74414,1,0,420,32647,0,244,281,1,3,60,830544,2167,74414,22,23,853,0,-75,-2147483648,36346,4294967295,0,0
429811237,429.811237,21123,21123,21123,0,6,6,314,0,323,0,0,1,0,0,130,130,0,74414,1,0,420,32666,0,244,281,1,3,60,830544,2164,74414,22,23,853,0,-75,-2147483648,286347,4294967295,0,0
430061239,430.061239,21135,21135,21135,0,5,6,314,0,323,0,0,1,0,0,142,142,0,74414,1,0,420,32686,0,138,281,1,3,60,830544,2167,74414,22,23,854,0,-75,-2147483648,24536,4294967295,0,0
430311239,430.311239,21148,21148,21148,0,6,6,314,0,323,0,0,1,0,0,155,155,0,74414,1,0,420,32705,0,279,281,1,3,60,830544,2164,74414,22,23,854,0,-75,-2147483648,274536,4294967295,0,0
430561239,430.561239,21160,21160,21160,0,6,6,314,0,323,0,0,1,0,0,167,167,0,74414,1,0,420,32724,0,244,281,1,3,60,830544,2167,74414,22,23,855,0,-78,-2147483648,24523,4294967295,0,0
430811240,430.811240,21173,21173,21173,0,6,6,314,0,323,0,0,1,0,0,180,180,0,74414,1,0,420,32743,0,244,281,1,3,60,830544,2164,74414,22,23,855,0,-78,-2147483648,274524,4294967295,0,0
431061240,431.061240,21185,21185,21185,0,6,6,314,0,323,0,0,1,0,0,192,192,0,74414,1,0,420,32763,0,138,281,1,3,2,830544,1167,74414,22,23,856,0,-75,-2147483648,23555,4294967295,0,0
431311240,431.311240,21198,21198,21198,0,6,6,314,0,323,0,0,1,0,0,205,205,0,74414,1,0,420,32782,0,244,281,0,3,61,830544,2164,74414,22,23,856,0,-75,-2147483648,273555,4294967295,0,0
431561240,431.561240,21210,21210,21210,0,6,6,314,0,323,0,0,1,0,0,217,217,0,74414,1,0,420,32801,0,244,281,1,3,60,830544,2167,74414,22,23,857,0,-75,-2147483648,21703,4294967295,0,0
431811240,431.811240,21223,21223,21223,0,6,6,314,0,323,0,0,1,0,0,230,230,0,74414,1,0,420,32820,0,244,281,1,3,60,830544,2164,74414,22,23,857,0,-75,-2147483648,271703,4294967295,0,0
432061242,432.061242,21235,21235,21235,0,6,6,314,0,323,0,0,1,0,0,242,242,0,74414,1,0,420,32840,0,138,281,1,3,61,830544,2167,74414,22,23,858,0,-75,-2147483648,20711,4294967295,0,0
432311243,432.311243,21248,21248,21248,0,6,6,314,0,323,0,0,1,0,0,255,255,0,74414,1,0,420,32859,0,244,281,1,3,60,830544,2164,74414,22,23,858,0,-75,-2147483648,270712,4294967295,0,0
432561245,432.561245,21260,21260,21260,0,6,6,314,0,323,0,0,1,0,0,11,11,0,74414,1,0,420,32878,0,244,281,1,3,60,830544,2167,74414,22,23,859,0,-75,-2147483648,19012,4294967295,0,0
432811247,432.811247,21273,21273,21273,0,6,6,314,0,323,0,0,1,0,0,24,24,0,74414,1,0,420,32897,0,244,281,1,3,60,830544,2164,74414,22,23,859,0,-75,-2147483648,269014,4294967295,0,0
433061247,433.061247,21285,21285,21285,0,6,6,314,0,323,0,0,1,0,0,36,36,0,74414,1,0,420,32917,0,138,281,1,3,60,830544,2167,74414,21,23,860,0,-79,-2147483648,17624,4294967295,0,0
433311249,433.311249,21298,21298,21298,0,6,6,314,0,323,0,0,1,0,0,49,49,0,74414,1,0,420,32936,0,244,281,1,3,60,830544,2459,74414,22,23,860,0,-79,-2147483648,267626,4294967295,0,0
433561250,433.561250,21310,21310,21310,0,6,6,314,0,323,0,0,1,0,0,61,61,0,74414,1,0,420,32955,0,244,281,1,3,60,830544,2167,74414,22,23,861,0,-77,-2147483648,17363,4294967295,0,0
433811251,433.811251,21323,21323,21323,0,5,6,314,0,323,0,0,1,0,0,74,74,0,74414,1,0,420,32974,0,245,281,1,3,60,830544,2164,74414,22,23,861,0,-77,-2147483648,267364,4294967295,0,0
434061251,434.061251,21335,21335,21335,0,5,6,314,0,323,0,0,1,0,0,86,86,0,74414,1,0,420,32994,0,138,281,1,3,60,830544,2167,74414,22,23,862,0,-73,-2147483648,16372,4294967295,0,0
434311252,434.311252,21348,21348,21348,0,6,6,314,0,323,0,0,1,0,0,99,99,0,74414,1,0,420,33013,0,244,281,1,3,60,830544,2164,74414,22,23,862,0,-73,-2147483648,266373,4294967295,0,0
434561253,434.561253,21360,21360,21360,0,6,6,314,0,323,0,0,1,0,0,111,111,0,74414,1,0,420,33032,0,244,281,1,3,60,830544,2168,74414,22,23,863,0,-77,-2147483648,15228,4294967295,0,0
434811254,434.811254,21373,21373,21373,0,5,6,314,0,323,0,0,1,0,0,124,124,0,74414,1,0,420,33051,0,244,281,1,3,60,830544,2164,74414,22,23,863,0,-77,-2147483648,265229,4294967295,0,0
435061255,435.061255,21385,21385,21385,0,5,6,314,0,323,0,0,1,0,0,136,136,0,74414,1,0,420,33071,0,139,281,1,3,60,830544,2122,74414,22,23,864,0,-79,-2147483648,2804,4294967295,0,0
435311255,435.311255,21398,21398,21398,0,6,6,314,0,323,0,0,1,0,0,149,149,0,74414,1,0,420,33090,0,244,281,1,3,60,830544,2164,74414,22,23,864,0,-79,-2147483648,252804,4294967295,0,0
435561255,435.561255,21410,21410,21410,0,6,6,314,0,323,0,0,1,0,0,161,161,0,74414,1,0,420,33109,0,137,281,1,3,60,830544,2167,74414,22,23,865,0,-78,-2147483648,706,4294967295,0,0
435811257,435.811257,21423,21423,21423,0,6,6,314,0,323,0,0,1,0,0,174,174,0,74414,1,0,420,33128,0,244,281,1,3,60,830544,1164,74414,22,23,865,0,-78,-2147483648,250708,4294967295,0,0
436061258,436.061258,21435,21435,21435,0,6,6,314,0,323,0,0,1,0,0,186,186,0,74414,1,0,420,33148,0,139,281,1,3,60,830544,2167,74414,22,23,866,0,-76,-2147483648,665,4294967295,0,0
436311259,436.311259,21448,21448,21448,0,6,6,314,0,323,0,0,1,0,0,199,199,0,74414,1,0,420,33167,0,279,281,1,3,60,830544,2164,74414,22,23,866,0,-76,-2147483648,250666,4294967295,0,0
436561261,436.561261,21460,21460,21460,0,6,6,314,0,323,0,0,1,0,0,211,211,0,74414,1,0,420,33186,0,138,281,0,3,2,830544,2167,74414,22,23,866,0,-76,-2147483648,500668,4294967295,0,0
436811262,436.811262,21473,21473,21473,0,5,6,314,0,323,0,0,1,0,0,224,224,0,74414,1,0,420,33205,0,245,281,1,3,60,830544,2459,74414,22,23,867,0,-76,-2147483648,249260,4294967295,0,0
437061264,437.061264,21485,21485,21485,0,6,6,314,0,323,0,0,1,0,0,236,236,0,74414,1,0,420,33224,0,138,281,1,3,60,830544,2167,74414,22,23,867,0,-76,-2147483648,499262,4294967295,0,0
437311264,437.311264,21498,21498,21498,0,6,6,314,0,323,0,0,1,0,0,249,249,0,74414,1,0,420,33244,0,244,281,1,3,60,830544,2458,74414,22,23,868,0,-79,-2147483648,247390,4294967295,0,0
437561264,437.561264,21510,21510,21510,0,6,6,314,0,323,0,0,1,0,0,5,5,0,74414,1,0,420,33262,0,244,281,1,3,60,830544,2167,74414,22,23,868,0,-79,-2147483648,497390,4294967295,0,0
437811265,437.811265,21523,21523,21523,0,6,6,314,0,323,0,0,1,0,0,18,18,0,74414,1,0,420,33282,0,244,281,1,3,60,830544,2458,74414,22,23,869,0,-77,-2147483648,246401,4294967295,0,0
438061265,438.061265,21535,21535,21535,0,6,6,314,0,323,0,0,1,0,0,30,30,0,74414,1,0,420,33301,0,138,281,1,3,60,830544,2167,74414,22,23,869,0,-77,-2147483648,496401,4294967295,0,0
438311265,438.311265,21548,21548,21548,0,6,6,314,0,323,0,0,1,0,0,43,43,0,74414,1,0,420,33321,0,244,281,1,3,60,830544,2164,74414,22,23,870,0,-81,-2147483648,246192,4294967295,0,0
438561265,438.561265,21560,21560,21560,0,6,6,314,0,323,0,0,1,0,0,55,55,0,74414,1,0,420,33339,0,138,281,1,3,60,830544,2167,74414,22,23,870,0,-81,-2147483648,496192,4294967295,0,0
438811267,438.811267,21573,21573,21573,0,6,6,314,0,323,0,0,1,0,0,68,68,0,74414,1,0,420,33359,0,245,281,1,3,60,830544,2164,74414,22,23,871,0,-88,-2147483648,233075,4294967295,0,0
439061267,439.061267,21585,21585,21585,0,6,6,314,0,323,0,0,1,0,0,80,80,0,74414,1,0,420,33378,0,138,281,1,3,60,830544,2167,74414,22,23,871,0,-88,-2147483648,483075,4294967295,0,0
439311268,439.311268,21598,21598,21598,0,6,6,314,0,323,0,0,1,0,0,93,93,0,74414,1,0,420,33397,0,245,281,1,3,60,830544,2164,74414,22,23,872,0,-87,-2147483648,231406,4294967295,0,0
439561270,439.561270,21610,21610,21610,0,6,6,314,0,323,0,0,1,0,0,105,105,0,74414,1,0,420,33416,0,244,281,1,3,60,830544,2167,74414,22,23,872,0,-87,-2147483648,481408,4294967295,0,0
439811270,439.811270,21623,21623,21623,0,6,6,314,0,323,0,0,1,0,0,118,118,0,74414,1,0,420,33436,0,244,281,1,3,60,830544,2164,74414,22,23,873,0,-84,-2147483648,229559,4294967295,0,0
440061271,440.061271,21635,21635,21635,0,6,6,314,0,323,0,0,1,0,0,130,130,0,74414,1,0,420,33455,0,138,281,1,3,60,830544,2167,74414,22,23,873,0,-84,-2147483648,479560,4294967295,0,0
440311272,440.311272,21648,21648,21648,0,6,6,314,0,323,0,0,1,0,0,143,143,0,74414,1,0,420,33475,0,244,281,1,3,60,830544,2164,74414,22,23,874,0,-81,-2147483648,228533,4294967295,0,0
440561273,440.561273,21660,21660,21660,0,6,6,314,0,323,0,0,1,0,0,155,155,0,74414,1,0,420,33493,0,244,281,1,3,60,830544,2167,74414,22,23,874,0,-81,-2147483648,478534,4294967295,0,0
440811275,440.811275,21673,21673,21673,0,6,6,314,0,323,0,0,1,0,0,168,168,0,74414,1,0,420,33513,0,245,281,1,3,60,830544,2459,74414,22,23,875,0,-82,-2147483648,227352,4294967295,0,0
441061276,441.061276,21685,21685,21685,0,6,6,314,0,323,0,0,1,0,0,180,180,0,74414,1,0,420,33532,0,138,281,1,3,60,830544,2167,74414,22,23,875,0,-82,-2147483648,477353,4294967295,0,0
441311276,441.311276,21698,21698,21698,0,6,6,314,0,323,0,0,1,0,0,193,193,0,74414,1,0,420,33552,0,244,281,1,3,61,830544,2164,74414,22,23,876,0,-80,-2147483648,225632,4294967295,0,0
441561278,441.561278,21710,21710,21710,0,6,6,314,0,323,0,0,1,0,0,205,205,0,74414,1,0,420,33570,0,244,281,1,3,60,830544,2167,74414,22,23,876,0,-80,-2147483648,475634,4294967295,0,0
441811278,441.811278,21723,21723,21723,0,6,6,314,0,323,0,0,1,0,0,218,218,0,74414,1,0,420,33589,0,244,281,0,3,61,830544,2164,74414,22,23,877,0,-80,-2147483648,215226,4294967295,0,0
442061279,442.061279,21735,21735,21735,0,6,6,314,0,323,0,0,1,0,0,230,230,0,74414,1,0,420,33609,0,138,281,1,3,60,830544,2168,74414,22,23,877,0,-80,-2147483648,465227,4294967295,0,0
442311279,442.311279,21748,21748,21748,0,6,6,314,0,323,0,0,1,0,0,243,243,0,74414,1,0,420,33628,0,244,281,1,3,60,830544,2164,74414,22,23,878,0,-79,-2147483648,212767,4294967295,0,0
442561281,442.561281,21760,21760,21760,0,6,6,314,0,323,0,0,1,0,0,255,255,0,74414,1,0,420,33647,0,244,281,1,3,60,830544,2167,74414,22,23,878,0,-79,-2147483648,462769,4294967295,0,0
442811282,442.811282,21773,21773,21773,0,5,6,314,0,323,0,0,1,0,0,12,12,0,74414,1,0,420,33665,0,244,281,1,3,1,830544,2164,74414,22,23,879,0,-82,-2147483648,211039,4294967295,0,0
443061282,443.061282,21785,21785,21785,0,6,6,314,0,323,0,0,1,0,0,24,24,0,74414,1,0,420,33686,0,138,281,1,3,60,830544,2167,74414,22,23,879,0,-82,-2147483648,461039,4294967295,0,0
443311284,443.311284,21798,21798,21798,0,6,6,314,0,323,0,0,1,0,0,37,37,0,74414,1,0,420,33706,0,244,281,1,3,60,830544,2164,74414,22,23,880,0,-92,-2147483648,209797,4294967295,0,0
443561286,443.561286,21810,21810,21810,0,6,6,314,0,323,0,0,1,0,0,49,49,0,74414,1,0,420,33724,0,244,281,1,3,60,830544,2167,74414,22,23,880,0,-92,-2147483648,459799,4294967295,0,0
443811286,443.811286,21823,21823,21823,0,6,6,314,0,323,0,0,1,0,0,62,62,0,74414,1,0,420,33744,0,245,281,0,3,61,830544,2164,74414,22,23,881,0,-82,-2147483648,209609,4294967295,0,0
444061287,444.061287,21835,21835,21835,0,5,6,314,0,323,0,0,1,0,0,74,74,0,74414,1,0,420,33763,0,138,281,1,3,60,830544,2167,74414,21,23,881,0,-82,-2147483648,459610,4294967295,0,0
444311289,444.311289,21848,21848,21848,0,6,6,314,0,323,0,0,1,0,0,87,87,0,74414,1,0,420,33783,0,244,281,1,3,60,830544,2164,74414,22,23,882,0,-79,-2147483648,207632,4294967295,0,0
444561289,444.561289,21860,21860,21860,0,6,6,314,0,323,0,0,1,0,0,99,99,0,74414,1,0,420,33801,0,244,281,1,3,60,830544,2168,74414,22,23,882,0,-79,-2147483648,457632,4294967295,0,0
444811291,444.811291,21873,21873,21873,0,6,6,314,0,323,0,0,1,0,0,112,112,0,74414,1,0,420,33821,0,244,281,1,3,60,830544,2164,74414,22,23,883,0,-81,-2147483648,205661,4294967295,0,0
445061291,445.061291,21885,21885,21885,0,6,6,314,0,323,0,0,1,0,0,124,124,0,74414,1,0,420,33840,0,138,281,1,3,60,830544,2167,74414,22,23,883,0,-81,-2147483648,455661,4294967295,0,0
445311293,445.311293,21898,21898,21898,0,6,6,314,0,323,0,0,1,0,0,137,137,0,74414,1,0,420,33860,0,244,281,1,3,60,830544,2164,74414,22,23,884,0,-84,-2147483648,205371,4294967295,0,0
445561293,445.561293,21910,21910,21910,0,6,6,314,0,323,0,0,1,0,0,149,149,0,74414,1,0,420,33878,0,244,281,1,3,60,830544,2167,74414,22,23,884,0,-84,-2147483648,455371,4294967295,0,0
445811293,445.811293,21923,21923,21923,0,5,6,314,0,323,0,0,1,0,0,162,162,0,74414,1,0,420,33898,0,245,281,1,3,60,830544,2164,74414,22,23,885,0,-91,-2147483648,194110,4294967295,0,0
446061293,446.061293,21935,21935,21935,0,6,6,314,0,323,0,0,1,0,0,174,174,0,74414,1,0,420,33917,0,138,281,0,3,60,830544,2167,74414,21,23,885,0,-91,-2147483648,444110,4294967295,0,0
446311293,446.311293,21948,21948,21948,0,6,6,314,0,323,0,0,1,0,0,187,187,0,74414,1,0,420,33937,0,244,281,1,3,60,830544,2164,74414,22,23,886,0,-78,-2147483648,192866,4294967295,0,0
446561294,446.561294,21960,21960,21960,0,6,6,314,0,323,0,0,1,0,0,199,199,0,74414,1,0,420,33955,0,244,281,1,3,60,830544,2167,74414,22,23,886,0,-78,-2147483648,442867,4294967295,0,0
446811295,446.811295,21973,21973,21973,0,5,6,314,0,323,0,0,1,0,0,212,212,0,74414,1,0,420,33975,0,245,281,1,3,60,830544,2164,74414,22,23,887,0,-75,-2147483648,191600,4294967295,0,0
447061295,447.061295,21985,21985,21985,0,6,6,314,0,323,0,0,1,0,0,224,224,0,74414,1,0,420,33994,0,139,281,1,3,60,830544,2167,74414,22,23,887,0,-75,-2147483648,441600,4294967295,0,0
447311295,447.311295,21998,21998,21998,0,6,6,314,0,323,0,0,1,0,0,237,237,0,74414,1,0,420,34014,0,244,281,1,3,60,830544,2165,74414,22,23,888,0,-79,-2147483648,189655,4294967295,0,0
447561296,447.561296,22010,22010,22010,0,6,6,314,0,323,0,0,1,0,0,249,249,0,74414,1,0,420,34032,0,244,281,1,3,60,830544,2167,74414,22,23,888,0,-79,-2147483648,439656,4294967295,0,0
447811298,447.811298,22023,22023,22023,0,5,6,314,0,323,0,0,1,0,0,6,6,0,74414,1,0,420,34052,0,280,281,1,3,60,830544,2164,74414,22,23,889,0,-74,-2147483648,187684,4294967295,0,0
448061299,448.061299,22035,22035,22035,0,5,6,314,0,323,0,0,1,0,0,18,18,0,74414,1,0,420,34071,0,138,281,1,3,60,830544,2167,74414,22,23,889,0,-74,-2147483648,437685,4294967295,0,0
448311299,448.311299,22048,22048,22048,0,6,6,314,0,323,0,0,1,0,0,31,31,0,74414,1,0,420,34091,0,244,281,1,3,60,830544,2164,74414,22,23,890,0,-77,-2147483648,185561,4294967295,0,0
448561301,448.561301,22060,22060,22060,0,6,6,314,0,323,0,0,1,0,0,43,43,0,74414,1,0,420,34109,0,244,281,1,3,60,830544,2167,74414,22,23,890,0,-77,-2147483648,435563,4294967295,0,0
448811301,448.811301,22073,22073,22073,0,6,6,314,0,323,0,0,1,0,0,56,56,0,74414,1,0,420,34129,0,244,281,1,3,60,830544,2164,74414,22,23,891,0,-73,-2147483648,172768,4294967295,0,0
449061303,449.061303,22085,22085,22085,0,5,6,314,0,323,0,0,1,0,0,68,68,0,74414,1,0,420,34148,0,138,281,1,3,60,830544,2167,74414,22,23,891,0,-73,-2147483648,422770,4294967295,0,0
449311303,449.311303,22098,22098,22098,0,6,6,314,0,323,0,0,1,0,0,81,81,0,74414,1,0,420,34168,0,244,281,1,3,60,830544,2164,74414,22,23,892,0,-76,-2147483648,172637,4294967295,0,0
449561303,449.561303,22110,22110,22110,0,6,6,314,0,323,0,0,1,0,0,93,93,0,74414,1,0,420,34186,0,244,281,1,3,60,830544,2167,74414,22,23,892,0,-76,-2147483648,422637,4294967295,0,0
449811303,449.811303,22123,22123,22123,0,6,6,314,0,323,0,0,1,0,0,106,106,0,74414,1,0,420,34206,0,244,281,1,3,61,830544,2164,74414,22,23,893,0,-77,-2147483648,172431,4294967295,0,0
450061305,450.061305,22135,22135,22135,0,6,6,314,0,323,0,0,1,0,0,118,118,0,74414,1,0,420,34225,0,138,281,1,3,60,830544,1167,74414,22,23,893,0,-77,-2147483648,422433,4294967295,0,0
450311306,450.311306,22148,22148,22148,0,6,6,314,0,323,0,0,1,0,0,131,131,0,74414,1,0,420,34245,0,244,281,1,3,60,830544,2164,74414,22,23,894,0,-78,-2147483648,171521,4294967295,0,0
450561307,450.561307,22160,22160,22160,0,6,6,314,0,323,0,0,1,0,0,143,143,0,74414,1,0,420,34263,0,244,281,1,3,60,830544,2167,74414,22,23,894,0,-78,-2147483648,421522,4294967295,0,0
450811307,450.811307,22173,22173,22173,0,5,6,314,0,323,0,0,1,0,0,156,156,0,74414,1,0,420,34283,0,245,281,0,3,61,830544,2164,74414,21,23,895,0,-81,-2147483648,169470,4294967295,0,0
451061308,451.061308,22185,22185,22185,0,6,6,314,0,323,0,0,1,0,0,168,168,0,74414,1,0,420,34302,0,138,281,1,3,60,830544,1167,74414,22,23,895,0,-81,-2147483648,419471,4294967295,0,0
451311308,451.311308,22198,22198,22198,0,6,6,314,0,323,0,0,1,0,0,181,181,0,74414,1,0,420,34322,0,244,281,1,3,60,830544,1164,74414,22,23,896,0,-81,-2147483648,169390,4294967295,0,0
451561310,451.561310,22210,22210,22210,0,6,6,314,0,323,0,0,1,0,0,193,193,0,74414,1,0,420,34340,0,244,281,1,3,60,830544,2167,74414,22,23,896,0,-81,-2147483648,419392,4294967295,0,0
451811312,451.811312,22223,22223,22223,0,6,6,314,0,323,0,0,1,0,0,206,206,0,74414,1,0,420,34360,0,244,281,0,3,60,830544,2164,74414,22,23,897,0,-80,-2147483648,167734,4294967295,0,0
452061312,452.061312,22235,22235,22235,0,6,6,314,0,323,0,0,1,0,0,218,218,0,74414,1,0,420,34379,0,137,281,1,3,61,830544,1167,74414,22,23,897,0,-80,-2147483648,417734,4294967295,0,0
452311312,452.311312,22248,22248,22248,0,6,6,314,0,323,0,0,1,0,0,231,231,0,74414,1,0,420,34399,0,244,281,1,3,60,830544,2459,74414,22,23,898,0,-79,-2147483648,167070,4294967295,0,0
452561312,452.561312,22260,22260,22260,0,6,6,314,0,323,0,0,1,0,0,243,243,0,74414,1,0,420,34417,0,244,281,1,3,60,830544,2168,74414,22,23,898,0,-79,-2147483648,417070,4294967295,0,0
452811314,452.811314,22273,22273,22273,0,6,6,314,0,323,0,0,1,0,0,0,0,0,74414,1,0,420,34437,0,245,281,0,3,61,830544,2164,74414,22,23,899,0,-79,-2147483648,166432,4294967295,0,0
453061314,453.061314,22285,22285,22285,0,6,6,314,0,323,0,0,1,0,0,12,12,0,74414,1,0,420,34456,0,138,281,1,3,60,830544,2167,74414,22,23,899,0,-79,-2147483648,416432,4294967295,0,0
453311315,453.311315,22298,22298,22298,0,6,6,314,0,323,0,0,1,0,0,25,25,0,74414,1,0,420,34476,0,244,281,1,3,60,830544,2164,74414,22,23,900,0,-82,-2147483648,154909,4294967295,0,0
453561315,453.561315,22310,22310,22310,0,6,6,314,0,323,0,0,1,0,0,37,37,0,74414,1,0,420,34494,0,244,281,1,3,60,830544,2168,74414,22,23,900,0,-82,-2147483648,404909,4294967295,0,0
453811316,453.811316,22323,22323,22323,0,6,6,314,0,323,0,0,1,0,0,50,50,0,74414,1,0,420,34514,0,244,281,1,3,60,830544,2164,74414,22,23,901,0,-79,-2147483648,153698,4294967295,0,0
454061317,454.061317,22335,22335,22335,0,6,6,314,0,323,0,0,1,0,0,62,62,0,74414,1,0,420,34533,0,138,281,1,3,60,830544,2167,74414,22,23,901,0,-79,-2147483648,403699,4294967295,0,0
454311317,454.311317,22348,22348,22348,0,6,6,314,0,323,0,0,1,0,0,75,75,0,74414,1,0,420,34553,0,244,281,1,3,60,830544,1164,74414,22,23,902,0,-76,-2147483648,151695,4294967295,0,0
454561318,454.561318,22360,22360,22360,0,6,6,314,0,323,0,0,1,0,0,87,87,0,74414,1,0,420,34571,0,279,281,1,3,60,830544,2167,74414,22,23,902,0,-76,-2147483648,401696,4294967295,0,0
454811319,454.811319,22373,22373,22373,0,6,6,314,0,323,0,0,1,0,0,100,100,0,74414,1,0,420,34591,0,244,281,0,3,60,830544,1164,74414,22,23,903,0,-78,-2147483648,150396,4294967295,0,0
455061320,455.061320,22385,22385,22385,0,6,6,314,0,323,0,0,1,0,0,112,112,0,74414,1,0,420,34610,0,138,281,1,3,60,830544,2167,74414,22,23,903,0,-78,-2147483648,400397,4294967295,0,0
455311321,455.311321,22398,22398,22398,0,6,6,314,0,323,0,0,1,0,0,125,125,0,74414,1,0,420,34630,0,244,281,0,3,61,830544,2165,74414,22,23,904,0,-76,-2147483648,149401,4294967295,0,0
455561322,455.561322,22410,22410,22410,0,6,6,314,0,323,0,0,1,0,0,137,137,0,74414,1,0,420,34648,0,244,281,1,3,60,830544,2167,74414,22,23,904,0,-76,-2147483648,399402,4294967295,0,0
455811323,455.811323,22423,22423,22423,0,6,6,314,0,323,0,0,1,0,0,150,150,0,74414,1,0,420,34668,0,244,281,1,3,60,830544,2164,74414,22,23,905,0,-82,-2147483648,148196,4294967295,0,0
456061324,456.061324,22435,22435,22435,0,5,6,314,0,323,0,0,1,0,0,162,162,0,74414,1,0,420,34687,0,138,281,1,3,60,830544,2167,74414,22,23,905,0,-82,-2147483648,398197,4294967295,0,0
456311326,456.311326,22448,22448,22448,0,6,6,314,0,323,0,0,1,0,0,175,175,0,74414,1,0,420,34707,0,244,281,1,3,60,830544,1164,74414,22,23,906,0,-82,-2147483648,147229,4294967295,0,0
456561326,456.561326,22460,22460,22460,0,6,6,314,0,323,0,0,1,0,0,187,187,0,74414,1,0,420,34725,0,244,281,1,3,60,830544,2167,74414,22,23,906,0,-82,-2147483648,397229,4294967295,0,0
456811327,456.811327,22473,22473,22473,0,5,6,314,0,323,0,0,1,0,0,200,200,0,74414,1,0,420,34745,0,244,281,1,3,60,830544,2164,74414,22,23,907,0,-87,-2147483648,147121,4294967295,0,0
457061327,457.061327,22485,22485,22485,0,6,6,314,0,323,0,0,1,0,0,212,212,0,74414,1,0,420,34764,0,138,281,1,3,60,830544,2167,74414,22,23,907,0,-87,-2147483648,397121,4294967295,0,0
457311327,457.311327,22498,22498,22498,0,6,6,314,0,323,0,0,1,0,0,225,225,0,74414,1,0,420,34784,0,244,281,1,3,60,830544,2164,74414,22,23,908,0,-97,-2147483648,146192,4294967295,0,0
457561329,457.561329,22510,22510,22510,0,6,6,314,0,323,0,0,1,0,0,237,237,0,74414,1,0,420,34802,0,244,281,1,3,60,830544,2167,74414,22,23,908,0,-97,-2147483648,396194,4294967295,0,0
457811329,457.811329,22523,22523,22523,0,5,6,314,0,323,0,0,1,0,0,250,250,0,74414,1,0,420,34822,0,245,281,1,3,60,830544,2459,74414,21,23,909,0,-88,-2147483648,145414,4294967295,0,0
458061331,458.061331,22535,22535,22535,0,6,6,314,0,323,0,0,1,0,0,6,6,0,74414,1,0,420,34841,0,138,281,1,3,2,830544,2167,74414,22,23,909,0,-88,-2147483648,395416,4294967295,0,0
458311331,458.311331,22548,22548,22548,0,6,6,314,0,323,0,0,1,0,0,19,19,0,74414,1,0,420,34861,0,245,281,1,3,60,830544,2164,74414,22,23,910,0,-87,-2147483648,133602,4294967295,0,0
458561333,458.561333,22560,22560,22560,0,6,6,314,0,323,0,0,1,0,0,31,31,0,74414,1,0,420,34879,0,244,281,1,3,60,830544,2167,74414,22,23,910,0,-87,-2147483648,383604,4294967295,0,0
458811334,458.811334,22573,22573,22573,0,6,6,314,0,323,0,0,1,0,0,44,44,0,74414,1,0,420,34899,0,244,281,1,3,60,830544,2164,74414,22,23,911,0,-83,-2147483648,131412,4294967295,0,0
459061334,459.061334,22585,22585,22585,0,6,6,314,0,323,0,0,1,0,0,56,56,0,74414,1,0,420,34918,0,138,281,1,3,60,830544,1167,74414,22,23,911,0,-83,-2147483648,381412,4294967295,0,0
459311335,459.311335,22598,22598,22598,0,6,6,314,0,323,0,0,1,0,0,69,69,0,74414,1,0,420,34938,0,244,281,1,3,60,830544,2458,74414,22,23,912,0,-78,-2147483648,131340,4294967295,0,0
459561335,459.561335,22610,22610,22610,0,6,6,314,0,323,0,0,1,0,0,81,81,0,74414,1,0,420,34956,0,245,281,1,3,60,830544,2168,74414,22,23,912,0,-78,-2147483648,381340,4294967295,0,0
459811335,459.811335,22623,22623,22623,0,5,6,314,0,323,0,0,1,0,0,94,94,0,74414,1,0,420,34976,0,245,281,1,3,60,830544,2459,74414,22,23,913,0,-82,-2147483648,130741,4294967295,0,0
460061335,460.061335,22635,22635,22635,0,6,6,314,0,323,0,0,1,0,0,106,106,0,74414,1,0,420,34995,0,138,281,1,3,60,830544,2167,74414,22,23,913,0,-82,-2147483648,380741,4294967295,0,0
460311336,460.311336,22648,22648,22648,0,6,6,314,0,323,0,0,1,0,0,119,119,0,74414,1,0,420,35015,0,244,281,1,3,1,830544,2164,74414,22,23,914,0,-78,-2147483648,130234,4294967295,0,0
460561338,460.561338,22660,22660,22660,0,6,6,314,0,323,0,0,1,0,0,131,131,0,74414,1,0,420,35033,0,280,281,1,3,60,830544,2167,74414,22,23,914,0,-78,-2147483648,380236,4294967295,0,0
460811338,460.811338,22673,22673,22673,0,6,6,314,0,323,0,0,1,0,0,144,144,0,74414,1,0,420,35053,0,244,281,0,3,61,830544,2164,74414,22,23,915,0,-78,-2147483648,128626,4294967295,0,0
461061340,461.061340,22685,22685,22685,0,6,6,314,0,323,0,0,1,0,0,156,156,0,74414,1,0,420,35072,0,138,281,0,3,61,830544,2167,74414,22,23,915,0,-78,-2147483648,378628,4294967295,0,0
461311340,461.311340,22698,22698,22698,0,6,6,314,0,323,0,0,1,0,0,169,169,0,74414,1,0,420,35092,0,244,281,1,3,60,830544,2458,74414,22,23,916,0,-79,-2147483648,126906,4294967295,0,0
461561341,461.561341,22710,22710,22710,0,6,6,314,0,323,0,0,1,0,0,181,181,0,74414,1,0,420,35110,0,244,281,1,3,60,830544,1167,74414,22,23,916,0,-79,-2147483648,376907,4294967295,0,0
461811342,461.811342,22723,22723,22723,0,5,6,314,0,323,0,0,1,0,0,194,194,0,74414,1,0,420,35130,0,245,281,1,3,60,830544,2164,74414,22,23,917,0,-79,-2147483648,113568,4294967295,0,0
462061343,462.061343,22735,22735,22735,0,6,6,314,0,323,0,0,1,0,0,206,206,0,74414,1,0,420,35149,0,138,281,1,3,60,830544,2167,74414,22,23,917,0,-79,-2147483648,363569,4294967295,0,0
462311345,462.311345,22748,22748,22748,0,6,6,314,0,323,0,0,1,0,0,219,219,0,74414,1,0,420,35169,0,244,281,1,3,60,830544,1164,74414,21,23,918,0,-79,-2147483648,112935,4294967295,0,0
462561346,462.561346,22760,22760,22760,0,6,6,314,0,323,0,0,1,0,0,231,231,0,74414,1,0,420,35187,0,244,281,1,3,60,830544,2167,74414,22,23,918,0,-79,-2147483648,362936,4294967295,0,0
462811348,462.811348,22773,22773,22773,0,6,6,314,0,323,0,0,1,0,0,244,244,0,74414,1,0,420,35207,0,280,281,1,3,60,830544,2164,74414,21,23,919,0,-76,-2147483648,111307,4294967295,0,0
463061350,463.061350,22785,22785,22785,0,6,6,314,0,323,0,0,1,0,0,0,0,0,74414,1,0,420,35226,0,139,281,1,3,60,830544,2167,74414,22,23,919,0,-76,-2147483648,361309,4294967295,0,0
463311352,463.311352,22798,22798,22798,0,6,6,314,0,323,0,0,1,0,0,13,13,0,74414,1,0,420,35246,0,244,281,1,3,60,830544,2458,74414,22,23,920,0,-73,-2147483648,110252,4294967295,0,0
463561352,463.561352,22810,22810,22810,0,6,6,314,0,323,0,0,1,0,0,25,25,0,74414,1,0,420,35264,0,245,281,1,3,60,830544,1167,74414,21,23,920,0,-73,-2147483648,360252,4294967295,0,0
463811354,463.811354,22823,22823,22823,0,6,6,314,0,323,0,0,1,0,0,38,38,0,74414,1,0,420,35284,0,245,281,1,3,60,830544,1164,74414,21,23,921,0,-76,-2147483648,109409,4294967295,0,0
464061355,464.061355,22835,22835,22835,0,6,6,314,0,323,0,0,1,0,0,50,50,0,74414,1,0,420,35303,0,138,281,1,3,60,830544,2167,74414,22,23,921,0,-76,-2147483648,359410,4294967295,0,0
464311357,464.311357,22848,22848,22848,0,6,6,314,0,323,0,0,1,0,0,63,63,0,74414,1,0,420,35323,0,244,281,0,3,61,830544,2165,74414,22,23,922,0,-76,-2147483648,109247,4294967295,0,0
464561358,464.561358,22860,22860,22860,0,6,6,314,0,323,0,0,1,0,0,75,75,0,74414,1,0,420,35341,0,244,281,1,3,60,830544,2167,74414,22,23,922,0,-76,-2147483648,359248,4294967295,0,0
464811360,464.811360,22873,22873,22873,0,5,6,314,0,323,0,0,1,0,0,88,88,0,74414,1,0,420,35361,0,245,281,1,3,60,830544,2164,74414,21,23,923,0,-78,-2147483648,108010,4294967295,0,0
465061360,465.061360,22885,22885,22885,0,5,6,314,0,323,0,0,1,0,0,100,100,0,74414,1,0,420,35380,0,139,281,1,3,60,830544,2167,74414,22,23,923,0,-78,-2147483648,358010,4294967295,0,0
465311361,465.311361,22898,22898,22898,0,6,6,314,0,323,0,0,1,0,0,113,113,0,74414,1,0,420,35400,0,244,281,1,3,60,830544,2164,74414,22,23,924,0,-79,-2147483648,107257,4294967295,0,0
465561362,465.561362,22910,22910,22910,0,6,6,314,0,323,0,0,1,0,0,125,125,0,74414,1,0,420,35418,0,244,281,1,3,60,830544,2167,74414,22,23,924,0,-79,-2147483648,357258,4294967295,0,0
465811363,465.811363,22923,22923,22923,0,6,6,314,0,323,0,0,1,0,0,138,138,0,74414,1,0,420,35438,0,244,281,1,3,60,830544,1164,74414,22,23,925,0,-80,-2147483648,105809,4294967295,0,0
466061365,466.061365,22935,22935,22935,0,6,6,314,0,323,0,0,1,0,0,150,150,0,74414,1,0,420,35457,0,138,281,1,3,2,830544,2167,74414,22,23,925,0,-80,-2147483648,355811,4294967295,0,0
466311366,466.311366,22948,22948,22948,0,6,6,314,0,323,0,0,1,0,0,163,163,0,74414,1,0,420,35477,0,244,281,1,3,60,830544,2164,74414,22,23,926,0,-81,-2147483648,93294,4294967295,0,0
466561366,466.561366,22960,22960,22960,0,6,6,314,0,323,0,0,1,0,0,175,175,0,74414,1,0,420,35495,0,244,281,1,3,60,830544,2168,74414,22,23,926,0,-81,-2147483648,343294,4294967295,0,0
466811367,466.811367,22973,22973,22973,0,6,6,314,0,323,0,0,1,0,0,188,188,0,74414,1,0,420,35515,0,244,281,1,3,60,830544,2164,74414,22,23,927,0,-83,-2147483648,91233,4294967295,0,0
467061369,467.061369,22985,22985,22985,0,5,6,314,0,323,0,0,1,0,0,200,200,0,74414,1,0,420,35534,0,139,281,1,3,60,830544,2167,74414,22,23,927,0,-83,-2147483648,341235,4294967295,0,0
467311369,467.311369,22998,22998,22998,0,6,6,314,0,323,0,0,1,0,0,213,213,0,74414,1,0,420,35554,0,244,281,1,3,60,830544,2164,74414,22,23,928,0,-80,-2147483648,90628,4294967295,0,0
467561371,467.561371,23010,23010,23010,0,6,6,314,0,323,0,0,1,0,0,225,225,0,74414,1,0,420,35572,0,244,281,1,3,60,830544,2167,74414,22,23,928,0,-80,-2147483648,340630,4294967295,0,0
467811373,467.811373,23023,23023,23023,0,6,6,314,0,323,0,0,1,0,0,238,238,0,74414,1,0,420,35592,0,245,281,1,3,60,830544,2164,74414,22,23,929,0,-85,-2147483648,88603,4294967295,0,0
468061374,468.061374,23035,23035,23035,0,6,6,314,0,323,0,0,1,0,0,250,250,0,74414,1,0,420,35611,0,138,281,1,3,60,830544,2167,74414,23,23,929,0,-85,-2147483648,338604,4294967295,0,0
468311376,468.311376,23048,23048,23048,0,6,6,314,0,323,0,0,1,0,0,7,7,0,74414,1,0,420,35631,0,244,281,1,3,60,830544,2164,74414,22,23,930,0,-83,-2147483648,87918,4294967295,0,0
468561376,468.561376,23060,23060,23060,0,6,6,314,0,323,0,0,1,0,0,19,19,0,74414,1,0,420,35649,0,244,281,1,3,60,830544,2167,74414,22,23,930,0,-83,-2147483648,337918,4294967295,0,0
468811376,468.811376,23073,23073,23073,0,5,6,314,0,323,0,0,1,0,0,32,32,0,74414,1,0,420,35669,0,244,281,1,3,60,830544,2164,74414,23,23,931,0,-83,-2147483648,86432,4294967295,0,0
469061378,469.061378,23085,23085,23085,0,6,6,314,0,323,0,0,1,0,0,44,44,0,74414,1,0,420,35688,0,138,281,1,3,61,830544,2167,74414,22,23,931,0,-83,-2147483648,336434,4294967295,0,0
469311379,469.311379,23098,23098,23098,0,6,6,314,0,323,0,0,1,0,0,57,57,0,74414,1,0,420,35708,0,244,281,1,3,60,830544,2164,74414,22,23,932,0,-83,-2147483648,86208,4294967295,0,0
469561379,469.561379,23110,23110,23110,0,6,6,314,0,323,0,0,1,0,0,69,69,0,74414,1,0,420,35726,0,244,281,1,3,60,830544,2167,74414,22,23,932,0,-83,-2147483648,336208,4294967295,0,0
469811381,469.811381,23123,23123,23123,0,5,6,314,0,323,0,0,1,0,0,82,82,0,74414,1,0,420,35746,0,280,281,1,3,60,830544,1164,74414,22,23,933,0,-81,-2147483648,85230,4294967295,0,0
470061382,470.061382,23135,23135,23135,0,6,6,314,0,323,0,0,1,0,0,94,94,0,74414,1,0,420,35765,0,138,281,1,3,61,830544,2168,74414,23,23,933,0,-81,-2147483648,335231,4294967295,0,0
470311384,470.311384,23148,23148,23148,0,6,6,314,0,323,0,0,1,0,0,107,107,0,74414,1,0,420,35785,0,244,281,1,3,60,830544,2164,74414,22,23,934,0,-81,-2147483648,73983,4294967295,0,0
470561385,470.561385,23160,23160,23160,0,6,6,314,0,323,0,0,1,0,0,119,119,0,74414,1,0,420,35803,0,244,281,1,3,60,830544,2167,74414,22,23,934,0,-81,-2147483648,323984,4294967295,0,0
470811387,470.811387,23173,23173,23173,0,6,6,314,0,323,0,0,1,0,0,132,132,0,74414,1,0,420,35823,0,244,281,0,3,61,830544,2164,74414,22,23,935,0,-84,-2147483648,72228,4294967295,0,0
471061388,471.061388,23185,23185,23185,0,6,6,314,0,323,0,0,1,0,0,144,144,0,74414,1,0,420,35842,0,137,281,1,3,60,830544,2167,74414,22,23,935,0,-84,-2147483648,322229,4294967295,0,0
471311390,471.311390,23198,23198,23198,0,6,6,314,0,323,0,0,1,0,0,157,157,0,74414,1,0,420,35862,0,244,281,1,3,60,830544,2164,74414,22,23,936,0,-88,-2147483648,71056,4294967295,0,0
471561392,471.561392,23210,23210,23210,0,6,6,314,0,323,0,0,1,0,0,169,169,0,74414,1,0,420,35880,0,245,281,1,3,2,830544,2167,74414,22,23,936,0,-88,-2147483648,321058,4294967295,0,0
471811394,471.811394,23223,23223,23223,0,5,6,314,0,323,0,0,1,0,0,182,182,0,74414,1,0,420,35900,0,245,281,1,3,60,830544,2164,74414,22,23,937,0,-92,-2147483648,69873,4294967295,0,0
472061394,472.061394,23235,23235,23235,0,5,6,314,0,323,0,0,1,0,0,194,194,0,74414,1,0,420,35919,0,173,281,1,3,60,830544,2167,74414,23,23,937,0,-92,-2147483648,319873,4294967295,0,0
472311394,472.311394,23248,23248,23248,0,6,6,314,0,323,0,0,1,0,0,207,207,0,74414,1,0,420,35939,0,244,281,1,3,60,830544,2164,74414,22,23,938,0,-78,-2147483648,68939,4294967295,0,0
472561394,472.561394,23260,23260,23260,0,6,6,314,0,323,0,0,1,0,0,219,219,0,74414,1,0,420,35957,0,244,281,1,3,60,830544,2168,74414,22,23,938,0,-78,-2147483648,318939,4294967295,0,0
472811396,472.811396,23273,23273,23273,0,6,6,314,0,323,0,0,1,0,0,232,232,0,74414,1,0,420,35977,0,245,281,1,3,60,830544,2164,74414,21,23,939,0,-76,-2147483648,68925,4294967295,0,0
473061397,473.061397,23285,23285,23285,0,6,6,314,0,323,0,0,1,0,0,244,244,0,74414,1,0,420,35996,0,138,281,1,3,60,830544,2167,74414,22,23,939,0,-76,-2147483648,318926,4294967295,0,0
473311398,473.311398,23298,23298,23298,0,6,6,314,0,323,0,0,1,0,0,1,1,0,74414,1,0,420,36016,0,244,281,1,3,60,830544,2164,74414,22,23,940,0,-76,-2147483648,66739,4294967295,0,0
473561398,473.561398,23310,23310,23310,0,6,6,314,0,323,0,0,1,0,0,13,13,0,74414,1,0,420,36034,0,245,281,1,3,2,830544,2167,74414,22,23,940,0,-76,-2147483648,316739,4294967295,0,0
473811399,473.811399,23323,23323,23323,0,6,6,314,0,323,0,0,1,0,0,26,26,0,74414,1,0,420,36054,0,244,281,1,3,60,830544,2164,74414,22,23,941,0,-80,-2147483648,65807,4294967295,0,0
474061399,474.061399,23335,23335,23335,0,6,6,314,0,323,0,0,1,0,0,38,38,0,74414,1,0,420,36073,0,139,281,1,3,60,830544,2167,74414,22,23,941,0,-80,-2147483648,315807,4294967295,0,0
474311399,474.311399,23348,23348,23348,0,6,6,314,0,323,0,0,1,0,0,51,51,0,74414,1,0,420,36093,0,279,281,1,3,60,830544,2164,74414,22,23,942,0,-79,-2147483648,53908,4294967295,0,0
474561401,474.561401,23360,23360,23360,0,6,6,314,0,323,0,0,1,0,0,63,63,0,74414,1,0,420,36111,0,245,281,1,3,2,830544,2167,74414,22,23,942,0,-79,-2147483648,303910,4294967295,0,0
474811401,474.811401,23373,23373,23373,0,5,6,314,0,323,0,0,1,0,0,76,76,0,74414,1,0,420,36131,0,244,281,1,3,60,830544,2164,74414,22,23,943,0,-77,-2147483648,53302,4294967295,0,0
475061403,475.061403,23385,23385,23385,0,6,6,314,0,323,0,0,1,0,0,88,88,0,74414,1,0,420,36150,0,138,281,1,3,61,830544,2167,74414,22,23,943,0,-77,-2147483648,303304,4294967295,0,0
475311404,475.311404,23398,23398,23398,0,6,6,314,0,323,0,0,1,0,0,101,101,0,74414,1,0,420,36170,0,244,281,1,3,60,830544,2164,74414,22,23,944,0,-76,-2147483648,51729,4294967295,0,0
475561405,475.561405,23410,23410,23410,0,6,6,314,0,323,0,0,1,0,0,113,113,0,74414,1,0,420,36188,0,244,281,1,3,2,830544,2167,74414,22,23,944,0,-76,-2147483648,301730,4294967295,0,0
475811405,475.811405,23423,23423,23423,0,6,6,314,0,323,0,0,1,0,0,126,126,0,74414,1,0,420,36208,0,245,281,1,3,60,830544,2164,74414,22,23,945,0,-78,-2147483648,49790,4294967295,0,0
476061405,476.061405,23435,23435,23435,0,5,6,314,0,323,0,0,1,0,0,138,138,0,74414,1,0,420,36227,0,138,281,1,3,60,830544,2167,74414,22,23,945,0,-78,-2147483648,299790,4294967295,0,0
476311406,476.311406,23448,23448,23448,0,6,6,314,0,323,0,0,1,0,0,151,151,0,74414,1,0,420,36247,0,245,281,1,3,60,830544,2164,74414,22,23,946,0,-73,-2147483648,47883,4294967295,0,0
476561406,476.561406,23460,23460,23460,0,6,6,314,0,323,0,0,1,0,0,163,163,0,74414,1,0,420,36265,0,280,281,1,3,2,830544,2167,74414,22,23,946,0,-73,-2147483648,297883,4294967295,0,0
476811408,476.811408,23473,23473,23473,0,5,6,314,0,323,0,0,1,0,0,176,176,0,74414,1,0,420,36285,0,244,281,1,3,60,830544,2164,74414,22,23,947,0,-77,-2147483648,46920,4294967295,0,0
477061410,477.061410,23485,23485,23485,0,6,6,314,0,323,0,0,1,0,0,188,188,0,74414,1,0,420,36304,0,137,281,1,3,60,830544,2167,74414,22,23,947,0,-77,-2147483648,296922,4294967295,0,0
477311411,477.311411,23498,23498,23498,0,6,6,314,0,323,0,0,1,0,0,201,201,0,74414,1,0,420,36324,0,244,281,1,3,60,830544,2164,74414,22,23,948,0,-79,-2147483648,45682,4294967295,0,0
477561412,477.561412,23510,23510,23510,0,6,6,314,0,323,0,0,1,0,0,213,213,0,74414,1,0,420,36342,0,244,281,1,3,2,830544,2168,74414,22,23,948,0,-79,-2147483648,295683,4294967295,0,0
477811414,477.811414,23523,23523,23523,0,6,6,314,0,323,0,0,1,0,0,226,226,0,74414,1,0,420,36362,0,244,281,1,3,60,830544,2164,74414,22,23,949,0,-80,-2147483648,45483,4294967295,0,0
478061416,478.061416,23535,23535,23535,0,6,6,314,0,323,0,0,1,0,0,238,238,0,74414,1,0,420,36381,0,138,281,1,3,60,830544,2167,74414,22,23,949,0,-80,-2147483648,295485,4294967295,0,0
478311416,478.311416,23548,23548,23548,0,6,6,314,0,323,0,0,1,0,0,251,251,0,74414,1,0,420,36401,0,244,281,1,3,60,830544,2164,74414,22,23,950,0,-80,-2147483648,33426,4294967295,0,0
478561418,478.561418,23560,23560,23560,0,6,6,314,0,323,0,0,1,0,0,7,7,0,74414,1,0,420,36419,0,244,281,1,3,2,830544,2167,74414,22,23,950,0,-80,-2147483648,283428,4294967295,0,0
478811420,478.811420,23573,23573,23573,0,6,6,314,0,323,0,0,1,0,0,20,20,0,74414,1,0,420,36439,0,244,281,1,3,60,830544,2164,74414,22,23,951,0,-77,-2147483648,33293,4294967295,0,0
479061421,479.061421,23585,23585,23585,0,6,6,314,0,323,0,0,1,0,0,32,32,0,74414,1,0,420,36458,0,138,281,1,3,60,830544,2167,74414,22,23,951,0,-77,-2147483648,283294,4294967295,0,0
479311421,479.311421,23598,23598,23598,0,6,6,314,0,323,0,0,1,0,0,45,45,0,74414,1,0,420,36478,0,244,281,1,3,60,830544,2164,74414,22,23,952,0,-79,-2147483648,31193,4294967295,0,0
479561422,479.561422,23610,23610,23610,0,6,6,314,0,323,0,0,1,0,0,57,57,0,74414,1,0,420,36496,0,244,281,1,3,2,830544,2167,74414,22,23,952,0,-79,-2147483648,281194,4294967295,0,0
479811422,479.811422,23623,23623,23623,0,6,6,314,0,323,0,0,1,0,0,70,70,0,74414,1,0,420,36516,0,244,281,1,3,60,830544,2164,74414,22,23,953,0,-75,-2147483648,31123,4294967295,0,0
480061422,480.061422,23635,23635,23635,0,6,6,314,0,323,0,0,1,0,0,82,82,0,74414,1,0,420,36535,0,138,281,1,3,60,830544,2167,74414,21,23,953,0,-75,-2147483648,281123,4294967295,0,0
480311422,480.311422,23648,23648,23648,0,6,6,314,0,323,0,0,1,0,0,95,95,0,74414,1,0,420,36555,0,279,281,1,3,60,830544,2164,74414,22,23,954,0,-75,-2147483648,28993,4294967295,0,0
480561423,480.561423,23660,23660,23660,0,6,6,314,0,323,0,0,1,0,0,107,107,0,74414,1,0,420,36573,0,245,281,1,3,2,830544,2167,74414,22,23,954,0,-75,-2147483648,278994,4294967295,0,0
480811423,480.811423,23673,23673,23673,0,6,6,314,0,323,0,0,1,0,0,120,120,0,74414,1,0,420,36593,0,244,281,0,3,61,830544,2164,74414,22,23,955,0,-76,-2147483648,28949,4294967295,0,0
481061424,481.061424,23685,23685,23685,0,6,6,314,0,323,0,0,1,0,0,132,132,0,74414,1,0,420,36612,0,138,281,1,3,60,830544,2167,74414,22,23,955,0,-76,-2147483648,278950,4294967295,0,0
481311424,481.311424,23698,23698,23698,0,6,6,314,0,323,0,0,1,0,0,145,145,0,74414,1,0,420,36632,0,244,281,1,3,60,830544,2164,74414,22,23,956,0,-74,-2147483648,26913,4294967295,0,0
481561424,481.561424,23710,23710,23710,0,6,6,314,0,323,0,0,1,0,0,157,157,0,74414,1,0,420,36650,0,244,281,1,3,2,830544,2167,74414,22,23,956,0,-74,-2147483648,276913,4294967295,0,0
481811424,481.811424,23723,23723,23723,0,6,6,314,0,323,0,0,1,0,0,170,170,0,74414,1,0,420,36670,0,244,281,1,3,1,830544,2164,74414,22,23,957,0,-73,-2147483648,26342,4294967295,0,0
482061424,482.061424,23735,23735,23735,0,6,6,314,0,323,0,0,1,0,0,182,182,0,74414,1,0,420,36689,0,138,281,1,3,60,830544,2167,74414,23,23,957,0,-73,-2147483648,276342,4294967295,0,0
482311426,482.311426,23748,23748,23748,0,6,6,314,0,323,0,0,1,0,0,195,195,0,74414,1,0,420,36709,0,244,281,1,3,60,830544,2164,74414,22,23,958,0,-76,-2147483648,13930,4294967295,0,0
482561426,482.561426,23760,23760,23760,0,6,6,314,0,323,0,0,1,0,0,207,207,0,74414,1,0,420,36727,0,280,281,1,3,2,830544,2167,74414,21,23,958,0,-76,-2147483648,263930,4294967295,0,0
482811426,482.811426,23773,23773,23773,0,6,6,314,0,323,0,0,1,0,0,220,220,0,74414,1,0,420,36747,0,245,281,1,3,60,830544,2164,74414,21,23,959,0,-77,-2147483648,13448,4294967295,0,0
483061426,483.061426,23785,23785,23785,0,6,6,314,0,323,0,0,1,0,0,232,232,0,74414,1,0,420,36766,0,138,281,1,3,60,830544,2167,74414,22,23,959,0,-77,-2147483648,263448,4294967295,0,0
483311428,483.311428,23798,23798,23798,0,6,6,314,0,323,0,0,1,0,0,245,245,0,74414,1,0,420,36786,0,244,281,1,3,60,830544,2164,74414,22,23,960,0,-75,-2147483648,12243,4294967295,0,0
483561429,483.561429,23810,23810,23810,0,6,6,314,0,323,0,0,1,0,0,1,1,0,74414,1,0,420,36804,0,244,281,1,3,2,830544,2167,74414,22,23,960,0,-75,-2147483648,262244,4294967295,0,0
483811430,483.811430,23823,23823,23823,0,6,6,314,0,323,0,0,1,0,0,14,14,0,74414,1,0,420,36824,0,245,281,1,3,60,830544,2164,74414,22,23,961,0,-78,-2147483648,11092,4294967295,0,0
484061431,484.061431,23835,23835,23835,0,6,6,314,0,323,0,0,1,0,0,26,26,0,74414,1,0,420,36843,0,138,281,1,3,2,830544,2167,74414,22,23,961,0,-78,-2147483648,261093,4294967295,0,0
484311431,484.311431,23848,23848,23848,0,6,6,314,0,323,0,0,1,0,0,39,39,0,74414,1,0,420,36863,0,244,281,1,3,60,830544,2164,74414,22,23,962,0,-79,-2147483648,11132,4294967295,0,0
484561433,484.561433,23860,23860,23860,0,6,6,314,0,323,0,0,1,0,0,51,51,0,74414,1,0,420,36881,0,244,281,1,3,60,830544,2167,74414,22,23,962,0,-79,-2147483648,261134,4294967295,0,0
484811434,484.811434,23873,23873,23873,0,6,6,314,0,323,0,0,1,0,0,64,64,0,74414,1,0,420,36901,0,280,281,1,3,60,830544,2164,74414,22,23,963,0,-78,-2147483648,9016,4294967295,0,0
485061436,485.061436,23885,23885,23885,0,6,6,314,0,323,0,0,1,0,0,76,76,0,74414,1,0,420,36920,0,138,281,1,3,2,830544,2167,74414,22,23,963,0,-78,-2147483648,259018,4294967295,0,0
485311438,485.311438,23898,23898,23898,0,6,6,314,0,323,0,0,1,0,0,89,89,0,74414,1,0,420,36940,0,244,281,0,3,61,830544,2164,74414,22,23,964,0,-76,-2147483648,8975,4294967295,0,0
485561438,485.561438,23910,23910,23910,0,6,6,314,0,323,0,0,1,0,0,101,101,0,74414,1,0,420,36958,0,244,281,1,3,60,830544,2167,74414,22,23,964,0,-76,-2147483648,258975,4294967295,0,0
485811438,485.811438,23923,23923,23923,0,6,6,314,0,323,0,0,1,0,0,114,114,0,74414,1,0,420,36978,0,245,281,1,3,60,830544,2164,74414,21,23,965,0,-77,-2147483648,6941,4294967295,0,0
486061438,486.061438,23935,23935,23935,0,5,6,314,0,323,0,0,1,0,0,126,126,0,74414,1,0,420,36997,0,137,281,1,3,2,830544,2167,74414,22,23,965,0,-77,-2147483648,256941,4294967295,0,0
486311439,486.311439,23948,23948,23948,0,6,6,314,0,323,0,0,1,0,0,139,139,0,74414,1,0,420,37017,0,244,281,1,3,60,830544,2164,74414,22,23,966,0,-76,-2147483648,6767,4294967295,0,0
486561440,486.561440,23960,23960,23960,0,6,6,314,0,323,0,0,1,0,0,151,151,0,74414,1,0,420,37035,0,245,281,1,3,2,830544,2167,74414,22,23,966,0,-76,-2147483648,256768,4294967295,0,0
486811440,486.811440,23973,23973,23973,0,6,6,314,0,323,0,0,1,0,0,164,164,0,74414,1,0,420,37054,0,244,281,1,3,60,830544,2164,74414,22,23,966,0,-76,-2147483648,506768,4294967295,0,0
487061442,487.061442,23985,23985,23985,0,5,6,314,0,323,0,0,1,0,0,176,176,0,74414,1,0,420,37074,0,138,281,1,3,2,830544,2167,74414,22,23,967,0,-76,-2147483648,245302,4294967295,0,0
487311442,487.311442,23998,23998,23998,0,6,6,314,0,323,0,0,1,0,0,189,189,0,74414,1,0,420,37093,0,244,281,1,3,60,830544,2164,74414,22,23,967,0,-76,-2147483648,495302,4294967295,0,0
487561442,487.561442,24010,24010,24010,0,6,6,314,0,323,0,0,1,0,0,201,201,0,74414,1,0,420,37112,0,244,281,1,3,1,830544,2167,74414,22,23,968,0,-78,-2147483648,244520,4294967295,0,0
487811442,487.811442,24023,24023,24023,0,6,6,314,0,323,0,0,1,0,0,214,214,0,74414,1,0,420,37131,0,244,281,1,3,60,830544,2164,74414,22,23,968,0,-78,-2147483648,494520,4294967295,0,0
488061442,488.061442,24035,24035,24035,0,6,6,314,0,323,0,0,1,0,0,226,226,0,74414,1,0,420,37151,0,138,281,1,3,1,830544,2167,74414,22,23,969,0,-79,-2147483648,243306,4294967295,0,0
488311444,488.311444,24048,24048,24048,0,6,6,314,0,323,0,0,1,0,0,239,239,0,74414,1,0,420,37170,0,244,281,1,3,60,830544,2164,74414,22,23,969,0,-79,-2147483648,493308,4294967295,0,0
488561444,488.561444,24060,24060,24060,0,6,6,314,0,323,0,0,1,0,0,251,251,0,74414,1,0,420,37189,0,244,281,1,3,2,830544,2167,74414,22,23,970,0,-74,-2147483648,241097,4294967295,0,0
488811446,488.811446,24073,24073,24073,0,6,6,314,0,323,0,0,1,0,0,8,8,0,74414,1,0,420,37208,0,245,281,1,3,60,830544,2164,74414,22,23,970,0,-74,-2147483648,491099,4294967295,0,0
489061448,489.061448,24085,24085,24085,0,6,6,314,0,323,0,0,1,0,0,20,20,0,74414,1,0,420,37228,0,138,281,1,3,60,830544,2167,74414,22,23,971,0,-75,-2147483648,239611,4294967295,0,0
489311450,489.311450,24098,24098,24098,0,6,6,314,0,323,0,0,1,0,0,33,33,0,74414,1,0,420,37247,0,244,281,1,3,60,830544,2164,74414,22,23,971,0,-75,-2147483648,489613,4294967295,0,0
489561452,489.561452,24110,24110,24110,0,6,6,314,0,323,0,0,1,0,0,45,45,0,74414,1,0,420,37266,0,244,281,1,3,2,830544,2167,74414,22,23,972,0,-73,-2147483648,239120,4294967295,0,0
489811452,489.811452,24123,24123,24123,0,5,6,314,0,323,0,0,1,0,0,58,58,0,74414,1,0,420,37285,0,244,281,1,3,2,830544,2164,74414,22,23,972,0,-73,-2147483648,489120,4294967295,0,0
490061453,490.061453,24135,24135,24135,0,6,6,314,0,323,0,0,1,0,0,70,70,0,74414,1,0,420,37305,0,138,281,1,3,2,830544,2167,74414,22,23,973,0,-79,-2147483648,238970,4294967295,0,0
490311453,490.311453,24148,24148,24148,0,6,6,314,0,323,0,0,1,0,0,83,83,0,74414,1,0,420,37324,0,244,281,1,3,60,830544,2164,74414,22,23,973,0,-79,-2147483648,488970,4294967295,0,0
490561454,490.561454,24160,24160,24160,0,6,6,314,0,323,0,0,1,0,0,95,95,0,74414,1,0,420,37343,0,244,281,1,3,2,830544,2167,74414,22,23,974,0,-75,-2147483648,237670,4294967295,0,0
490811455,490.811455,24173,24173,24173,0,6,6,314,0,323,0,0,1,0,0,108,108,0,74414,1,0,420,37362,0,244,281,1,3,60,830544,2164,74414,22,23,974,0,-75,-2147483648,487671,4294967295,0,0
491061457,491.061457,24185,24185,24185,0,6,6,314,0,323,0,0,1,0,0,120,120,0,74414,1,0,420,37382,0,138,281,1,3,60,830544,2167,74414,22,23,975,0,-75,-2147483648,237134,4294967295,0,0
491311457,491.311457,24198,24198,24198,0,6,6,314,0,323,0,0,1,0,0,133,133,0,74414,1,0,420,37401,0,244,281,1,3,60,830544,2164,74414,22,23,975,0,-75,-2147483648,487134,4294967295,0,0
491561459,491.561459,24210,24210,24210,0,6,6,314,0,323,0,0,1,0,0,145,145,0,74414,1,0,420,37420,0,244,281,1,3,60,830544,2167,74414,22,23,976,0,-74,-2147483648,236969,4294967295,0,0
491811461,491.811461,24223,24223,24223,0,5,6,314,0,323,0,0,1,0,0,158,158,0,74414,1,0,420,37439,0,244,281,1,3,60,830544,2164,74414,23,23,976,0,-74,-2147483648,486971,4294967295,0,0
492061463,492.061463,24235,24235,24235,0,6,6,314,0,323,0,0,1,0,0,170,170,0,74414,1,0,420,37459,0,138,281,1,3,2,830544,2167,74414,22,23,977,0,-80,-2147483648,236795,4294967295,0,0
492311464,492.311464,24248,24248,24248,0,6,6,314,0,323,0,0,1,0,0,183,183,0,74414,1,0,420,37478,0,244,281,1,3,60,830544,2164,74414,22,23,977,0,-80,-2147483648,486796,4294967295,0,0
492561464,492.561464,24260,24260,24260,0,6,6,314,0,323,0,0,1,0,0,195,195,0,74414,1,0,420,37497,0,244,281,1,3,60,830544,2167,74414,22,23,978,0,-82,-2147483648,225329,4294967295,0,0
492811464,492.811464,24273,24273,24273,0,6,6,314,0,323,0,0,1,0,0,208,208,0,74414,1,0,420,37516,0,244,281,0,3,61,830544,2165,74414,22,23,978,0,-82,-2147483648,475329,4294967295,0,0
493061466,493.061466,24285,24285,24285,0,5,6,314,0,323,0,0,1,0,0,220,220,0,74414,1,0,420,37536,0,138,281,1,3,2,830544,2167,74414,21,23,979,0,-82,-2147483648,224550,4294967295,0,0
493311467,493.311467,24298,24298,24298,0,6,6,314,0,323,0,0,1,0,0,233,233,0,74414,1,0,420,37555,0,244,281,1,3,60,830544,2164,74414,22,23,979,0,-82,-2147483648,474551,4294967295,0,0
493561469,493.561469,24310,24310,24310,0,6,6,314,0,323,0,0,1,0,0,245,245,0,74414,1,0,420,37574,0,244,281,1,3,60,830544,2167,74414,22,23,980,0,-80,-2147483648,223338,4294967295,0,0
493811471,493.811471,24323,24323,24323,0,6,6,314,0,323,0,0,1,0,0,2,2,0,74414,1,0,420,37593,0,245,281,1,3,60,830544,2164,74414,21,23,980,0,-80,-2147483648,473340,4294967295,0,0
494061473,494.061473,24335,24335,24335,0,5,6,314,0,323,0,0,1,0,0,14,14,0,74414,1,0,420,37613,0,137,281,1,3,2,830544,2167,74414,22,23,981,0,-83,-2147483648,221145,4294967295,0,0
494311474,494.311474,24348,24348,24348,0,6,6,314,0,323,0,0,1,0,0,27,27,0,74414,1,0,420,37632,0,244,281,1,3,60,830544,2164,74414,22,23,981,0,-83,-2147483648,471146,4294967295,0,0
494561474,494.561474,24360,24360,24360,0,6,6,314,0,323,0,0,1,0,0,39,39,0,74414,1,0,420,37651,0,244,281,0,3,2,830544,2167,74414,22,23,982,0,-79,-2147483648,221172,4294967295,0,0
494811475,494.811475,24373,24373,24373,0,6,6,314,0,323,0,0,1,0,0,52,52,0,74414,1,0,420,37670,0,245,281,1,3,60,830544,2164,74414,22,23,982,0,-79,-2147483648,471173,4294967295,0,0
495061476,495.061476,24385,24385,24385,0,6,6,314,0,323,0,0,1,0,0,64,64,0,74414,1,0,420,37690,0,138,281,1,3,2,830544,2167,74414,22,23,983,0,-79,-2147483648,219043,4294967295,0,0
495311478,495.311478,24398,24398,24398,0,6,6,314,0,323,0,0,1,0,0,77,77,0,74414,1,0,420,37709,0,244,281,1,3,60,830544,2164,74414,22,23,983,0,-79,-2147483648,469045,4294967295,0,0
495561480,495.561480,24410,24410,24410,0,6,6,314,0,323,0,0,1,0,0,89,89,0,74414,1,0,420,37728,0,244,281,0,3,2,830544,2167,74414,22,23,984,0,-78,-2147483648,217967,4294967295,0,0
495811480,495.811480,24423,24423,24423,0,6,6,314,0,323,0,0,1,0,0,102,102,0,74414,1,0,420,37747,0,244,281,1,3,60,830544,2164,74414,23,23,984,0,-78,-2147483648,467967,4294967295,0,0
496061481,496.061481,24435,24435,24435,0,6,6,314,0,323,0,0,1,0,0,114,114,0,74414,1,0,420,37767,0,138,281,1,3,60,830544,2167,74414,22,23,985,0,-79,-2147483648,217002,4294967295,0,0
496311482,496.311482,24448,24448,24448,0,6,6,314,0,323,0,0,1,0,0,127,127,0,74414,1,0,420,37786,0,280,281,1,3,60,830544,2164,74414,22,23,985,0,-79,-2147483648,467003,4294967295,0,0
496561482,496.561482,24460,24460,24460,0,6,6,314,0,323,0,0,1,0,0,139,139,0,74414,1,0,420,37805,0,244,281,0,3,60,830544,2167,74414,22,23,986,0,-80,-2147483648,216813,4294967295,0,0
496811482,496.811482,24473,24473,24473,0,5,6,314,0,323,0,0,1,0,0,152,152,0,74414,1,0,420,37824,0,244,281,1,3,60,830544,2164,74414,22,23,986,0,-80,-2147483648,466813,4294967295,0,0
497061483,497.061483,24485,24485,24485,0,6,6,314,0,323,0,0,1,0,0,164,164,0,74414,1,0,420,37844,0,138,281,1,3,2,830544,2167,74414,22,23,987,0,-79,-2147483648,215992,4294967295,0,0
497311485,497.311485,24498,24498,24498,0,6,6,314,0,323,0,0,1,0,0,177,177,0,74414,1,0,420,37863,0,245,281,1,3,60,830544,2164,74414,22,23,987,0,-79,-2147483648,465994,4294967295,0,0
497561487,497.561487,24510,24510,24510,0,6,6,314,0,323,0,0,1,0,0,189,189,0,74414,1,0,420,37882,0,244,281,1,3,1,830544,2167,74414,22,23,988,0,-77,-2147483648,215792,4294967295,0,0
497811488,497.811488,24523,24523,24523,0,6,6,314,0,323,0,0,1,0,0,202,202,0,74414,1,0,420,37901,0,244,281,1,3,2,830544,2164,74414,22,23,988,0,-77,-2147483648,465793,4294967295,0,0
498061489,498.061489,24535,24535,24535,0,6,6,314,0,323,0,0,1,0,0,214,214,0,74414,1,0,420,37921,0,138,281,1,3,2,830544,2167,74414,22,23,989,0,-79,-2147483648,204409,4294967295,0,0
498311489,498.311489,24548,24548,24548,0,6,6,314,0,323,0,0,1,0,0,227,227,0,74414,1,0,420,37940,0,244,281,1,3,60,830544,2164,74414,22,23,989,0,-79,-2147483648,454409,4294967295,0,0
498561490,498.561490,24560,24560,24560,0,6,6,314,0,323,0,0,1,0,0,239,239,0,74414,1,0,420,37959,0,244,281,1,3,60,830544,2167,74414,22,23,990,0,-82,-2147483648,203505,4294967295,0,0
498811491,498.811491,24573,24573,24573,0,6,6,314,0,323,0,0,1,0,0,252,252,0,74414,1,0,420,37978,0,244,281,1,3,2,830544,2164,74414,22,23,990,0,-82,-2147483648,453506,4294967295,0,0
499061492,499.061492,24585,24585,24585,0,6,6,314,0,323,0,0,1,0,0,8,8,0,74414,1,0,420,37998,0,138,281,1,3,2,830544,2167,74414,22,23,991,0,-83,-2147483648,202211,4294967295,0,0
499311494,499.311494,24598,24598,24598,0,6,6,314,0,323,0,0,1,0,0,21,21,0,74414,1,0,420,38017,0,244,281,1,3,60,830544,2164,74414,22,23,991,0,-83,-2147483648,452213,4294967295,0,0
499561494,499.561494,24610,24610,24610,0,6,6,314,0,323,0,0,1,0,0,33,33,0,74414,1,0,420,38036,0,245,281,1,3,1,830544,2167,74414,22,23,992,0,-81,-2147483648,201179,4294967295,0,0
499811494,499.811494,24623,24623,24623,0,6,6,314,0,323,0,0,1,0,0,46,46,0,74414,1,0,420,38055,0,244,281,1,3,1,830544,2164,74414,22,23,992,0,-81,-2147483648,451179,4294967295,0,0
500061494,500.061494,24635,24635,24635,0,6,6,314,0,323,0,0,1,0,0,58,58,0,74414,1,0,420,38075,0,138,281,1,3,60,830544,2167,74414,21,23,993,0,-79,-2147483648,201189,4294967295,0,0
500311495,500.311495,24648,24648,24648,0,6,6,314,0,323,0,0,1,0,0,71,71,0,74414,1,0,420,38094,0,244,281,1,3,60,830544,2164,74414,22,23,993,0,-79,-2147483648,451190,4294967295,0,0
500561496,500.561496,24660,24660,24660,0,6,6,314,0,323,0,0,1,0,0,83,83,0,74414,1,0,420,38113,0,244,281,1,3,1,830544,2167,74414,22,23,994,0,-80,-2147483648,199041,4294967295,0,0
500811497,500.811497,24673,24673,24673,0,6,6,314,0,323,0,0,1,0,0,96,96,0,74414,1,0,420,38132,0,245,281,1,3,60,830544,2164,74414,22,23,994,0,-80,-2147483648,449042,4294967295,0,0
501061498,501.061498,24685,24685,24685,0,6,6,314,0,323,0,0,1,0,0,108,108,0,74414,1,0,420,38152,0,138,281,1,3,60,830544,2167,74414,22,23,995,0,-79,-2147483648,199029,4294967295,0,0
501311500,501.311500,24698,24698,24698,0,6,6,314,0,323,0,0,1,0,0,121,121,0,74414,1,0,420,38171,0,244,281,1,3,60,830544,2164,74414,22,23,995,0,-79,-2147483648,449031,4294967295,0,0
501561501,501.561501,24710,24710,24710,0,6,6,314,0,323,0,0,1,0,0,133,133,0,74414,1,0,420,38190,0,245,281,1,3,2,830544,2167,74414,22,23,996,0,-82,-2147483648,196865,4294967295,0,0
501811501,501.811501,24723,24723,24723,0,6,6,314,0,323,0,0,1,0,0,146,146,0,74414,1,0,420,38209,0,244,281,1,3,60,830544,2164,74414,22,23,996,0,-82,-2147483648,446865,4294967295,0,0
502061503,502.061503,24735,24735,24735,0,5,6,314,0,323,0,0,1,0,0,158,158,0,74414,1,0,420,38229,0,138,281,1,3,61,830544,2168,74414,22,23,997,0,-78,-2147483648,196832,4294967295,0,0
502311504,502.311504,24748,24748,24748,0,6,6,314,0,323,0,0,1,0,0,171,171,0,74414,1,0,420,38248,0,280,281,1,3,60,830544,2164,74414,22,23,997,0,-78,-2147483648,446833,4294967295,0,0
502561504,502.561504,24760,24760,24760,0,6,6,314,0,323,0,0,1,0,0,183,183,0,74414,1,0,420,38267,0,244,281,1,3,2,830544,2167,74414,22,23,998,0,-76,-2147483648,196536,4294967295,0,0
502811504,502.811504,24773,24773,24773,0,6,6,314,0,323,0,0,1,0,0,196,196,0,74414,1,0,420,38286,0,244,281,1,3,2,830544,2164,74414,22,23,998,0,-76,-2147483648,446536,4294967295,0,0
503061506,503.061506,24785,24785,24785,0,6,6,314,0,323,0,0,1,0,0,208,208,0,74414,1,0,420,38306,0,138,281,1,3,60,830544,2167,74414,22,23,999,0,-77,-2147483648,185219,4294967295,0,0
503311508,503.311508,24798,24798,24798,0,6,6,314,0,323,0,0,1,0,0,221,221,0,74414,1,0,420,38325,0,244,281,1,3,60,830544,2164,74414,22,23,999,0,-77,-2147483648,435221,4294967295,0,0
503561509,503.561509,24810,24810,24810,0,6,6,314,0,323,0,0,1,0,0,233,233,0,74414,1,0,420,38344,0,245,281,1,3,60,830544,2167,74414,22,23,1000,0,-78,-2147483648,184491,4294967295,0,0
503811511,503.811511,24823,24823,24823,0,6,6,314,0,323,0,0,1,0,0,246,246,0,74414,1,0,420,38363,0,245,281,1,3,2,830544,2164,74414,22,23,1000,0,-78,-2147483648,434493,4294967295,0,0
504061512,504.061512,24835,24835,24835,0,6,6,314,0,323,0,0,1,0,0,2,2,0,74414,1,0,420,38383,0,138,281,1,3,60,830544,2167,74414,23,23,1001,0,-81,-2147483648,184210,4294967295,0,0
504311514,504.311514,24848,24848,24848,0,6,6,314,0,323,0,0,1,0,0,15,15,0,74414,1,0,420,38402,0,245,281,0,3,61,830544,2164,74414,22,23,1001,0,-81,-2147483648,434212,4294967295,0,0
504561515,504.561515,24860,24860,24860,0,6,6,314,0,323,0,0,1,0,0,27,27,0,74414,1,0,420,38421,0,245,281,1,3,1,830544,2167,74414,22,23,1002,0,-82,-2147483648,182332,4294967295,0,0
504811517,504.811517,24873,24873,24873,0,6,6,314,0,323,0,0,1,0,0,40,40,0,74414,1,0,420,38440,0,244,281,1,3,2,830544,2164,74414,22,23,1002,0,-82,-2147483648,432334,4294967295,0,0
505061517,505.061517,24885,24885,24885,0,6,6,314,0,323,0,0,1,0,0,52,52,0,74414,1,0,420,38460,0,138,281,1,3,60,830544,2167,74414,22,23,1003,0,-80,-2147483648,181187,4294967295,0,0
505311519,505.311519,24898,24898,24898,0,6,6,314,0,323,0,0,1,0,0,65,65,0,74414,1,0,420,38479,0,244,281,1,3,60,830544,2164,74414,22,23,1003,0,-80,-2147483648,431189,4294967295,0,0
505561520,505.561520,24910,24910,24910,0,6,6,314,0,323,0,0,1,0,0,77,77,0,74414,1,0,420,38498,0,245,281,1,3,2,830544,2167,74414,22,23,1004,0,-79,-2147483648,181222,4294967295,0,0
505811521,505.811521,24923,24923,24923,0,5,6,314,0,323,0,0,1,0,0,90,90,0,74414,1,0,420,38517,0,244,281,1,3,60,830544,2164,74414,22,23,1004,0,-79,-2147483648,431223,4294967295,0,0
506061521,506.061521,24935,24935,24935,0,6,6,314,0,323,0,0,1,0,0,102,102,0,74414,1,0,420,38537,0,138,281,1,3,60,830544,2167,74414,23,23,1005,0,-77,-2147483648,179104,4294967295,0,0
506311522,506.311522,24948,24948,24948,0,6,6,314,0,323,0,0,1,0,0,115,115,0,74414,1,0,420,38556,0,244,281,1,3,60,830544,2164,74414,22,23,1005,0,-77,-2147483648,429105,4294967295,0,0
506561524,506.561524,24960,24960,24960,0,6,6,314,0,323,0,0,1,0,0,127,127,0,74414,1,0,420,38575,0,245,281,1,3,1,830544,2167,74414,22,23,1006,0,-76,-2147483648,179061,4294967295,0,0
506811524,506.811524,24973,24973,24973,0,5,6,314,0,323,0,0,1,0,0,140,140,0,74414,1,0,420,38594,0,244,281,1,3,1,830544,2164,74414,22,23,1006,0,-76,-2147483648,429061,4294967295,0,0
507061525,507.061525,24985,24985,24985,0,5,6,314,0,323,0,0,1,0,0,152,152,0,74414,1,0,420,38614,0,138,281,1,3,60,830544,2167,74414,23,23,1007,0,-77,-2147483648,176896,4294967295,0,0
507311525,507.311525,24998,24998,24998,0,6,6,314,0,323,0,0,1,0,0,165,165,0,74414,1,0,420,38633,0,245,281,0,3,61,830544,2165,74414,21,23,1007,0,-77,-2147483648,426896,4294967295,0,0
507561526,507.561526,25010,25010,25010,0,6,6,314,0,323,0,0,1,0,0,177,177,0,74414,1,0,420,38652,0,244,281,1,3,60,830544,2167,74414,22,23,1008,0,-76,-2147483648,175818,4294967295,0,0
507811527,507.811527,25023,25023,25023,0,6,6,314,0,323,0,0,1,0,0,190,190,0,74414,1,0,420,38671,0,245,281,1,3,2,830544,2164,74414,21,23,1008,0,-76,-2147483648,425819,4294967295,0,0
508061527,508.061527,25035,25035,25035,0,6,6,314,0,323,0,0,1,0,0,202,202,0,74414,1,0,420,38691,0,138,281,1,3,2,830544,2167,74414,22,23,1009,0,-80,-2147483648,165387,4294967295,0,0
508311527,508.311527,25048,25048,25048,0,6,6,314,0,323,0,0,1,0,0,215,215,0,74414,1,0,420,38710,0,244,281,1,3,60,830544,2164,74414,22,23,1009,0,-80,-2147483648,415387,4294967295,0,0
508561527,508.561527,25060,25060,25060,0,6,6,314,0,323,0,0,1,0,0,227,227,0,74414,1,0,420,38729,0,244,281,0,3,61,830544,2167,74414,22,23,1010,0,-83,-2147483648,163530,4294967295,0,0
508811529,508.811529,25073,25073,25073,0,6,6,314,0,323,0,0,1,0,0,240,240,0,74414,1,0,420,38748,0,244,281,1,3,2,830544,2164,74414,22,23,1010,0,-83,-2147483648,413532,4294967295,0,0
509061531,509.061531,25085,25085,25085,0,6,6,314,0,323,0,0,1,0,0,252,252,0,74414,1,0,420,38768,0,138,281,1,3,1,830544,2168,74414,22,23,1011,0,-91,-2147483648,163396,4294967295,0,0
509311531,509.311531,25098,25098,25098,0,6,6,314,0,323,0,0,1,0,0,9,9,0,74414,1,0,420,38787,0,244,281,1,3,60,830544,2164,74414,22,23,1011,0,-91,-2147483648,413396,4294967295,0,0
509561533,509.561533,25110,25110,25110,0,6,6,314,0,323,0,0,1,0,0,21,21,0,74414,1,0,420,38806,0,244,281,1,3,60,830544,2167,74414,23,23,1012,0,-83,-2147483648,161206,4294967295,0,0
509811535,509.811535,25123,25123,25123,0,6,6,314,0,323,0,0,1,0,0,34,34,0,74414,1,0,420,38825,0,244,281,1,3,60,830544,2164,74414,22,23,1012,0,-83,-2147483648,411208,4294967295,0,0
510061537,510.061537,25135,25135,25135,0,5,6,314,0,323,0,0,1,0,0,46,46,0,74414,1,0,420,38845,0,138,281,1,3,1,830544,2167,74414,22,23,1013,0,-78,-2147483648,160068,4294967295,0,0
510311538,510.311538,25148,25148,25148,0,6,6,314,0,323,0,0,1,0,0,59,59,0,74414,1,0,420,38864,0,244,281,0,3,61,830544,2164,74414,22,23,1013,0,-78,-2147483648,410069,4294967295,0,0
510561538,510.561538,25160,25160,25160,0,6,6,314,0,323,0,0,1,0,0,71,71,0,74414,1,0,420,38883,0,244,281,1,3,60,830544,2167,74414,22,23,1014,0,-77,-2147483648,158063,4294967295,0,0
510811539,510.811539,25173,25173,25173,0,6,6,314,0,323,0,0,1,0,0,84,84,0,74414,1,0,420,38902,0,244,281,1,3,2,830544,2164,74414,22,23,1014,0,-77,-2147483648,408064,4294967295,0,0
511061540,511.061540,25185,25185,25185,0,6,6,314,0,323,0,0,1,0,0,96,96,0,74414,1,0,420,38922,0,138,281,1,3,1,830544,2167,74414,22,23,1015,0,-78,-2147483648,157960,4294967295,0,0
511311541,511.311541,25198,25198,25198,0,6,6,314,0,323,0,0,1,0,0,109,109,0,74414,1,0,420,38941,0,245,281,1,3,60,830544,2165,74414,22,23,1015,0,-78,-2147483648,407961,4294967295,0,0
511561543,511.561543,25210,25210,25210,0,6,6,314,0,323,0,0,1,0,0,121,121,0,74414,1,0,420,38960,0,244,281,1,3,60,830544,2167,74414,22,23,1016,0,-80,-2147483648,156874,4294967295,0,0
511811545,511.811545,25223,25223,25223,0,6,6,314,0,323,0,0,1,0,0,134,134,0,74414,1,0,420,38979,0,244,281,1,3,2,830544,2164,74414,22,23,1016,0,-80,-2147483648,406876,4294967295,0,0
512061545,512.061545,25235,25235,25235,0,6,6,314,0,323,0,0,1,0,0,146,146,0,74414,1,0,420,38999,0,139,281,1,3,2,830544,2167,74414,22,23,1017,0,-76,-2147483648,155850,4294967295,0,0
512311547,512.311547,25248,25248,25248,0,6,6,314,0,323,0,0,1,0,0,159,159,0,74414,1,0,420,39018,0,245,281,1,3,60,830544,2164,74414,22,23,1017,0,-76,-2147483648,405852,4294967295,0,0
512561549,512.561549,25260,25260,25260,0,6,6,314,0,323,0,0,1,0,0,171,171,0,74414,1,0,420,39037,0,244,281,1,3,60,830544,2167,74414,22,23,1018,0,-77,-2147483648,145421,4294967295,0,0
512811550,512.811550,25273,25273,25273,0,6,6,314,0,323,0,0,1,0,0,184,184,0,74414,1,0,420,39056,0,244,281,1,3,2,830544,2164,74414,22,23,1018,0,-77,-2147483648,395422,4294967295,0,0
513061552,513.061552,25285,25285,25285,0,6,6,314,0,323,0,0,1,0,0,196,196,0,74414,1,0,420,39076,0,138,281,1,3,60,830544,2167,74414,22,23,1019,0,-75,-2147483648,144639,4294967295,0,0
513311553,513.311553,25298,25298,25298,0,6,6,314,0,323,0,0,1,0,0,209,209,0,74414,1,0,420,39095,0,244,281,0,3,61,830544,2164,74414,22,23,1019,0,-75,-2147483648,394640,4294967295,0,0
513561553,513.561553,25310,25310,25310,0,6,6,314,0,323,0,0,1,0,0,221,221,0,74414,1,0,420,39114,0,138,281,1,3,60,830544,2167,74414,22,23,1020,0,-76,-2147483648,142497,4294967295,0,0
513811554,513.811554,25323,25323,25323,0,6,6,314,0,323,0,0,1,0,0,234,234,0,74414,1,0,420,39133,0,280,281,1,3,2,830544,2164,74414,22,23,1020,0,-76,-2147483648,392498,4294967295,0,0
514061555,514.061555,25335,25335,25335,0,6,6,314,0,323,0,0,1,0,0,246,246,0,74414,1,0,420,39152,0,244,281,1,3,60,830544,2167,74414,22,23,1021,0,-79,-2147483648,141121,4294967295,0,0
514311556,514.311556,25348,25348,25348,0,6,6,314,0,323,0,0,1,0,0,3,3,0,74414,1,0,420,39172,0,244,281,1,3,2,830544,2459,74414,22,23,1021,0,-79,-2147483648,391122,4294967295,0,0
514561556,514.561556,25360,25360,25360,0,6,6,314,0,323,0,0,1,0,0,15,15,0,74414,1,0,420,39191,0,244,281,1,3,60,830544,2167,74414,22,23,1022,0,-78,-2147483648,139059,4294967295,0,0
514811556,514.811556,25373,25373,25373,0,5,6,314,0,323,0,0,1,0,0,28,28,0,74414,1,0,420,39210,0,244,281,1,3,60,830544,2164,74414,22,23,1022,0,-78,-2147483648,389059,4294967295,0,0
515061556,515.061556,25385,25385,25385,0,6,6,314,0,323,0,0,1,0,0,40,40,0,74414,1,0,420,39230,0,137,281,1,3,2,830544,2167,74414,22,23,1023,0,-76,-2147483648,138706,4294967295,0,0
515311557,515.311557,25398,25398,25398,0,6,6,314,0,323,0,0,1,0,0,53,53,0,74414,1,0,420,39248,0,244,281,1,3,2,830544,2164,74414,22,23,1023,0,-76,-2147483648,388707,4294967295,0,0
515561559,515.561559,25410,25410,25410,0,6,6,314,0,323,0,0,1,0,0,65,65,0,74414,1,0,420,39267,0,244,281,1,3,60,830544,2167,74414,22,23,1024,0,-75,-2147483648,138510,4294967295,0,0
515811561,515.811561,25423,25423,25423,0,6,6,314,0,323,0,0,1,0,0,78,78,0,74414,1,0,420,39287,0,245,281,1,3,60,830544,2164,74414,21,23,1024,0,-75,-2147483648,388512,4294967295,0,0
516061561,516.061561,25435,25435,25435,0,6,6,314,0,323,0,0,1,0,0,90,90,0,74414,1,0,420,39307,0,138,281,1,3,60,830544,2167,74414,22,23,1025,0,-77,-2147483648,138001,4294967295,0,0
516311562,516.311562,25448,25448,25448,0,6,6,314,0,323,0,0,1,0,0,103,103,0,74414,1,0,420,39325,0,244,281,1,3,60,830544,2164,74414,22,23,1025,0,-77,-2147483648,388002,4294967295,0,0
516561564,516.561564,25460,25460,25460,0,6,6,314,0,323,0,0,1,0,0,115,115,0,74414,1,0,420,39345,0,244,281,1,3,60,830544,2167,74414,22,23,1026,0,-74,-2147483648,136823,4294967295,0,0
516811565,516.811565,25473,25473,25473,0,6,6,314,0,323,0,0,1,0,0,128,128,0,74414,1,0,420,39364,0,245,281,1,3,60,830544,2164,74414,22,23,1026,0,-74,-2147483648,386824,4294967295,0,0
517061565,517.061565,25485,25485,25485,0,5,6,314,0,323,0,0,1,0,0,140,140,0,74414,1,0,420,39384,0,138,281,1,3,2,830544,2167,74414,22,23,1027,0,-75,-2147483648,135834,4294967295,0,0
517311566,517.311566,25498,25498,25498,0,6,6,314,0,323,0,0,1,0,0,153,153,0,74414,1,0,420,39403,0,244,281,1,3,60,830544,2164,74414,22,23,1027,0,-75,-2147483648,385835,4294967295,0,0
517561568,517.561568,25510,25510,25510,0,6,6,314,0,323,0,0,1,0,0,165,165,0,74414,1,0,420,39422,0,245,281,0,3,60,830544,2167,74414,22,23,1028,0,-80,-2147483648,124240,4294967295,0,0
517811570,517.811570,25523,25523,25523,0,6,6,314,0,323,0,0,1,0,0,178,178,0,74414,1,0,420,39440,0,244,281,1,3,60,830544,2164,74414,22,23,1028,0,-80,-2147483648,374242,4294967295,0,0
518061572,518.061572,25535,25535,25535,0,6,6,314,0,323,0,0,1,0,0,190,190,0,74414,1,0,420,39460,0,244,281,1,3,60,830544,2167,74414,22,23,1029,0,-85,-2147483648,122936,4294967295,0,0
518311573,518.311573,25548,25548,25548,0,6,6,314,0,323,0,0,1,0,0,203,203,0,74414,1,0,420,39480,0,244,281,1,3,60,830544,2164,74414,22,23,1029,0,-85,-2147483648,372937,4294967295,0,0
518561575,518.561575,25560,25560,25560,0,6,6,314,0,323,0,0,1,0,0,215,215,0,74414,1,0,420,39497,0,244,281,1,3,60,830544,2167,74414,22,23,1030,0,-88,-2147483648,121173,4294967295,0,0
518811575,518.811575,25573,25573,25573,0,6,6,314,0,323,0,0,1,0,0,228,228,0,74414,1,0,420,39518,0,245,281,1,3,2,830544,2164,74414,22,23,1030,0,-88,-2147483648,371173,4294967295,0,0
519061575,519.061575,25585,25585,25585,0,6,6,314,0,323,0,0,1,0,0,240,240,0,74414,1,0,420,39538,0,138,281,1,3,2,830544,2167,74414,22,23,1031,0,-77,-2147483648,121157,4294967295,0,0
519311577,519.311577,25598,25598,25598,0,6,6,314,0,323,0,0,1,0,0,253,253,0,74414,1,0,420,39557,0,244,281,1,3,60,830544,2165,74414,22,23,1031,0,-77,-2147483648,371159,4294967295,0,0
519561578,519.561578,25610,25610,25610,0,6,6,314,0,323,0,0,1,0,0,9,9,0,74414,1,0,420,39576,0,244,281,1,3,60,830544,2167,74414,22,23,1032,0,-81,-2147483648,119117,4294967295,0,0
519811578,519.811578,25623,25623,25623,0,6,6,314,0,323,0,0,1,0,0,22,22,0,74414,1,0,420,39595,0,280,281,1,3,60,830544,2164,74414,22,23,1032,0,-81,-2147483648,369117,4294967295,0,0
520061579,520.061579,25635,25635,25635,0,6,6,314,0,323,0,0,1,0,0,34,34,0,74414,1,0,420,39615,0,138,281,1,3,2,830544,2167,74414,22,23,1033,0,-79,-2147483648,117927,4294967295,0,0
520311579,520.311579,25648,25648,25648,0,6,6,314,0,323,0,0,1,0,0,47,47,0,74414,1,0,420,39634,0,244,281,1,3,60,830544,2165,74414,22,23,1033,0,-79,-2147483648,367927,4294967295,0,0
520561579,520.561579,25660,25660,25660,0,6,6,314,0,323,0,0,1,0,0,59,59,0,74414,1,0,420,39653,0,279,281,1,3,60,830544,2167,74414,22,23,1034,0,-81,-2147483648,116961,4294967295,0,0
520811581,520.811581,25673,25673,25673,0,6,6,314,0,323,0,0,1,0,0,72,72,0,74414,1,0,420,39671,0,244,281,1,3,60,830544,2164,74414,22,23,1034,0,-81,-2147483648,366963,4294967295,0,0
521061582,521.061582,25685,25685,25685,0,6,6,314,0,323,0,0,1,0,0,84,84,0,74414,1,0,420,39692,0,138,281,1,3,2,830544,2167,74414,22,23,1035,0,-79,-2147483648,116750,4294967295,0,0
521311584,521.311584,25698,25698,25698,0,6,6,314,0,323,0,0,1,0,0,97,97,0,74414,1,0,420,39711,0,244,281,1,3,60,830544,2164,74414,22,23,1035,0,-79,-2147483648,366752,4294967295,0,0
521561585,521.561585,25710,25710,25710,0,6,6,314,0,323,0,0,1,0,0,109,109,0,74414,1,0,420,39730,0,244,281,1,3,60,830544,2167,74414,22,23,1036,0,-74,-2147483648,104591,4294967295,0,0
521811586,521.811586,25723,25723,25723,0,6,6,314,0,323,0,0,1,0,0,122,122,0,74414,1,0,420,39749,0,244,281,1,3,60,830544,2164,74414,22,23,1036,0,-74,-2147483648,354592,4294967295,0,0
522061586,522.061586,25735,25735,25735,0,6,6,314,0,323,0,0,1,0,0,134,134,0,74414,1,0,420,39769,0,138,281,1,3,60,830544,2167,74414,22,23,1037,0,-85,-2147483648,103376,4294967295,0,0
522311587,522.311587,25748,25748,25748,0,6,6,314,0,323,0,0,1,0,0,147,147,0,74414,1,0,420,39788,0,244,281,1,3,2,830544,2459,74414,22,23,1037,0,-85,-2147483648,353377,4294967295,0,0
522561587,522.561587,25760,25760,25760,0,6,6,314,0,323,0,0,1,0,0,159,159,0,74414,1,0,420,39807,0,245,281,1,3,60,830544,2167,74414,21,23,1038,0,-81,-2147483648,103332,4294967295,0,0
522811587,522.811587,25773,25773,25773,0,6,6,314,0,323,0,0,1,0,0,172,172,0,74414,1,0,420,39826,0,245,281,1,3,60,830544,2164,74414,22,23,1038,0,-81,-2147483648,353332,4294967295,0,0
523061589,523.061589,25785,25785,25785,0,5,6,314,0,323,0,0,1,0,0,184,184,0,74414,1,0,420,39846,0,138,281,1,3,2,830544,2167,74414,22,23,1039,0,-75,-2147483648,101122,4294967295,0,0
523311591,523.311591,25798,25798,25798,0,6,6,314,0,323,0,0,1,0,0,197,197,0,74414,1,0,420,39865,0,245,281,1,3,2,830544,2459,74414,21,23,1039,0,-75,-2147483648,351124,4294967295,0,0
523561591,523.561591,25810,25810,25810,0,6,6,314,0,323,0,0,1,0,0,209,209,0,74414,1,0,420,39884,0,244,281,1,3,60,830544,2167,74414,22,23,1040,0,-79,-2147483648,101164,4294967295,0,0
523811591,523.811591,25823,25823,25823,0,5,6,314,0,323,0,0,1,0,0,222,222,0,74414,1,0,420,39903,0,245,281,1,3,60,830544,2164,74414,22,23,1040,0,-79,-2147483648,351164,4294967295,0,0
524061592,524.061592,25835,25835,25835,0,6,6,314,0,323,0,0,1,0,0,234,234,0,74414,1,0,420,39923,0,138,281,1,3,60,830544,2167,74414,22,23,1041,0,-82,-2147483648,100286,4294967295,0,0
524311592,524.311592,25848,25848,25848,0,6,6,314,0,323,0,0,1,0,0,247,247,0,74414,1,0,420,39942,0,245,281,1,3,60,830544,2164,74414,22,23,1041,0,-82,-2147483648,350286,4294967295,0,0
524561593,524.561593,25860,25860,25860,0,6,6,314,0,323,0,0,1,0,0,3,3,0,74414,1,0,420,39961,0,244,281,1,3,60,830544,2167,74414,22,23,1042,0,-82,-2147483648,98991,4294967295,0,0
524811594,524.811594,25873,25873,25873,0,6,6,314,0,323,0,0,1,0,0,16,16,0,74414,1,0,420,39980,0,244,281,1,3,60,830544,1164,74414,22,23,1042,0,-82,-2147483648,348992,4294967295,0,0
525061596,525.061596,25885,25885,25885,0,6,6,314,0,323,0,0,1,0,0,28,28,0,74414,1,0,420,40000,0,138,281,1,3,2,830544,2167,74414,21,23,1043,0,-82,-2147483648,96827,4294967295,0,0
525311597,525.311597,25898,25898,25898,0,6,6,314,0,323,0,0,1,0,0,41,41,0,74414,1,0,420,40019,0,245,281,1,3,2,830544,2459,74414,22,23,1043,0,-82,-2147483648,346828,4294967295,0,0
525561599,525.561599,25910,25910,25910,0,6,6,314,0,323,0,0,1,0,0,53,53,0,74414,1,0,420,40038,0,244,281,1,3,2,830544,2167,74414,22,23,1044,0,-86,-2147483648,84235,4294967295,0,0
525811601,525.811601,25923,25923,25923,0,5,6,314,0,323,0,0,1,0,0,66,66,0,74414,1,0,420,40057,0,245,281,1,3,60,830544,2164,74414,22,23,1044,0,-86,-2147483648,334237,4294967295,0,0
526061601,526.061601,25935,25935,25935,0,5,6,314,0,323,0,0,1,0,0,78,78,0,74414,1,0,420,40077,0,138,281,1,3,2,830544,2167,74414,22,23,1045,0,-85,-2147483648,83361,4294967295,0,0
526311603,526.311603,25948,25948,25948,0,6,6,314,0,323,0,0,1,0,0,91,91,0,74414,1,0,420,40096,0,244,281,1,3,60,830544,2164,74414,22,23,1045,0,-85,-2147483648,333363,4294967295,0,0
526561604,526.561604,25960,25960,25960,0,6,6,314,0,323,0,0,1,0,0,103,103,0,74414,1,0,420,40115,0,280,281,1,3,60,830544,2167,74414,22,23,1046,0,-73,-2147483648,81197,4294967295,0,0
526811605,526.811605,25973,25973,25973,0,6,6,314,0,323,0,0,1,0,0,116,116,0,74414,1,0,420,40134,0,245,281,1,3,60,830544,2164,74414,22,23,1046,0,-73,-2147483648,331198,4294967295,0,0
527061606,527.061606,25985,25985,25985,0,5,6,314,0,323,0,0,1,0,0,128,128,0,74414,1,0,420,40154,0,138,281,1,3,2,830544,2167,74414,22,23,1047,0,-72,-2147483648,80094,4294967295,0,0
527311606,527.311606,25998,25998,25998,0,6,6,314,0,323,0,0,1,0,0,141,141,0,74414,1,0,420,40173,0,244,281,1,3,60,830544,2164,74414,22,23,1047,0,-72,-2147483648,330094,4294967295,0,0
527561607,527.561607,26010,26010,26010,0,6,6,314,0,323,0,0,1,0,0,153,153,0,74414,1,0,420,40192,0,244,281,1,3,2,830544,2167,74414,22,23,1048,0,-73,-2147483648,79065,4294967295,0,0
527811607,527.811607,26023,26023,26023,0,6,6,314,0,323,0,0,1,0,0,166,166,0,74414,1,0,420,40211,0,244,281,1,3,60,830544,2164,74414,22,23,1048,0,-73,-2147483648,329065,4294967295,0,0
528061608,528.061608,26035,26035,26035,0,6,6,314,0,323,0,0,1,0,0,178,178,0,74414,1,0,420,40231,0,138,281,1,3,60,830544,2167,74414,22,23,1049,0,-72,-2147483648,79019,4294967295,0,0
528311609,528.311609,26048,26048,26048,0,6,6,314,0,323,0,0,1,0,0,191,191,0,74414,1,0,420,40250,0,244,281,1,3,60,830544,2164,74414,22,23,1049,0,-72,-2147483648,329020,4294967295,0,0
528561609,528.561609,26060,26060,26060,0,6,6,314,0,323,0,0,1,0,0,203,203,0,74414,1,0,420,40269,0,244,281,1,3,60,830544,2167,74414,22,23,1050,0,-75,-2147483648,76832,4294967295,0,0
528811610,528.811610,26073,26073,26073,0,6,6,314,0,323,0,0,1,0,0,216,216,0,74414,1,0,420,40288,0,244,281,1,3,60,830544,1164,74414,22,23,1050,0,-75,-2147483648,326833,4294967295,0,0
529061611,529.061611,26085,26085,26085,0,6,6,314,0,323,0,0,1,0,0,228,228,0,74414,1,0,420,40308,0,138,281,1,3,60,830544,2167,74414,22,23,1051,0,-76,-2147483648,76844,4294967295,0,0
529311611,529.311611,26098,26098,26098,0,6,6,314,0,323,0,0,1,0,0,241,241,0,74414,1,0,420,40327,0,244,281,1,3,60,830544,2164,74414,22,23,1051,0,-76,-2147483648,326844,4294967295,0,0
529561611,529.561611,26110,26110,26110,0,6,6,314,0,323,0,0,1,0,0,253,253,0,74414,1,0,420,40346,0,244,281,0,3,61,830544,2167,74414,22,23,1052,0,-77,-2147483648,64002,4294967295,0,0
529811611,529.811611,26123,26123,26123,0,5,6,314,0,323,0,0,1,0,0,10,10,0,74414,1,0,420,40365,0,245,281,1,3,60,830544,2164,74414,21,23,1052,0,-77,-2147483648,314002,4294967295,0,0
530061612,530.061612,26135,26135,26135,0,6,6,314,0,323,0,0,1,0,0,22,22,0,74414,1,0,420,40385,0,137,281,1,3,60,830544,2168,74414,22,23,1053,0,-75,-2147483648,63398,4294967295,0,0
530311613,530.311613,26148,26148,26148,0,6,6,314,0,323,0,0,1,0,0,35,35,0,74414,1,0,420,40404,0,244,281,1,3,60,830544,2164,74414,22,23,1053,0,-75,-2147483648,313399,4294967295,0,0
530561614,530.561614,26160,26160,26160,0,6,6,314,0,323,0,0,1,0,0,47,47,0,74414,1,0,420,40423,0,245,281,1,3,60,830544,2167,74414,22,23,1054,0,-75,-2147483648,63352,4294967295,0,0
530811615,530.811615,26173,26173,26173,0,6,6,314,0,323,0,0,1,0,0,60,60,0,74414,1,0,420,40442,0,244,281,1,3,60,830544,2164,74414,22,23,1054,0,-75,-2147483648,313353,4294967295,0,0
531061616,531.061616,26185,26185,26185,0,6,6,314,0,323,0,0,1,0,0,72,72,0,74414,1,0,420,40462,0,138,281,1,3,60,830544,2167,74414,21,23,1055,0,-80,-2147483648,61217,4294967295,0,0
531311617,531.311617,26198,26198,26198,0,6,6,314,0,323,0,0,1,0,0,85,85,0,74414,1,0,420,40481,0,279,281,1,3,60,830544,2164,74414,22,23,1055,0,-80,-2147483648,311218,4294967295,0,0
531561617,531.561617,26210,26210,26210,0,6,6,314,0,323,0,0,1,0,0,97,97,0,74414,1,0,420,40500,0,244,281,1,3,60,830544,2167,74414,22,23,1056,0,-79,-2147483648,61205,4294967295,0,0
531811618,531.811618,26223,26223,26223,0,6,6,314,0,323,0,0,1,0,0,110,110,0,74414,1,0,420,40519,0,244,281,1,3,60,830544,1164,74414,22,23,1056,0,-79,-2147483648,311206,4294967295,0,0
532061619,532.061619,26235,26235,26235,0,6,6,314,0,323,0,0,1,0,0,122,122,0,74414,1,0,420,40539,0,138,281,1,3,60,830544,2167,74414,22,23,1057,0,-78,-2147483648,60252,4294967295,0,0
532311621,532.311621,26248,26248,26248,0,6,6,314,0,323,0,0,1,0,0,135,135,0,74414,1,0,420,40558,0,245,281,1,3,60,830544,2164,74414,22,23,1057,0,-78,-2147483648,310254,4294967295,0,0
532561623,532.561623,26260,26260,26260,0,6,6,314,0,323,0,0,1,0,0,147,147,0,74414,1,0,420,40577,0,244,281,1,3,60,830544,2167,74414,22,23,1058,0,-79,-2147483648,59047,4294967295,0,0
532811623,532.811623,26273,26273,26273,0,6,6,314,0,323,0,0,1,0,0,160,160,0,74414,1,0,420,40596,0,244,281,1,3,2,830544,2164,74414,22,23,1058,0,-79,-2147483648,309047,4294967295,0,0
533061625,533.061625,26285,26285,26285,0,6,6,314,0,323,0,0,1,0,0,172,172,0,74414,1,0,420,40616,0,138,281,1,3,60,830544,2167,74414,22,23,1059,0,-82,-2147483648,58084,4294967295,0,0
533311626,533.311626,26298,26298,26298,0,6,6,314,0,323,0,0,1,0,0,185,185,0,74414,1,0,420,40635,0,244,281,1,3,60,830544,2165,74414,22,23,1059,0,-82,-2147483648,308085,4294967295,0,0
533561626,533.561626,26310,26310,26310,0,6,6,314,0,323,0,0,1,0,0,197,197,0,74414,1,0,420,40654,0,244,281,1,3,60,830544,2167,74414,22,23,1060,0,-88,-2147483648,56837,4294967295,0,0
533811627,533.811627,26323,26323,26323,0,6,6,314,0,323,0,0,1,0,0,210,210,0,74414,1,0,420,40673,0,244,281,1,3,60,830544,2164,74414,23,23,1060,0,-88,-2147483648,306838,4294967295,0,0
534061629,534.061629,26335,26335,26335,0,6,6,314,0,323,0,0,1,0,0,222,222,0,74414,1,0,420,40692,0,244,281,1,3,60,830544,2167,74414,23,23,1061,0,-89,-2147483648,56068,4294967295,0,0
534311631,534.311631,26348,26348,26348,0,6,6,314,0,323,0,0,1,0,0,235,235,0,74414,1,0,420,40712,0,244,281,1,3,60,830544,2164,74414,22,23,1061,0,-89,-2147483648,306070,4294967295,0,0
534561632,534.561632,26360,26360,26360,0,6,6,314,0,323,0,0,1,0,0,247,247,0,74414,1,0,420,40731,0,244,281,1,3,60,830544,2167,74414,22,23,1062,0,-88,-2147483648,55807,4294967295,0,0
534811634,534.811634,26373,26373,26373,0,6,6,314,0,323,0,0,1,0,0,4,4,0,74414,1,0,420,40750,0,244,281,1,3,60,830544,2459,74414,22,23,1062,0,-88,-2147483648,305809,4294967295,0,0
535061634,535.061634,26385,26385,26385,0,6,6,314,0,323,0,0,1,0,0,16,16,0,74414,1,0,420,40770,0,138,281,1,3,60,830544,2167,74414,22,23,1063,0,-86,-2147483648,44642,4294967295,0,0
535311635,535.311635,26398,26398,26398,0,6,6,314,0,323,0,0,1,0,0,29,29,0,74414,1,0,420,40789,0,244,281,1,3,60,830544,2164,74414,22,23,1063,0,-86,-2147483648,294643,4294967295,0,0
535561635,535.561635,26410,26410,26410,0,6,6,314,0,323,0,0,1,0,0,41,41,0,74414,1,0,420,40808,0,244,281,1,3,2,830544,2167,74414,22,23,1064,0,-80,-2147483648,43428,4294967295,0,0
535811635,535.811635,26423,26423,26423,0,5,6,314,0,323,0,0,1,0,0,54,54,0,74414,1,0,420,40827,0,280,281,1,3,60,830544,2164,74414,22,23,1064,0,-80,-2147483648,293428,4294967295,0,0
536061636,536.061636,26435,26435,26435,0,6,6,314,0,323,0,0,1,0,0,66,66,0,74414,1,0,420,40847,0,138,281,1,3,60,830544,2167,74414,22,23,1065,0,-80,-2147483648,43383,4294967295,0,0
536311638,536.311638,26448,26448,26448,0,6,6,314,0,323,0,0,1,0,0,79,79,0,74414,1,0,420,40866,0,244,281,0,3,61,830544,2164,74414,22,23,1065,0,-80,-2147483648,293385,4294967295,0,0
536561638,536.561638,26460,26460,26460,0,6,6,314,0,323,0,0,1,0,0,91,91,0,74414,1,0,420,40885,0,244,281,1,3,2,830544,2167,74414,22,23,1066,0,-81,-2147483648,41193,4294967295,0,0
536811638,536.811638,26473,26473,26473,0,5,6,314,0,323,0,0,1,0,0,104,104,0,74414,1,0,420,40904,0,245,281,1,3,60,830544,2164,74414,22,23,1066,0,-81,-2147483648,291193,4294967295,0,0
537061640,537.061640,26485,26485,26485,0,6,6,314,0,323,0,0,1,0,0,116,116,0,74414,1,0,420,40924,0,138,281,1,3,60,830544,2167,74414,22,23,1067,0,-83,-2147483648,41235,4294967295,0,0
537311641,537.311641,26498,26498,26498,0,6,6,314,0,323,0,0,1,0,0,129,129,0,74414,1,0,420,40943,0,244,281,1,3,60,830544,2164,74414,22,23,1067,0,-83,-2147483648,291236,4294967295,0,0
537561643,537.561643,26510,26510,26510,0,6,6,314,0,323,0,0,1,0,0,141,141,0,74414,1,0,420,40962,0,245,281,1,3,60,830544,2167,74414,22,23,1068,0,-87,-2147483648,39088,4294967295,0,0
537811645,537.811645,26523,26523,26523,0,6,6,314,0,323,0,0,1,0,0,154,154,0,74414,1,0,420,40981,0,244,281,1,3,60,830544,2164,74414,22,23,1068,0,-87,-2147483648,289090,4294967295,0,0
538061645,538.061645,26535,26535,26535,0,6,6,314,0,323,0,0,1,0,0,166,166,0,74414,1,0,420,41001,0,139,281,1,3,61,830544,2167,74414,22,23,1069,0,-75,-2147483648,38007,4294967295,0,0
538311645,538.311645,26548,26548,26548,0,6,6,314,0,323,0,0,1,0,0,179,179,0,74414,1,0,420,41020,0,244,281,1,3,60,830544,2164,74414,22,23,1069,0,-75,-2147483648,288007,4294967295,0,0
538561645,538.561645,26560,26560,26560,0,6,6,314,0,323,0,0,1,0,0,191,191,0,74414,1,0,420,41039,0,244,281,1,3,61,830544,2167,74414,22,23,1070,0,-79,-2147483648,36000,4294967295,0,0
538811647,538.811647,26573,26573,26573,0,6,6,314,0,323,0,0,1,0,0,204,204,0,74414,1,0,420,41058,0,244,281,1,3,60,830544,2164,74414,22,23,1070,0,-79,-2147483648,286002,4294967295,0,0
539061647,539.061647,26585,26585,26585,0,6,6,314,0,323,0,0,1,0,0,216,216,0,74414,1,0,420,41078,0,137,281,1,3,60,830544,2167,74414,22,23,1071,0,-78,-2147483648,24620,4294967295,0,0
539311648,539.311648,26598,26598,26598,0,6,6,314,0,323,0,0,1,0,0,229,229,0,74414,1,0,420,41097,0,244,281,1,3,60,830544,2164,74414,22,23,1071,0,-78,-2147483648,274621,4294967295,0,0
539561649,539.561649,26610,26610,26610,0,6,6,314,0,323,0,0,1,0,0,241,241,0,74414,1,0,420,41116,0,244,281,1,3,60,830544,2167,74414,22,23,1072,0,-82,-2147483648,24448,4294967295,0,0
539811651,539.811651,26623,26623,26623,0,6,6,314,0,323,0,0,1,0,0,254,254,0,74414,1,0,420,41135,0,244,281,1,3,1,830544,2164,74414,22,23,1072,0,-82,-2147483648,274450,4294967295,0,0
540061653,540.061653,26635,26635,26635,0,6,6,314,0,323,0,0,1,0,0,10,10,0,74414,1,0,420,41155,0,138,281,0,3,2,830544,2168,74414,22,23,1073,0,-84,-2147483648,22726,4294967295,0,0
540311655,540.311655,26648,26648,26648,0,6,6,314,0,323,0,0,1,0,0,23,23,0,74414,1,0,420,41174,0,245,281,1,3,60,830544,2164,74414,21,23,1073,0,-84,-2147483648,272728,4294967295,0,0
540561657,540.561657,26660,26660,26660,0,6,6,314,0,323,0,0,1,0,0,35,35,0,74414,1,0,420,41193,0,244,281,1,3,60,830544,2167,74414,22,23,1074,0,-80,-2147483648,21236,4294967295,0,0
540811659,540.811659,26673,26673,26673,0,6,6,314,0,323,0,0,1,0,0,48,48,0,74414,1,0,420,41212,0,245,281,1,3,2,830544,2164,74414,21,23,1074,0,-80,-2147483648,271238,4294967295,0,0
541061660,541.061660,26685,26685,26685,0,5,6,314,0,323,0,0,1,0,0,60,60,0,74414,1,0,420,41232,0,141,281,1,3,60,830544,2167,74414,22,23,1075,0,-87,-2147483648,20896,4294967295,0,0
541311662,541.311662,26698,26698,26698,0,6,6,314,0,323,0,0,1,0,0,73,73,0,74414,1,0,420,41251,0,244,281,1,3,60,830544,2164,74414,22,23,1075,0,-87,-2147483648,270898,4294967295,0,0
541561664,541.561664,26710,26710,26710,0,6,6,314,0,323,0,0,1,0,0,85,85,0,74414,1,0,420,41270,0,244,281,1,3,60,830544,2167,74414,22,23,1076,0,-78,-2147483648,19077,4294967295,0,0
541811664,541.811664,26723,26723,26723,0,5,6,314,0,323,0,0,1,0,0,98,98,0,74414,1,0,420,41289,0,280,281,1,3,2,830544,2165,74414,22,23,1076,0,-78,-2147483648,269077,4294967295,0,0
542061666,542.061666,26735,26735,26735,0,6,6,314,0,323,0,0,1,0,0,110,110,0,74414,1,0,420,41309,0,138,281,1,3,2,830544,2167,74414,22,23,1077,0,-75,-2147483648,16911,4294967295,0,0
542311668,542.311668,26748,26748,26748,0,6,6,314,0,323,0,0,1,0,0,123,123,0,74414,1,0,420,41328,0,244,281,1,3,60,830544,2164,74414,22,23,1077,0,-75,-2147483648,266913,4294967295,0,0
542561668,542.561668,26760,26760,26760,0,6,6,314,0,323,0,0,1,0,0,135,135,0,74414,1,0,420,41347,0,279,281,1,3,1,830544,2167,74414,22,23,1078,0,-71,-2147483648,16874,4294967295,0,0
542811669,542.811669,26773,26773,26773,0,6,6,314,0,323,0,0,1,0,0,148,148,0,74414,1,0,420,41366,0,244,281,1,3,2,830544,2164,74414,22,23,1078,0,-71,-2147483648,266875,4294967295,0,0
543061670,543.061670,26785,26785,26785,0,6,6,314,0,323,0,0,1,0,0,160,160,0,74414,1,0,420,41386,0,138,281,1,3,60,830544,2167,74414,22,23,1079,0,-71,-2147483648,16034,4294967295,0,0
543311670,543.311670,26798,26798,26798,0,6,6,314,0,323,0,0,1,0,0,173,173,0,74414,1,0,420,41405,0,244,281,1,3,60,830544,2164,74414,22,23,1079,0,-71,-2147483648,266034,4294967295,0,0
543561670,543.561670,26810,26810,26810,0,6,6,314,0,323,0,0,1,0,0,185,185,0,74414,1,0,420,41424,0,138,281,1,3,60,830544,2167,74414,22,23,1080,0,-76,-2147483648,5631,4294967295,0,0
543811670,543.811670,26823,26823,26823,0,6,6,314,0,323,0,0,1,0,0,198,198,0,74414,1,0,420,41443,0,244,281,1,3,2,830544,2164,74414,22,23,1080,0,-76,-2147483648,255631,4294967295,0,0
544061671,544.061671,26835,26835,26835,0,6,6,314,0,323,0,0,1,0,0,210,210,0,74414,1,0,420,41463,0,173,281,1,3,2,830544,2167,74414,22,23,1081,0,-79,-2147483648,5436,4294967295,0,0
544311672,544.311672,26848,26848,26848,0,6,6,314,0,323,0,0,1,0,0,223,223,0,74414,1,0,420,41482,0,244,281,1,3,60,830544,1164,74414,22,23,1081,0,-79,-2147483648,255437,4294967295,0,0
544561673,544.561673,26860,26860,26860,0,6,6,314,0,323,0,0,1,0,0,235,235,0,74414,1,0,420,41501,0,139,281,1,3,60,830544,2167,74414,21,23,1082,0,-76,-2147483648,3705,4294967295,0,0
544811674,544.811674,26873,26873,26873,0,6,6,314,0,323,0,0,1,0,0,248,248,0,74414,1,0,420,41520,0,244,281,1,3,2,830544,2164,74414,22,23,1082,0,-76,-2147483648,253706,4294967295,0,0
545061676,545.061676,26885,26885,26885,0,6,6,314,0,323,0,0,1,0,0,4,4,0,74414,1,0,420,41540,0,138,281,1,3,60,830544,2130,74414,22,23,1083,0,-83,-2147483648,1868,4294967295,0,0
545311678,545.311678,26898,26898,26898,0,6,6,314,0,323,0,0,1,0,0,17,17,0,74414,1,0,420,41559,0,245,281,1,3,60,830544,2164,74414,22,23,1083,0,-83,-2147483648,251870,4294967295,0,0
545561679,545.561679,26910,26910,26910,0,6,6,314,0,323,0,0,1,0,0,29,29,0,74414,1,0,420,41578,0,138,281,1,3,1,830544,2184,74414,22,23,1084,0,-82,-2147483648,1226,4294967295,0,0
545811681,545.811681,26923,26923,26923,0,6,6,314,0,323,0,0,1,0,0,42,42,0,74414,1,0,420,41597,0,245,281,1,3,2,830544,2164,74414,21,23,1084,0,-82,-2147483648,251228,4294967295,0,0
546061683,546.061683,26935,26935,26935,0,6,6,314,0,323,0,0,1,0,0,54,54,0,74414,1,0,420,41617,0,138,281,0,3,61,830544,2167,74414,22,23,1085,0,-85,-2147483648,180,4294967295,0,0
546311684,546.311684,26948,26948,26948,0,6,6,314,0,323,0,0,1,0,0,67,67,0,74414,1,0,420,41636,0,280,281,1,3,60,830544,2164,74414,22,23,1085,0,-85,-2147483648,250181,4294967295,0,0
546561685,546.561685,26960,26960,26960,0,6,6,314,0,323,0,0,1,0,0,79,79,0,74414,1,0,420,41654,0,244,281,1,3,60,830544,2167,74414,22,23,1085,0,-85,-2147483648,500182,4294967295,0,0
546811687,546.811687,26973,26973,26973,0,6,6,314,0,323,0,0,1,0,0,92,92,0,74414,1,0,420,41674,0,244,281,1,3,60,830544,2164,74414,22,23,1086,0,-83,-2147483648,248147,4294967295,0,0
547061688,547.061688,26985,26985,26985,0,6,6,314,0,323,0,0,1,0,0,104,104,0,74414,1,0,420,41693,0,138,281,1,3,2,830544,2167,74414,22,23,1086,0,-83,-2147483648,498148,4294967295,0,0
547311689,547.311689,26998,26998,26998,0,6,6,314,0,323,0,0,1,0,0,117,117,0,74414,1,0,420,41713,0,244,281,1,3,2,830544,2164,74414,22,23,1087,0,-79,-2147483648,246903,4294967295,0,0
547561689,547.561689,27010,27010,27010,0,6,6,314,0,323,0,0,1,0,0,129,129,0,74414,1,0,420,41731,0,244,281,1,3,60,830544,2167,74414,22,23,1087,0,-79,-2147483648,496903,4294967295,0,0
547811689,547.811689,27023,27023,27023,0,6,6,314,0,323,0,0,1,0,0,142,142,0,74414,1,0,420,41751,0,244,281,1,3,60,830544,2164,74414,22,23,1088,0,-76,-2147483648,245971,4294967295,0,0
548061689,548.061689,27035,27035,27035,0,6,6,314,0,323,0,0,1,0,0,154,154,0,74414,1,0,420,41769,0,244,281,1,3,60,830544,2167,74414,22,23,1088,0,-76,-2147483648,495971,4294967295,0,0
548311690,548.311690,27048,27048,27048,0,6,6,314,0,323,0,0,1,0,0,167,167,0,74414,1,0,420,41790,0,244,281,1,3,60,830544,1164,74414,22,23,1089,0,-76,-2147483648,245731,4294967295,0,0
548561691,548.561691,27060,27060,27060,0,6,6,314,0,323,0,0,1,0,0,179,179,0,74414,1,0,420,41808,0,280,281,1,3,60,830544,2167,74414,22,23,1089,0,-76,-2147483648,495732,4294967295,0,0
548811692,548.811692,27073,27073,27073,0,6,6,314,0,323,0,0,1,0,0,192,192,0,74414,1,0,420,41828,0,244,281,0,3,61,830544,2165,74414,22,23,1090,0,-81,-2147483648,234671,4294967295,0,0
549061692,549.061692,27085,27085,27085,0,6,6,314,0,323,0,0,1,0,0,204,204,0,74414,1,0,420,41847,0,138,281,1,3,2,830544,2167,74414,21,23,1090,0,-81,-2147483648,484671,4294967295,0,0
549311692,549.311692,27098,27098,27098,0,6,6,314,0,323,0,0,1,0,0,217,217,0,74414,1,0,420,41867,0,244,281,1,3,60,830544,1164,74414,22,23,1091,0,-80,-2147483648,233487,4294967295,0,0
549561692,549.561692,27110,27110,27110,0,6,6,314,0,323,0,0,1,0,0,229,229,0,74414,1,0,420,41885,0,244,281,1,3,60,830544,2167,74414,22,23,1091,0,-80,-2147483648,483487,4294967295,0,0
549811693,549.811693,27123,27123,27123,0,6,6,314,0,323,0,0,1,0,0,242,242,0,74414,1,0,420,41905,0,244,281,1,3,2,830544,2164,74414,22,23,1092,0,-72,-2147483648,233442,4294967295,0,0
550061693,550.061693,27135,27135,27135,0,6,6,314,0,323,0,0,1,0,0,254,254,0,74414,1,0,420,41923,0,244,281,1,3,60,830544,2167,74414,22,23,1092,0,-72,-2147483648,483442,4294967295,0,0
550311694,550.311694,27148,27148,27148,0,6,6,314,0,323,0,0,1,0,0,11,11,0,74414,1,0,420,41944,0,244,281,1,3,60,830544,2164,74414,22,23,1093,0,-72,-2147483648,232140,4294967295,0,0
550561694,550.561694,27160,27160,27160,0,6,6,314,0,323,0,0,1,0,0,23,23,0,74414,1,0,420,41962,0,245,281,1,3,60,830544,2167,74414,22,23,1093,0,-72,-2147483648,482140,4294967295,0,0
550811696,550.811696,27173,27173,27173,0,6,6,314,0,323,0,0,1,0,0,36,36,0,74414,1,0,420,41982,0,244,281,1,3,2,830544,2164,74414,22,23,1094,0,-78,-2147483648,231260,4294967295,0,0
551061697,551.061697,27185,27185,27185,0,6,6,314,0,323,0,0,1,0,0,48,48,0,74414,1,0,420,42001,0,138,281,1,3,60,830544,2167,74414,22,23,1094,0,-78,-2147483648,481261,4294967295,0,0
551311698,551.311698,27198,27198,27198,0,6,6,314,0,323,0,0,1,0,0,61,61,0,74414,1,0,420,42021,0,245,281,1,3,60,830544,2164,74414,21,23,1095,0,-81,-2147483648,229176,4294967295,0,0
551561700,551.561700,27210,27210,27210,0,6,6,314,0,323,0,0,1,0,0,73,73,0,74414,1,0,420,42039,0,139,281,1,3,60,830544,2167,74414,22,23,1095,0,-81,-2147483648,479178,4294967295,0,0
551811701,551.811701,27223,27223,27223,0,5,6,314,0,323,0,0,1,0,0,86,86,0,74414,1,0,420,42059,0,245,281,1,3,2,830544,2164,74414,21,23,1096,0,-83,-2147483648,229072,4294967295,0,0
552061702,552.061702,27235,27235,27235,0,6,6,314,0,323,0,0,1,0,0,98,98,0,74414,1,0,420,42078,0,138,281,1,3,60,830544,2167,74414,22,23,1096,0,-83,-2147483648,479073,4294967295,0,0
552311704,552.311704,27248,27248,27248,0,6,6,314,0,323,0,0,1,0,0,111,111,0,74414,1,0,420,42097,0,244,281,1,3,60,830544,2164,74414,22,23,1097,0,-87,-2147483648,227042,4294967295,0,0
552561705,552.561705,27260,27260,27260,0,6,6,314,0,323,0,0,1,0,0,123,123,0,74414,1,0,420,42116,0,245,281,1,3,60,830544,2167,74414,22,23,1097,0,-87,-2147483648,477043,4294967295,0,0
552811706,552.811706,27273,27273,27273,0,6,6,314,0,323,0,0,1,0,0,136,136,0,74414,1,0,420,42136,0,244,281,1,3,60,830544,2165,74414,22,23,1098,0,-78,-2147483648,214212,4294967295,0,0
553061707,553.061707,27285,27285,27285,0,6,6,314,0,323,0,0,1,0,0,148,148,0,74414,1,0,420,42155,0,138,281,1,3,60,830544,2167,74414,22,23,1098,0,-78,-2147483648,464213,4294967295,0,0
553311709,553.311709,27298,27298,27298,0,6,6,314,0,323,0,0,1,0,0,161,161,0,74414,1,0,420,42175,0,280,281,1,3,60,830544,2164,74414,22,23,1099,0,-80,-2147483648,213412,4294967295,0,0
553561709,553.561709,27310,27310,27310,0,6,6,314,0,323,0,0,1,0,0,173,173,0,74414,1,0,420,42193,0,244,281,1,3,60,830544,2167,74414,22,23,1099,0,-80,-2147483648,463412,4294967295,0,0
553811709,553.811709,27323,27323,27323,0,6,6,314,0,323,0,0,1,0,0,186,186,0,74414,1,0,420,42213,0,244,281,1,3,60,830544,2164,74414,22,23,1100,0,-81,-2147483648,211311,4294967295,0,0
554061711,554.061711,27335,27335,27335,0,6,6,314,0,323,0,0,1,0,0,198,198,0,74414,1,0,420,42232,0,138,281,1,3,1,830544,2167,74414,22,23,1100,0,-81,-2147483648,461313,4294967295,0,0
554311713,554.311713,27348,27348,27348,0,6,6,314,0,323,0,0,1,0,0,211,211,0,74414,1,0,420,42252,0,244,281,1,3,60,830544,2164,74414,22,23,1101,0,-82,-2147483648,210081,4294967295,0,0
554561714,554.561714,27360,27360,27360,0,6,6,314,0,323,0,0,1,0,0,223,223,0,74414,1,0,420,42270,0,244,281,1,3,60,830544,2167,74414,22,23,1101,0,-82,-2147483648,460082,4294967295,0,0
554811714,554.811714,27373,27373,27373,0,6,6,314,0,323,0,0,1,0,0,236,236,0,74414,1,0,420,42290,0,244,281,1,3,2,830544,2164,74414,22,23,1102,0,-75,-2147483648,208193,4294967295,0,0
555061715,555.061715,27385,27385,27385,0,6,6,314,0,323,0,0,1,0,0,248,248,0,74414,1,0,420,42309,0,138,281,1,3,60,830544,2167,74414,22,23,1102,0,-75,-2147483648,458194,4294967295,0,0
555311717,555.311717,27398,27398,27398,0,6,6,314,0,323,0,0,1,0,0,5,5,0,74414,1,0,420,42329,0,244,281,1,3,1,830544,2164,74414,22,23,1103,0,-73,-2147483648,208002,4294967295,0,0
555561717,555.561717,27410,27410,27410,0,6,6,314,0,323,0,0,1,0,0,17,17,0,74414,1,0,420,42347,0,245,281,1,3,60,830544,2167,74414,21,23,1103,0,-73,-2147483648,458002,4294967295,0,0
555811717,555.811717,27423,27423,27423,0,6,6,314,0,323,0,0,1,0,0,30,30,0,74414,1,0,420,42367,0,244,281,1,3,60,830544,2164,74414,22,23,1104,0,-73,-2147483648,206058,4294967295,0,0
556061719,556.061719,27435,27435,27435,0,6,6,314,0,323,0,0,1,0,0,42,42,0,74414,1,0,420,42386,0,138,281,1,3,2,830544,2168,74414,23,23,1104,0,-73,-2147483648,456060,4294967295,0,0
556311719,556.311719,27448,27448,27448,0,6,6,314,0,323,0,0,1,0,0,55,55,0,74414,1,0,420,42406,0,245,281,1,3,1,830544,2164,74414,22,23,1105,0,-74,-2147483648,195654,4294967295,0,0
556561720,556.561720,27460,27460,27460,0,6,6,314,0,323,0,0,1,0,0,67,67,0,74414,1,0,420,42424,0,244,281,1,3,60,830544,2167,74414,22,23,1105,0,-74,-2147483648,445655,4294967295,0,0
556811721,556.811721,27473,27473,27473,0,6,6,314,0,323,0,0,1,0,0,80,80,0,74414,1,0,420,42444,0,245,281,1,3,1,830544,2164,74414,22,23,1106,0,-73,-2147483648,194475,4294967295,0,0
557061723,557.061723,27485,27485,27485,0,6,6,314,0,323,0,0,1,0,0,92,92,0,74414,1,0,420,42463,0,138,281,1,3,60,830544,2167,74414,23,23,1106,0,-73,-2147483648,444477,4294967295,0,0
557311725,557.311725,27498,27498,27498,0,6,6,314,0,323,0,0,1,0,0,105,105,0,74414,1,0,420,42483,0,245,281,1,3,2,830544,2164,74414,22,23,1107,0,-73,-2147483648,193484,4294967295,0,0
557561726,557.561726,27510,27510,27510,0,6,6,314,0,323,0,0,1,0,0,117,117,0,74414,1,0,420,42501,0,244,281,1,3,60,830544,2167,74414,22,23,1107,0,-73,-2147483648,443485,4294967295,0,0
557811727,557.811727,27523,27523,27523,0,6,6,314,0,323,0,0,1,0,0,130,130,0,74414,1,0,420,42521,0,245,281,1,3,60,830544,2164,74414,22,23,1108,0,-74,-2147483648,192343,4294967295,0,0
558061729,558.061729,27535,27535,27535,0,6,6,314,0,323,0,0,1,0,0,142,142,0,74414,1,0,420,42540,0,137,281,1,3,60,830544,2167,74414,22,23,1108,0,-74,-2147483648,442345,4294967295,0,0
558311730,558.311730,27548,27548,27548,0,6,6,314,0,323,0,0,1,0,0,155,155,0,74414,1,0,420,42560,0,245,281,1,3,60,830544,2164,74414,21,23,1109,0,-74,-2147483648,190307,4294967295,0,0
558561730,558.561730,27560,27560,27560,0,5,6,314,0,323,0,0,1,0,0,167,167,0,74414,1,0,420,42578,0,245,281,1,3,60,830544,2167,74414,22,23,1109,0,-74,-2147483648,440307,4294967295,0,0
558811732,558.811732,27573,27573,27573,0,6,6,314,0,323,0,0,1,0,0,180,180,0,74414,1,0,420,42598,0,245,281,1,3,60,830544,2164,74414,21,23,1110,0,-74,-2147483648,190111,4294967295,0,0
559061734,559.061734,27585,27585,27585,0,6,6,314,0,323,0,0,1,0,0,192,192,0,74414,1,0,420,42616,0,245,281,1,3,60,830544,2167,74414,22,23,1110,0,-74,-2147483648,440113,4294967295,0,0
559311734,559.311734,27598,27598,27598,0,6,6,314,0,323,0,0,1,0,0,205,205,0,74414,1,0,420,42637,0,244,281,1,3,2,830544,2164,74414,22,23,1111,0,-76,-2147483648,189241,4294967295,0,0
559561736,559.561736,27610,27610,27610,0,6,6,314,0,323,0,0,1,0,0,217,217,0,74414,1,0,420,42655,0,245,281,1,3,60,830544,2167,74414,22,23,1111,0,-76,-2147483648,439243,4294967295,0,0
559811736,559.811736,27623,27623,27623,0,6,6,314,0,323,0,0,1,0,0,230,230,0,74414,1,0,420,42675,0,244,281,1,3,60,830544,2164,74414,22,23,1112,0,-76,-2147483648,187506,4294967295,0,0
560061736,560.061736,27635,27635,27635,0,6,6,314,0,323,0,0,1,0,0,242,242,0,74414,1,0,420,42694,0,138,281,1,3,60,830544,2167,74414,21,23,1112,0,-76,-2147483648,437506,4294967295,0,0
560311738,560.311738,27648,27648,27648,0,6,6,314,0,323,0,0,1,0,0,255,255,0,74414,1,0,420,42714,0,244,281,1,3,60,830544,2164,74414,22,23,1113,0,-74,-2147483648,185970,4294967295,0,0
560561739,560.561739,27660,27660,27660,0,6,6,314,0,323,0,0,1,0,0,11,11,0,74414,1,0,420,42732,0,244,281,1,3,60,830544,2167,74414,22,23,1113,0,-74,-2147483648,435971,4294967295,0,0
560811740,560.811740,27673,27673,27673,0,6,6,314,0,323,0,0,1,0,0,24,24,0,74414,1,0,420,42752,0,244,281,1,3,60,830544,2164,74414,22,23,1114,0,-73,-2147483648,174345,4294967295,0,0
561061741,561.061741,27685,27685,27685,0,6,6,314,0,323,0,0,1,0,0,36,36,0,74414,1,0,420,42771,0,138,281,1,3,60,830544,2167,74414,22,23,1114,0,-73,-2147483648,424346,4294967295,0,0
561311741,561.311741,27698,27698,27698,0,6,6,314,0,323,0,0,1,0,0,49,49,0,74414,1,0,420,42791,0,244,281,1,3,60,830544,2164,74414,22,23,1115,0,-74,-2147483648,172367,4294967295,0,0
561561741,561.561741,27710,27710,27710,0,6,6,314,0,323,0,0,1,0,0,61,61,0,74414,1,0,420,42809,0,244,281,1,3,61,830544,2167,74414,22,23,1115,0,-74,-2147483648,422367,4294967295,0,0
561811743,561.811743,27723,27723,27723,0,6,6,314,0,323,0,0,1,0,0,74,74,0,74414,1,0,420,42829,0,244,281,1,3,60,830544,2164,74414,22,23,1116,0,-72,-2147483648,171368,4294967295,0,0
562061745,562.061745,27735,27735,27735,0,6,6,314,0,323,0,0,1,0,0,86,86,0,74414,1,0,420,42848,0,138,281,1,3,60,830544,2167,74414,22,23,1116,0,-72,-2147483648,421370,4294967295,0,0
562311745,562.311745,27748,27748,27748,0,6,6,314,0,323,0,0,1,0,0,99,99,0,74414,1,0,420,42868,0,244,281,1,3,1,830544,2164,74414,22,23,1117,0,-71,-2147483648,169743,4294967295,0,0
562561746,562.561746,27760,27760,27760,0,6,6,314,0,323,0,0,1,0,0,111,111,0,74414,1,0,420,42886,0,244,281,1,3,60,830544,2167,74414,22,23,1117,0,-71,-2147483648,419744,4294967295,0,0
562811747,562.811747,27773,27773,27773,0,5,6,314,0,323,0,0,1,0,0,124,124,0,74414,1,0,420,42906,0,245,281,1,3,60,830544,2164,74414,21,23,1118,0,-74,-2147483648,168201,4294967295,0,0
563061747,563.061747,27785,27785,27785,0,6,6,314,0,323,0,0,1,0,0,136,136,0,74414,1,0,420,42925,0,138,281,1,3,60,830544,2167,74414,22,23,1118,0,-74,-2147483648,418201,4294967295,0,0
563311748,563.311748,27798,27798,27798,0,6,6,314,0,323,0,0,1,0,0,149,149,0,74414,1,0,420,42945,0,244,281,1,3,2,830544,2164,74414,22,23,1119,0,-71,-2147483648,166923,4294967295,0,0
563561748,563.561748,27810,27810,27810,0,6,6,314,0,323,0,0,1,0,0,161,161,0,74414,1,0,420,42963,0,244,281,1,3,60,830544,2167,74414,22,23,1119,0,-71,-2147483648,416923,4294967295,0,0
563811750,563.811750,27823,27823,27823,0,6,6,314,0,323,0,0,1,0,0,174,174,0,74414,1,0,420,42983,0,245,281,1,3,60,830544,2164,74414,22,23,1120,0,-72,-2147483648,155457,4294967295,0,0
564061751,564.061751,27835,27835,27835,0,6,6,314,0,323,0,0,1,0,0,186,186,0,74414,1,0,420,43002,0,137,281,1,3,60,830544,2167,74414,22,23,1120,0,-72,-2147483648,405458,4294967295,0,0
564311752,564.311752,27848,27848,27848,0,6,6,314,0,323,0,0,1,0,0,199,199,0,74414,1,0,420,43022,0,244,281,1,3,2,830544,2164,74414,22,23,1121,0,-72,-2147483648,153601,4294967295,0,0
564561754,564.561754,27860,27860,27860,0,6,6,314,0,323,0,0,1,0,0,211,211,0,74414,1,0,420,43040,0,244,281,1,3,60,830544,2167,74414,22,23,1121,0,-72,-2147483648,403603,4294967295,0,0
564811756,564.811756,27873,27873,27873,0,6,6,314,0,323,0,0,1,0,0,224,224,0,74414,1,0,420,43060,0,244,281,0,3,61,830544,1164,74414,22,23,1122,0,-72,-2147483648,153468,4294967295,0,0
565061758,565.061758,27885,27885,27885,0,6,6,314,0,323,0,0,1,0,0,236,236,0,74414,1,0,420,43079,0,138,281,0,3,61,830544,2167,74414,22,23,1122,0,-72,-2147483648,403470,4294967295,0,0
565311758,565.311758,27898,27898,27898,0,6,6,314,0,323,0,0,1,0,0,249,249,0,74414,1,0,420,43099,0,245,281,1,3,1,830544,2164,74414,21,23,1123,0,-73,-2147483648,151340,4294967295,0,0
565561758,565.561758,27910,27910,27910,0,6,6,314,0,323,0,0,1,0,0,5,5,0,74414,1,0,420,43117,0,244,281,1,3,60,830544,2167,74414,22,23,1123,0,-73,-2147483648,401340,4294967295,0,0
565811758,565.811758,27923,27923,27923,0,6,6,314,0,323,0,0,1,0,0,18,18,0,74414,1,0,420,43137,0,245,281,1,3,60,830544,2164,74414,22,23,1124,0,-78,-2147483648,150225,4294967295,0,0
566061758,566.061758,27935,27935,27935,0,6,6,314,0,323,0,0,1,0,0,30,30,0,74414,1,0,420,43156,0,138,281,1,3,60,830544,2167,74414,22,23,1124,0,-78,-2147483648,400225,4294967295,0,0
566311760,566.311760,27948,27948,27948,0,6,6,314,0,323,0,0,1,0,0,43,43,0,74414,1,0,420,43176,0,244,281,1,3,2,830544,2164,74414,22,23,1125,0,-79,-2147483648,149261,4294967295,0,0
566561760,566.561760,27960,27960,27960,0,6,6,314,0,323,0,0,1,0,0,55,55,0,74414,1,0,420,43194,0,137,281,1,3,60,830544,2167,74414,22,23,1125,0,-79,-2147483648,399261,4294967295,0,0
566811760,566.811760,27973,27973,27973,0,6,6,314,0,323,0,0,1,0,0,68,68,0,74414,1,0,420,43214,0,245,281,1,3,61,830544,2164,74414,21,23,1126,0,-77,-2147483648,149125,4294967295,0,0
567061760,567.061760,27985,27985,27985,0,6,6,314,0,323,0,0,1,0,0,80,80,0,74414,1,0,420,43233,0,138,281,1,3,60,830544,2167,74414,23,23,1126,0,-77,-2147483648,399125,4294967295,0,0
567311760,567.311760,27998,27998,27998,0,6,6,314,0,323,0,0,1,0,0,93,93,0,74414,1,0,420,43253,0,245,281,0,3,61,830544,2164,74414,21,23,1127,0,-80,-2147483648,148242,4294967295,0,0
567561762,567.561762,28010,28010,28010,0,6,6,314,0,323,0,0,1,0,0,105,105,0,74414,1,0,420,43271,0,245,281,1,3,60,830544,2167,74414,22,23,1127,0,-80,-2147483648,398244,4294967295,0,0
567811764,567.811764,28023,28023,28023,0,6,6,314,0,323,0,0,1,0,0,118,118,0,74414,1,0,420,43291,0,244,281,1,3,2,830544,2164,74414,22,23,1128,0,-81,-2147483648,148058,4294967295,0,0
568061766,568.061766,28035,28035,28035,0,6,6,314,0,323,0,0,1,0,0,130,130,0,74414,1,0,420,43310,0,138,281,1,3,61,830544,2167,74414,22,23,1128,0,-81,-2147483648,398060,4294967295,0,0
568311766,568.311766,28048,28048,28048,0,6,6,314,0,323,0,0,1,0,0,143,143,0,74414,1,0,420,43330,0,281,281,1,3,2,830544,2164,74414,22,23,1129,0,-81,-2147483648,146990,4294967295,0,0
568561768,568.561768,28060,28060,28060,0,6,6,314,0,323,0,0,1,0,0,155,155,0,74414,1,0,420,43348,0,244,281,1,3,60,830544,2167,74414,22,23,1129,0,-81,-2147483648,396992,4294967295,0,0
568811768,568.811768,28073,28073,28073,0,6,6,314,0,323,0,0,1,0,0,168,168,0,74414,1,0,420,43368,0,244,281,1,3,60,830544,2164,74414,22,23,1130,0,-77,-2147483648,134399,4294967295,0,0
569061769,569.061769,28085,28085,28085,0,6,6,314,0,323,0,0,1,0,0,180,180,0,74414,1,0,420,43387,0,137,281,1,3,60,830544,2167,74414,22,23,1130,0,-77,-2147483648,384400,4294967295,0,0
569311770,569.311770,28098,28098,28098,0,6,6,314,0,323,0,0,1,0,0,193,193,0,74414,1,0,420,43406,0,244,281,1,3,60,830544,2164,74414,22,23,1131,0,-78,-2147483648,133491,4294967295,0,0
569561771,569.561771,28110,28110,28110,0,6,6,314,0,323,0,0,1,0,0,205,205,0,74414,1,0,420,43425,0,244,281,1,3,60,830544,2167,74414,22,23,1131,0,-78,-2147483648,383492,4294967295,0,0
569811771,569.811771,28123,28123,28123,0,6,6,314,0,323,0,0,1,0,0,218,218,0,74414,1,0,420,43445,0,245,281,1,3,60,830544,2164,74414,22,23,1132,0,-78,-2147483648,132164,4294967295,0,0
570061771,570.061771,28135,28135,28135,0,6,6,314,0,323,0,0,1,0,0,230,230,0,74414,1,0,420,43464,0,138,281,0,3,61,830544,2168,74414,22,23,1132,0,-78,-2147483648,382164,4294967295,0,0
570311772,570.311772,28148,28148,28148,0,6,6,314,0,323,0,0,1,0,0,243,243,0,74414,1,0,420,43484,0,245,281,1,3,60,830544,2164,74414,22,23,1133,0,-77,-2147483648,131527,4294967295,0,0
570561772,570.561772,28160,28160,28160,0,6,6,314,0,323,0,0,1,0,0,255,255,0,74414,1,0,420,43502,0,245,281,1,3,60,830544,2167,74414,22,23,1133,0,-77,-2147483648,381527,4294967295,0,0
570811773,570.811773,28173,28173,28173,0,6,6,314,0,323,0,0,1,0,0,12,12,0,74414,1,0,420,43522,0,244,281,1,3,60,830544,2164,74414,22,23,1134,0,-78,-2147483648,131300,4294967295,0,0
571061775,571.061775,28185,28185,28185,0,6,6,314,0,323,0,0,1,0,0,24,24,0,74414,1,0,420,43541,0,138,281,1,3,60,830544,2167,74414,22,23,1134,0,-78,-2147483648,381302,4294967295,0,0
571311775,571.311775,28198,28198,28198,0,6,6,314,0,323,0,0,1,0,0,37,37,0,74414,1,0,420,43561,0,244,281,0,3,61,830544,2165,74414,22,23,1135,0,-80,-2147483648,131309,4294967295,0,0
571561777,571.561777,28210,28210,28210,0,6,6,314,0,323,0,0,1,0,0,49,49,0,74414,1,0,420,43579,0,138,281,0,3,61,830544,2167,74414,22,23,1135,0,-80,-2147483648,381311,4294967295,0,0
571811778,571.811778,28223,28223,28223,0,5,6,314,0,323,0,0,1,0,0,62,62,0,74414,1,0,420,43599,0,244,281,1,3,60,830544,1164,74414,22,23,1136,0,-81,-2147483648,130357,4294967295,0,0
572061779,572.061779,28235,28235,28235,0,6,6,314,0,323,0,0,1,0,0,74,74,0,74414,1,0,420,43618,0,138,281,1,3,60,830544,2167,74414,22,23,1136,0,-81,-2147483648,380358,4294967295,0,0
572311781,572.311781,28248,28248,28248,0,6,6,314,0,323,0,0,1,0,0,87,87,0,74414,1,0,420,43638,0,244,281,1,3,60,830544,2164,74414,22,23,1137,0,-78,-2147483648,129153,4294967295,0,0
572561783,572.561783,28260,28260,28260,0,6,6,314,0,323,0,0,1,0,0,99,99,0,74414,1,0,420,43656,0,244,281,1,3,60,830544,2167,74414,22,23,1137,0,-78,-2147483648,379155,4294967295,0,0
572811784,572.811784,28273,28273,28273,0,6,6,314,0,323,0,0,1,0,0,112,112,0,74414,1,0,420,43676,0,244,281,1,3,60,830544,2164,74414,22,23,1138,0,-76,-2147483648,128188,4294967295,0,0
573061784,573.061784,28285,28285,28285,0,6,6,314,0,323,0,0,1,0,0,124,124,0,74414,1,0,420,43695,0,137,281,1,3,60,830544,2167,74414,22,23,1138,0,-76,-2147483648,378188,4294967295,0,0
573311786,573.311786,28298,28298,28298,0,6,6,314,0,323,0,0,1,0,0,137,137,0,74414,1,0,420,43715,0,244,281,1,3,60,830544,2164,74414,22,23,1139,0,-77,-2147483648,126980,4294967295,0,0
573561786,573.561786,28310,28310,28310,0,6,6,314,0,323,0,0,1,0,0,149,149,0,74414,1,0,420,43733,0,244,281,1,3,60,830544,2167,74414,22,23,1139,0,-77,-2147483648,376980,4294967295,0,0
573811787,573.811787,28323,28323,28323,0,6,6,314,0,323,0,0,1,0,0,162,162,0,74414,1,0,420,43753,0,245,281,1,3,60,830544,2164,74414,22,23,1140,0,-77,-2147483648,114809,4294967295,0,0
574061789,574.061789,28335,28335,28335,0,6,6,314,0,323,0,0,1,0,0,174,174,0,74414,1,0,420,43772,0,138,281,1,3,60,830544,2167,74414,22,23,1140,0,-77,-2147483648,364811,4294967295,0,0
574311789,574.311789,28348,28348,28348,0,6,6,314,0,323,0,0,1,0,0,187,187,0,74414,1,0,420,43792,0,245,281,1,3,60,830544,2164,74414,22,23,1141,0,-77,-2147483648,114699,4294967295,0,0
574561790,574.561790,28360,28360,28360,0,6,6,314,0,323,0,0,1,0,0,199,199,0,74414,1,0,420,43810,0,245,281,1,3,60,830544,2167,74414,22,23,1141,0,-77,-2147483648,364700,4294967295,0,0
574811792,574.811792,28373,28373,28373,0,6,6,314,0,323,0,0,1,0,0,212,212,0,74414,1,0,420,43830,0,244,281,1,3,1,830544,2164,74414,22,23,1142,0,-78,-2147483648,114183,4294967295,0,0
575061794,575.061794,28385,28385,28385,0,6,6,314,0,323,0,0,1,0,0,224,224,0,74414,1,0,420,43849,0,138,281,1,3,60,830544,2167,74414,23,23,1142,0,-78,-2147483648,364185,4294967295,0,0
575311795,575.311795,28398,28398,28398,0,6,6,314,0,323,0,0,1,0,0,237,237,0,74414,1,0,420,43869,0,244,281,1,3,60,830544,2164,74414,22,23,1143,0,-78,-2147483648,113167,4294967295,0,0
575561795,575.561795,28410,28410,28410,0,6,6,314,0,323,0,0,1,0,0,249,249,0,74414,1,0,420,43887,0,138,281,1,3,60,830544,2167,74414,22,23,1143,0,-78,-2147483648,363167,4294967295,0,0
575811797,575.811797,28423,28423,28423,0,6,6,314,0,323,0,0,1,0,0,6,6,0,74414,1,0,420,43907,0,244,281,1,3,60,830544,2164,74414,22,23,1144,0,-78,-2147483648,111344,4294967295,0,0
576061798,576.061798,28435,28435,28435,0,6,6,314,0,323,0,0,1,0,0,18,18,0,74414,1,0,420,43926,0,138,281,1,3,60,830544,2167,74414,22,23,1144,0,-78,-2147483648,361345,4294967295,0,0
576311798,576.311798,28448,28448,28448,0,6,6,314,0,323,0,0,1,0,0,31,31,0,74414,1,0,420,43946,0,244,281,1,3,60,830544,2164,74414,22,23,1145,0,-79,-2147483648,110299,4294967295,0,0
576561798,576.561798,28460,28460,28460,0,6,6,314,0,323,0,0,1,0,0,43,43,0,74414,1,0,420,43964,0,244,281,1,3,60,830544,2167,74414,22,23,1145,0,-79,-2147483648,360299,4294967295,0,0
576811800,576.811800,28473,28473,28473,0,6,6,314,0,323,0,0,1,0,0,56,56,0,74414,1,0,420,43984,0,245,281,1,3,60,830544,2164,74414,22,23,1146,0,-78,-2147483648,109292,4294967295,0,0
577061801,577.061801,28485,28485,28485,0,6,6,314,0,323,0,0,1,0,0,68,68,0,74414,1,0,420,44003,0,138,281,1,3,60,830544,2167,74414,22,23,1146,0,-78,-2147483648,359293,4294967295,0,0
577311803,577.311803,28498,28498,28498,0,6,6,314,0,323,0,0,1,0,0,81,81,0,74414,1,0,420,44023,0,244,281,1,3,60,830544,2164,74414,22,23,1147,0,-78,-2147483648,108251,4294967295,0,0
577561805,577.561805,28510,28510,28510,0,6,6,314,0,323,0,0,1,0,0,93,93,0,74414,1,0,420,44041,0,173,281,1,3,60,830544,2167,74414,22,23,1147,0,-78,-2147483648,358253,4294967295,0,0
577811806,577.811806,28523,28523,28523,0,6,6,314,0,323,0,0,1,0,0,106,106,0,74414,1,0,420,44061,0,244,281,1,3,60,830544,2164,74414,22,23,1148,0,-77,-2147483648,108117,4294967295,0,0
578061807,578.061807,28535,28535,28535,0,6,6,314,0,323,0,0,1,0,0,118,118,0,74414,1,0,420,44080,0,138,281,1,3,60,830544,2167,74414,22,23,1148,0,-77,-2147483648,358118,4294967295,0,0
578311809,578.311809,28548,28548,28548,0,6,6,314,0,323,0,0,1,0,0,131,131,0,74414,1,0,420,44100,0,244,281,1,3,60,830544,2164,74414,22,23,1149,0,-74,-2147483648,107304,4294967295,0,0
578561811,578.561811,28560,28560,28560,0,6,6,314,0,323,0,0,1,0,0,143,143,0,74414,1,0,420,44118,0,244,281,1,3,60,830544,2167,74414,22,23,1149,0,-74,-2147483648,357306,4294967295,0,0
578811813,578.811813,28573,28573,28573,0,6,6,314,0,323,0,0,1,0,0,156,156,0,74414,1,0,420,44138,0,244,281,1,3,60,830544,2164,74414,22,23,1150,0,-78,-2147483648,106983,4294967295,0,0
579061815,579.061815,28585,28585,28585,0,6,6,314,0,323,0,0,1,0,0,168,168,0,74414,1,0,420,44157,0,138,281,1,3,60,830544,2167,74414,22,23,1150,0,-78,-2147483648,356985,4294967295,0,0
579311817,579.311817,28598,28598,28598,0,6,6,314,0,323,0,0,1,0,0,181,181,0,74414,1,0,420,44177,0,244,281,1,3,60,830544,2164,74414,22,23,1151,0,-78,-2147483648,106026,4294967295,0,0
579561818,579.561818,28610,28610,28610,0,6,6,314,0,323,0,0,1,0,0,193,193,0,74414,1,0,420,44195,0,244,281,0,3,61,830544,2167,74414,22,23,1151,0,-78,-2147483648,356027,4294967295,0,0
579811819,579.811819,28623,28623,28623,0,6,6,314,0,323,0,0,1,0,0,206,206,0,74414,1,0,420,44215,0,280,281,0,3,61,830544,2165,74414,22,23,1152,0,-75,-2147483648,94739,4294967295,0,0
580061821,580.061821,28635,28635,28635,0,6,6,314,0,323,0,0,1,0,0,218,218,0,74414,1,0,420,44234,0,138,281,1,3,60,830544,2167,74414,22,23,1152,0,-75,-2147483648,344741,4294967295,0,0
580311823,580.311823,28648,28648,28648,0,6,6,314,0,323,0,0,1,0,0,231,231,0,74414,1,0,420,44254,0,245,281,1,3,1,830544,2164,74414,21,23,1153,0,-77,-2147483648,93529,4294967295,0,0
580561825,580.561825,28660,28660,28660,0,6,6,314,0,323,0,0,1,0,0,243,243,0,74414,1,0,420,44272,0,244,281,1,3,60,830544,2167,74414,22,23,1153,0,-77,-2147483648,343531,4294967295,0,0
580811827,580.811827,28673,28673,28673,0,6,6,314,0,323,0,0,1,0,0,0,0,0,74414,1,0,420,44292,0,244,281,1,3,60,830544,2164,74414,22,23,1154,0,-76,-2147483648,92537,4294967295,0,0
581061829,581.061829,28685,28685,28685,0,6,6,314,0,323,0,0,1,0,0,12,12,0,74414,1,0,420,44311,0,138,281,1,3,60,830544,2167,74414,22,23,1154,0,-76,-2147483648,342539,4294967295,0,0
581311830,581.311830,28698,28698,28698,0,6,6,314,0,323,0,0,1,0,0,25,25,0,74414,1,0,420,44331,0,244,281,1,3,60,830544,2164,74414,22,23,1155,0,-79,-2147483648,92435,4294967295,0,0
581561830,581.561830,28710,28710,28710,0,6,6,314,0,323,0,0,1,0,0,37,37,0,74414,1,0,420,44349,0,245,281,1,3,60,830544,2167,74414,22,23,1155,0,-79,-2147483648,342435,4294967295,0,0
581811830,581.811830,28723,28723,28723,0,5,6,314,0,323,0,0,1,0,0,50,50,0,74414,1,0,420,44369,0,244,281,1,3,60,830544,2164,74414,22,23,1156,0,-78,-2147483648,90458,4294967295,0,0
582061832,582.061832,28735,28735,28735,0,6,6,314,0,323,0,0,1,0,0,62,62,0,74414,1,0,420,44388,0,139,281,1,3,60,830544,2167,74414,21,23,1156,0,-78,-2147483648,340460,4294967295,0,0
582311834,582.311834,28748,28748,28748,0,6,6,314,0,323,0,0,1,0,0,75,75,0,74414,1,0,420,44408,0,244,281,1,3,60,830544,2164,74414,22,23,1157,0,-74,-2147483648,88272,4294967295,0,0
582561835,582.561835,28760,28760,28760,0,6,6,314,0,323,0,0,1,0,0,87,87,0,74414,1,0,420,44426,0,244,281,1,3,60,830544,2167,74414,22,23,1157,0,-74,-2147483648,338273,4294967295,0,0
582811837,582.811837,28773,28773,28773,0,6,6,314,0,323,0,0,1,0,0,100,100,0,74414,1,0,420,44446,0,245,281,1,3,60,830544,2164,74414,22,23,1158,0,-75,-2147483648,88228,4294967295,0,0
583061837,583.061837,28785,28785,28785,0,5,6,314,0,323,0,0,1,0,0,112,112,0,74414,1,0,420,44465,0,138,281,1,3,60,830544,2167,74414,22,23,1158,0,-75,-2147483648,338228,4294967295,0,0
583311837,583.311837,28798,28798,28798,0,6,6,314,0,323,0,0,1,0,0,125,125,0,74414,1,0,420,44485,0,244,281,1,3,60,830544,2164,74414,22,23,1159,0,-73,-2147483648,86988,4294967295,0,0
583561839,583.561839,28810,28810,28810,0,6,6,314,0,323,0,0,1,0,0,137,137,0,74414,1,0,420,44503,0,244,281,1,3,60,830544,2167,74414,22,23,1159,0,-73,-2147483648,336990,4294967295,0,0
583811841,583.811841,28823,28823,28823,0,6,6,314,0,323,0,0,1,0,0,150,150,0,74414,1,0,420,44523,0,244,281,1,3,60,830544,2164,74414,23,23,1160,0,-73,-2147483648,75522,4294967295,0,0
584061841,584.061841,28835,28835,28835,0,6,6,314,0,323,0,0,1,0,0,162,162,0,74414,1,0,420,44542,0,138,281,0,3,61,830544,2168,74414,22,23,1160,0,-73,-2147483648,325522,4294967295,0,0
584311842,584.311842,28848,28848,28848,0,6,6,314,0,323,0,0,1,0,0,175,175,0,74414,1,0,420,44561,0,244,281,1,3,60,830544,2164,74414,23,23,1161,0,-91,-2147483648,74552,4294967295,0,0
584561844,584.561844,28860,28860,28860,0,6,6,314,0,323,0,0,1,0,0,187,187,0,74414,1,0,420,44580,0,244,281,1,3,60,830544,2167,74414,22,23,1161,0,-91,-2147483648,324554,4294967295,0,0
584811844,584.811844,28873,28873,28873,0,5,6,314,0,323,0,0,1,0,0,200,200,0,74414,1,0,420,44600,0,244,281,1,3,60,830544,2164,74414,22,23,1162,0,-86,-2147483648,72431,4294967295,0,0
585061845,585.061845,28885,28885,28885,0,6,6,314,0,323,0,0,1,0,0,212,212,0,74414,1,0,420,44619,0,137,281,1,3,60,830544,2167,74414,22,23,1162,0,-86,-2147483648,322432,4294967295,0,0
585311845,585.311845,28898,28898,28898,0,6,6,314,0,323,0,0,1,0,0,225,225,0,74414,1,0,420,44639,0,244,281,1,3,60,830544,2164,74414,22,23,1163,0,-75,-2147483648,71432,4294967295,0,0
585561847,585.561847,28910,28910,28910,0,6,6,314,0,323,0,0,1,0,0,237,237,0,74414,1,0,420,44657,0,245,281,1,3,60,830544,2167,74414,22,23,1163,0,-75,-2147483648,321434,4294967295,0,0
585811847,585.811847,28923,28923,28923,0,6,6,314,0,323,0,0,1,0,0,250,250,0,74414,1,0,420,44677,0,280,281,1,3,60,830544,2164,74414,22,23,1164,0,-76,-2147483648,70449,4294967295,0,0
586061847,586.061847,28935,28935,28935,0,6,6,314,0,323,0,0,1,0,0,6,6,0,74414,1,0,420,44696,0,138,281,1,3,60,830544,2167,74414,22,23,1164,0,-76,-2147483648,320449,4294967295,0,0
586311847,586.311847,28948,28948,28948,0,6,6,314,0,323,0,0,1,0,0,19,19,0,74414,1,0,420,44716,0,245,281,1,3,60,830544,2164,74414,21,23,1165,0,-76,-2147483648,69332,4294967295,0,0
586561848,586.561848,28960,28960,28960,0,6,6,314,0,323,0,0,1,0,0,31,31,0,74414,1,0,420,44734,0,244,281,1,3,60,830544,2167,74414,22,23,1165,0,-76,-2147483648,319333,4294967295,0,0
586811849,586.811849,28973,28973,28973,0,6,6,314,0,323,0,0,1,0,0,44,44,0,74414,1,0,420,44754,0,244,281,1,3,60,830544,2164,74414,22,23,1166,0,-75,-2147483648,68090,4294967295,0,0
587061851,587.061851,28985,28985,28985,0,6,6,314,0,323,0,0,1,0,0,56,56,0,74414,1,0,420,44773,0,138,281,0,3,61,830544,2167,74414,22,23,1166,0,-75,-2147483648,318092,4294967295,0,0
587311853,587.311853,28998,28998,28998,0,6,6,314,0,323,0,0,1,0,0,69,69,0,74414,1,0,420,44793,0,244,281,1,3,60,830544,2164,74414,22,23,1167,0,-76,-2147483648,66059,4294967295,0,0
587561853,587.561853,29010,29010,29010,0,6,6,314,0,323,0,0,1,0,0,81,81,0,74414,1,0,420,44811,0,244,281,1,3,60,830544,2167,74414,22,23,1167,0,-76,-2147483648,316059,4294967295,0,0
587811853,587.811853,29023,29023,29023,0,6,6,314,0,323,0,0,1,0,0,94,94,0,74414,1,0,420,44831,0,245,281,1,3,60,830544,2164,74414,22,23,1168,0,-74,-2147483648,54765,4294967295,0,0
588061854,588.061854,29035,29035,29035,0,5,6,314,0,323,0,0,1,0,0,106,106,0,74414,1,0,420,44850,0,138,281,1,3,60,830544,2167,74414,23,23,1168,0,-74,-2147483648,304766,4294967295,0,0
588311855,588.311855,29048,29048,29048,0,6,6,314,0,323,0,0,1,0,0,119,119,0,74414,1,0,420,44870,0,244,281,1,3,60,830544,2164,74414,22,23,1169,0,-74,-2147483648,53557,4294967295,0,0
588561856,588.561856,29060,29060,29060,0,6,6,314,0,323,0,0,1,0,0,131,131,0,74414,1,0,420,44888,0,137,281,1,3,60,830544,2167,74414,21,23,1169,0,-74,-2147483648,303558,4294967295,0,0
588811856,588.811856,29073,29073,29073,0,6,6,314,0,323,0,0,1,0,0,144,144,0,74414,1,0,420,44908,0,244,281,1,3,60,830544,2164,74414,22,23,1170,0,-86,-2147483648,52285,4294967295,0,0
589061857,589.061857,29085,29085,29085,0,6,6,314,0,323,0,0,1,0,0,156,156,0,74414,1,0,420,44927,0,138,281,1,3,60,830544,2167,74414,21,23,1170,0,-86,-2147483648,302286,4294967295,0,0
589311858,589.311858,29098,29098,29098,0,6,6,314,0,323,0,0,1,0,0,169,169,0,74414,1,0,420,44947,0,244,281,1,3,60,830544,2164,74414,22,23,1171,0,-83,-2147483648,51388,4294967295,0,0
589561859,589.561859,29110,29110,29110,0,6,6,314,0,323,0,0,1,0,0,181,181,0,74414,1,0,420,44965,0,137,281,1,3,60,830544,2167,74414,22,23,1171,0,-83,-2147483648,301389,4294967295,0,0
589811860,589.811860,29123,29123,29123,0,6,6,314,0,323,0,0,1,0,0,194,194,0,74414,1,0,420,44985,0,244,281,0,3,61,830544,2165,74414,22,23,1172,0,-88,-2147483648,50911,4294967295,0,0
590061860,590.061860,29135,29135,29135,0,6,6,314,0,323,0,0,1,0,0,206,206,0,74414,1,0,420,45004,0,138,281,1,3,60,830544,2167,74414,22,23,1172,0,-88,-2147483648,300911,4294967295,0,0
590311862,590.311862,29148,29148,29148,0,6,6,314,0,323,0,0,1,0,0,219,219,0,74414,1,0,420,45024,0,244,281,1,3,60,830544,2164,74414,22,23,1173,0,-86,-2147483648,50222,4294967295,0,0
590561863,590.561863,29160,29160,29160,0,6,6,314,0,323,0,0,1,0,0,231,231,0,74414,1,0,420,45042,0,244,281,1,3,60,830544,2167,74414,22,23,1173,0,-86,-2147483648,300223,4294967295,0,0
590811865,590.811865,29173,29173,29173,0,6,6,314,0,323,0,0,1,0,0,244,244,0,74414,1,0,420,45062,0,244,281,1,3,60,830544,2164,74414,22,23,1174,0,-85,-2147483648,48159,4294967295,0,0
591061866,591.061866,29185,29185,29185,0,6,6,314,0,323,0,0,1,0,0,0,0,0,74414,1,0,420,45081,0,138,281,1,3,60,830544,2167,74414,22,23,1174,0,-85,-2147483648,298160,4294967295,0,0
591311868,591.311868,29198,29198,29198,0,6,6,314,0,323,0,0,1,0,0,13,13,0,74414,1,0,420,45101,0,244,281,1,3,60,830544,2164,74414,22,23,1175,0,-90,-2147483648,46158,4294967295,0,0
591561869,591.561869,29210,29210,29210,0,6,6,314,0,323,0,0,1,0,0,25,25,0,74414,1,0,420,45119,0,245,281,1,3,61,830544,2167,74414,22,23,1175,0,-90,-2147483648,296159,4294967295,0,0
591811869,591.811869,29223,29223,29223,0,6,6,314,0,323,0,0,1,0,0,38,38,0,74414,1,0,420,45139,0,245,281,1,3,60,830544,2164,74414,22,23,1176,0,-87,-2147483648,35547,4294967295,0,0
592061870,592.061870,29235,29235,29235,0,6,6,314,0,323,0,0,1,0,0,50,50,0,74414,1,0,420,45158,0,138,281,1,3,61,830544,2167,74414,22,23,1176,0,-87,-2147483648,285548,4294967295,0,0
592311872,592.311872,29248,29248,29248,0,6,6,314,0,323,0,0,1,0,0,63,63,0,74414,1,0,420,45178,0,244,281,1,3,60,830544,2164,74414,22,23,1177,0,-85,-2147483648,35160,4294967295,0,0
592561873,592.561873,29260,29260,29260,0,6,6,314,0,323,0,0,1,0,0,75,75,0,74414,1,0,420,45196,0,280,281,1,3,60,830544,2167,74414,22,23,1177,0,-85,-2147483648,285161,4294967295,0,0
592811874,592.811874,29273,29273,29273,0,6,6,314,0,323,0,0,1,0,0,88,88,0,74414,1,0,420,45216,0,244,281,1,3,60,830544,2164,74414,22,23,1178,0,-85,-2147483648,33556,4294967295,0,0
593061874,593.061874,29285,29285,29285,0,6,6,314,0,323,0,0,1,0,0,100,100,0,74414,1,0,420,45235,0,138,281,1,3,60,830544,2167,74414,22,23,1178,0,-85,-2147483648,283556,4294967295,0,0
593311874,593.311874,29298,29298,29298,0,6,6,314,0,323,0,0,1,0,0,113,113,0,74414,1,0,420,45255,0,244,281,1,3,60,830544,2164,74414,22,23,1179,0,-84,-2147483648,32495,4294967295,0,0
593561874,593.561874,29310,29310,29310,0,6,6,314,0,323,0,0,1,0,0,125,125,0,74414,1,0,420,45273,0,244,281,1,3,60,830544,2167,74414,22,23,1179,0,-84,-2147483648,282495,4294967295,0,0
593811874,593.811874,29323,29323,29323,0,6,6,314,0,323,0,0,1,0,0,138,138,0,74414,1,0,420,45293,0,244,281,1,3,60,830544,2164,74414,22,23,1180,0,-87,-2147483648,31900,4294967295,0,0
594061875,594.061875,29335,29335,29335,0,6,6,314,0,323,0,0,1,0,0,150,150,0,74414,1,0,420,45312,0,138,281,0,3,60,830544,2167,74414,22,23,1180,0,-87,-2147483648,281901,4294967295,0,0
594311876,594.311876,29348,29348,29348,0,6,6,314,0,323,0,0,1,0,0,163,163,0,74414,1,0,420,45332,0,244,281,1,3,60,830544,2164,74414,22,23,1181,0,-92,-2147483648,31450,4294967295,0,0
594561876,594.561876,29360,29360,29360,0,6,6,314,0,323,0,0,1,0,0,175,175,0,74414,1,0,420,45349,0,245,281,0,3,61,830544,2167,74414,22,23,1181,0,-92,-2147483648,281450,4294967295,0,0
594811878,594.811878,29373,29373,29373,0,6,6,314,0,323,0,0,1,0,0,188,188,0,74414,1,0,420,45370,0,245,281,0,3,61,830544,2165,74414,22,23,1182,0,-90,-2147483648,30311,4294967295,0,0
595061880,595.061880,29385,29385,29385,0,6,6,314,0,323,0,0,1,0,0,200,200,0,74414,1,0,420,45389,0,138,281,1,3,60,830544,2167,74414,22,23,1182,0,-90,-2147483648,280313,4294967295,0,0
595311881,595.311881,29398,29398,29398,0,6,6,314,0,323,0,0,1,0,0,213,213,0,74414,1,0,420,45408,0,245,281,1,3,60,830544,2164,74414,22,23,1183,0,-87,-2147483648,28160,4294967295,0,0
595561882,595.561882,29410,29410,29410,0,6,6,314,0,323,0,0,1,0,0,225,225,0,74414,1,0,420,45427,0,244,281,1,3,60,830544,2167,74414,22,23,1183,0,-87,-2147483648,278161,4294967295,0,0
595811883,595.811883,29423,29423,29423,0,6,6,314,0,323,0,0,1,0,0,238,238,0,74414,1,0,420,45447,0,244,281,1,3,60,830544,2164,74414,22,23,1184,0,-88,-2147483648,26251,4294967295,0,0
596061885,596.061885,29435,29435,29435,0,6,6,314,0,323,0,0,1,0,0,250,250,0,74414,1,0,420,45465,0,244,281,1,3,60,830544,2167,74414,22,23,1184,0,-88,-2147483648,276253,4294967295,0,0
596311885,596.311885,29448,29448,29448,0,6,6,314,0,323,0,0,1,0,0,7,7,0,74414,1,0,420,45486,0,244,281,1,3,60,830544,2164,74414,22,23,1185,0,-86,-2147483648,26080,4294967295,0,0
596561886,596.561886,29460,29460,29460,0,6,6,314,0,323,0,0,1,0,0,19,19,0,74414,1,0,420,45504,0,244,281,1,3,61,830544,2167,74414,22,23,1185,0,-86,-2147483648,276081,4294967295,0,0
596811887,596.811887,29473,29473,29473,0,6,6,314,0,323,0,0,1,0,0,32,32,0,74414,1,0,420,45524,0,244,281,1,3,60,830544,2164,74414,22,23,1186,0,-88,-2147483648,14454,4294967295,0,0
597061889,597.061889,29485,29485,29485,0,5,6,314,0,323,0,0,1,0,0,44,44,0,74414,1,0,420,45543,0,139,281,1,3,60,830544,2167,74414,22,23,1186,0,-88,-2147483648,264456,4294967295,0,0
597311891,597.311891,29498,29498,29498,0,6,6,314,0,323,0,0,1,0,0,57,57,0,74414,1,0,420,45563,0,280,281,1,3,60,830544,2164,74414,21,23,1187,0,-88,-2147483648,12482,4294967295,0,0
597561892,597.561892,29510,29510,29510,0,6,6,314,0,323,0,0,1,0,0,69,69,0,74414,1,0,420,45581,0,138,281,1,3,60,830544,2167,74414,22,23,1187,0,-88,-2147483648,262483,4294967295,0,0
597811892,597.811892,29523,29523,29523,0,6,6,314,0,323,0,0,1,0,0,82,82,0,74414,1,0,420,45601,0,244,281,0,3,61,830544,2165,74414,22,23,1188,0,-89,-2147483648,10601,4294967295,0,0
598061893,598.061893,29535,29535,29535,0,5,6,314,0,323,0,0,1,0,0,94,94,0,74414,1,0,420,45618,0,244,281,1,3,2,830544,2167,74414,22,23,1188,0,-89,-2147483648,260602,4294967295,0,0
598311893,598.311893,29548,29548,29548,0,6,6,314,0,323,0,0,1,0,0,107,107,0,74414,1,0,420,45640,0,244,281,0,3,61,830544,2165,74414,23,23,1189,0,-96,-2147483648,10312,4294967295,0,0
598561895,598.561895,29560,29560,29560,0,6,6,314,0,323,0,0,1,0,0,119,119,0,74414,1,0,420,45658,0,244,281,1,3,60,830544,2167,74414,22,23,1189,0,-96,-2147483648,260314,4294967295,0,0
598811895,598.811895,29573,29573,29573,0,6,6,314,0,323,0,0,1,0,0,132,132,0,74414,1,0,420,45678,0,244,281,1,3,60,830544,2164,74414,22,23,1190,0,-89,-2147483648,10114,4294967295,0,0
599061896,599.061896,29585,29585,29585,0,5,6,314,0,323,0,0,1,0,0,144,144,0,74414,1,0,420,45697,0,139,281,1,3,61,830544,1167,74414,22,23,1190,0,-89,-2147483648,260115,4294967295,0,0
599311898,599.311898,29598,29598,29598,0,6,6,314,0,323,0,0,1,0,0,157,157,0,74414,1,0,420,45717,0,244,281,1,3,60,830544,2164,74414,22,23,1191,0,-84,-2147483648,8176,4294967295,0,0
599561898,599.561898,29610,29610,29610,0,6,6,314,0,323,0,0,1,0,0,169,169,0,74414,1,0,420,45735,0,280,281,1,3,60,830544,2167,74414,21,23,1191,0,-84,-2147483648,258176,4294967295,0,0
599811900,599.811900,29623,29623,29623,0,5,6,314,0,323,0,0,1,0,0,182,182,0,74414,1,0,420,45755,0,245,281,1,3,60,830544,2164,74414,22,23,1192,0,-79,-2147483648,7209,4294967295,0,0
600061902,600.061902,29635,29635,29635,0,6,6,314,0,323,0,0,1,0,0,194,194,0,74414,1,0,420,45774,0,138,281,1,3,60,830544,2167,74414,22,23,1192,0,-79,-2147483648,257211,4294967295,0,0
600311902,600.311902,29648,29648,29648,0,6,6,314,0,323,0,0,1,0,0,207,207,0,74414,1,0,420,45794,0,245,281,1,3,60,830544,2164,74414,22,23,1193,0,-73,-2147483648,7038,4294967295,0,0
600561904,600.561904,29660,29660,29660,0,6,6,314,0,323,0,0,1,0,0,219,219,0,74414,1,0,420,45812,0,244,281,1,3,60,830544,2167,74414,22,23,1193,0,-73,-2147483648,257040,4294967295,0,0
600811905,600.811905,29673,29673,29673,0,6,6,314,0,323,0,0,1,0,0,232,232,0,74414,1,0,420,45832,0,244,281,1,3,60,830544,2164,74414,22,23,1194,0,-74,-2147483648,6113,4294967295,0,0
601061905,601.061905,29685,29685,29685,0,6,6,314,0,323,0,0,1,0,0,244,244,0,74414,1,0,420,45851,0,137,281,1,3,60,830544,2167,74414,22,23,1194,0,-74,-2147483648,256113,4294967295,0,0
601311907,601.311907,29698,29698,29698,0,6,6,314,0,323,0,0,1,0,0,1,1,0,74414,1,0,420,45870,0,244,281,1,3,60,830544,2164,74414,22,23,1194,0,-74,-2147483648,506115,4294967295,0,0
601561908,601.561908,29710,29710,29710,0,6,6,314,0,323,0,0,1,0,0,13,13,0,74414,1,0,420,45889,0,244,281,1,3,60,830544,2167,74414,22,23,1195,0,-74,-2147483648,244822,4294967295,0,0
601811910,601.811910,29723,29723,29723,0,5,6,314,0,323,0,0,1,0,0,26,26,0,74414,1,0,420,45908,0,280,281,1,3,60,830544,2164,74414,22,23,1195,0,-74,-2147483648,494824,4294967295,0,0
602061911,602.061911,29735,29735,29735,0,6,6,314,0,323,0,0,1,0,0,38,38,0,74414,1,0,420,45928,0,137,281,1,3,60,830544,2167,74414,23,23,1196,0,-73,-2147483648,244651,4294967295,0,0
602311912,602.311912,29748,29748,29748,0,6,6,314,0,323,0,0,1,0,0,51,51,0,74414,1,0,420,45947,0,245,281,1,3,60,830544,2164,74414,21,23,1196,0,-73,-2147483648,494652,4294967295,0,0
602561912,602.561912,29760,29760,29760,0,6,6,314,0,323,0,0,1,0,0,63,63,0,74414,1,0,420,45966,0,245,281,1,3,60,830544,2167,74414,22,23,1197,0,-74,-2147483648,243752,4294967295,0,0
602811912,602.811912,29773,29773,29773,0,6,6,314,0,323,0,0,1,0,0,76,76,0,74414,1,0,420,45985,0,244,281,1,3,60,830544,2164,74414,22,23,1197,0,-74,-2147483648,493752,4294967295,0,0
603061912,603.061912,29785,29785,29785,0,6,6,314,0,323,0,0,1,0,0,88,88,0,74414,1,0,420,46005,0,138,281,1,3,60,830544,2167,74414,22,23,1198,0,-75,-2147483648,242544,4294967295,0,0
603311913,603.311913,29798,29798,29798,0,6,6,314,0,323,0,0,1,0,0,101,101,0,74414,1,0,420,46024,0,244,281,1,3,60,830544,2164,74414,22,23,1198,0,-75,-2147483648,492545,4294967295,0,0
603561914,603.561914,29810,29810,29810,0,6,6,314,0,323,0,0,1,0,0,113,113,0,74414,1,0,420,46043,0,244,281,1,3,61,830544,2167,74414,22,23,1199,0,-76,-2147483648,241513,4294967295,0,0
603811914,603.811914,29823,29823,29823,0,6,6,314,0,323,0,0,1,0,0,126,126,0,74414,1,0,420,46062,0,244,281,0,3,60,830544,1164,74414,22,23,1199,0,-76,-2147483648,491513,4294967295,0,0
604061916,604.061916,29835,29835,29835,0,6,6,314,0,323,0,0,1,0,0,138,138,0,74414,1,0,420,46082,0,138,281,1,3,60,830544,2167,74414,22,23,1200,0,-77,-2147483648,241461,4294967295,0,0
604311916,604.311916,29848,29848,29848,0,6,6,314,0,323,0,0,1,0,0,151,151,0,74414,1,0,420,46101,0,244,281,1,3,60,830544,2164,74414,22,23,1200,0,-77,-2147483648,491461,4294967295,0,0
604561917,604.561917,29860,29860,29860,0,6,6,314,0,323,0,0,1,0,0,163,163,0,74414,1,0,420,46120,0,244,281,1,3,60,830544,2167,74414,22,23,1201,0,-78,-2147483648,240597,4294967295,0,0
604811919,604.811919,29873,29873,29873,0,6,6,314,0,323,0,0,1,0,0,176,176,0,74414,1,0,420,46139,0,244,281,1,3,60,830544,2164,74414,22,23,1201,0,-78,-2147483648,490599,4294967295,0,0
605061921,605.061921,29885,29885,29885,0,6,6,314,0,323,0,0,1,0,0,188,188,0,74414,1,0,420,46159,0,138,281,1,3,60,830544,2167,74414,22,23,1202,0,-77,-2147483648,239304,4294967295,0,0
605311922,605.311922,29898,29898,29898,0,6,6,314,0,323,0,0,1,0,0,201,201,0,74414,1,0,420,46178,0,244,281,0,3,61,830544,2165,74414,22,23,1202,0,-77,-2147483648,489305,4294967295,0,0
605561922,605.561922,29910,29910,29910,0,6,6,314,0,323,0,0,1,0,0,213,213,0,74414,1,0,420,46197,0,245,281,1,3,60,830544,2167,74414,22,23,1203,0,-79,-2147483648,238389,4294967295,0,0
605811922,605.811922,29923,29923,29923,0,6,6,314,0,323,0,0,1,0,0,226,226,0,74414,1,0,420,46216,0,244,281,1,3,60,830544,2164,74414,22,23,1203,0,-79,-2147483648,488389,4294967295,0,0
606061922,606.061922,29935,29935,29935,0,6,6,314,0,323,0,0,1,0,0,238,238,0,74414,1,0,420,46236,0,138,281,1,3,60,830544,2167,74414,22,23,1204,0,-78,-2147483648,237096,4294967295,0,0
606311923,606.311923,29948,29948,29948,0,6,6,314,0,323,0,0,1,0,0,251,251,0,74414,1,0,420,46255,0,245,281,1,3,60,830544,2164,74414,22,23,1204,0,-78,-2147483648,487097,4294967295,0,0
606561923,606.561923,29960,29960,29960,0,6,6,314,0,323,0,0,1,0,0,7,7,0,74414,1,0,420,46274,0,244,281,1,3,60,830544,2167,74414,22,23,1205,0,-76,-2147483648,236168,4294967295,0,0
606811925,606.811925,29973,29973,29973,0,6,6,314,0,323,0,0,1,0,0,20,20,0,74414,1,0,420,46293,0,245,281,1,3,61,830544,2164,74414,22,23,1205,0,-76,-2147483648,486170,4294967295,0,0
607061927,607.061927,29985,29985,29985,0,6,6,314,0,323,0,0,1,0,0,32,32,0,74414,1,0,420,46313,0,138,281,0,3,61,830544,2167,74414,22,23,1206,0,-79,-2147483648,224851,4294967295,0,0
607311929,607.311929,29998,29998,29998,0,6,6,314,0,323,0,0,1,0,0,45,45,0,74414,1,0,420,46332,0,244,281,1,3,60,830544,2164,74414,22,23,1206,0,-79,-2147483648,474853,4294967295,0,0
607561929,607.561929,30010,30010,30010,0,6,6,314,0,323,0,0,1,0,0,57,57,0,74414,1,0,420,46351,0,244,281,1,3,60,830544,2167,74414,22,23,1207,0,-77,-2147483648,224677,4294967295,0,0
607811930,607.811930,30023,30023,30023,0,6,6,314,0,323,0,0,1,0,0,70,70,0,74414,1,0,420,46370,0,280,281,1,3,60,830544,2164,74414,22,23,1207,0,-77,-2147483648,474678,4294967295,0,0
608061932,608.061932,30035,30035,30035,0,6,6,314,0,323,0,0,1,0,0,82,82,0,74414,1,0,420,46390,0,138,281,1,3,60,830544,2167,74414,22,23,1208,0,-80,-2147483648,224432,4294967295,0,0
608311932,608.311932,30048,30048,30048,0,6,6,314,0,323,0,0,1,0,0,95,95,0,74414,1,0,420,46409,0,244,281,1,3,60,830544,2164,74414,22,23,1208,0,-80,-2147483648,474432,4294967295,0,0
608561932,608.561932,30060,30060,30060,0,6,6,314,0,323,0,0,1,0,0,107,107,0,74414,1,0,420,46428,0,244,281,1,3,61,830544,2167,74414,22,23,1209,0,-78,-2147483648,223639,4294967295,0,0
608811934,608.811934,30073,30073,30073,0,6,6,314,0,323,0,0,1,0,0,120,120,0,74414,1,0,420,46447,0,245,281,1,3,60,830544,2164,74414,22,23,1209,0,-78,-2147483648,473641,4294967295,0,0
609061935,609.061935,30085,30085,30085,0,6,6,314,0,323,0,0,1,0,0,132,132,0,74414,1,0,420,46467,0,138,281,1,3,60,830544,2167,74414,22,23,1210,0,-84,-2147483648,221539,4294967295,0,0
609311936,609.311936,30098,30098,30098,0,6,6,314,0,323,0,0,1,0,0,145,145,0,74414,1,0,420,46486,0,244,281,1,3,60,830544,2164,74414,22,23,1210,0,-84,-2147483648,471540,4294967295,0,0
609561937,609.561937,30110,30110,30110,0,6,6,314,0,323,0,0,1,0,0,157,157,0,74414,1,0,420,46505,0,138,281,1,3,60,830544,2167,74414,22,23,1211,0,-79,-2147483648,221472,4294967295,0,0
609811939,609.811939,30123,30123,30123,0,6,6,314,0,323,0,0,1,0,0,170,170,0,74414,1,0,420,46524,0,245,281,1,3,60,830544,2164,74414,22,23,1211,0,-79,-2147483648,471474,4294967295,0,0
610061940,610.061940,30135,30135,30135,0,6,6,314,0,323,0,0,1,0,0,182,182,0,74414,1,0,420,46544,0,137,281,1,3,60,830544,2167,74414,22,23,1212,0,-78,-2147483648,219434,4294967295,0,0
610311941,610.311941,30148,30148,30148,0,6,6,314,0,323,0,0,1,0,0,195,195,0,74414,1,0,420,46563,0,244,281,1,3,60,830544,2164,74414,22,23,1212,0,-78,-2147483648,469435,4294967295,0,0
610561942,610.561942,30160,30160,30160,0,6,6,314,0,323,0,0,1,0,0,207,207,0,74414,1,0,420,46582,0,244,281,1,3,2,830544,2167,74414,22,23,1213,0,-81,-2147483648,219332,4294967295,0,0
610811942,610.811942,30173,30173,30173,0,6,6,314,0,323,0,0,1,0,0,220,220,0,74414,1,0,420,46601,0,244,281,1,3,60,830544,2164,74414,22,23,1213,0,-81,-2147483648,469332,4294967295,0,0
611061944,611.061944,30185,30185,30185,0,5,6,314,0,323,0,0,1,0,0,232,232,0,74414,1,0,420,46621,0,138,281,1,3,60,830544,2167,74414,21,23,1214,0,-84,-2147483648,217150,4294967295,0,0
611311944,611.311944,30198,30198,30198,0,6,6,314,0,323,0,0,1,0,0,245,245,0,74414,1,0,420,46640,0,244,281,1,3,60,830544,2164,74414,22,23,1214,0,-84,-2147483648,467150,4294967295,0,0
611561945,611.561945,30210,30210,30210,0,6,6,314,0,323,0,0,1,0,0,1,1,0,74414,1,0,420,46659,0,245,281,1,3,60,830544,2167,74414,21,23,1215,0,-82,-2147483648,205521,4294967295,0,0
611811946,611.811946,30223,30223,30223,0,6,6,314,0,323,0,0,1,0,0,14,14,0,74414,1,0,420,46678,0,244,281,1,3,60,830544,2164,74414,22,23,1215,0,-82,-2147483648,455522,4294967295,0,0
612061948,612.061948,30235,30235,30235,0,6,6,314,0,323,0,0,1,0,0,26,26,0,74414,1,0,420,46698,0,137,281,1,3,61,830544,2167,74414,22,23,1216,0,-80,-2147483648,203670,4294967295,0,0
612311949,612.311949,30248,30248,30248,0,6,6,314,0,323,0,0,1,0,0,39,39,0,74414,1,0,420,46717,0,244,281,1,3,60,830544,2164,74414,22,23,1216,0,-80,-2147483648,453671,4294967295,0,0
612561950,612.561950,30260,30260,30260,0,6,6,314,0,323,0,0,1,0,0,51,51,0,74414,1,0,420,46736,0,244,281,1,3,60,830544,2167,74414,22,23,1217,0,-79,-2147483648,201487,4294967295,0,0
612811950,612.811950,30273,30273,30273,0,6,6,314,0,323,0,0,1,0,0,64,64,0,74414,1,0,420,46755,0,244,281,1,3,60,830544,2164,74414,22,23,1217,0,-79,-2147483648,451487,4294967295,0,0
613061952,613.061952,30285,30285,30285,0,6,6,314,0,323,0,0,1,0,0,76,76,0,74414,1,0,420,46775,0,138,281,1,3,60,830544,2167,74414,22,23,1218,0,-80,-2147483648,201532,4294967295,0,0
613311953,613.311953,30298,30298,30298,0,6,6,314,0,323,0,0,1,0,0,89,89,0,74414,1,0,420,46794,0,244,281,1,3,60,830544,2164,74414,22,23,1218,0,-80,-2147483648,451533,4294967295,0,0
613561954,613.561954,30310,30310,30310,0,6,6,314,0,323,0,0,1,0,0,101,101,0,74414,1,0,420,46813,0,244,281,1,3,60,830544,2167,74414,22,23,1219,0,-78,-2147483648,199404,4294967295,0,0
613811956,613.811956,30323,30323,30323,0,6,6,314,0,323,0,0,1,0,0,114,114,0,74414,1,0,420,46832,0,244,281,1,3,60,830544,2164,74414,23,23,1219,0,-78,-2147483648,449406,4294967295,0,0
614061958,614.061958,30335,30335,30335,0,6,6,314,0,323,0,0,1,0,0,126,126,0,74414,1,0,420,46852,0,138,281,1,3,60,830544,2167,74414,22,23,1220,0,-77,-2147483648,198502,4294967295,0,0
614311958,614.311958,30348,30348,30348,0,6,6,314,0,323,0,0,1,0,0,139,139,0,74414,1,0,420,46871,0,244,281,1,3,60,830544,2164,74414,22,23,1220,0,-77,-2147483648,448502,4294967295,0,0
614561960,614.561960,30360,30360,30360,0,6,6,314,0,323,0,0,1,0,0,151,151,0,74414,1,0,420,46890,0,280,281,1,3,60,830544,2167,74414,22,23,1221,0,-77,-2147483648,197198,4294967295,0,0
614811960,614.811960,30373,30373,30373,0,6,6,314,0,323,0,0,1,0,0,164,164,0,74414,1,0,420,46909,0,244,281,1,3,60,830544,2164,74414,22,23,1221,0,-77,-2147483648,447198,4294967295,0,0
615061962,615.061962,30385,30385,30385,0,6,6,314,0,323,0,0,1,0,0,176,176,0,74414,1,0,420,46928,0,245,281,1,3,2,830544,2167,74414,21,23,1222,0,-76,-2147483648,197157,4294967295,0,0
615311963,615.311963,30398,30398,30398,0,6,6,314,0,323,0,0,1,0,0,189,189,0,74414,1,0,420,46948,0,244,281,1,3,60,830544,2164,74414,22,23,1222,0,-76,-2147483648,447158,4294967295,0,0
615561964,615.561964,30410,30410,30410,0,6,6,314,0,323,0,0,1,0,0,201,201,0,74414,1,0,420,46967,0,244,281,1,3,60,830544,2167,74414,22,23,1223,0,-77,-2147483648,185692,4294967295,0,0
615811965,615.811965,30423,30423,30423,0,6,6,314,0,323,0,0,1,0,0,214,214,0,74414,1,0,420,46986,0,245,281,1,3,60,830544,2164,74414,21,23,1223,0,-77,-2147483648,435693,4294967295,0,0
616061966,616.061966,30435,30435,30435,0,6,6,314,0,323,0,0,1,0,0,226,226,0,74414,1,0,420,47006,0,137,281,1,3,60,830544,2167,74414,21,23,1224,0,-84,-2147483648,184941,4294967295,0,0
616311967,616.311967,30448,30448,30448,0,6,6,314,0,323,0,0,1,0,0,239,239,0,74414,1,0,420,47025,0,244,281,1,3,60,830544,2164,74414,22,23,1224,0,-84,-2147483648,434942,4294967295,0,0
616561969,616.561969,30460,30460,30460,0,6,6,314,0,323,0,0,1,0,0,251,251,0,74414,1,0,420,47043,0,244,281,1,3,60,830544,1168,74414,22,23,1225,0,-90,-2147483648,184620,4294967295,0,0
616811969,616.811969,30473,30473,30473,0,5,6,314,0,323,0,0,1,0,0,8,8,0,74414,1,0,420,47063,0,245,281,1,3,60,830544,2164,74414,22,23,1225,0,-90,-2147483648,434620,4294967295,0,0
617061971,617.061971,30485,30485,30485,0,6,6,314,0,323,0,0,1,0,0,20,20,0,74414,1,0,420,47083,0,138,281,1,3,60,830544,2167,74414,22,23,1226,0,-87,-2147483648,183743,4294967295,0,0
617311972,617.311972,30498,30498,30498,0,6,6,314,0,323,0,0,1,0,0,33,33,0,74414,1,0,420,47102,0,244,281,1,3,60,830544,2164,74414,22,23,1226,0,-87,-2147483648,433744,4294967295,0,0
617561972,617.561972,30510,30510,30510,0,6,6,314,0,323,0,0,1,0,0,45,45,0,74414,1,0,420,47121,0,244,281,1,3,60,830544,2167,74414,22,23,1227,0,-82,-2147483648,182173,4294967295,0,0
617811972,617.811972,30523,30523,30523,0,6,6,314,0,323,0,0,1,0,0,58,58,0,74414,1,0,420,47140,0,244,281,1,3,60,830544,2165,74414,22,23,1227,0,-82,-2147483648,432173,4294967295,0,0
618061974,618.061974,30535,30535,30535,0,6,6,314,0,323,0,0,1,0,0,70,70,0,74414,1,0,420,47160,0,138,281,1,3,60,830544,2167,74414,22,23,1228,0,-78,-2147483648,181511,4294967295,0,0
618311975,618.311975,30548,30548,30548,0,6,6,314,0,323,0,0,1,0,0,83,83,0,74414,1,0,420,47179,0,244,281,1,3,60,830544,2164,74414,22,23,1228,0,-78,-2147483648,431512,4294967295,0,0
618561976,618.561976,30560,30560,30560,0,6,6,314,0,323,0,0,1,0,0,95,95,0,74414,1,0,420,47198,0,244,281,1,3,60,830544,2167,74414,22,23,1229,0,-79,-2147483648,180393,4294967295,0,0
618811978,618.811978,30573,30573,30573,0,6,6,314,0,323,0,0,1,0,0,108,108,0,74414,1,0,420,47217,0,244,281,1,3,60,830544,2164,74414,22,23,1229,0,-79,-2147483648,430395,4294967295,0,0
619061978,619.061978,30585,30585,30585,0,6,6,314,0,323,0,0,1,0,0,120,120,0,74414,1,0,420,47237,0,138,281,1,3,60,830544,2167,74414,22,23,1230,0,-79,-2147483648,179408,4294967295,0,0
619311980,619.311980,30598,30598,30598,0,6,6,314,0,323,0,0,1,0,0,133,133,0,74414,1,0,420,47256,0,279,281,1,3,60,830544,2164,74414,22,23,1230,0,-79,-2147483648,429410,4294967295,0,0
619561982,619.561982,30610,30610,30610,0,6,6,314,0,323,0,0,1,0,0,145,145,0,74414,1,0,420,47275,0,245,281,1,3,60,830544,2167,74414,22,23,1231,0,-79,-2147483648,179391,4294967295,0,0
619811983,619.811983,30623,30623,30623,0,6,6,314,0,323,0,0,1,0,0,158,158,0,74414,1,0,420,47294,0,245,281,1,3,60,830544,2164,74414,21,23,1231,0,-79,-2147483648,429392,4294967295,0,0
620061983,620.061983,30635,30635,30635,0,6,6,314,0,323,0,0,1,0,0,170,170,0,74414,1,0,420,47313,0,138,281,1,3,60,830544,2167,74414,22,23,1232,0,-90,-2147483648,177205,4294967295,0,0
620311985,620.311985,30648,30648,30648,0,6,6,314,0,323,0,0,1,0,0,183,183,0,74414,1,0,420,47333,0,244,281,1,3,60,830544,2164,74414,22,23,1232,0,-90,-2147483648,427207,4294967295,0,0
620561986,620.561986,30660,30660,30660,0,6,6,314,0,323,0,0,1,0,0,195,195,0,74414,1,0,420,47352,0,244,281,1,3,60,830544,2167,74414,22,23,1233,0,-82,-2147483648,177218,4294967295,0,0
620811988,620.811988,30673,30673,30673,0,6,6,314,0,323,0,0,1,0,0,208,208,0,74414,1,0,420,47371,0,245,281,1,3,60,830544,2164,74414,22,23,1233,0,-82,-2147483648,427220,4294967295,0,0
621061990,621.061990,30685,30685,30685,0,5,6,314,0,323,0,0,1,0,0,220,220,0,74414,1,0,420,47391,0,138,281,1,3,60,830544,2167,74414,23,23,1234,0,-84,-2147483648,165724,4294967295,0,0
621311992,621.311992,30698,30698,30698,0,6,6,314,0,323,0,0,1,0,0,233,233,0,74414,1,0,420,47410,0,245,281,1,3,60,830544,2164,74414,21,23,1234,0,-84,-2147483648,415726,4294967295,0,0
621561992,621.561992,30710,30710,30710,0,6,6,314,0,323,0,0,1,0,0,245,245,0,74414,1,0,420,47429,0,245,281,1,3,60,830544,2167,74414,22,23,1235,0,-79,-2147483648,163776,4294967295,0,0
621811994,621.811994,30723,30723,30723,0,6,6,314,0,323,0,0,1,0,0,2,2,0,74414,1,0,420,47448,0,244,281,1,3,60,830544,2164,74414,22,23,1235,0,-79,-2147483648,413778,4294967295,0,0
622061994,622.061994,30735,30735,30735,0,6,6,314,0,323,0,0,1,0,0,14,14,0,74414,1,0,420,47468,0,138,281,1,3,60,830544,2167,74414,21,23,1236,0,-79,-2147483648,163732,4294967295,0,0
622311995,622.311995,30748,30748,30748,0,6,6,314,0,323,0,0,1,0,0,27,27,0,74414,1,0,420,47487,0,245,281,1,3,61,830544,2164,74414,22,23,1236,0,-79,-2147483648,413733,4294967295,0,0
622561997,622.561997,30760,30760,30760,0,6,6,314,0,323,0,0,1,0,0,39,39,0,74414,1,0,420,47506,0,244,281,1,3,60,830544,2167,74414,22,23,1237,0,-77,-2147483648,162801,4294967295,0,0
622811998,622.811998,30773,30773,30773,0,6,6,314,0,323,0,0,1,0,0,52,52,0,74414,1,0,420,47525,0,244,281,0,3,61,830544,2164,74414,22,23,1237,0,-77,-2147483648,412802,4294967295,0,0
623061999,623.061999,30785,30785,30785,0,6,6,314,0,323,0,0,1,0,0,64,64,0,74414,1,0,420,47545,0,138,281,1,3,61,830544,2167,74414,22,23,1238,0,-77,-2147483648,162636,4294967295,0,0
623312001,623.312001,30798,30798,30798,0,6,6,314,0,323,0,0,1,0,0,77,77,0,74414,1,0,420,47564,0,244,281,1,3,60,830544,2164,74414,22,23,1238,0,-77,-2147483648,412638,4294967295,0,0
623562002,623.562002,30810,30810,30810,0,6,6,314,0,323,0,0,1,0,0,89,89,0,74414,1,0,420,47583,0,245,281,1,3,60,830544,2167,74414,22,23,1239,0,-79,-2147483648,160634,4294967295,0,0
623812002,623.812002,30823,30823,30823,0,6,6,314,0,323,0,0,1,0,0,102,102,0,74414,1,0,420,47602,0,245,281,1,3,60,830544,1164,74414,21,23,1239,0,-79,-2147483648,410634,4294967295,0,0
624062004,624.062004,30835,30835,30835,0,6,6,314,0,323,0,0,1,0,0,114,114,0,74414,1,0,420,47622,0,138,281,1,3,60,830544,2167,74414,22,23,1240,0,-80,-2147483648,160526,4294967295,0,0
624312004,624.312004,30848,30848,30848,0,6,6,314,0,323,0,0,1,0,0,127,127,0,74414,1,0,420,47641,0,244,281,1,3,60,830544,1164,74414,22,23,1240,0,-80,-2147483648,410526,4294967295,0,0
624562006,624.562006,30860,30860,30860,0,6,6,314,0,323,0,0,1,0,0,139,139,0,74414,1,0,420,47660,0,244,281,0,3,61,830544,2168,74414,22,23,1241,0,-81,-2147483648,158402,4294967295,0,0
624812008,624.812008,30873,30873,30873,0,6,6,314,0,323,0,0,1,0,0,152,152,0,74414,1,0,420,47679,0,244,281,1,3,60,830544,2164,74414,22,23,1241,0,-81,-2147483648,408404,4294967295,0,0
625062008,625.062008,30885,30885,30885,0,6,6,314,0,323,0,0,1,0,0,164,164,0,74414,1,0,420,47699,0,138,281,1,3,60,830544,2167,74414,22,23,1242,0,-78,-2147483648,158358,4294967295,0,0
625312008,625.312008,30898,30898,30898,0,6,6,314,0,323,0,0,1,0,0,177,177,0,74414,1,0,420,47718,0,280,281,1,3,60,830544,1164,74414,22,23,1242,0,-78,-2147483648,408358,4294967295,0,0
625562010,625.562010,30910,30910,30910,0,6,6,314,0,323,0,0,1,0,0,189,189,0,74414,1,0,420,47737,0,244,281,1,3,60,830544,2167,74414,22,23,1243,0,-80,-2147483648,157262,4294967295,0,0
625812010,625.812010,30923,30923,30923,0,6,6,314,0,323,0,0,1,0,0,202,202,0,74414,1,0,420,47756,0,244,281,1,3,60,830544,2164,74414,22,23,1243,0,-80,-2147483648,407262,4294967295,0,0
626062012,626.062012,30935,30935,30935,0,6,6,314,0,323,0,0,1,0,0,214,214,0,74414,1,0,420,47776,0,138,281,1,3,60,830544,2167,74414,22,23,1244,0,-79,-2147483648,157222,4294967295,0,0
626312014,626.312014,30948,30948,30948,0,6,6,314,0,323,0,0,1,0,0,227,227,0,74414,1,0,420,47795,0,244,281,1,3,60,830544,2164,74414,22,23,1244,0,-79,-2147483648,407224,4294967295,0,0
626562016,626.562016,30960,30960,30960,0,6,6,314,0,323,0,0,1,0,0,239,239,0,74414,1,0,420,47814,0,244,281,1,3,60,830544,2167,74414,22,23,1245,0,-82,-2147483648,145756,4294967295,0,0
626812016,626.812016,30973,30973,30973,0,6,6,314,0,323,0,0,1,0,0,252,252,0,74414,1,0,420,47833,0,244,281,1,3,60,830544,2164,74414,22,23,1245,0,-82,-2147483648,395756,4294967295,0,0
627062018,627.062018,30985,30985,30985,0,6,6,314,0,323,0,0,1,0,0,8,8,0,74414,1,0,420,47853,0,138,281,1,3,60,830544,2167,74414,21,23,1246,0,-83,-2147483648,143810,4294967295,0,0
627312020,627.312020,30998,30998,30998,0,6,6,314,0,323,0,0,1,0,0,21,21,0,74414,1,0,420,47872,0,245,281,1,3,60,830544,2164,74414,22,23,1246,0,-83,-2147483648,393812,4294967295,0,0
627562020,627.562020,31010,31010,31010,0,6,6,314,0,323,0,0,1,0,0,33,33,0,74414,1,0,420,47891,0,244,281,1,3,60,830544,2167,74414,22,23,1247,0,-77,-2147483648,143734,4294967295,0,0
627812020,627.812020,31023,31023,31023,0,6,6,314,0,323,0,0,1,0,0,46,46,0,74414,1,0,420,47910,0,244,281,1,3,60,830544,2164,74414,23,23,1247,0,-77,-2147483648,393734,4294967295,0,0
628062021,628.062021,31035,31035,31035,0,6,6,314,0,323,0,0,1,0,0,58,58,0,74414,1,0,420,47930,0,138,281,1,3,60,830544,2167,74414,22,23,1248,0,-77,-2147483648,141576,4294967295,0,0
628312022,628.312022,31048,31048,31048,0,6,6,314,0,323,0,0,1,0,0,71,71,0,74414,1,0,420,47949,0,244,281,1,3,60,830544,2164,74414,22,23,1248,0,-77,-2147483648,391577,4294967295,0,0
628562024,628.562024,31060,31060,31060,0,6,6,314,0,323,0,0,1,0,0,83,83,0,74414,1,0,420,47968,0,244,281,1,3,60,830544,2167,74414,22,23,1249,0,-79,-2147483648,141599,4294967295,0,0
628812025,628.812025,31073,31073,31073,0,6,6,314,0,323,0,0,1,0,0,96,96,0,74414,1,0,420,47987,0,245,281,1,3,60,830544,2164,74414,21,23,1249,0,-79,-2147483648,391600,4294967295,0,0
629062026,629.062026,31085,31085,31085,0,6,6,314,0,323,0,0,1,0,0,108,108,0,74414,1,0,420,48007,0,138,281,1,3,60,830544,2167,74414,22,23,1250,0,-79,-2147483648,139470,4294967295,0,0
629312027,629.312027,31098,31098,31098,0,6,6,314,0,323,0,0,1,0,0,121,121,0,74414,1,0,420,48026,0,244,281,0,3,61,830544,2164,74414,22,23,1250,0,-79,-2147483648,389471,4294967295,0,0
629562028,629.562028,31110,31110,31110,0,6,6,314,0,323,0,0,1,0,0,133,133,0,74414,1,0,420,48045,0,244,281,1,3,60,830544,2167,74414,22,23,1251,0,-79,-2147483648,138908,4294967295,0,0
629812030,629.812030,31123,31123,31123,0,6,6,314,0,323,0,0,1,0,0,146,146,0,74414,1,0,420,48064,0,245,281,0,3,61,830544,2165,74414,22,23,1251,0,-79,-2147483648,388910,4294967295,0,0
630062032,630.062032,31135,31135,31135,0,6,6,314,0,323,0,0,1,0,0,158,158,0,74414,1,0,420,48084,0,138,281,1,3,60,830544,2167,74414,22,23,1252,0,-80,-2147483648,137428,4294967295,0,0
630312034,630.312034,31148,31148,31148,0,6,6,314,0,323,0,0,1,0,0,171,171,0,74414,1,0,420,48103,0,244,281,1,3,60,830544,1164,74414,22,23,1252,0,-80,-2147483648,387430,4294967295,0,0
630562035,630.562035,31160,31160,31160,0,6,6,314,0,323,0,0,1,0,0,183,183,0,74414,1,0,420,48122,0,244,281,1,3,60,830544,2167,74414,22,23,1253,0,-79,-2147483648,137256,4294967295,0,0
630812036,630.812036,31173,31173,31173,0,6,6,314,0,323,0,0,1,0,0,196,196,0,74414,1,0,420,48141,0,244,281,1,3,60,830544,1164,74414,22,23,1253,0,-79,-2147483648,387257,4294967295,0,0
631062038,631.062038,31185,31185,31185,0,6,6,314,0,323,0,0,1,0,0,208,208,0,74414,1,0,420,48161,0,138,281,1,3,60,830544,2167,74414,22,23,1254,0,-75,-2147483648,136327,4294967295,0,0
631312038,631.312038,31198,31198,31198,0,6,6,314,0,323,0,0,1,0,0,221,221,0,74414,1,0,420,48180,0,244,281,1,3,60,830544,2164,74414,22,23,1254,0,-75,-2147483648,386327,4294967295,0,0
631562040,631.562040,31210,31210,31210,0,6,6,314,0,323,0,0,1,0,0,233,233,0,74414,1,0,420,48199,0,244,281,1,3,60,830544,2167,74414,22,23,1255,0,-78,-2147483648,136223,4294967295,0,0
631812040,631.812040,31223,31223,31223,0,6,6,314,0,323,0,0,1,0,0,246,246,0,74414,1,0,420,48218,0,244,281,1,3,60,830544,2164,74414,22,23,1255,0,-78,-2147483648,386223,4294967295,0,0
632062042,632.062042,31235,31235,31235,0,5,6,314,0,323,0,0,1,0,0,2,2,0,74414,1,0,420,48238,0,138,281,1,3,60,830544,2167,74414,22,23,1256,0,-81,-2147483648,125789,4294967295,0,0
632312044,632.312044,31248,31248,31248,0,6,6,314,0,323,0,0,1,0,0,15,15,0,74414,1,0,420,48257,0,244,281,1,3,60,830544,2164,74414,22,23,1256,0,-81,-2147483648,375791,4294967295,0,0
632562044,632.562044,31260,31260,31260,0,6,6,314,0,323,0,0,1,0,0,27,27,0,74414,1,0,420,48276,0,244,281,1,3,60,830544,2167,74414,22,23,1257,0,-74,-2147483648,123841,4294967295,0,0
632812046,632.812046,31273,31273,31273,0,5,6,314,0,323,0,0,1,0,0,40,40,0,74414,1,0,420,48295,0,244,281,1,3,60,830544,2164,74414,22,23,1257,0,-74,-2147483648,373843,4294967295,0,0
633062048,633.062048,31285,31285,31285,0,6,6,314,0,323,0,0,1,0,0,52,52,0,74414,1,0,420,48315,0,138,281,1,3,60,830544,2167,74414,23,23,1258,0,-78,-2147483648,123800,4294967295,0,0
633312049,633.312049,31298,31298,31298,0,6,6,314,0,323,0,0,1,0,0,65,65,0,74414,1,0,420,48334,0,244,281,1,3,60,830544,2164,74414,22,23,1258,0,-78,-2147483648,373801,4294967295,0,0
633562049,633.562049,31310,31310,31310,0,6,6,314,0,323,0,0,1,0,0,77,77,0,74414,1,0,420,48353,0,245,281,1,3,60,830544,2167,74414,21,23,1259,0,-71,-2147483648,122863,4294967295,0,0
633812051,633.812051,31323,31323,31323,0,6,6,314,0,323,0,0,1,0,0,90,90,0,74414,1,0,420,48372,0,244,281,1,3,60,830544,2164,74414,22,23,1259,0,-71,-2147483648,372865,4294967295,0,0
634062051,634.062051,31335,31335,31335,0,6,6,314,0,323,0,0,1,0,0,102,102,0,74414,1,0,420,48392,0,138,281,1,3,60,830544,2167,74414,23,23,1260,0,-72,-2147483648,121649,4294967295,0,0
634312051,634.312051,31348,31348,31348,0,6,6,314,0,323,0,0,1,0,0,115,115,0,74414,1,0,420,48411,0,244,281,1,3,60,830544,2164,74414,22,23,1260,0,-72,-2147483648,371649,4294967295,0,0
634562053,634.562053,31360,31360,31360,0,6,6,314,0,323,0,0,1,0,0,127,127,0,74414,1,0,420,48430,0,245,281,0,3,61,830544,2168,74414,22,23,1261,0,-72,-2147483648,119505,4294967295,0,0
634812054,634.812054,31373,31373,31373,0,6,6,314,0,323,0,0,1,0,0,140,140,0,74414,1,0,420,48449,0,244,281,1,3,60,830544,1164,74414,22,23,1261,0,-72,-2147483648,369506,4294967295,0,0
635062054,635.062054,31385,31385,31385,0,6,6,314,0,323,0,0,1,0,0,152,152,0,74414,1,0,420,48469,0,138,281,1,3,60,830544,2167,74414,22,23,1262,0,-75,-2147483648,119461,4294967295,0,0
635312056,635.312056,31398,31398,31398,0,6,6,314,0,323,0,0,1,0,0,165,165,0,74414,1,0,420,48487,0,244,281,1,3,60,830544,2164,74414,22,23,1262,0,-75,-2147483648,369463,4294967295,0,0
635562058,635.562058,31410,31410,31410,0,6,6,314,0,323,0,0,1,0,0,177,177,0,74414,1,0,420,48507,0,245,281,0,3,60,830544,2167,74414,22,23,1263,0,-92,-2147483648,117277,4294967295,0,0
635812058,635.812058,31423,31423,31423,0,6,6,314,0,323,0,0,1,0,0,190,190,0,74414,1,0,420,48526,0,244,281,1,3,60,830544,2164,74414,22,23,1263,0,-92,-2147483648,367277,4294967295,0,0
636062059,636.062059,31435,31435,31435,0,6,6,314,0,323,0,0,1,0,0,202,202,0,74414,1,0,420,48546,0,138,281,1,3,60,830544,2167,74414,22,23,1264,0,-84,-2147483648,116377,4294967295,0,0
636312061,636.312061,31448,31448,31448,0,6,6,314,0,323,0,0,1,0,0,215,215,0,74414,1,0,420,48564,0,244,281,1,3,1,830544,2164,74414,22,23,1264,0,-84,-2147483648,366379,4294967295,0,0
636562062,636.562062,31460,31460,31460,0,6,6,314,0,323,0,0,1,0,0,227,227,0,74414,1,0,420,48584,0,138,281,1,3,60,830544,2167,74414,22,23,1265,0,-94,-2147483648,104627,4294967295,0,0
636812064,636.812064,31473,31473,31473,0,6,6,314,0,323,0,0,1,0,0,240,240,0,74414,1,0,420,48603,0,280,281,1,3,60,830544,2164,74414,22,23,1265,0,-94,-2147483648,354629,4294967295,0,0
637062066,637.062066,31485,31485,31485,0,6,6,314,0,323,0,0,1,0,0,252,252,0,74414,1,0,420,48623,0,138,281,1,3,60,830544,2167,74414,22,23,1266,0,-80,-2147483648,103845,4294967295,0,0
637312068,637.312068,31498,31498,31498,0,6,6,314,0,323,0,0,1,0,0,9,9,0,74414,1,0,420,48642,0,244,281,1,3,60,830544,2164,74414,22,23,1266,0,-80,-2147483648,353847,4294967295,0,0
637562070,637.562070,31510,31510,31510,0,6,6,314,0,323,0,0,1,0,0,21,21,0,74414,1,0,420,48661,0,244,281,1,3,60,830544,2167,74414,22,23,1267,0,-81,-2147483648,103833,4294967295,0,0
637812070,637.812070,31523,31523,31523,0,6,6,314,0,323,0,0,1,0,0,34,34,0,74414,1,0,420,48680,0,244,281,1,3,60,830544,2164,74414,22,23,1267,0,-81,-2147483648,353833,4294967295,0,0
638062070,638.062070,31535,31535,31535,0,6,6,314,0,323,0,0,1,0,0,46,46,0,74414,1,0,420,48700,0,138,281,1,3,60,830544,2167,74414,22,23,1268,0,-91,-2147483648,103539,4294967295,0,0
638312071,638.312071,31548,31548,31548,0,6,6,314,0,323,0,0,1,0,0,59,59,0,74414,1,0,420,48719,0,244,281,1,3,60,830544,2164,74414,22,23,1268,0,-91,-2147483648,353540,4294967295,0,0
638562072,638.562072,31560,31560,31560,0,6,6,314,0,323,0,0,1,0,0,71,71,0,74414,1,0,420,48738,0,244,281,1,3,60,830544,2167,74414,22,23,1269,0,-88,-2147483648,101649,4294967295,0,0
638812072,638.812072,31573,31573,31573,0,6,6,314,0,323,0,0,1,0,0,84,84,0,74414,1,0,420,48757,0,245,281,1,3,60,830544,2164,74414,21,23,1269,0,-88,-2147483648,351649,4294967295,0,0
639062073,639.062073,31585,31585,31585,0,6,6,314,0,323,0,0,1,0,0,96,96,0,74414,1,0,420,48777,0,139,281,1,3,60,830544,2167,74414,21,23,1270,0,-76,-2147483648,100849,4294967295,0,0
639312075,639.312075,31598,31598,31598,0,6,6,314,0,323,0,0,1,0,0,109,109,0,74414,1,0,420,48796,0,244,281,1,3,60,830544,2164,74414,22,23,1270,0,-76,-2147483648,350851,4294967295,0,0
639562076,639.562076,31610,31610,31610,0,6,6,314,0,323,0,0,1,0,0,121,121,0,74414,1,0,420,48815,0,244,281,1,3,60,830544,2167,74414,22,23,1271,0,-84,-2147483648,100594,4294967295,0,0
639812077,639.812077,31623,31623,31623,0,6,6,314,0,323,0,0,1,0,0,134,134,0,74414,1,0,420,48834,0,244,281,0,3,61,830544,2165,74414,22,23,1271,0,-84,-2147483648,350595,4294967295,0,0
640062079,640.062079,31635,31635,31635,0,6,6,314,0,323,0,0,1,0,0,146,146,0,74414,1,0,420,48854,0,138,281,1,3,60,830544,2167,74414,22,23,1272,0,-83,-2147483648,99506,4294967295,0,0
640312080,640.312080,31648,31648,31648,0,6,6,314,0,323,0,0,1,0,0,159,159,0,74414,1,0,420,48873,0,244,281,1,3,60,830544,2164,74414,22,23,1272,0,-83,-2147483648,349507,4294967295,0,0
640562082,640.562082,31660,31660,31660,0,6,6,314,0,323,0,0,1,0,0,171,171,0,74414,1,0,420,48892,0,244,281,1,3,60,830544,2167,74414,22,23,1273,0,-85,-2147483648,99494,4294967295,0,0
640812083,640.812083,31673,31673,31673,0,6,6,314,0,323,0,0,1,0,0,184,184,0,74414,1,0,420,48911,0,244,281,1,3,60,830544,2164,74414,22,23,1273,0,-85,-2147483648,349495,4294967295,0,0
641062084,641.062084,31685,31685,31685,0,6,6,314,0,323,0,0,1,0,0,196,196,0,74414,1,0,420,48931,0,138,281,1,3,2,830544,2167,74414,21,23,1274,0,-84,-2147483648,97327,4294967295,0,0
641312085,641.312085,31698,31698,31698,0,6,6,314,0,323,0,0,1,0,0,209,209,0,74414,1,0,420,48950,0,245,281,1,3,60,830544,1164,74414,22,23,1274,0,-84,-2147483648,347328,4294967295,0,0
641562085,641.562085,31710,31710,31710,0,6,6,314,0,323,0,0,1,0,0,221,221,0,74414,1,0,420,48969,0,245,281,1,3,2,830544,2167,74414,22,23,1275,0,-83,-2147483648,97318,4294967295,0,0
641812086,641.812086,31723,31723,31723,0,6,6,314,0,323,0,0,1,0,0,234,234,0,74414,1,0,420,48988,0,244,281,1,3,60,830544,2164,74414,22,23,1275,0,-83,-2147483648,347319,4294967295,0,0
642062088,642.062088,31735,31735,31735,0,6,6,314,0,323,0,0,1,0,0,246,246,0,74414,1,0,420,49008,0,138,281,1,3,60,830544,2167,74414,22,23,1276,0,-80,-2147483648,96451,4294967295,0,0
642312088,642.312088,31748,31748,31748,0,6,6,314,0,323,0,0,1,0,0,3,3,0,74414,1,0,420,49027,0,244,281,1,3,60,830544,2164,74414,22,23,1276,0,-80,-2147483648,346451,4294967295,0,0
642562090,642.562090,31760,31760,31760,0,6,6,314,0,323,0,0,1,0,0,15,15,0,74414,1,0,420,49046,0,244,281,1,3,60,830544,2167,74414,22,23,1277,0,-81,-2147483648,86051,4294967295,0,0
642812091,642.812091,31773,31773,31773,0,6,6,314,0,323,0,0,1,0,0,28,28,0,74414,1,0,420,49065,0,244,281,1,3,60,830544,2164,74414,22,23,1277,0,-81,-2147483648,336052,4294967295,0,0
643062091,643.062091,31785,31785,31785,0,6,6,314,0,323,0,0,1,0,0,40,40,0,74414,1,0,420,49085,0,138,281,1,3,61,830544,2167,74414,22,23,1278,0,-85,-2147483648,84477,4294967295,0,0
643312092,643.312092,31798,31798,31798,0,6,6,314,0,323,0,0,1,0,0,53,53,0,74414,1,0,420,49104,0,244,281,1,3,60,830544,2164,74414,22,23,1278,0,-85,-2147483648,334478,4294967295,0,0
643562103,643.562103,31810,31810,31810,0,6,6,314,0,323,0,0,1,0,0,65,65,0,74414,1,0,420,49123,0,279,281,1,3,60,830544,2168,74414,22,23,1279,0,-78,-2147483648,82907,4294967295,0,0
643812104,643.812104,31823,31823,31823,0,6,6,314,0,323,0,0,1,0,0,78,78,0,74414,1,0,420,49142,0,244,281,1,3,60,830544,2164,74414,22,23,1279,0,-78,-2147483648,332908,4294967295,0,0
644062195,644.062195,31835,31835,31835,0,6,6,314,0,323,0,0,1,0,0,90,90,0,74414,1,0,420,49162,0,138,281,1,3,60,830544,2167,74414,22,23,1280,0,-78,-2147483648,82862,4294967295,0,0
644312197,644.312197,31848,31848,31848,0,6,6,314,0,323,0,0,1,0,0,103,103,0,74414,1,0,420,49181,0,244,281,1,3,60,830544,2164,74414,22,23,1280,0,-78,-2147483648,332864,4294967295,0,0
644562197,644.562197,31860,31860,31860,0,6,6,314,0,323,0,0,1,0,0,115,115,0,74414,1,0,420,49200,0,244,281,1,3,60,830544,2167,74414,22,23,1281,0,-84,-2147483648,81844,4294967295,0,0
644812199,644.812199,31873,31873,31873,0,6,6,314,0,323,0,0,1,0,0,128,128,0,74414,1,0,420,49219,0,245,281,0,3,61,830544,2164,74414,22,23,1281,0,-84,-2147483648,331846,4294967295,0,0
645062201,645.062201,31885,31885,31885,0,6,6,314,0,323,0,0,1,0,0,140,140,0,74414,1,0,420,49239,0,138,281,1,3,60,830544,2167,74414,22,23,1282,0,-76,-2147483648,80725,4294967295,0,0
645312202,645.312202,31898,31898,31898,0,6,6,314,0,323,0,0,1,0,0,153,153,0,74414,1,0,420,49258,0,245,281,1,3,60,830544,2164,74414,22,23,1282,0,-76,-2147483648,330726,4294967295,0,0
645562203,645.562203,31910,31910,31910,0,6,6,314,0,323,0,0,1,0,0,165,165,0,74414,1,0,420,49277,0,244,281,1,3,60,830544,2167,74414,22,23,1283,0,-79,-2147483648,79746,4294967295,0,0
645812205,645.812205,31923,31923,31923,0,5,6,314,0,323,0,0,1,0,0,178,178,0,74414,1,0,420,49296,0,245,281,1,3,60,830544,2164,74414,22,23,1283,0,-79,-2147483648,329748,4294967295,0,0
646062206,646.062206,31935,31935,31935,0,6,6,314,0,323,0,0,1,0,0,190,190,0,74414,1,0,420,49316,0,138,281,1,3,60,830544,2167,74414,22,23,1284,0,-89,-2147483648,79626,4294967295,0,0
646312207,646.312207,31948,31948,31948,0,5,6,314,0,323,0,0,1,0,0,203,203,0,74414,1,0,420,49335,0,244,281,1,3,60,830544,2164,74414,22,23,1284,0,-89,-2147483648,329627,4294967295,0,0
