disconnect_number,disconnect_timestamp_us,timestamp_us,timestamp_s,event,connection_handle,l2cap_cid,sequence,write_index,read_index,ring_fill,audio_busy,duration_us,result,detail0,detail1,details,anomaly,anomaly_reasons
1,1225635697,1220637845,1220.637845,AUDIO_TIMER_LATE,0xffff,0x0000,,59702,59702,0,0,2159,0,0,0,,True,audio_timer_interval_gt_2ms
1,1225635697,1220640006,1220.640006,AUDIO_TIMER_LATE,0xffff,0x0000,,59702,59702,0,0,2161,0,0,0,,True,audio_timer_interval_gt_2ms
1,1225635697,1220642167,1220.642167,AUDIO_TIMER_LATE,0xffff,0x0000,,59702,59702,0,0,2161,0,0,0,,True,audio_timer_interval_gt_2ms
1,1225635697,1220644328,1220.644328,AUDIO_TIMER_LATE,0xffff,0x0000,,59702,59702,0,0,2161,0,0,0,,True,audio_timer_interval_gt_2ms
1,1225635697,1220645799,1220.645799,AUDIO_SDU_GENERATED,0xffff,0x0000,54,59703,59702,1,0,20000,0,0,0,,False,
1,1225635697,1220646489,1220.646489,AUDIO_TIMER_LATE,0xffff,0x0000,,59703,59702,1,0,2161,0,0,0,,True,audio_timer_interval_gt_2ms
1,1225635697,1220646498,1220.646498,AUDIO_BUSY_SET,0x0040,0x0041,54,59703,59703,0,1,0,2,0,0,busy_context=2,False,
1,1225635697,1220646501,1220.646501,AUDIO_CAN_SEND_NOW,0x0040,0x0041,54,59703,59703,0,1,2,0,0,0,,False,
1,1225635697,1220646774,1220.646774,AUDIO_PACKET_SENT,0x0040,0x0041,54,59703,59703,0,1,273,0,0,0,,False,
1,1225635697,1220646776,1220.646776,AUDIO_BUSY_CLEAR,0x0040,0x0041,54,59703,59703,0,0,279,3,0,0,busy_context=3,False,
1,1225635697,1220646780,1220.646780,AUDIO_L2CAP_SEND,0x0040,0x0041,54,59703,59703,0,1,0,0,161,0,sdu_size=161,False,
1,1225635697,1220646781,1220.646781,AUDIO_CAN_SEND_REQUESTED,0x0040,0x0041,54,59703,59703,0,1,0,0,0,0,,False,
1,1225635697,1220649174,1220.649174,AUDIO_TIMER_LATE,0xffff,0x0000,,59703,59702,1,0,2685,0,0,0,,True,audio_timer_interval_gt_2ms
1,1225635697,1220651333,1220.651333,AUDIO_TIMER_LATE,0xffff,0x0000,,59703,59703,0,0,2159,0,0,0,,True,audio_timer_interval_gt_2ms
1,1225635697,1220653491,1220.653491,AUDIO_TIMER_LATE,0xffff,0x0000,,59703,59703,0,0,2157,0,0,0,,True,audio_timer_interval_gt_2ms
1,1225635697,1220655649,1220.655649,AUDIO_TIMER_LATE,0xffff,0x0000,,59703,59703,0,0,2159,0,0,0,,True,audio_timer_interval_gt_2ms
1,1225635697,1220657808,1220.657808,AUDIO_TIMER_LATE,0xffff,0x0000,,59703,59703,0,0,2159,0,0,0,,True,audio_timer_interval_gt_2ms
1,1225635697,1220659969,1220.659969,AUDIO_TIMER_LATE,0xffff,0x0000,,59703,59703,0,0,2161,0,0,0,,True,audio_timer_interval_gt_2ms
1,1225635697,1220663290,1220.663290,AUDIO_TIMER_LATE,0xffff,0x0000,,59703,59703,0,0,2160,0,0,0,,True,audio_timer_interval_gt_2ms
1,1225635697,1220665451,1220.665451,AUDIO_TIMER_LATE,0xffff,0x0000,,59703,59703,0,0,2161,0,0,0,,True,audio_timer_interval_gt_2ms
1,1225635697,1220665803,1220.665803,AUDIO_SDU_GENERATED,0xffff,0x0000,55,59704,59703,1,0,20004,0,0,0,,False,
1,1225635697,1220667613,1220.667613,AUDIO_TIMER_LATE,0xffff,0x0000,,59704,59703,1,0,2161,0,0,0,,True,audio_timer_interval_gt_2ms
1,1225635697,1220667621,1220.667621,AUDIO_BUSY_SET,0x0040,0x0041,55,59704,59704,0,1,0,2,0,0,busy_context=2,False,
1,1225635697,1220667625,1220.667625,AUDIO_CAN_SEND_NOW,0x0040,0x0041,55,59704,59704,0,1,2,0,0,0,,False,
1,1225635697,1220667897,1220.667897,AUDIO_PACKET_SENT,0x0040,0x0041,55,59704,59704,0,1,272,0,0,0,,False,
1,1225635697,1220667900,1220.667900,AUDIO_BUSY_CLEAR,0x0040,0x0041,55,59704,59704,0,0,278,3,0,0,busy_context=3,False,
1,1225635697,1220667903,1220.667903,AUDIO_L2CAP_SEND,0x0040,0x0041,55,59704,59704,0,1,0,0,161,0,sdu_size=161,False,
1,1225635697,1220667904,1220.667904,AUDIO_CAN_SEND_REQUESTED,0x0040,0x0041,55,59704,59704,0,1,0,0,0,0,,False,
1,1225635697,1220671369,1220.671369,AUDIO_TIMER_LATE,0xffff,0x0000,,59704,59704,0,0,2154,0,0,0,,True,audio_timer_interval_gt_2ms
1,1225635697,1220673527,1220.673527,AUDIO_TIMER_LATE,0xffff,0x0000,,59704,59704,0,0,2158,0,0,0,,True,audio_timer_interval_gt_2ms
1,1225635697,1220675685,1220.675685,AUDIO_TIMER_LATE,0xffff,0x0000,,59704,59704,0,0,2158,0,0,0,,True,audio_timer_interval_gt_2ms
1,1225635697,1220677843,1220.677843,AUDIO_TIMER_LATE,0xffff,0x0000,,59704,59704,0,0,2158,0,0,0,,True,audio_timer_interval_gt_2ms
1,1225635697,1220680004,1220.680004,AUDIO_TIMER_LATE,0xffff,0x0000,,59704,59704,0,0,2161,0,0,0,,True,audio_timer_interval_gt_2ms
1,1225635697,1220682165,1220.682165,AUDIO_TIMER_LATE,0xffff,0x0000,,59704,59704,0,0,2160,0,0,0,,True,audio_timer_interval_gt_2ms
1,1225635697,1220684326,1220.684326,AUDIO_TIMER_LATE,0xffff,0x0000,,59704,59704,0,0,2162,0,0,0,,True,audio_timer_interval_gt_2ms
1,1225635697,1220685800,1220.685800,AUDIO_SDU_GENERATED,0xffff,0x0000,56,59705,59704,1,0,19997,0,0,0,,False,
1,1225635697,1220686487,1220.686487,AUDIO_TIMER_LATE,0xffff,0x0000,,59705,59704,1,0,2161,0,0,0,,True,audio_timer_interval_gt_2ms
1,1225635697,1220686495,1220.686495,AUDIO_BUSY_SET,0x0040,0x0041,56,59705,59705,0,1,0,2,0,0,busy_context=2,False,
1,1225635697,1220686499,1220.686499,AUDIO_CAN_SEND_NOW,0x0040,0x0041,56,59705,59705,0,1,2,0,0,0,,False,
1,1225635697,1220686772,1220.686772,AUDIO_PACKET_SENT,0x0040,0x0041,56,59705,59705,0,1,273,0,0,0,,False,
1,1225635697,1220686774,1220.686774,AUDIO_BUSY_CLEAR,0x0040,0x0041,56,59705,59705,0,0,279,3,0,0,busy_context=3,False,
1,1225635697,1220686777,1220.686777,AUDIO_L2CAP_SEND,0x0040,0x0041,56,59705,59705,0,1,0,0,161,0,sdu_size=161,False,
1,1225635697,1220686779,1220.686779,AUDIO_CAN_SEND_REQUESTED,0x0040,0x0041,56,59705,59705,0,1,0,0,0,0,,False,
1,1225635697,1220689149,1220.689149,AUDIO_TIMER_LATE,0xffff,0x0000,,59705,59704,1,0,2661,0,0,0,,True,audio_timer_interval_gt_2ms
1,1225635697,1220691307,1220.691307,AUDIO_TIMER_LATE,0xffff,0x0000,,59705,59705,0,0,2159,0,0,0,,True,audio_timer_interval_gt_2ms
1,1225635697,1220693465,1220.693465,AUDIO_TIMER_LATE,0xffff,0x0000,,59705,59705,0,0,2157,0,0,0,,True,audio_timer_interval_gt_2ms
1,1225635697,1220695623,1220.695623,AUDIO_TIMER_LATE,0xffff,0x0000,,59705,59705,0,0,2159,0,0,0,,True,audio_timer_interval_gt_2ms
1,1225635697,1220697781,1220.697781,AUDIO_TIMER_LATE,0xffff,0x0000,,59705,59705,0,0,2158,0,0,0,,True,audio_timer_interval_gt_2ms
1,1225635697,1220699942,1220.699942,AUDIO_TIMER_LATE,0xffff,0x0000,,59705,59705,0,0,2161,0,0,0,,True,audio_timer_interval_gt_2ms
1,1225635697,1220703263,1220.703263,AUDIO_TIMER_LATE,0xffff,0x0000,,59705,59705,0,0,2160,0,0,0,,True,audio_timer_interval_gt_2ms
1,1225635697,1220705425,1220.705425,AUDIO_TIMER_LATE,0xffff,0x0000,,59705,59705,0,0,2161,0,0,0,,True,audio_timer_interval_gt_2ms
1,1225635697,1220705798,1220.705798,AUDIO_SDU_GENERATED,0xffff,0x0000,57,59706,59705,1,0,19998,0,0,0,,False,
1,1225635697,1220707586,1220.707586,AUDIO_TIMER_LATE,0xffff,0x0000,,59706,59705,1,0,2162,0,0,0,,True,audio_timer_interval_gt_2ms
1,1225635697,1220707594,1220.707594,AUDIO_BUSY_SET,0x0040,0x0041,57,59706,59706,0,1,0,2,0,0,busy_context=2,False,
1,1225635697,1220707598,1220.707598,AUDIO_CAN_SEND_NOW,0x0040,0x0041,57,59706,59706,0,1,2,0,0,0,,False,
1,1225635697,1220707871,1220.707871,AUDIO_PACKET_SENT,0x0040,0x0041,57,59706,59706,0,1,273,0,0,0,,False,
1,1225635697,1220707873,1220.707873,AUDIO_BUSY_CLEAR,0x0040,0x0041,57,59706,59706,0,0,279,3,0,0,busy_context=3,False,
1,1225635697,1220707876,1220.707876,AUDIO_L2CAP_SEND,0x0040,0x0041,57,59706,59706,0,1,0,0,161,0,sdu_size=161,False,
1,1225635697,1220707878,1220.707878,AUDIO_CAN_SEND_REQUESTED,0x0040,0x0041,57,59706,59706,0,1,0,0,0,0,,False,
1,1225635697,1220710030,1220.710030,AUDIO_TIMER_LATE,0xffff,0x0000,,59706,59705,1,0,2444,0,0,0,,True,audio_timer_interval_gt_2ms
1,1225635697,1220712188,1220.712188,AUDIO_TIMER_LATE,0xffff,0x0000,,59706,59706,0,0,2158,0,0,0,,True,audio_timer_interval_gt_2ms
1,1225635697,1220714346,1220.714346,AUDIO_TIMER_LATE,0xffff,0x0000,,59706,59706,0,0,2158,0,0,0,,True,audio_timer_interval_gt_2ms
1,1225635697,1220716504,1220.716504,AUDIO_TIMER_LATE,0xffff,0x0000,,59706,59706,0,0,2158,0,0,0,,True,audio_timer_interval_gt_2ms
1,1225635697,1220718662,1220.718662,AUDIO_TIMER_LATE,0xffff,0x0000,,59706,59706,0,0,2158,0,0,0,,True,audio_timer_interval_gt_2ms
1,1225635697,1220720823,1220.720823,AUDIO_TIMER_LATE,0xffff,0x0000,,59706,59706,0,0,2161,0,0,0,,True,audio_timer_interval_gt_2ms
1,1225635697,1220722984,1220.722984,AUDIO_TIMER_LATE,0xffff,0x0000,,59706,59706,0,0,2161,0,0,0,,True,audio_timer_interval_gt_2ms
1,1225635697,1220725800,1220.725800,AUDIO_SDU_GENERATED,0xffff,0x0000,58,59707,59706,1,0,20002,0,0,0,,False,
1,1225635697,1220726305,1220.726305,AUDIO_TIMER_LATE,0xffff,0x0000,,59707,59706,1,0,2160,0,0,0,,True,audio_timer_interval_gt_2ms
1,1225635697,1220726314,1220.726314,AUDIO_BUSY_SET,0x0040,0x0041,58,59707,59707,0,1,0,2,0,0,busy_context=2,False,
1,1225635697,1220726317,1220.726317,AUDIO_CAN_SEND_NOW,0x0040,0x0041,58,59707,59707,0,1,2,0,0,0,,False,
1,1225635697,1220726590,1220.726590,AUDIO_PACKET_SENT,0x0040,0x0041,58,59707,59707,0,1,273,0,0,0,,False,
1,1225635697,1220726592,1220.726592,AUDIO_BUSY_CLEAR,0x0040,0x0041,58,59707,59707,0,0,279,3,0,0,busy_context=3,False,
1,1225635697,1220726595,1220.726595,AUDIO_L2CAP_SEND,0x0040,0x0041,58,59707,59707,0,1,0,0,161,0,sdu_size=161,False,
1,1225635697,1220726597,1220.726597,AUDIO_CAN_SEND_REQUESTED,0x0040,0x0041,58,59707,59707,0,1,0,0,0,0,,False,
1,1225635697,1220728408,1220.728408,AUDIO_TIMER_LATE,0xffff,0x0000,,59707,59706,1,0,2103,0,0,0,,True,audio_timer_interval_gt_2ms
1,1225635697,1220730588,1220.730588,AUDIO_TIMER_LATE,0xffff,0x0000,,59707,59707,0,0,2180,0,0,0,,True,audio_timer_interval_gt_2ms
1,1225635697,1220732747,1220.732747,AUDIO_TIMER_LATE,0xffff,0x0000,,59707,59707,0,0,2159,0,0,0,,True,audio_timer_interval_gt_2ms
1,1225635697,1220734905,1220.734905,AUDIO_TIMER_LATE,0xffff,0x0000,,59707,59707,0,0,2158,0,0,0,,True,audio_timer_interval_gt_2ms
1,1225635697,1220737063,1220.737063,AUDIO_TIMER_LATE,0xffff,0x0000,,59707,59707,0,0,2158,0,0,0,,True,audio_timer_interval_gt_2ms
1,1225635697,1220739224,1220.739224,AUDIO_TIMER_LATE,0xffff,0x0000,,59707,59707,0,0,2161,0,0,0,,True,audio_timer_interval_gt_2ms
1,1225635697,1220741385,1220.741385,AUDIO_TIMER_LATE,0xffff,0x0000,,59707,59707,0,0,2161,0,0,0,,True,audio_timer_interval_gt_2ms
1,1225635697,1220743546,1220.743546,AUDIO_TIMER_LATE,0xffff,0x0000,,59707,59707,0,0,2161,0,0,0,,True,audio_timer_interval_gt_2ms
1,1225635697,1220745707,1220.745707,AUDIO_TIMER_LATE,0xffff,0x0000,,59707,59707,0,0,2161,0,0,0,,True,audio_timer_interval_gt_2ms
1,1225635697,1220745826,1220.745826,AUDIO_SDU_GENERATED,0xffff,0x0000,59,59708,59707,1,0,20026,0,0,0,,False,
1,1225635697,1220747868,1220.747868,AUDIO_TIMER_LATE,0xffff,0x0000,,59708,59707,1,0,2161,0,0,0,,True,audio_timer_interval_gt_2ms
1,1225635697,1220747877,1220.747877,AUDIO_BUSY_SET,0x0040,0x0041,59,59708,59708,0,1,0,2,0,0,busy_context=2,False,
1,1225635697,1220747880,1220.747880,AUDIO_CAN_SEND_NOW,0x0040,0x0041,59,59708,59708,0,1,2,0,0,0,,False,
1,1225635697,1220748152,1220.748152,AUDIO_PACKET_SENT,0x0040,0x0041,59,59708,59708,0,1,273,0,0,0,,False,
1,1225635697,1220748155,1220.748155,AUDIO_BUSY_CLEAR,0x0040,0x0041,59,59708,59708,0,0,278,3,0,0,busy_context=3,False,
1,1225635697,1220748158,1220.748158,AUDIO_L2CAP_SEND,0x0040,0x0041,59,59708,59708,0,1,0,0,161,0,sdu_size=161,False,
1,1225635697,1220748159,1220.748159,AUDIO_CAN_SEND_REQUESTED,0x0040,0x0041,59,59708,59708,0,1,0,0,0,0,,False,
1,1225635697,1220751468,1220.751468,AUDIO_TIMER_LATE,0xffff,0x0000,,59708,59708,0,0,2157,0,0,0,,True,audio_timer_interval_gt_2ms
1,1225635697,1220753626,1220.753626,AUDIO_TIMER_LATE,0xffff,0x0000,,59708,59708,0,0,2158,0,0,0,,True,audio_timer_interval_gt_2ms
1,1225635697,1220755784,1220.755784,AUDIO_TIMER_LATE,0xffff,0x0000,,59708,59708,0,0,2158,0,0,0,,True,audio_timer_interval_gt_2ms
1,1225635697,1220757942,1220.757942,AUDIO_TIMER_LATE,0xffff,0x0000,,59708,59708,0,0,2158,0,0,0,,True,audio_timer_interval_gt_2ms
1,1225635697,1220761263,1220.761263,AUDIO_TIMER_LATE,0xffff,0x0000,,59708,59708,0,0,2160,0,0,0,,True,audio_timer_interval_gt_2ms
1,1225635697,1220763424,1220.763424,AUDIO_TIMER_LATE,0xffff,0x0000,,59708,59708,0,0,2161,0,0,0,,True,audio_timer_interval_gt_2ms
1,1225635697,1220765585,1220.765585,AUDIO_TIMER_LATE,0xffff,0x0000,,59708,59708,0,0,2161,0,0,0,,True,audio_timer_interval_gt_2ms
1,1225635697,1220765804,1220.765804,AUDIO_SDU_GENERATED,0xffff,0x0000,60,59709,59708,1,0,19978,0,0,0,,False,
1,1225635697,1220767746,1220.767746,AUDIO_TIMER_LATE,0xffff,0x0000,,59709,59708,1,0,2161,0,0,0,,True,audio_timer_interval_gt_2ms
1,1225635697,1220767755,1220.767755,AUDIO_BUSY_SET,0x0040,0x0041,60,59709,59709,0,1,0,2,0,0,busy_context=2,False,
1,1225635697,1220767758,1220.767758,AUDIO_CAN_SEND_NOW,0x0040,0x0041,60,59709,59709,0,1,2,0,0,0,,False,
1,1225635697,1220768030,1220.768030,AUDIO_PACKET_SENT,0x0040,0x0041,60,59709,59709,0,1,272,0,0,0,,False,
1,1225635697,1220768033,1220.768033,AUDIO_BUSY_CLEAR,0x0040,0x0041,60,59709,59709,0,0,278,3,0,0,busy_context=3,False,
1,1225635697,1220768036,1220.768036,AUDIO_L2CAP_SEND,0x0040,0x0041,60,59709,59709,0,1,0,0,161,0,sdu_size=161,False,
1,1225635697,1220768037,1220.768037,AUDIO_CAN_SEND_REQUESTED,0x0040,0x0041,60,59709,59709,0,1,0,0,0,0,,False,
1,1225635697,1220769769,1220.769769,AUDIO_TIMER_LATE,0xffff,0x0000,,59709,59708,1,0,2023,0,0,0,,True,audio_timer_interval_gt_2ms
1,1225635697,1220773235,1220.773235,AUDIO_TIMER_LATE,0xffff,0x0000,,59709,59709,0,0,2153,0,0,0,,True,audio_timer_interval_gt_2ms
1,1225635697,1220775393,1220.775393,AUDIO_TIMER_LATE,0xffff,0x0000,,59709,59709,0,0,2157,0,0,0,,True,audio_timer_interval_gt_2ms
1,1225635697,1220777551,1220.777551,AUDIO_TIMER_LATE,0xffff,0x0000,,59709,59709,0,0,2159,0,0,0,,True,audio_timer_interval_gt_2ms
1,1225635697,1220779712,1220.779712,AUDIO_TIMER_LATE,0xffff,0x0000,,59709,59709,0,0,2161,0,0,0,,True,audio_timer_interval_gt_2ms
1,1225635697,1220781874,1220.781874,AUDIO_TIMER_LATE,0xffff,0x0000,,59709,59709,0,0,2162,0,0,0,,True,audio_timer_interval_gt_2ms
1,1225635697,1220784035,1220.784035,AUDIO_TIMER_LATE,0xffff,0x0000,,59709,59709,0,0,2161,0,0,0,,True,audio_timer_interval_gt_2ms
1,1225635697,1220785802,1220.785802,AUDIO_SDU_GENERATED,0xffff,0x0000,61,59710,59709,1,0,19999,0,0,0,,False,
1,1225635697,1220786196,1220.786196,AUDIO_TIMER_LATE,0xffff,0x0000,,59710,59709,1,0,2161,0,0,0,,True,audio_timer_interval_gt_2ms
1,1225635697,1220786204,1220.786204,AUDIO_BUSY_SET,0x0040,0x0041,61,59710,59710,0,1,0,2,0,0,busy_context=2,False,
1,1225635697,1220786208,1220.786208,AUDIO_CAN_SEND_NOW,0x0040,0x0041,61,59710,59710,0,1,2,0,0,0,,False,
1,1225635697,1220786480,1220.786480,AUDIO_PACKET_SENT,0x0040,0x0041,61,59710,59710,0,1,272,0,0,0,,False,
1,1225635697,1220786483,1220.786483,AUDIO_BUSY_CLEAR,0x0040,0x0041,61,59710,59710,0,0,278,3,0,0,busy_context=3,False,
1,1225635697,1220786486,1220.786486,AUDIO_L2CAP_SEND,0x0040,0x0041,61,59710,59710,0,1,0,0,161,0,sdu_size=161,False,
1,1225635697,1220786487,1220.786487,AUDIO_CAN_SEND_REQUESTED,0x0040,0x0041,61,59710,59710,0,1,0,0,0,0,,False,
1,1225635697,1220788811,1220.788811,AUDIO_TIMER_LATE,0xffff,0x0000,,59710,59709,1,0,2615,0,0,0,,True,audio_timer_interval_gt_2ms
1,1225635697,1220790969,1220.790969,AUDIO_TIMER_LATE,0xffff,0x0000,,59710,59710,0,0,2158,0,0,0,,True,audio_timer_interval_gt_2ms
1,1225635697,1220794284,1220.794284,AUDIO_TIMER_LATE,0xffff,0x0000,,59710,59710,0,0,2157,0,0,0,,True,audio_timer_interval_gt_2ms
1,1225635697,1220796443,1220.796443,AUDIO_TIMER_LATE,0xffff,0x0000,,59710,59710,0,0,2159,0,0,0,,True,audio_timer_interval_gt_2ms
1,1225635697,1220798604,1220.798604,AUDIO_TIMER_LATE,0xffff,0x0000,,59710,59710,0,0,2161,0,0,0,,True,audio_timer_interval_gt_2ms
1,1225635697,1220800765,1220.800765,AUDIO_TIMER_LATE,0xffff,0x0000,,59710,59710,0,0,2161,0,0,0,,True,audio_timer_interval_gt_2ms
1,1225635697,1220802927,1220.802927,AUDIO_TIMER_LATE,0xffff,0x0000,,59710,59710,0,0,2162,0,0,0,,True,audio_timer_interval_gt_2ms
1,1225635697,1220805799,1220.805799,AUDIO_SDU_GENERATED,0xffff,0x0000,62,59711,59710,1,0,19996,0,0,0,,False,
1,1225635697,1220806248,1220.806248,AUDIO_TIMER_LATE,0xffff,0x0000,,59711,59710,1,0,2160,0,0,0,,True,audio_timer_interval_gt_2ms
1,1225635697,1220806257,1220.806257,AUDIO_BUSY_SET,0x0040,0x0041,62,59711,59711,0,1,0,2,0,0,busy_context=2,False,
1,1225635697,1220806260,1220.806260,AUDIO_CAN_SEND_NOW,0x0040,0x0041,62,59711,59711,0,1,2,0,0,0,,False,
1,1225635697,1220806532,1220.806532,AUDIO_PACKET_SENT,0x0040,0x0041,62,59711,59711,0,1,273,0,0,0,,False,
1,1225635697,1220806535,1220.806535,AUDIO_BUSY_CLEAR,0x0040,0x0041,62,59711,59711,0,0,278,3,0,0,busy_context=3,False,
1,1225635697,1220806538,1220.806538,AUDIO_L2CAP_SEND,0x0040,0x0041,62,59711,59711,0,1,0,0,161,0,sdu_size=161,False,
1,1225635697,1220806539,1220.806539,AUDIO_CAN_SEND_REQUESTED,0x0040,0x0041,62,59711,59711,0,1,0,0,0,0,,False,
1,1225635697,1220809122,1220.809122,AUDIO_TIMER_LATE,0xffff,0x0000,,59711,59710,1,0,2874,0,0,0,,True,audio_timer_interval_gt_2ms
1,1225635697,1220811287,1220.811287,AUDIO_TIMER_LATE,0xffff,0x0000,,59711,59711,0,0,2165,0,0,0,,True,audio_timer_interval_gt_2ms
1,1225635697,1220813445,1220.813445,AUDIO_TIMER_LATE,0xffff,0x0000,,59711,59711,0,0,2158,0,0,0,,True,audio_timer_interval_gt_2ms
1,1225635697,1220815604,1220.815604,AUDIO_TIMER_LATE,0xffff,0x0000,,59711,59711,0,0,2159,0,0,0,,True,audio_timer_interval_gt_2ms
1,1225635697,1220817763,1220.817763,AUDIO_TIMER_LATE,0xffff,0x0000,,59711,59711,0,0,2159,0,0,0,,True,audio_timer_interval_gt_2ms
1,1225635697,1220819924,1220.819924,AUDIO_TIMER_LATE,0xffff,0x0000,,59711,59711,0,0,2161,0,0,0,,True,audio_timer_interval_gt_2ms
1,1225635697,1220823246,1220.823246,AUDIO_TIMER_LATE,0xffff,0x0000,,59711,59711,0,0,2160,0,0,0,,True,audio_timer_interval_gt_2ms
1,1225635697,1220825408,1220.825408,AUDIO_TIMER_LATE,0xffff,0x0000,,59711,59711,0,0,2162,0,0,0,,True,audio_timer_interval_gt_2ms
1,1225635697,1220825800,1220.825800,AUDIO_SDU_GENERATED,0xffff,0x0000,63,59712,59711,1,0,20001,0,0,0,,False,
1,1225635697,1220827570,1220.827570,AUDIO_TIMER_LATE,0xffff,0x0000,,59712,59711,1,0,2162,0,0,0,,True,audio_timer_interval_gt_2ms
1,1225635697,1220827579,1220.827579,AUDIO_BUSY_SET,0x0040,0x0041,63,59712,59712,0,1,0,2,0,0,busy_context=2,False,
1,1225635697,1220827582,1220.827582,AUDIO_CAN_SEND_NOW,0x0040,0x0041,63,59712,59712,0,1,2,0,0,0,,False,
1,1225635697,1220827855,1220.827855,AUDIO_PACKET_SENT,0x0040,0x0041,63,59712,59712,0,1,273,0,0,0,,False,
1,1225635697,1220827857,1220.827857,AUDIO_BUSY_CLEAR,0x0040,0x0041,63,59712,59712,0,0,279,3,0,0,busy_context=3,False,
1,1225635697,1220827861,1220.827861,AUDIO_L2CAP_SEND,0x0040,0x0041,63,59712,59712,0,1,0,0,161,0,sdu_size=161,False,
1,1225635697,1220827862,1220.827862,AUDIO_CAN_SEND_REQUESTED,0x0040,0x0041,63,59712,59712,0,1,0,0,0,0,,False,
1,1225635697,1220831645,1220.831645,AUDIO_TIMER_LATE,0xffff,0x0000,,59712,59712,0,0,2153,0,0,0,,True,audio_timer_interval_gt_2ms
1,1225635697,1220833803,1220.833803,AUDIO_TIMER_LATE,0xffff,0x0000,,59712,59712,0,0,2158,0,0,0,,True,audio_timer_interval_gt_2ms
1,1225635697,1220835961,1220.835961,AUDIO_TIMER_LATE,0xffff,0x0000,,59712,59712,0,0,2158,0,0,0,,True,audio_timer_interval_gt_2ms
1,1225635697,1220839279,1220.839279,AUDIO_TIMER_LATE,0xffff,0x0000,,59712,59712,0,0,2160,0,0,0,,True,audio_timer_interval_gt_2ms
1,1225635697,1220841440,1220.841440,AUDIO_TIMER_LATE,0xffff,0x0000,,59712,59712,0,0,2161,0,0,0,,True,audio_timer_interval_gt_2ms
1,1225635697,1220843601,1220.843601,AUDIO_TIMER_LATE,0xffff,0x0000,,59712,59712,0,0,2161,0,0,0,,True,audio_timer_interval_gt_2ms
1,1225635697,1220845762,1220.845762,AUDIO_TIMER_LATE,0xffff,0x0000,,59712,59712,0,0,2161,0,0,0,,True,audio_timer_interval_gt_2ms
1,1225635697,1220845803,1220.845803,AUDIO_SDU_GENERATED,0xffff,0x0000,64,59713,59712,1,0,20003,0,0,0,,False,
1,1225635697,1220847924,1220.847924,AUDIO_TIMER_LATE,0xffff,0x0000,,59713,59712,1,0,2162,0,0,0,,True,audio_timer_interval_gt_2ms
1,1225635697,1220847932,1220.847932,AUDIO_BUSY_SET,0x0040,0x0041,64,59713,59713,0,1,0,2,0,0,busy_context=2,False,
1,1225635697,1220847936,1220.847936,AUDIO_CAN_SEND_NOW,0x0040,0x0041,64,59713,59713,0,1,2,0,0,0,,False,
1,1225635697,1220848209,1220.848209,AUDIO_PACKET_SENT,0x0040,0x0041,64,59713,59713,0,1,273,0,0,0,,False,
1,1225635697,1220848211,1220.848211,AUDIO_BUSY_CLEAR,0x0040,0x0041,64,59713,59713,0,0,279,3,0,0,busy_context=3,False,
1,1225635697,1220848214,1220.848214,AUDIO_L2CAP_SEND,0x0040,0x0041,64,59713,59713,0,1,0,0,161,0,sdu_size=161,False,
1,1225635697,1220848216,1220.848216,AUDIO_CAN_SEND_REQUESTED,0x0040,0x0041,64,59713,59713,0,1,0,0,0,0,,False,
1,1225635697,1220852041,1220.852041,AUDIO_TIMER_LATE,0xffff,0x0000,,59713,59713,0,0,2157,0,0,0,,True,audio_timer_interval_gt_2ms
1,1225635697,1220854199,1220.854199,AUDIO_TIMER_LATE,0xffff,0x0000,,59713,59713,0,0,2158,0,0,0,,True,audio_timer_interval_gt_2ms
1,1225635697,1220856357,1220.856357,AUDIO_TIMER_LATE,0xffff,0x0000,,59713,59713,0,0,2158,0,0,0,,True,audio_timer_interval_gt_2ms
1,1225635697,1220858516,1220.858516,AUDIO_TIMER_LATE,0xffff,0x0000,,59713,59713,0,0,2159,0,0,0,,True,audio_timer_interval_gt_2ms
1,1225635697,1220860677,1220.860677,AUDIO_TIMER_LATE,0xffff,0x0000,,59713,59713,0,0,2161,0,0,0,,True,audio_timer_interval_gt_2ms
1,1225635697,1220862839,1220.862839,AUDIO_TIMER_LATE,0xffff,0x0000,,59713,59713,0,0,2162,0,0,0,,True,audio_timer_interval_gt_2ms
1,1225635697,1220865000,1220.865000,AUDIO_TIMER_LATE,0xffff,0x0000,,59713,59713,0,0,2160,0,0,0,,True,audio_timer_interval_gt_2ms
1,1225635697,1220865799,1220.865799,AUDIO_SDU_GENERATED,0xffff,0x0000,65,59714,59713,1,0,19996,0,0,0,,False,
1,1225635697,1220867161,1220.867161,AUDIO_TIMER_LATE,0xffff,0x0000,,59714,59713,1,0,2161,0,0,0,,True,audio_timer_interval_gt_2ms
1,1225635697,1220867169,1220.867169,AUDIO_BUSY_SET,0x0040,0x0041,65,59714,59714,0,1,0,2,0,0,busy_context=2,False,
1,1225635697,1220867173,1220.867173,AUDIO_CAN_SEND_NOW,0x0040,0x0041,65,59714,59714,0,1,2,0,0,0,,False,
1,1225635697,1220867445,1220.867445,AUDIO_PACKET_SENT,0x0040,0x0041,65,59714,59714,0,1,272,0,0,0,,False,
1,1225635697,1220867448,1220.867448,AUDIO_BUSY_CLEAR,0x0040,0x0041,65,59714,59714,0,0,278,3,0,0,busy_context=3,False,
1,1225635697,1220867451,1220.867451,AUDIO_L2CAP_SEND,0x0040,0x0041,65,59714,59714,0,1,0,0,161,0,sdu_size=161,False,
1,1225635697,1220867452,1220.867452,AUDIO_CAN_SEND_REQUESTED,0x0040,0x0041,65,59714,59714,0,1,0,0,0,0,,False,
1,1225635697,1220869885,1220.869885,AUDIO_TIMER_LATE,0xffff,0x0000,,59714,59713,1,0,2725,0,0,0,,True,audio_timer_interval_gt_2ms
1,1225635697,1220872044,1220.872044,AUDIO_TIMER_LATE,0xffff,0x0000,,59714,59714,0,0,2159,0,0,0,,True,audio_timer_interval_gt_2ms
1,1225635697,1220874202,1220.874202,AUDIO_TIMER_LATE,0xffff,0x0000,,59714,59714,0,0,2157,0,0,0,,True,audio_timer_interval_gt_2ms
1,1225635697,1220876360,1220.876360,AUDIO_TIMER_LATE,0xffff,0x0000,,59714,59714,0,0,2159,0,0,0,,True,audio_timer_interval_gt_2ms
1,1225635697,1220878518,1220.878518,AUDIO_TIMER_LATE,0xffff,0x0000,,59714,59714,0,0,2158,0,0,0,,True,audio_timer_interval_gt_2ms
1,1225635697,1220880679,1220.880679,AUDIO_TIMER_LATE,0xffff,0x0000,,59714,59714,0,0,2161,0,0,0,,True,audio_timer_interval_gt_2ms
1,1225635697,1220882841,1220.882841,AUDIO_TIMER_LATE,0xffff,0x0000,,59714,59714,0,0,2162,0,0,0,,True,audio_timer_interval_gt_2ms
1,1225635697,1220885002,1220.885002,AUDIO_TIMER_LATE,0xffff,0x0000,,59714,59714,0,0,2161,0,0,0,,True,audio_timer_interval_gt_2ms
1,1225635697,1220885808,1220.885808,AUDIO_SDU_GENERATED,0xffff,0x0000,66,59715,59714,1,0,20009,0,0,0,,False,
1,1225635697,1220887163,1220.887163,AUDIO_TIMER_LATE,0xffff,0x0000,,59715,59714,1,0,2161,0,0,0,,True,audio_timer_interval_gt_2ms
1,1225635697,1220887172,1220.887172,AUDIO_BUSY_SET,0x0040,0x0041,66,59715,59715,0,1,0,2,0,0,busy_context=2,False,
1,1225635697,1220887176,1220.887176,AUDIO_CAN_SEND_NOW,0x0040,0x0041,66,59715,59715,0,1,2,0,0,0,,False,
1,1225635697,1220887448,1220.887448,AUDIO_PACKET_SENT,0x0040,0x0041,66,59715,59715,0,1,272,0,0,0,,False,
1,1225635697,1220887450,1220.887450,AUDIO_BUSY_CLEAR,0x0040,0x0041,66,59715,59715,0,0,278,3,0,0,busy_context=3,False,
1,1225635697,1220887453,1220.887453,AUDIO_L2CAP_SEND,0x0040,0x0041,66,59715,59715,0,1,0,0,161,0,sdu_size=161,False,
1,1225635697,1220887455,1220.887455,AUDIO_CAN_SEND_REQUESTED,0x0040,0x0041,66,59715,59715,0,1,0,0,0,0,,False,
1,1225635697,1220889172,1220.889172,AUDIO_TIMER_LATE,0xffff,0x0000,,59715,59714,1,0,2009,0,0,0,,True,audio_timer_interval_gt_2ms
1,1225635697,1220891327,1220.891327,AUDIO_TIMER_LATE,0xffff,0x0000,,59715,59715,0,0,2155,0,0,0,,True,audio_timer_interval_gt_2ms
1,1225635697,1220893485,1220.893485,AUDIO_TIMER_LATE,0xffff,0x0000,,59715,59715,0,0,2158,0,0,0,,True,audio_timer_interval_gt_2ms
1,1225635697,1220895644,1220.895644,AUDIO_TIMER_LATE,0xffff,0x0000,,59715,59715,0,0,2159,0,0,0,,True,audio_timer_interval_gt_2ms
1,1225635697,1220897802,1220.897802,AUDIO_TIMER_LATE,0xffff,0x0000,,59715,59715,0,0,2158,0,0,0,,True,audio_timer_interval_gt_2ms
1,1225635697,1220899963,1220.899963,AUDIO_TIMER_LATE,0xffff,0x0000,,59715,59715,0,0,2161,0,0,0,,True,audio_timer_interval_gt_2ms
1,1225635697,1220903284,1220.903284,AUDIO_TIMER_LATE,0xffff,0x0000,,59715,59715,0,0,2160,0,0,0,,True,audio_timer_interval_gt_2ms
1,1225635697,1220905445,1220.905445,AUDIO_TIMER_LATE,0xffff,0x0000,,59715,59715,0,0,2160,0,0,0,,True,audio_timer_interval_gt_2ms
1,1225635697,1220905801,1220.905801,AUDIO_SDU_GENERATED,0xffff,0x0000,67,59716,59715,1,0,19993,0,0,0,,False,
1,1225635697,1220907606,1220.907606,AUDIO_TIMER_LATE,0xffff,0x0000,,59716,59715,1,0,2162,0,0,0,,True,audio_timer_interval_gt_2ms
1,1225635697,1220907614,1220.907614,AUDIO_BUSY_SET,0x0040,0x0041,67,59716,59716,0,1,0,2,0,0,busy_context=2,False,
1,1225635697,1220907618,1220.907618,AUDIO_CAN_SEND_NOW,0x0040,0x0041,67,59716,59716,0,1,2,0,0,0,,False,
1,1225635697,1220907891,1220.907891,AUDIO_PACKET_SENT,0x0040,0x0041,67,59716,59716,0,1,273,0,0,0,,False,
1,1225635697,1220907893,1220.907893,AUDIO_BUSY_CLEAR,0x0040,0x0041,67,59716,59716,0,0,279,3,0,0,busy_context=3,False,
1,1225635697,1220907896,1220.907896,AUDIO_L2CAP_SEND,0x0040,0x0041,67,59716,59716,0,1,0,0,161,0,sdu_size=161,False,
1,1225635697,1220907898,1220.907898,AUDIO_CAN_SEND_REQUESTED,0x0040,0x0041,67,59716,59716,0,1,0,0,0,0,,False,
1,1225635697,1220911338,1220.911338,AUDIO_TIMER_LATE,0xffff,0x0000,,59716,59716,0,0,2153,0,0,0,,True,audio_timer_interval_gt_2ms
1,1225635697,1220913496,1220.913496,AUDIO_TIMER_LATE,0xffff,0x0000,,59716,59716,0,0,2159,0,0,0,,True,audio_timer_interval_gt_2ms
1,1225635697,1220915654,1220.915654,AUDIO_TIMER_LATE,0xffff,0x0000,,59716,59716,0,0,2158,0,0,0,,True,audio_timer_interval_gt_2ms
1,1225635697,1220917812,1220.917812,AUDIO_TIMER_LATE,0xffff,0x0000,,59716,59716,0,0,2158,0,0,0,,True,audio_timer_interval_gt_2ms
1,1225635697,1220919973,1220.919973,AUDIO_TIMER_LATE,0xffff,0x0000,,59716,59716,0,0,2161,0,0,0,,True,audio_timer_interval_gt_2ms
1,1225635697,1220923294,1220.923294,AUDIO_TIMER_LATE,0xffff,0x0000,,59716,59716,0,0,2160,0,0,0,,True,audio_timer_interval_gt_2ms
1,1225635697,1220925456,1220.925456,AUDIO_TIMER_LATE,0xffff,0x0000,,59716,59716,0,0,2162,0,0,0,,True,audio_timer_interval_gt_2ms
1,1225635697,1220925803,1220.925803,AUDIO_SDU_GENERATED,0xffff,0x0000,68,59717,59716,1,0,20002,0,0,0,,False,
1,1225635697,1220927617,1220.927617,AUDIO_TIMER_LATE,0xffff,0x0000,,59717,59716,1,0,2161,0,0,0,,True,audio_timer_interval_gt_2ms
1,1225635697,1220927626,1220.927626,AUDIO_BUSY_SET,0x0040,0x0041,68,59717,59717,0,1,0,2,0,0,busy_context=2,False,
1,1225635697,1220927629,1220.927629,AUDIO_CAN_SEND_NOW,0x0040,0x0041,68,59717,59717,0,1,2,0,0,0,,False,
1,1225635697,1220927901,1220.927901,AUDIO_PACKET_SENT,0x0040,0x0041,68,59717,59717,0,1,273,0,0,0,,False,
1,1225635697,1220927904,1220.927904,AUDIO_BUSY_CLEAR,0x0040,0x0041,68,59717,59717,0,0,278,3,0,0,busy_context=3,False,
1,1225635697,1220927907,1220.927907,AUDIO_L2CAP_SEND,0x0040,0x0041,68,59717,59717,0,1,0,0,161,0,sdu_size=161,False,
1,1225635697,1220927908,1220.927908,AUDIO_CAN_SEND_REQUESTED,0x0040,0x0041,68,59717,59717,0,1,0,0,0,0,,False,
1,1225635697,1220929845,1220.929845,AUDIO_TIMER_LATE,0xffff,0x0000,,59717,59716,1,0,2228,0,0,0,,True,audio_timer_interval_gt_2ms
1,1225635697,1220932003,1220.932003,AUDIO_TIMER_LATE,0xffff,0x0000,,59717,59717,0,0,2158,0,0,0,,True,audio_timer_interval_gt_2ms
1,1225635697,1220934162,1220.934162,AUDIO_TIMER_LATE,0xffff,0x0000,,59717,59717,0,0,2159,0,0,0,,True,audio_timer_interval_gt_2ms
1,1225635697,1220936320,1220.936320,AUDIO_TIMER_LATE,0xffff,0x0000,,59717,59717,0,0,2158,0,0,0,,True,audio_timer_interval_gt_2ms
1,1225635697,1220938478,1220.938478,AUDIO_TIMER_LATE,0xffff,0x0000,,59717,59717,0,0,2158,0,0,0,,True,audio_timer_interval_gt_2ms
1,1225635697,1220940640,1220.940640,AUDIO_TIMER_LATE,0xffff,0x0000,,59717,59717,0,0,2162,0,0,0,,True,audio_timer_interval_gt_2ms
1,1225635697,1220942801,1220.942801,AUDIO_TIMER_LATE,0xffff,0x0000,,59717,59717,0,0,2161,0,0,0,,True,audio_timer_interval_gt_2ms
1,1225635697,1220944962,1220.944962,AUDIO_TIMER_LATE,0xffff,0x0000,,59717,59717,0,0,2161,0,0,0,,True,audio_timer_interval_gt_2ms
1,1225635697,1220945802,1220.945802,AUDIO_SDU_GENERATED,0xffff,0x0000,69,59718,59717,1,0,19999,0,0,0,,False,
1,1225635697,1220946131,1220.946131,AUDIO_BUSY_SET,0x0040,0x0041,69,59718,59718,0,1,0,2,0,0,busy_context=2,False,
1,1225635697,1220946135,1220.946135,AUDIO_CAN_SEND_NOW,0x0040,0x0041,69,59718,59718,0,1,2,0,0,0,,False,
1,1225635697,1220946407,1220.946407,AUDIO_PACKET_SENT,0x0040,0x0041,69,59718,59718,0,1,272,0,0,0,,False,
1,1225635697,1220946409,1220.946409,AUDIO_BUSY_CLEAR,0x0040,0x0041,69,59718,59718,0,0,278,3,0,0,busy_context=3,False,
1,1225635697,1220946412,1220.946412,AUDIO_L2CAP_SEND,0x0040,0x0041,69,59718,59718,0,1,0,0,161,0,sdu_size=161,False,
1,1225635697,1220946414,1220.946414,AUDIO_CAN_SEND_REQUESTED,0x0040,0x0041,69,59718,59718,0,1,0,0,0,0,,False,
1,1225635697,1220948829,1220.948829,AUDIO_TIMER_LATE,0xffff,0x0000,,59718,59717,1,0,2705,0,0,0,,True,audio_timer_interval_gt_2ms
1,1225635697,1220950988,1220.950988,AUDIO_TIMER_LATE,0xffff,0x0000,,59718,59718,0,0,2159,0,0,0,,True,audio_timer_interval_gt_2ms
1,1225635697,1220954303,1220.954303,AUDIO_TIMER_LATE,0xffff,0x0000,,59718,59718,0,0,2157,0,0,0,,True,audio_timer_interval_gt_2ms
1,1225635697,1220956462,1220.956462,AUDIO_TIMER_LATE,0xffff,0x0000,,59718,59718,0,0,2159,0,0,0,,True,audio_timer_interval_gt_2ms
1,1225635697,1220958623,1220.958623,AUDIO_TIMER_LATE,0xffff,0x0000,,59718,59718,0,0,2161,0,0,0,,True,audio_timer_interval_gt_2ms
1,1225635697,1220960785,1220.960785,AUDIO_TIMER_LATE,0xffff,0x0000,,59718,59718,0,0,2162,0,0,0,,True,audio_timer_interval_gt_2ms
1,1225635697,1220962947,1220.962947,AUDIO_TIMER_LATE,0xffff,0x0000,,59718,59718,0,0,2162,0,0,0,,True,audio_timer_interval_gt_2ms
1,1225635697,1220965798,1220.965798,AUDIO_SDU_GENERATED,0xffff,0x0000,70,59719,59718,1,0,19996,0,0,0,,False,
1,1225635697,1220966268,1220.966268,AUDIO_TIMER_LATE,0xffff,0x0000,,59719,59718,1,0,2160,0,0,0,,True,audio_timer_interval_gt_2ms
1,1225635697,1220966276,1220.966276,AUDIO_BUSY_SET,0x0040,0x0041,70,59719,59719,0,1,0,2,0,0,busy_context=2,False,
1,1225635697,1220966280,1220.966280,AUDIO_CAN_SEND_NOW,0x0040,0x0041,70,59719,59719,0,1,2,0,0,0,,False,
1,1225635697,1220966552,1220.966552,AUDIO_PACKET_SENT,0x0040,0x0041,70,59719,59719,0,1,272,0,0,0,,False,
1,1225635697,1220966554,1220.966554,AUDIO_BUSY_CLEAR,0x0040,0x0041,70,59719,59719,0,0,278,3,0,0,busy_context=3,False,
1,1225635697,1220966558,1220.966558,AUDIO_L2CAP_SEND,0x0040,0x0041,70,59719,59719,0,1,0,0,161,0,sdu_size=161,False,
1,1225635697,1220966559,1220.966559,AUDIO_CAN_SEND_REQUESTED,0x0040,0x0041,70,59719,59719,0,1,0,0,0,0,,False,
1,1225635697,1220969143,1220.969143,AUDIO_TIMER_LATE,0xffff,0x0000,,59719,59718,1,0,2875,0,0,0,,True,audio_timer_interval_gt_2ms
1,1225635697,1220971308,1220.971308,AUDIO_TIMER_LATE,0xffff,0x0000,,59719,59719,0,0,2165,0,0,0,,True,audio_timer_interval_gt_2ms
1,1225635697,1220973466,1220.973466,AUDIO_TIMER_LATE,0xffff,0x0000,,59719,59719,0,0,2158,0,0,0,,True,audio_timer_interval_gt_2ms
1,1225635697,1220975624,1220.975624,AUDIO_TIMER_LATE,0xffff,0x0000,,59719,59719,0,0,2158,0,0,0,,True,audio_timer_interval_gt_2ms
1,1225635697,1220977783,1220.977783,AUDIO_TIMER_LATE,0xffff,0x0000,,59719,59719,0,0,2159,0,0,0,,True,audio_timer_interval_gt_2ms
1,1225635697,1220979944,1220.979944,AUDIO_TIMER_LATE,0xffff,0x0000,,59719,59719,0,0,2161,0,0,0,,True,audio_timer_interval_gt_2ms
1,1225635697,1220983265,1220.983265,AUDIO_TIMER_LATE,0xffff,0x0000,,59719,59719,0,0,2160,0,0,0,,True,audio_timer_interval_gt_2ms
1,1225635697,1220985427,1220.985427,AUDIO_TIMER_LATE,0xffff,0x0000,,59719,59719,0,0,2162,0,0,0,,True,audio_timer_interval_gt_2ms
1,1225635697,1220985801,1220.985801,AUDIO_SDU_GENERATED,0xffff,0x0000,71,59720,59719,1,0,20003,0,0,0,,False,
1,1225635697,1220987589,1220.987589,AUDIO_TIMER_LATE,0xffff,0x0000,,59720,59719,1,0,2162,0,0,0,,True,audio_timer_interval_gt_2ms
1,1225635697,1220987597,1220.987597,AUDIO_BUSY_SET,0x0040,0x0041,71,59720,59720,0,1,0,2,0,0,busy_context=2,False,
1,1225635697,1220987601,1220.987601,AUDIO_CAN_SEND_NOW,0x0040,0x0041,71,59720,59720,0,1,2,0,0,0,,False,
1,1225635697,1220987909,1220.987909,AUDIO_PACKET_SENT,0x0040,0x0041,71,59720,59720,0,1,308,0,0,0,,False,
1,1225635697,1220987911,1220.987911,AUDIO_BUSY_CLEAR,0x0040,0x0041,71,59720,59720,0,0,314,3,0,0,busy_context=3,False,
1,1225635697,1220987914,1220.987914,AUDIO_L2CAP_SEND,0x0040,0x0041,71,59720,59720,0,1,0,0,161,0,sdu_size=161,False,
1,1225635697,1220987916,1220.987916,AUDIO_CAN_SEND_REQUESTED,0x0040,0x0041,71,59720,59720,0,1,0,0,0,0,,False,
1,1225635697,1220991348,1220.991348,AUDIO_TIMER_LATE,0xffff,0x0000,,59720,59720,0,0,2154,0,0,0,,True,audio_timer_interval_gt_2ms
1,1225635697,1220993506,1220.993506,AUDIO_TIMER_LATE,0xffff,0x0000,,59720,59720,0,0,2158,0,0,0,,True,audio_timer_interval_gt_2ms
1,1225635697,1220995665,1220.995665,AUDIO_TIMER_LATE,0xffff,0x0000,,59720,59720,0,0,2159,0,0,0,,True,audio_timer_interval_gt_2ms
1,1225635697,1220997823,1220.997823,AUDIO_TIMER_LATE,0xffff,0x0000,,59720,59720,0,0,2158,0,0,0,,True,audio_timer_interval_gt_2ms
1,1225635697,1220999984,1220.999984,AUDIO_TIMER_LATE,0xffff,0x0000,,59720,59720,0,0,2161,0,0,0,,True,audio_timer_interval_gt_2ms
1,1225635697,1221003305,1221.003305,AUDIO_TIMER_LATE,0xffff,0x0000,,59720,59720,0,0,2160,0,0,0,,True,audio_timer_interval_gt_2ms
1,1225635697,1221005466,1221.005466,AUDIO_TIMER_LATE,0xffff,0x0000,,59720,59720,0,0,2161,0,0,0,,True,audio_timer_interval_gt_2ms
1,1225635697,1221005802,1221.005802,AUDIO_SDU_GENERATED,0xffff,0x0000,72,59721,59720,1,0,20001,0,0,0,,False,
1,1225635697,1221007627,1221.007627,AUDIO_TIMER_LATE,0xffff,0x0000,,59721,59720,1,0,2161,0,0,0,,True,audio_timer_interval_gt_2ms
1,1225635697,1221007636,1221.007636,AUDIO_BUSY_SET,0x0040,0x0041,72,59721,59721,0,1,0,2,0,0,busy_context=2,False,
1,1225635697,1221007640,1221.007640,AUDIO_CAN_SEND_NOW,0x0040,0x0041,72,59721,59721,0,1,2,0,0,0,,False,
1,1225635697,1221007912,1221.007912,AUDIO_PACKET_SENT,0x0040,0x0041,72,59721,59721,0,1,272,0,0,0,,False,
1,1225635697,1221007915,1221.007915,AUDIO_BUSY_CLEAR,0x0040,0x0041,72,59721,59721,0,0,278,3,0,0,busy_context=3,False,
1,1225635697,1221007918,1221.007918,AUDIO_L2CAP_SEND,0x0040,0x0041,72,59721,59721,0,1,0,0,161,0,sdu_size=161,False,
1,1225635697,1221007919,1221.007919,AUDIO_CAN_SEND_REQUESTED,0x0040,0x0041,72,59721,59721,0,1,0,0,0,0,,False,
1,1225635697,1221011377,1221.011377,AUDIO_TIMER_LATE,0xffff,0x0000,,59721,59721,0,0,2158,0,0,0,,True,audio_timer_interval_gt_2ms
1,1225635697,1221013535,1221.013535,AUDIO_TIMER_LATE,0xffff,0x0000,,59721,59721,0,0,2158,0,0,0,,True,audio_timer_interval_gt_2ms
1,1225635697,1221015693,1221.015693,AUDIO_TIMER_LATE,0xffff,0x0000,,59721,59721,0,0,2158,0,0,0,,True,audio_timer_interval_gt_2ms
1,1225635697,1221017851,1221.017851,AUDIO_TIMER_LATE,0xffff,0x0000,,59721,59721,0,0,2158,0,0,0,,True,audio_timer_interval_gt_2ms
1,1225635697,1221020012,1221.020012,AUDIO_TIMER_LATE,0xffff,0x0000,,59721,59721,0,0,2161,0,0,0,,True,audio_timer_interval_gt_2ms
1,1225635697,1221022173,1221.022173,AUDIO_TIMER_LATE,0xffff,0x0000,,59721,59721,0,0,2161,0,0,0,,True,audio_timer_interval_gt_2ms
1,1225635697,1221024334,1221.024334,AUDIO_TIMER_LATE,0xffff,0x0000,,59721,59721,0,0,2161,0,0,0,,True,audio_timer_interval_gt_2ms
1,1225635697,1221025800,1221.025800,AUDIO_SDU_GENERATED,0xffff,0x0000,73,59722,59721,1,0,19998,0,0,0,,False,
1,1225635697,1221026495,1221.026495,AUDIO_TIMER_LATE,0xffff,0x0000,,59722,59721,1,0,2161,0,0,0,,True,audio_timer_interval_gt_2ms
1,1225635697,1221026503,1221.026503,AUDIO_BUSY_SET,0x0040,0x0041,73,59722,59722,0,1,0,2,0,0,busy_context=2,False,
1,1225635697,1221026507,1221.026507,AUDIO_CAN_SEND_NOW,0x0040,0x0041,73,59722,59722,0,1,2,0,0,0,,False,
1,1225635697,1221026779,1221.026779,AUDIO_PACKET_SENT,0x0040,0x0041,73,59722,59722,0,1,272,0,0,0,,False,
1,1225635697,1221026781,1221.026781,AUDIO_BUSY_CLEAR,0x0040,0x0041,73,59722,59722,0,0,278,3,0,0,busy_context=3,False,
1,1225635697,1221026785,1221.026785,AUDIO_L2CAP_SEND,0x0040,0x0041,73,59722,59722,0,1,0,0,161,0,sdu_size=161,False,
1,1225635697,1221026786,1221.026786,AUDIO_CAN_SEND_REQUESTED,0x0040,0x0041,73,59722,59722,0,1,0,0,0,0,,False,
1,1225635697,1221028743,1221.028743,AUDIO_TIMER_LATE,0xffff,0x0000,,59722,59721,1,0,2247,0,0,0,,True,audio_timer_interval_gt_2ms
1,1225635697,1221030899,1221.030899,AUDIO_TIMER_LATE,0xffff,0x0000,,59722,59722,0,0,2157,0,0,0,,True,audio_timer_interval_gt_2ms
1,1225635697,1221033057,1221.033057,AUDIO_TIMER_LATE,0xffff,0x0000,,59722,59722,0,0,2158,0,0,0,,True,audio_timer_interval_gt_2ms
1,1225635697,1221035215,1221.035215,AUDIO_TIMER_LATE,0xffff,0x0000,,59722,59722,0,0,2157,0,0,0,,True,audio_timer_interval_gt_2ms
1,1225635697,1221037373,1221.037373,AUDIO_TIMER_LATE,0xffff,0x0000,,59722,59722,0,0,2159,0,0,0,,True,audio_timer_interval_gt_2ms
1,1225635697,1221039534,1221.039534,AUDIO_TIMER_LATE,0xffff,0x0000,,59722,59722,0,0,2161,0,0,0,,True,audio_timer_interval_gt_2ms
1,1225635697,1221041696,1221.041696,AUDIO_TIMER_LATE,0xffff,0x0000,,59722,59722,0,0,2162,0,0,0,,True,audio_timer_interval_gt_2ms
1,1225635697,1221043857,1221.043857,AUDIO_TIMER_LATE,0xffff,0x0000,,59722,59722,0,0,2161,0,0,0,,True,audio_timer_interval_gt_2ms
1,1225635697,1221045799,1221.045799,AUDIO_SDU_GENERATED,0xffff,0x0000,74,59723,59722,1,0,19999,0,0,0,,False,
1,1225635697,1221046018,1221.046018,AUDIO_TIMER_LATE,0xffff,0x0000,,59723,59722,1,0,2161,0,0,0,,True,audio_timer_interval_gt_2ms
1,1225635697,1221046027,1221.046027,AUDIO_BUSY_SET,0x0040,0x0041,74,59723,59723,0,1,0,2,0,0,busy_context=2,False,
1,1225635697,1221046030,1221.046030,AUDIO_CAN_SEND_NOW,0x0040,0x0041,74,59723,59723,0,1,2,0,0,0,,False,
1,1225635697,1221046302,1221.046302,AUDIO_PACKET_SENT,0x0040,0x0041,74,59723,59723,0,1,272,0,0,0,,False,
1,1225635697,1221046305,1221.046305,AUDIO_BUSY_CLEAR,0x0040,0x0041,74,59723,59723,0,0,278,3,0,0,busy_context=3,False,
1,1225635697,1221046308,1221.046308,AUDIO_L2CAP_SEND,0x0040,0x0041,74,59723,59723,0,1,0,0,161,0,sdu_size=161,False,
1,1225635697,1221046309,1221.046309,AUDIO_CAN_SEND_REQUESTED,0x0040,0x0041,74,59723,59723,0,1,0,0,0,0,,False,
1,1225635697,1221048461,1221.048461,AUDIO_TIMER_LATE,0xffff,0x0000,,59723,59722,1,0,2443,0,0,0,,True,audio_timer_interval_gt_2ms
1,1225635697,1221052447,1221.052447,AUDIO_TIMER_LATE,0xffff,0x0000,,59723,59723,0,0,2157,0,0,0,,True,audio_timer_interval_gt_2ms
1,1225635697,1221054606,1221.054606,AUDIO_TIMER_LATE,0xffff,0x0000,,59723,59723,0,0,2159,0,0,0,,True,audio_timer_interval_gt_2ms
1,1225635697,1221056764,1221.056764,AUDIO_TIMER_LATE,0xffff,0x0000,,59723,59723,0,0,2158,0,0,0,,True,audio_timer_interval_gt_2ms
1,1225635697,1221058926,1221.058926,AUDIO_TIMER_LATE,0xffff,0x0000,,59723,59723,0,0,2162,0,0,0,,True,audio_timer_interval_gt_2ms
1,1225635697,1221062247,1221.062247,AUDIO_TIMER_LATE,0xffff,0x0000,,59723,59723,0,0,2160,0,0,0,,True,audio_timer_interval_gt_2ms
1,1225635697,1221064408,1221.064408,AUDIO_TIMER_LATE,0xffff,0x0000,,59723,59723,0,0,2161,0,0,0,,True,audio_timer_interval_gt_2ms
1,1225635697,1221065802,1221.065802,AUDIO_SDU_GENERATED,0xffff,0x0000,75,59724,59723,1,0,20003,0,0,0,,False,
1,1225635697,1221066569,1221.066569,AUDIO_TIMER_LATE,0xffff,0x0000,,59724,59723,1,0,2161,0,0,0,,True,audio_timer_interval_gt_2ms
1,1225635697,1221066578,1221.066578,AUDIO_BUSY_SET,0x0040,0x0041,75,59724,59724,0,1,0,2,0,0,busy_context=2,False,
1,1225635697,1221066582,1221.066582,AUDIO_CAN_SEND_NOW,0x0040,0x0041,75,59724,59724,0,1,2,0,0,0,,False,
1,1225635697,1221066854,1221.066854,AUDIO_PACKET_SENT,0x0040,0x0041,75,59724,59724,0,1,272,0,0,0,,False,
1,1225635697,1221066857,1221.066857,AUDIO_BUSY_CLEAR,0x0040,0x0041,75,59724,59724,0,0,278,3,0,0,busy_context=3,False,
1,1225635697,1221066860,1221.066860,AUDIO_L2CAP_SEND,0x0040,0x0041,75,59724,59724,0,1,0,0,161,0,sdu_size=161,False,
1,1225635697,1221066861,1221.066861,AUDIO_CAN_SEND_REQUESTED,0x0040,0x0041,75,59724,59724,0,1,0,0,0,0,,False,
1,1225635697,1221068814,1221.068814,AUDIO_TIMER_LATE,0xffff,0x0000,,59724,59723,1,0,2244,0,0,0,,True,audio_timer_interval_gt_2ms
1,1225635697,1221070968,1221.070968,AUDIO_TIMER_LATE,0xffff,0x0000,,59724,59724,0,0,2155,0,0,0,,True,audio_timer_interval_gt_2ms
1,1225635697,1221074283,1221.074283,AUDIO_TIMER_LATE,0xffff,0x0000,,59724,59724,0,0,2158,0,0,0,,True,audio_timer_interval_gt_2ms
1,1225635697,1221076441,1221.076441,AUDIO_TIMER_LATE,0xffff,0x0000,,59724,59724,0,0,2158,0,0,0,,True,audio_timer_interval_gt_2ms
1,1225635697,1221078603,1221.078603,AUDIO_TIMER_LATE,0xffff,0x0000,,59724,59724,0,0,2162,0,0,0,,True,audio_timer_interval_gt_2ms
1,1225635697,1221080765,1221.080765,AUDIO_TIMER_LATE,0xffff,0x0000,,59724,59724,0,0,2162,0,0,0,,True,audio_timer_interval_gt_2ms
1,1225635697,1221082926,1221.082926,AUDIO_TIMER_LATE,0xffff,0x0000,,59724,59724,0,0,2161,0,0,0,,True,audio_timer_interval_gt_2ms
1,1225635697,1221085803,1221.085803,AUDIO_SDU_GENERATED,0xffff,0x0000,76,59725,59724,1,0,20002,0,0,0,,False,
1,1225635697,1221086248,1221.086248,AUDIO_TIMER_LATE,0xffff,0x0000,,59725,59724,1,0,2160,0,0,0,,True,audio_timer_interval_gt_2ms
1,1225635697,1221086257,1221.086257,AUDIO_BUSY_SET,0x0040,0x0041,76,59725,59725,0,1,0,2,0,0,busy_context=2,False,
1,1225635697,1221086261,1221.086261,AUDIO_CAN_SEND_NOW,0x0040,0x0041,76,59725,59725,0,1,2,0,0,0,,False,
1,1225635697,1221086533,1221.086533,AUDIO_PACKET_SENT,0x0040,0x0041,76,59725,59725,0,1,272,0,0,0,,False,
1,1225635697,1221086535,1221.086535,AUDIO_BUSY_CLEAR,0x0040,0x0041,76,59725,59725,0,0,278,3,0,0,busy_context=3,False,
1,1225635697,1221086539,1221.086539,AUDIO_L2CAP_SEND,0x0040,0x0041,76,59725,59725,0,1,0,0,161,0,sdu_size=161,False,
1,1225635697,1221086540,1221.086540,AUDIO_CAN_SEND_REQUESTED,0x0040,0x0041,76,59725,59725,0,1,0,0,0,0,,False,
1,1225635697,1221089124,1221.089124,AUDIO_TIMER_LATE,0xffff,0x0000,,59725,59724,1,0,2876,0,0,0,,True,audio_timer_interval_gt_2ms
1,1225635697,1221091288,1221.091288,AUDIO_TIMER_LATE,0xffff,0x0000,,59725,59725,0,0,2164,0,0,0,,True,audio_timer_interval_gt_2ms
1,1225635697,1221093446,1221.093446,AUDIO_TIMER_LATE,0xffff,0x0000,,59725,59725,0,0,2158,0,0,0,,True,audio_timer_interval_gt_2ms
1,1225635697,1221095604,1221.095604,AUDIO_TIMER_LATE,0xffff,0x0000,,59725,59725,0,0,2158,0,0,0,,True,audio_timer_interval_gt_2ms
1,1225635697,1221097763,1221.097763,AUDIO_TIMER_LATE,0xffff,0x0000,,59725,59725,0,0,2159,0,0,0,,True,audio_timer_interval_gt_2ms
1,1225635697,1221099925,1221.099925,AUDIO_TIMER_LATE,0xffff,0x0000,,59725,59725,0,0,2162,0,0,0,,True,audio_timer_interval_gt_2ms
1,1225635697,1221103246,1221.103246,AUDIO_TIMER_LATE,0xffff,0x0000,,59725,59725,0,0,2160,0,0,0,,True,audio_timer_interval_gt_2ms
1,1225635697,1221105407,1221.105407,AUDIO_TIMER_LATE,0xffff,0x0000,,59725,59725,0,0,2161,0,0,0,,True,audio_timer_interval_gt_2ms
1,1225635697,1221105800,1221.105800,AUDIO_SDU_GENERATED,0xffff,0x0000,77,59726,59725,1,0,19996,0,0,0,,False,
1,1225635697,1221107569,1221.107569,AUDIO_TIMER_LATE,0xffff,0x0000,,59726,59725,1,0,2162,0,0,0,,True,audio_timer_interval_gt_2ms
1,1225635697,1221107577,1221.107577,AUDIO_BUSY_SET,0x0040,0x0041,77,59726,59726,0,1,0,2,0,0,busy_context=2,False,
1,1225635697,1221107581,1221.107581,AUDIO_CAN_SEND_NOW,0x0040,0x0041,77,59726,59726,0,1,2,0,0,0,,False,
1,1225635697,1221107853,1221.107853,AUDIO_PACKET_SENT,0x0040,0x0041,77,59726,59726,0,1,272,0,0,0,,False,
1,1225635697,1221107856,1221.107856,AUDIO_BUSY_CLEAR,0x0040,0x0041,77,59726,59726,0,0,278,3,0,0,busy_context=3,False,
1,1225635697,1221107859,1221.107859,AUDIO_L2CAP_SEND,0x0040,0x0041,77,59726,59726,0,1,0,0,161,0,sdu_size=161,False,
1,1225635697,1221107860,1221.107860,AUDIO_CAN_SEND_REQUESTED,0x0040,0x0041,77,59726,59726,0,1,0,0,0,0,,False,
1,1225635697,1221111680,1221.111680,AUDIO_TIMER_LATE,0xffff,0x0000,,59726,59726,0,0,2153,0,0,0,,True,audio_timer_interval_gt_2ms
1,1225635697,1221113838,1221.113838,AUDIO_TIMER_LATE,0xffff,0x0000,,59726,59726,0,0,2158,0,0,0,,True,audio_timer_interval_gt_2ms
1,1225635697,1221115996,1221.115996,AUDIO_TIMER_LATE,0xffff,0x0000,,59726,59726,0,0,2158,0,0,0,,True,audio_timer_interval_gt_2ms
1,1225635697,1221119314,1221.119314,AUDIO_TIMER_LATE,0xffff,0x0000,,59726,59726,0,0,2160,0,0,0,,True,audio_timer_interval_gt_2ms
1,1225635697,1221121475,1221.121475,AUDIO_TIMER_LATE,0xffff,0x0000,,59726,59726,0,0,2161,0,0,0,,True,audio_timer_interval_gt_2ms
1,1225635697,1221123636,1221.123636,AUDIO_TIMER_LATE,0xffff,0x0000,,59726,59726,0,0,2161,0,0,0,,True,audio_timer_interval_gt_2ms
1,1225635697,1221125797,1221.125797,AUDIO_TIMER_LATE,0xffff,0x0000,,59726,59726,0,0,2161,0,0,0,,True,audio_timer_interval_gt_2ms
1,1225635697,1221125800,1221.125800,AUDIO_SDU_GENERATED,0xffff,0x0000,78,59727,59726,1,0,20000,0,0,0,,False,
1,1225635697,1221125806,1221.125806,AUDIO_BUSY_SET,0x0040,0x0041,78,59727,59727,0,1,0,2,0,0,busy_context=2,False,
1,1225635697,1221125809,1221.125809,AUDIO_CAN_SEND_NOW,0x0040,0x0041,78,59727,59727,0,1,2,0,0,0,,False,
1,1225635697,1221126082,1221.126082,AUDIO_PACKET_SENT,0x0040,0x0041,78,59727,59727,0,1,272,0,0,0,,False,
1,1225635697,1221126084,1221.126084,AUDIO_BUSY_CLEAR,0x0040,0x0041,78,59727,59727,0,0,278,3,0,0,busy_context=3,False,
1,1225635697,1221126087,1221.126087,AUDIO_L2CAP_SEND,0x0040,0x0041,78,59727,59727,0,1,0,0,161,0,sdu_size=161,False,
1,1225635697,1221126089,1221.126089,AUDIO_CAN_SEND_REQUESTED,0x0040,0x0041,78,59727,59727,0,1,0,0,0,0,,False,
1,1225635697,1221131327,1221.131327,AUDIO_TIMER_LATE,0xffff,0x0000,,59727,59727,0,0,2155,0,0,0,,True,audio_timer_interval_gt_2ms
1,1225635697,1221133486,1221.133486,AUDIO_TIMER_LATE,0xffff,0x0000,,59727,59727,0,0,2159,0,0,0,,True,audio_timer_interval_gt_2ms
1,1225635697,1221135644,1221.135644,AUDIO_TIMER_LATE,0xffff,0x0000,,59727,59727,0,0,2158,0,0,0,,True,audio_timer_interval_gt_2ms
1,1225635697,1221137805,1221.137805,AUDIO_TIMER_LATE,0xffff,0x0000,,59727,59727,0,0,2161,0,0,0,,True,audio_timer_interval_gt_2ms
1,1225635697,1221139966,1221.139966,AUDIO_TIMER_LATE,0xffff,0x0000,,59727,59727,0,0,2161,0,0,0,,True,audio_timer_interval_gt_2ms
1,1225635697,1221143287,1221.143287,AUDIO_TIMER_LATE,0xffff,0x0000,,59727,59727,0,0,2160,0,0,0,,True,audio_timer_interval_gt_2ms
1,1225635697,1221145448,1221.145448,AUDIO_TIMER_LATE,0xffff,0x0000,,59727,59727,0,0,2161,0,0,0,,True,audio_timer_interval_gt_2ms
1,1225635697,1221145800,1221.145800,AUDIO_SDU_GENERATED,0xffff,0x0000,79,59728,59727,1,0,20000,0,0,0,,False,
1,1225635697,1221147610,1221.147610,AUDIO_TIMER_LATE,0xffff,0x0000,,59728,59727,1,0,2162,0,0,0,,True,audio_timer_interval_gt_2ms
1,1225635697,1221147619,1221.147619,AUDIO_BUSY_SET,0x0040,0x0041,79,59728,59728,0,1,0,2,0,0,busy_context=2,False,
1,1225635697,1221147622,1221.147622,AUDIO_CAN_SEND_NOW,0x0040,0x0041,79,59728,59728,0,1,2,0,0,0,,False,
1,1225635697,1221147895,1221.147895,AUDIO_PACKET_SENT,0x0040,0x0041,79,59728,59728,0,1,273,0,0,0,,False,
1,1225635697,1221147897,1221.147897,AUDIO_BUSY_CLEAR,0x0040,0x0041,79,59728,59728,0,0,279,3,0,0,busy_context=3,False,
1,1225635697,1221147900,1221.147900,AUDIO_L2CAP_SEND,0x0040,0x0041,79,59728,59728,0,1,0,0,161,0,sdu_size=161,False,
1,1225635697,1221147902,1221.147902,AUDIO_CAN_SEND_REQUESTED,0x0040,0x0041,79,59728,59728,0,1,0,0,0,0,,False,
1,1225635697,1221151370,1221.151370,AUDIO_TIMER_LATE,0xffff,0x0000,,59728,59728,0,0,2154,0,0,0,,True,audio_timer_interval_gt_2ms
1,1225635697,1221153528,1221.153528,AUDIO_TIMER_LATE,0xffff,0x0000,,59728,59728,0,0,2158,0,0,0,,True,audio_timer_interval_gt_2ms
1,1225635697,1221155686,1221.155686,AUDIO_TIMER_LATE,0xffff,0x0000,,59728,59728,0,0,2158,0,0,0,,True,audio_timer_interval_gt_2ms
1,1225635697,1221157844,1221.157844,AUDIO_TIMER_LATE,0xffff,0x0000,,59728,59728,0,0,2158,0,0,0,,True,audio_timer_interval_gt_2ms
1,1225635697,1221160005,1221.160005,AUDIO_TIMER_LATE,0xffff,0x0000,,59728,59728,0,0,2161,0,0,0,,True,audio_timer_interval_gt_2ms
1,1225635697,1221162166,1221.162166,AUDIO_TIMER_LATE,0xffff,0x0000,,59728,59728,0,0,2161,0,0,0,,True,audio_timer_interval_gt_2ms
1,1225635697,1221164327,1221.164327,AUDIO_TIMER_LATE,0xffff,0x0000,,59728,59728,0,0,2161,0,0,0,,True,audio_timer_interval_gt_2ms
1,1225635697,1221165800,1221.165800,AUDIO_SDU_GENERATED,0xffff,0x0000,80,59729,59728,1,0,20000,0,0,0,,False,
1,1225635697,1221166488,1221.166488,AUDIO_TIMER_LATE,0xffff,0x0000,,59729,59728,1,0,2161,0,0,0,,True,audio_timer_interval_gt_2ms
1,1225635697,1221166497,1221.166497,AUDIO_BUSY_SET,0x0040,0x0041,80,59729,59729,0,1,0,2,0,0,busy_context=2,False,
1,1225635697,1221166501,1221.166501,AUDIO_CAN_SEND_NOW,0x0040,0x0041,80,59729,59729,0,1,2,0,0,0,,False,
1,1225635697,1221166809,1221.166809,AUDIO_PACKET_SENT,0x0040,0x0041,80,59729,59729,0,1,308,0,0,0,,False,
1,1225635697,1221166812,1221.166812,AUDIO_BUSY_CLEAR,0x0040,0x0041,80,59729,59729,0,0,314,3,0,0,busy_context=3,False,
1,1225635697,1221166815,1221.166815,AUDIO_L2CAP_SEND,0x0040,0x0041,80,59729,59729,0,1,0,0,161,0,sdu_size=161,False,
1,1225635697,1221166816,1221.166816,AUDIO_CAN_SEND_REQUESTED,0x0040,0x0041,80,59729,59729,0,1,0,0,0,0,,False,
1,1225635697,1221169179,1221.169179,AUDIO_TIMER_LATE,0xffff,0x0000,,59729,59728,1,0,2691,0,0,0,,True,audio_timer_interval_gt_2ms
1,1225635697,1221171338,1221.171338,AUDIO_TIMER_LATE,0xffff,0x0000,,59729,59729,0,0,2159,0,0,0,,True,audio_timer_interval_gt_2ms
1,1225635697,1221173496,1221.173496,AUDIO_TIMER_LATE,0xffff,0x0000,,59729,59729,0,0,2158,0,0,0,,True,audio_timer_interval_gt_2ms
1,1225635697,1221175654,1221.175654,AUDIO_TIMER_LATE,0xffff,0x0000,,59729,59729,0,0,2158,0,0,0,,True,audio_timer_interval_gt_2ms
1,1225635697,1221177813,1221.177813,AUDIO_TIMER_LATE,0xffff,0x0000,,59729,59729,0,0,2159,0,0,0,,True,audio_timer_interval_gt_2ms
1,1225635697,1221179974,1221.179974,AUDIO_TIMER_LATE,0xffff,0x0000,,59729,59729,0,0,2161,0,0,0,,True,audio_timer_interval_gt_2ms
1,1225635697,1221183295,1221.183295,AUDIO_TIMER_LATE,0xffff,0x0000,,59729,59729,0,0,2160,0,0,0,,True,audio_timer_interval_gt_2ms
1,1225635697,1221185456,1221.185456,AUDIO_TIMER_LATE,0xffff,0x0000,,59729,59729,0,0,2161,0,0,0,,True,audio_timer_interval_gt_2ms
1,1225635697,1221185801,1221.185801,AUDIO_SDU_GENERATED,0xffff,0x0000,81,59730,59729,1,0,20001,0,0,0,,False,
1,1225635697,1221187618,1221.187618,AUDIO_TIMER_LATE,0xffff,0x0000,,59730,59729,1,0,2162,0,0,0,,True,audio_timer_interval_gt_2ms
1,1225635697,1221187626,1221.187626,AUDIO_BUSY_SET,0x0040,0x0041,81,59730,59730,0,1,0,2,0,0,busy_context=2,False,
1,1225635697,1221187630,1221.187630,AUDIO_CAN_SEND_NOW,0x0040,0x0041,81,59730,59730,0,1,2,0,0,0,,False,
1,1225635697,1221187903,1221.187903,AUDIO_PACKET_SENT,0x0040,0x0041,81,59730,59730,0,1,273,0,0,0,,False,
1,1225635697,1221187905,1221.187905,AUDIO_BUSY_CLEAR,0x0040,0x0041,81,59730,59730,0,0,279,3,0,0,busy_context=3,False,
1,1225635697,1221187908,1221.187908,AUDIO_L2CAP_SEND,0x0040,0x0041,81,59730,59730,0,1,0,0,161,0,sdu_size=161,False,
1,1225635697,1221187910,1221.187910,AUDIO_CAN_SEND_REQUESTED,0x0040,0x0041,81,59730,59730,0,1,0,0,0,0,,False,
1,1225635697,1221191373,1221.191373,AUDIO_TIMER_LATE,0xffff,0x0000,,59730,59730,0,0,2153,0,0,0,,True,audio_timer_interval_gt_2ms
1,1225635697,1221193531,1221.193531,AUDIO_TIMER_LATE,0xffff,0x0000,,59730,59730,0,0,2158,0,0,0,,True,audio_timer_interval_gt_2ms
1,1225635697,1221195690,1221.195690,AUDIO_TIMER_LATE,0xffff,0x0000,,59730,59730,0,0,2159,0,0,0,,True,audio_timer_interval_gt_2ms
1,1225635697,1221197849,1221.197849,AUDIO_TIMER_LATE,0xffff,0x0000,,59730,59730,0,0,2159,0,0,0,,True,audio_timer_interval_gt_2ms
1,1225635697,1221200010,1221.200010,AUDIO_TIMER_LATE,0xffff,0x0000,,59730,59730,0,0,2161,0,0,0,,True,audio_timer_interval_gt_2ms
1,1225635697,1221202172,1221.202172,AUDIO_TIMER_LATE,0xffff,0x0000,,59730,59730,0,0,2162,0,0,0,,True,audio_timer_interval_gt_2ms
1,1225635697,1221204333,1221.204333,AUDIO_TIMER_LATE,0xffff,0x0000,,59730,59730,0,0,2161,0,0,0,,True,audio_timer_interval_gt_2ms
1,1225635697,1221205801,1221.205801,AUDIO_SDU_GENERATED,0xffff,0x0000,82,59731,59730,1,0,20000,0,0,0,,False,
1,1225635697,1221206494,1221.206494,AUDIO_TIMER_LATE,0xffff,0x0000,,59731,59730,1,0,2161,0,0,0,,True,audio_timer_interval_gt_2ms
1,1225635697,1221206502,1221.206502,AUDIO_BUSY_SET,0x0040,0x0041,82,59731,59731,0,1,0,2,0,0,busy_context=2,False,
1,1225635697,1221206506,1221.206506,AUDIO_CAN_SEND_NOW,0x0040,0x0041,82,59731,59731,0,1,2,0,0,0,,False,
1,1225635697,1221206779,1221.206779,AUDIO_PACKET_SENT,0x0040,0x0041,82,59731,59731,0,1,273,0,0,0,,False,
1,1225635697,1221206781,1221.206781,AUDIO_BUSY_CLEAR,0x0040,0x0041,82,59731,59731,0,0,279,3,0,0,busy_context=3,False,
1,1225635697,1221206784,1221.206784,AUDIO_L2CAP_SEND,0x0040,0x0041,82,59731,59731,0,1,0,0,161,0,sdu_size=161,False,
1,1225635697,1221206786,1221.206786,AUDIO_CAN_SEND_REQUESTED,0x0040,0x0041,82,59731,59731,0,1,0,0,0,0,,False,
1,1225635697,1221209184,1221.209184,AUDIO_TIMER_LATE,0xffff,0x0000,,59731,59730,1,0,2690,0,0,0,,True,audio_timer_interval_gt_2ms
1,1225635697,1221211343,1221.211343,AUDIO_TIMER_LATE,0xffff,0x0000,,59731,59731,0,0,2159,0,0,0,,True,audio_timer_interval_gt_2ms
1,1225635697,1221213501,1221.213501,AUDIO_TIMER_LATE,0xffff,0x0000,,59731,59731,0,0,2158,0,0,0,,True,audio_timer_interval_gt_2ms
1,1225635697,1221215659,1221.215659,AUDIO_TIMER_LATE,0xffff,0x0000,,59731,59731,0,0,2158,0,0,0,,True,audio_timer_interval_gt_2ms
1,1225635697,1221217818,1221.217818,AUDIO_TIMER_LATE,0xffff,0x0000,,59731,59731,0,0,2159,0,0,0,,True,audio_timer_interval_gt_2ms
1,1225635697,1221219979,1221.219979,AUDIO_TIMER_LATE,0xffff,0x0000,,59731,59731,0,0,2161,0,0,0,,True,audio_timer_interval_gt_2ms
1,1225635697,1221223300,1221.223300,AUDIO_TIMER_LATE,0xffff,0x0000,,59731,59731,0,0,2160,0,0,0,,True,audio_timer_interval_gt_2ms
1,1225635697,1221225461,1221.225461,AUDIO_TIMER_LATE,0xffff,0x0000,,59731,59731,0,0,2161,0,0,0,,True,audio_timer_interval_gt_2ms
1,1225635697,1221225799,1221.225799,AUDIO_SDU_GENERATED,0xffff,0x0000,83,59732,59731,1,0,19999,0,0,0,,False,
1,1225635697,1221227622,1221.227622,AUDIO_TIMER_LATE,0xffff,0x0000,,59732,59731,1,0,2161,0,0,0,,True,audio_timer_interval_gt_2ms
1,1225635697,1221227631,1221.227631,AUDIO_BUSY_SET,0x0040,0x0041,83,59732,59732,0,1,0,2,0,0,busy_context=2,False,
1,1225635697,1221227635,1221.227635,AUDIO_CAN_SEND_NOW,0x0040,0x0041,83,59732,59732,0,1,2,0,0,0,,False,
1,1225635697,1221227907,1221.227907,AUDIO_PACKET_SENT,0x0040,0x0041,83,59732,59732,0,1,272,0,0,0,,False,
1,1225635697,1221227910,1221.227910,AUDIO_BUSY_CLEAR,0x0040,0x0041,83,59732,59732,0,0,278,3,0,0,busy_context=3,False,
1,1225635697,1221227913,1221.227913,AUDIO_L2CAP_SEND,0x0040,0x0041,83,59732,59732,0,1,0,0,161,0,sdu_size=161,False,
1,1225635697,1221227914,1221.227914,AUDIO_CAN_SEND_REQUESTED,0x0040,0x0041,83,59732,59732,0,1,0,0,0,0,,False,
1,1225635697,1221229653,1221.229653,AUDIO_TIMER_LATE,0xffff,0x0000,,59732,59731,1,0,2031,0,0,0,,True,audio_timer_interval_gt_2ms
1,1225635697,1221231809,1221.231809,AUDIO_TIMER_LATE,0xffff,0x0000,,59732,59732,0,0,2156,0,0,0,,True,audio_timer_interval_gt_2ms
1,1225635697,1221233967,1221.233967,AUDIO_TIMER_LATE,0xffff,0x0000,,59732,59732,0,0,2158,0,0,0,,True,audio_timer_interval_gt_2ms
1,1225635697,1221237282,1221.237282,AUDIO_TIMER_LATE,0xffff,0x0000,,59732,59732,0,0,2157,0,0,0,,True,audio_timer_interval_gt_2ms
1,1225635697,1221239443,1221.239443,AUDIO_TIMER_LATE,0xffff,0x0000,,59732,59732,0,0,2161,0,0,0,,True,audio_timer_interval_gt_2ms
1,1225635697,1221241604,1221.241604,AUDIO_TIMER_LATE,0xffff,0x0000,,59732,59732,0,0,2160,0,0,0,,True,audio_timer_interval_gt_2ms
1,1225635697,1221243765,1221.243765,AUDIO_TIMER_LATE,0xffff,0x0000,,59732,59732,0,0,2162,0,0,0,,True,audio_timer_interval_gt_2ms
1,1225635697,1221245799,1221.245799,AUDIO_SDU_GENERATED,0xffff,0x0000,84,59733,59732,1,0,19999,0,0,0,,False,
1,1225635697,1221245926,1221.245926,AUDIO_TIMER_LATE,0xffff,0x0000,,59733,59732,1,0,2161,0,0,0,,True,audio_timer_interval_gt_2ms
1,1225635697,1221245934,1221.245934,AUDIO_BUSY_SET,0x0040,0x0041,84,59733,59733,0,1,0,2,0,0,busy_context=2,False,
1,1225635697,1221245938,1221.245938,AUDIO_CAN_SEND_NOW,0x0040,0x0041,84,59733,59733,0,1,2,0,0,0,,False,
1,1225635697,1221246211,1221.246211,AUDIO_PACKET_SENT,0x0040,0x0041,84,59733,59733,0,1,273,0,0,0,,False,
1,1225635697,1221246213,1221.246213,AUDIO_BUSY_CLEAR,0x0040,0x0041,84,59733,59733,0,0,279,3,0,0,busy_context=3,False,
1,1225635697,1221246216,1221.246216,AUDIO_L2CAP_SEND,0x0040,0x0041,84,59733,59733,0,1,0,0,161,0,sdu_size=161,False,
1,1225635697,1221246218,1221.246218,AUDIO_CAN_SEND_REQUESTED,0x0040,0x0041,84,59733,59733,0,1,0,0,0,0,,False,
1,1225635697,1221249947,1221.249947,AUDIO_TIMER_LATE,0xffff,0x0000,,59733,59733,0,0,2578,0,0,0,,True,audio_timer_interval_gt_2ms
1,1225635697,1221253262,1221.253262,AUDIO_TIMER_LATE,0xffff,0x0000,,59733,59733,0,0,2157,0,0,0,,True,audio_timer_interval_gt_2ms
1,1225635697,1221255420,1221.255420,AUDIO_TIMER_LATE,0xffff,0x0000,,59733,59733,0,0,2158,0,0,0,,True,audio_timer_interval_gt_2ms
1,1225635697,1221257582,1221.257582,AUDIO_TIMER_LATE,0xffff,0x0000,,59733,59733,0,0,2162,0,0,0,,True,audio_timer_interval_gt_2ms
1,1225635697,1221259743,1221.259743,AUDIO_TIMER_LATE,0xffff,0x0000,,59733,59733,0,0,2161,0,0,0,,True,audio_timer_interval_gt_2ms
1,1225635697,1221261905,1221.261905,AUDIO_TIMER_LATE,0xffff,0x0000,,59733,59733,0,0,2162,0,0,0,,True,audio_timer_interval_gt_2ms
1,1225635697,1221264066,1221.264066,AUDIO_TIMER_LATE,0xffff,0x0000,,59733,59733,0,0,2161,0,0,0,,True,audio_timer_interval_gt_2ms
1,1225635697,1221265800,1221.265800,AUDIO_SDU_GENERATED,0xffff,0x0000,85,59734,59733,1,0,20001,0,0,0,,False,
1,1225635697,1221266227,1221.266227,AUDIO_TIMER_LATE,0xffff,0x0000,,59734,59733,1,0,2161,0,0,0,,True,audio_timer_interval_gt_2ms
1,1225635697,1221266236,1221.266236,AUDIO_BUSY_SET,0x0040,0x0041,85,59734,59734,0,1,0,2,0,0,busy_context=2,False,
1,1225635697,1221266239,1221.266239,AUDIO_CAN_SEND_NOW,0x0040,0x0041,85,59734,59734,0,1,2,0,0,0,,False,
1,1225635697,1221266511,1221.266511,AUDIO_PACKET_SENT,0x0040,0x0041,85,59734,59734,0,1,272,0,0,0,,False,
1,1225635697,1221266514,1221.266514,AUDIO_BUSY_CLEAR,0x0040,0x0041,85,59734,59734,0,0,278,3,0,0,busy_context=3,False,
1,1225635697,1221266517,1221.266517,AUDIO_L2CAP_SEND,0x0040,0x0041,85,59734,59734,0,1,0,0,161,0,sdu_size=161,False,
1,1225635697,1221266518,1221.266518,AUDIO_CAN_SEND_REQUESTED,0x0040,0x0041,85,59734,59734,0,1,0,0,0,0,,False,
1,1225635697,1221268839,1221.268839,AUDIO_TIMER_LATE,0xffff,0x0000,,59734,59733,1,0,2612,0,0,0,,True,audio_timer_interval_gt_2ms
1,1225635697,1221270998,1221.270998,AUDIO_TIMER_LATE,0xffff,0x0000,,59734,59734,0,0,2159,0,0,0,,True,audio_timer_interval_gt_2ms
1,1225635697,1221274313,1221.274313,AUDIO_TIMER_LATE,0xffff,0x0000,,59734,59734,0,0,2157,0,0,0,,True,audio_timer_interval_gt_2ms
1,1225635697,1221276471,1221.276471,AUDIO_TIMER_LATE,0xffff,0x0000,,59734,59734,0,0,2158,0,0,0,,True,audio_timer_interval_gt_2ms
1,1225635697,1221278632,1221.278632,AUDIO_TIMER_LATE,0xffff,0x0000,,59734,59734,0,0,2161,0,0,0,,True,audio_timer_interval_gt_2ms
1,1225635697,1221280794,1221.280794,AUDIO_TIMER_LATE,0xffff,0x0000,,59734,59734,0,0,2162,0,0,0,,True,audio_timer_interval_gt_2ms
1,1225635697,1221282955,1221.282955,AUDIO_TIMER_LATE,0xffff,0x0000,,59734,59734,0,0,2160,0,0,0,,True,audio_timer_interval_gt_2ms
1,1225635697,1221285801,1221.285801,AUDIO_SDU_GENERATED,0xffff,0x0000,86,59735,59734,1,0,20001,0,0,0,,False,
1,1225635697,1221286276,1221.286276,AUDIO_TIMER_LATE,0xffff,0x0000,,59735,59734,1,0,2160,0,0,0,,True,audio_timer_interval_gt_2ms
1,1225635697,1221286284,1221.286284,AUDIO_BUSY_SET,0x0040,0x0041,86,59735,59735,0,1,0,2,0,0,busy_context=2,False,
1,1225635697,1221286288,1221.286288,AUDIO_CAN_SEND_NOW,0x0040,0x0041,86,59735,59735,0,1,2,0,0,0,,False,
1,1225635697,1221286560,1221.286560,AUDIO_PACKET_SENT,0x0040,0x0041,86,59735,59735,0,1,273,0,0,0,,False,
1,1225635697,1221286563,1221.286563,AUDIO_BUSY_CLEAR,0x0040,0x0041,86,59735,59735,0,0,278,3,0,0,busy_context=3,False,
1,1225635697,1221286566,1221.286566,AUDIO_L2CAP_SEND,0x0040,0x0041,86,59735,59735,0,1,0,0,161,0,sdu_size=161,False,
1,1225635697,1221286567,1221.286567,AUDIO_CAN_SEND_REQUESTED,0x0040,0x0041,86,59735,59735,0,1,0,0,0,0,,False,
1,1225635697,1221289151,1221.289151,AUDIO_TIMER_LATE,0xffff,0x0000,,59735,59734,1,0,2875,0,0,0,,True,audio_timer_interval_gt_2ms
1,1225635697,1221291316,1221.291316,AUDIO_TIMER_LATE,0xffff,0x0000,,59735,59735,0,0,2165,0,0,0,,True,audio_timer_interval_gt_2ms
1,1225635697,1221293474,1221.293474,AUDIO_TIMER_LATE,0xffff,0x0000,,59735,59735,0,0,2158,0,0,0,,True,audio_timer_interval_gt_2ms
1,1225635697,1221295632,1221.295632,AUDIO_TIMER_LATE,0xffff,0x0000,,59735,59735,0,0,2158,0,0,0,,True,audio_timer_interval_gt_2ms
1,1225635697,1221297791,1221.297791,AUDIO_TIMER_LATE,0xffff,0x0000,,59735,59735,0,0,2159,0,0,0,,True,audio_timer_interval_gt_2ms
1,1225635697,1221299952,1221.299952,AUDIO_TIMER_LATE,0xffff,0x0000,,59735,59735,0,0,2161,0,0,0,,True,audio_timer_interval_gt_2ms
1,1225635697,1221303274,1221.303274,AUDIO_TIMER_LATE,0xffff,0x0000,,59735,59735,0,0,2160,0,0,0,,True,audio_timer_interval_gt_2ms
1,1225635697,1221305435,1221.305435,AUDIO_TIMER_LATE,0xffff,0x0000,,59735,59735,0,0,2161,0,0,0,,True,audio_timer_interval_gt_2ms
1,1225635697,1221305801,1221.305801,AUDIO_SDU_GENERATED,0xffff,0x0000,87,59736,59735,1,0,20000,0,0,0,,False,
1,1225635697,1221307596,1221.307596,AUDIO_TIMER_LATE,0xffff,0x0000,,59736,59735,1,0,2161,0,0,0,,True,audio_timer_interval_gt_2ms
1,1225635697,1221307605,1221.307605,AUDIO_BUSY_SET,0x0040,0x0041,87,59736,59736,0,1,0,2,0,0,busy_context=2,False,
1,1225635697,1221307608,1221.307608,AUDIO_CAN_SEND_NOW,0x0040,0x0041,87,59736,59736,0,1,2,0,0,0,,False,
1,1225635697,1221307881,1221.307881,AUDIO_PACKET_SENT,0x0040,0x0041,87,59736,59736,0,1,273,0,0,0,,False,
1,1225635697,1221307883,1221.307883,AUDIO_BUSY_CLEAR,0x0040,0x0041,87,59736,59736,0,0,279,3,0,0,busy_context=3,False,
1,1225635697,1221307886,1221.307886,AUDIO_L2CAP_SEND,0x0040,0x0041,87,59736,59736,0,1,0,0,161,0,sdu_size=161,False,
1,1225635697,1221307888,1221.307888,AUDIO_CAN_SEND_REQUESTED,0x0040,0x0041,87,59736,59736,0,1,0,0,0,0,,False,
1,1225635697,1221311675,1221.311675,AUDIO_TIMER_LATE,0xffff,0x0000,,59736,59736,0,0,2153,0,0,0,,True,audio_timer_interval_gt_2ms
1,1225635697,1221313833,1221.313833,AUDIO_TIMER_LATE,0xffff,0x0000,,59736,59736,0,0,2158,0,0,0,,True,audio_timer_interval_gt_2ms
1,1225635697,1221315991,1221.315991,AUDIO_TIMER_LATE,0xffff,0x0000,,59736,59736,0,0,2157,0,0,0,,True,audio_timer_interval_gt_2ms
1,1225635697,1221319309,1221.319309,AUDIO_TIMER_LATE,0xffff,0x0000,,59736,59736,0,0,2160,0,0,0,,True,audio_timer_interval_gt_2ms
1,1225635697,1221321470,1221.321470,AUDIO_TIMER_LATE,0xffff,0x0000,,59736,59736,0,0,2160,0,0,0,,True,audio_timer_interval_gt_2ms
1,1225635697,1221323631,1221.323631,AUDIO_TIMER_LATE,0xffff,0x0000,,59736,59736,0,0,2162,0,0,0,,True,audio_timer_interval_gt_2ms
1,1225635697,1221325792,1221.325792,AUDIO_TIMER_LATE,0xffff,0x0000,,59736,59736,0,0,2161,0,0,0,,True,audio_timer_interval_gt_2ms
1,1225635697,1221325799,1221.325799,AUDIO_SDU_GENERATED,0xffff,0x0000,88,59737,59736,1,0,19998,0,0,0,,False,
1,1225635697,1221327953,1221.327953,AUDIO_TIMER_LATE,0xffff,0x0000,,59737,59736,1,0,2161,0,0,0,,True,audio_timer_interval_gt_2ms
1,1225635697,1221327961,1221.327961,AUDIO_BUSY_SET,0x0040,0x0041,88,59737,59737,0,1,0,2,0,0,busy_context=2,False,
1,1225635697,1221327965,1221.327965,AUDIO_CAN_SEND_NOW,0x0040,0x0041,88,59737,59737,0,1,2,0,0,0,,False,
1,1225635697,1221328238,1221.328238,AUDIO_PACKET_SENT,0x0040,0x0041,88,59737,59737,0,1,273,0,0,0,,False,
1,1225635697,1221328240,1221.328240,AUDIO_BUSY_CLEAR,0x0040,0x0041,88,59737,59737,0,0,279,3,0,0,busy_context=3,False,
1,1225635697,1221328243,1221.328243,AUDIO_L2CAP_SEND,0x0040,0x0041,88,59737,59737,0,1,0,0,161,0,sdu_size=161,False,
1,1225635697,1221328245,1221.328245,AUDIO_CAN_SEND_REQUESTED,0x0040,0x0041,88,59737,59737,0,1,0,0,0,0,,False,
1,1225635697,1221333227,1221.333227,AUDIO_TIMER_LATE,0xffff,0x0000,,59737,59737,0,0,2157,0,0,0,,True,audio_timer_interval_gt_2ms
1,1225635697,1221335385,1221.335385,AUDIO_TIMER_LATE,0xffff,0x0000,,59737,59737,0,0,2158,0,0,0,,True,audio_timer_interval_gt_2ms
1,1225635697,1221337543,1221.337543,AUDIO_TIMER_LATE,0xffff,0x0000,,59737,59737,0,0,2158,0,0,0,,True,audio_timer_interval_gt_2ms
1,1225635697,1221339704,1221.339704,AUDIO_TIMER_LATE,0xffff,0x0000,,59737,59737,0,0,2161,0,0,0,,True,audio_timer_interval_gt_2ms
1,1225635697,1221341865,1221.341865,AUDIO_TIMER_LATE,0xffff,0x0000,,59737,59737,0,0,2161,0,0,0,,True,audio_timer_interval_gt_2ms
1,1225635697,1221344026,1221.344026,AUDIO_TIMER_LATE,0xffff,0x0000,,59737,59737,0,0,2161,0,0,0,,True,audio_timer_interval_gt_2ms
1,1225635697,1221345801,1221.345801,AUDIO_SDU_GENERATED,0xffff,0x0000,89,59738,59737,1,0,20002,0,0,0,,False,
1,1225635697,1221346187,1221.346187,AUDIO_TIMER_LATE,0xffff,0x0000,,59738,59737,1,0,2161,0,0,0,,True,audio_timer_interval_gt_2ms
1,1225635697,1221346195,1221.346195,AUDIO_BUSY_SET,0x0040,0x0041,89,59738,59738,0,1,0,2,0,0,busy_context=2,False,
1,1225635697,1221346199,1221.346199,AUDIO_CAN_SEND_NOW,0x0040,0x0041,89,59738,59738,0,1,2,0,0,0,,False,
1,1225635697,1221346471,1221.346471,AUDIO_PACKET_SENT,0x0040,0x0041,89,59738,59738,0,1,272,0,0,0,,False,
1,1225635697,1221346474,1221.346474,AUDIO_BUSY_CLEAR,0x0040,0x0041,89,59738,59738,0,0,278,3,0,0,busy_context=3,False,
1,1225635697,1221346477,1221.346477,AUDIO_L2CAP_SEND,0x0040,0x0041,89,59738,59738,0,1,0,0,161,0,sdu_size=161,False,
1,1225635697,1221346478,1221.346478,AUDIO_CAN_SEND_REQUESTED,0x0040,0x0041,89,59738,59738,0,1,0,0,0,0,,False,
1,1225635697,1221348849,1221.348849,AUDIO_TIMER_LATE,0xffff,0x0000,,59738,59737,1,0,2662,0,0,0,,True,audio_timer_interval_gt_2ms
1,1225635697,1221351007,1221.351007,AUDIO_TIMER_LATE,0xffff,0x0000,,59738,59738,0,0,2158,0,0,0,,True,audio_timer_interval_gt_2ms
1,1225635697,1221353165,1221.353165,AUDIO_TIMER_LATE,0xffff,0x0000,,59738,59738,0,0,2158,0,0,0,,True,audio_timer_interval_gt_2ms
1,1225635697,1221355323,1221.355323,AUDIO_TIMER_LATE,0xffff,0x0000,,59738,59738,0,0,2158,0,0,0,,True,audio_timer_interval_gt_2ms
1,1225635697,1221357481,1221.357481,AUDIO_TIMER_LATE,0xffff,0x0000,,59738,59738,0,0,2158,0,0,0,,True,audio_timer_interval_gt_2ms
1,1225635697,1221359642,1221.359642,AUDIO_TIMER_LATE,0xffff,0x0000,,59738,59738,0,0,2161,0,0,0,,True,audio_timer_interval_gt_2ms
1,1225635697,1221361803,1221.361803,AUDIO_TIMER_LATE,0xffff,0x0000,,59738,59738,0,0,2161,0,0,0,,True,audio_timer_interval_gt_2ms
1,1225635697,1221363964,1221.363964,AUDIO_TIMER_LATE,0xffff,0x0000,,59738,59738,0,0,2160,0,0,0,,True,audio_timer_interval_gt_2ms
1,1225635697,1221365803,1221.365803,AUDIO_SDU_GENERATED,0xffff,0x0000,90,59739,59738,1,0,20002,0,0,0,,False,
1,1225635697,1221367285,1221.367285,AUDIO_TIMER_LATE,0xffff,0x0000,,59739,59738,1,0,2160,0,0,0,,True,audio_timer_interval_gt_2ms
1,1225635697,1221367294,1221.367294,AUDIO_BUSY_SET,0x0040,0x0041,90,59739,59739,0,1,0,2,0,0,busy_context=2,False,
1,1225635697,1221367298,1221.367298,AUDIO_CAN_SEND_NOW,0x0040,0x0041,90,59739,59739,0,1,2,0,0,0,,False,
1,1225635697,1221367570,1221.367570,AUDIO_PACKET_SENT,0x0040,0x0041,90,59739,59739,0,1,272,0,0,0,,False,
1,1225635697,1221367572,1221.367572,AUDIO_BUSY_CLEAR,0x0040,0x0041,90,59739,59739,0,0,278,3,0,0,busy_context=3,False,
1,1225635697,1221367576,1221.367576,AUDIO_L2CAP_SEND,0x0040,0x0041,90,59739,59739,0,1,0,0,161,0,sdu_size=161,False,
1,1225635697,1221367577,1221.367577,AUDIO_CAN_SEND_REQUESTED,0x0040,0x0041,90,59739,59739,0,1,0,0,0,0,,False,
1,1225635697,1221371354,1221.371354,AUDIO_TIMER_LATE,0xffff,0x0000,,59739,59739,0,0,2153,0,0,0,,True,audio_timer_interval_gt_2ms
1,1225635697,1221373512,1221.373512,AUDIO_TIMER_LATE,0xffff,0x0000,,59739,59739,0,0,2159,0,0,0,,True,audio_timer_interval_gt_2ms
1,1225635697,1221375670,1221.375670,AUDIO_TIMER_LATE,0xffff,0x0000,,59739,59739,0,0,2158,0,0,0,,True,audio_timer_interval_gt_2ms
1,1225635697,1221377828,1221.377828,AUDIO_TIMER_LATE,0xffff,0x0000,,59739,59739,0,0,2158,0,0,0,,True,audio_timer_interval_gt_2ms
1,1225635697,1221379990,1221.379990,AUDIO_TIMER_LATE,0xffff,0x0000,,59739,59739,0,0,2162,0,0,0,,True,audio_timer_interval_gt_2ms
1,1225635697,1221383312,1221.383312,AUDIO_TIMER_LATE,0xffff,0x0000,,59739,59739,0,0,2160,0,0,0,,True,audio_timer_interval_gt_2ms
1,1225635697,1221385473,1221.385473,AUDIO_TIMER_LATE,0xffff,0x0000,,59739,59739,0,0,2161,0,0,0,,True,audio_timer_interval_gt_2ms
1,1225635697,1221385801,1221.385801,AUDIO_SDU_GENERATED,0xffff,0x0000,91,59740,59739,1,0,19998,0,0,0,,False,
1,1225635697,1221387634,1221.387634,AUDIO_TIMER_LATE,0xffff,0x0000,,59740,59739,1,0,2161,0,0,0,,True,audio_timer_interval_gt_2ms
1,1225635697,1221387642,1221.387642,AUDIO_BUSY_SET,0x0040,0x0041,91,59740,59740,0,1,0,2,0,0,busy_context=2,False,
1,1225635697,1221387646,1221.387646,AUDIO_CAN_SEND_NOW,0x0040,0x0041,91,59740,59740,0,1,2,0,0,0,,False,
1,1225635697,1221387918,1221.387918,AUDIO_PACKET_SENT,0x0040,0x0041,91,59740,59740,0,1,272,0,0,0,,False,
1,1225635697,1221387921,1221.387921,AUDIO_BUSY_CLEAR,0x0040,0x0041,91,59740,59740,0,0,278,3,0,0,busy_context=3,False,
1,1225635697,1221387924,1221.387924,AUDIO_L2CAP_SEND,0x0040,0x0041,91,59740,59740,0,1,0,0,161,0,sdu_size=161,False,
1,1225635697,1221387925,1221.387925,AUDIO_CAN_SEND_REQUESTED,0x0040,0x0041,91,59740,59740,0,1,0,0,0,0,,False,
1,1225635697,1221391375,1221.391375,AUDIO_TIMER_LATE,0xffff,0x0000,,59740,59740,0,0,2158,0,0,0,,True,audio_timer_interval_gt_2ms
1,1225635697,1221393533,1221.393533,AUDIO_TIMER_LATE,0xffff,0x0000,,59740,59740,0,0,2157,0,0,0,,True,audio_timer_interval_gt_2ms
1,1225635697,1221395691,1221.395691,AUDIO_TIMER_LATE,0xffff,0x0000,,59740,59740,0,0,2159,0,0,0,,True,audio_timer_interval_gt_2ms
1,1225635697,1221397849,1221.397849,AUDIO_TIMER_LATE,0xffff,0x0000,,59740,59740,0,0,2158,0,0,0,,True,audio_timer_interval_gt_2ms
1,1225635697,1221400010,1221.400010,AUDIO_TIMER_LATE,0xffff,0x0000,,59740,59740,0,0,2161,0,0,0,,True,audio_timer_interval_gt_2ms
1,1225635697,1221402171,1221.402171,AUDIO_TIMER_LATE,0xffff,0x0000,,59740,59740,0,0,2161,0,0,0,,True,audio_timer_interval_gt_2ms
1,1225635697,1221404332,1221.404332,AUDIO_TIMER_LATE,0xffff,0x0000,,59740,59740,0,0,2161,0,0,0,,True,audio_timer_interval_gt_2ms
1,1225635697,1221405803,1221.405803,AUDIO_SDU_GENERATED,0xffff,0x0000,92,59741,59740,1,0,20002,0,0,0,,False,
1,1225635697,1221406493,1221.406493,AUDIO_TIMER_LATE,0xffff,0x0000,,59741,59740,1,0,2161,0,0,0,,True,audio_timer_interval_gt_2ms
1,1225635697,1221406502,1221.406502,AUDIO_BUSY_SET,0x0040,0x0041,92,59741,59741,0,1,0,2,0,0,busy_context=2,False,
1,1225635697,1221406506,1221.406506,AUDIO_CAN_SEND_NOW,0x0040,0x0041,92,59741,59741,0,1,2,0,0,0,,False,
1,1225635697,1221406778,1221.406778,AUDIO_PACKET_SENT,0x0040,0x0041,92,59741,59741,0,1,272,0,0,0,,False,
1,1225635697,1221406780,1221.406780,AUDIO_BUSY_CLEAR,0x0040,0x0041,92,59741,59741,0,0,278,3,0,0,busy_context=3,False,
1,1225635697,1221406784,1221.406784,AUDIO_L2CAP_SEND,0x0040,0x0041,92,59741,59741,0,1,0,0,161,0,sdu_size=161,False,
1,1225635697,1221406785,1221.406785,AUDIO_CAN_SEND_REQUESTED,0x0040,0x0041,92,59741,59741,0,1,0,0,0,0,,False,
1,1225635697,1221409207,1221.409207,AUDIO_TIMER_LATE,0xffff,0x0000,,59741,59740,1,0,2714,0,0,0,,True,audio_timer_interval_gt_2ms
1,1225635697,1221411366,1221.411366,AUDIO_TIMER_LATE,0xffff,0x0000,,59741,59741,0,0,2159,0,0,0,,True,audio_timer_interval_gt_2ms
1,1225635697,1221413525,1221.413525,AUDIO_TIMER_LATE,0xffff,0x0000,,59741,59741,0,0,2159,0,0,0,,True,audio_timer_interval_gt_2ms
1,1225635697,1221415683,1221.415683,AUDIO_TIMER_LATE,0xffff,0x0000,,59741,59741,0,0,2157,0,0,0,,True,audio_timer_interval_gt_2ms
1,1225635697,1221417841,1221.417841,AUDIO_TIMER_LATE,0xffff,0x0000,,59741,59741,0,0,2159,0,0,0,,True,audio_timer_interval_gt_2ms
1,1225635697,1221420002,1221.420002,AUDIO_TIMER_LATE,0xffff,0x0000,,59741,59741,0,0,2161,0,0,0,,True,audio_timer_interval_gt_2ms
1,1225635697,1221422163,1221.422163,AUDIO_TIMER_LATE,0xffff,0x0000,,59741,59741,0,0,2161,0,0,0,,True,audio_timer_interval_gt_2ms
1,1225635697,1221424324,1221.424324,AUDIO_TIMER_LATE,0xffff,0x0000,,59741,59741,0,0,2161,0,0,0,,True,audio_timer_interval_gt_2ms
1,1225635697,1221425800,1221.425800,AUDIO_SDU_GENERATED,0xffff,0x0000,93,59742,59741,1,0,19997,0,0,0,,False,
1,1225635697,1221426485,1221.426485,AUDIO_TIMER_LATE,0xffff,0x0000,,59742,59741,1,0,2161,0,0,0,,True,audio_timer_interval_gt_2ms
1,1225635697,1221426494,1221.426494,AUDIO_BUSY_SET,0x0040,0x0041,93,59742,59742,0,1,0,2,0,0,busy_context=2,False,
1,1225635697,1221426498,1221.426498,AUDIO_CAN_SEND_NOW,0x0040,0x0041,93,59742,59742,0,1,2,0,0,0,,False,
1,1225635697,1221426770,1221.426770,AUDIO_PACKET_SENT,0x0040,0x0041,93,59742,59742,0,1,272,0,0,0,,False,
1,1225635697,1221426772,1221.426772,AUDIO_BUSY_CLEAR,0x0040,0x0041,93,59742,59742,0,0,278,3,0,0,busy_context=3,False,
1,1225635697,1221426776,1221.426776,AUDIO_L2CAP_SEND,0x0040,0x0041,93,59742,59742,0,1,0,0,161,0,sdu_size=161,False,
1,1225635697,1221426777,1221.426777,AUDIO_CAN_SEND_REQUESTED,0x0040,0x0041,93,59742,59742,0,1,0,0,0,0,,False,
1,1225635697,1221428863,1221.428863,AUDIO_TIMER_LATE,0xffff,0x0000,,59742,59741,1,0,2378,0,0,0,,True,audio_timer_interval_gt_2ms
1,1225635697,1221431021,1221.431021,AUDIO_TIMER_LATE,0xffff,0x0000,,59742,59742,0,0,2158,0,0,0,,True,audio_timer_interval_gt_2ms
1,1225635697,1221433179,1221.433179,AUDIO_TIMER_LATE,0xffff,0x0000,,59742,59742,0,0,2158,0,0,0,,True,audio_timer_interval_gt_2ms
1,1225635697,1221435338,1221.435338,AUDIO_TIMER_LATE,0xffff,0x0000,,59742,59742,0,0,2159,0,0,0,,True,audio_timer_interval_gt_2ms
1,1225635697,1221437496,1221.437496,AUDIO_TIMER_LATE,0xffff,0x0000,,59742,59742,0,0,2158,0,0,0,,True,audio_timer_interval_gt_2ms
1,1225635697,1221439657,1221.439657,AUDIO_TIMER_LATE,0xffff,0x0000,,59742,59742,0,0,2161,0,0,0,,True,audio_timer_interval_gt_2ms
1,1225635697,1221441819,1221.441819,AUDIO_TIMER_LATE,0xffff,0x0000,,59742,59742,0,0,2162,0,0,0,,True,audio_timer_interval_gt_2ms
1,1225635697,1221443980,1221.443980,AUDIO_TIMER_LATE,0xffff,0x0000,,59742,59742,0,0,2161,0,0,0,,True,audio_timer_interval_gt_2ms
1,1225635697,1221445799,1221.445799,AUDIO_SDU_GENERATED,0xffff,0x0000,94,59743,59742,1,0,19999,0,0,0,,False,
1,1225635697,1221447302,1221.447302,AUDIO_TIMER_LATE,0xffff,0x0000,,59743,59742,1,0,2160,0,0,0,,True,audio_timer_interval_gt_2ms
1,1225635697,1221447310,1221.447310,AUDIO_BUSY_SET,0x0040,0x0041,94,59743,59743,0,1,0,2,0,0,busy_context=2,False,
1,1225635697,1221447314,1221.447314,AUDIO_CAN_SEND_NOW,0x0040,0x0041,94,59743,59743,0,1,2,0,0,0,,False,
1,1225635697,1221447621,1221.447621,AUDIO_PACKET_SENT,0x0040,0x0041,94,59743,59743,0,1,308,0,0,0,,False,
1,1225635697,1221447624,1221.447624,AUDIO_BUSY_CLEAR,0x0040,0x0041,94,59743,59743,0,0,313,3,0,0,busy_context=3,False,
1,1225635697,1221447627,1221.447627,AUDIO_L2CAP_SEND,0x0040,0x0041,94,59743,59743,0,1,0,0,161,0,sdu_size=161,False,
1,1225635697,1221447628,1221.447628,AUDIO_CAN_SEND_REQUESTED,0x0040,0x0041,94,59743,59743,0,1,0,0,0,0,,False,
1,1225635697,1221449846,1221.449846,AUDIO_TIMER_LATE,0xffff,0x0000,,59743,59742,1,0,2544,0,0,0,,True,audio_timer_interval_gt_2ms
1,1225635697,1221452004,1221.452004,AUDIO_TIMER_LATE,0xffff,0x0000,,59743,59743,0,0,2158,0,0,0,,True,audio_timer_interval_gt_2ms
1,1225635697,1221454163,1221.454163,AUDIO_TIMER_LATE,0xffff,0x0000,,59743,59743,0,0,2159,0,0,0,,True,audio_timer_interval_gt_2ms
1,1225635697,1221456321,1221.456321,AUDIO_TIMER_LATE,0xffff,0x0000,,59743,59743,0,0,2158,0,0,0,,True,audio_timer_interval_gt_2ms
1,1225635697,1221458479,1221.458479,AUDIO_TIMER_LATE,0xffff,0x0000,,59743,59743,0,0,2158,0,0,0,,True,audio_timer_interval_gt_2ms
1,1225635697,1221460640,1221.460640,AUDIO_TIMER_LATE,0xffff,0x0000,,59743,59743,0,0,2161,0,0,0,,True,audio_timer_interval_gt_2ms
1,1225635697,1221462802,1221.462802,AUDIO_TIMER_LATE,0xffff,0x0000,,59743,59743,0,0,2162,0,0,0,,True,audio_timer_interval_gt_2ms
1,1225635697,1221464963,1221.464963,AUDIO_TIMER_LATE,0xffff,0x0000,,59743,59743,0,0,2161,0,0,0,,True,audio_timer_interval_gt_2ms
1,1225635697,1221465802,1221.465802,AUDIO_SDU_GENERATED,0xffff,0x0000,95,59744,59743,1,0,20003,0,0,0,,False,
1,1225635697,1221466131,1221.466131,AUDIO_BUSY_SET,0x0040,0x0041,95,59744,59744,0,1,0,2,0,0,busy_context=2,False,
1,1225635697,1221466135,1221.466135,AUDIO_CAN_SEND_NOW,0x0040,0x0041,95,59744,59744,0,1,2,0,0,0,,False,
1,1225635697,1221466407,1221.466407,AUDIO_PACKET_SENT,0x0040,0x0041,95,59744,59744,0,1,272,0,0,0,,False,
1,1225635697,1221466409,1221.466409,AUDIO_BUSY_CLEAR,0x0040,0x0041,95,59744,59744,0,0,278,3,0,0,busy_context=3,False,
1,1225635697,1221466413,1221.466413,AUDIO_L2CAP_SEND,0x0040,0x0041,95,59744,59744,0,1,0,0,161,0,sdu_size=161,False,
1,1225635697,1221466414,1221.466414,AUDIO_CAN_SEND_REQUESTED,0x0040,0x0041,95,59744,59744,0,1,0,0,0,0,,False,
1,1225635697,1221468566,1221.468566,AUDIO_TIMER_LATE,0xffff,0x0000,,59744,59743,1,0,2442,0,0,0,,True,audio_timer_interval_gt_2ms
1,1225635697,1221472432,1221.472432,AUDIO_TIMER_LATE,0xffff,0x0000,,59744,59744,0,0,2157,0,0,0,,True,audio_timer_interval_gt_2ms
1,1225635697,1221474590,1221.474590,AUDIO_TIMER_LATE,0xffff,0x0000,,59744,59744,0,0,2158,0,0,0,,True,audio_timer_interval_gt_2ms
1,1225635697,1221476748,1221.476748,AUDIO_TIMER_LATE,0xffff,0x0000,,59744,59744,0,0,2158,0,0,0,,True,audio_timer_interval_gt_2ms
1,1225635697,1221478909,1221.478909,AUDIO_TIMER_LATE,0xffff,0x0000,,59744,59744,0,0,2161,0,0,0,,True,audio_timer_interval_gt_2ms
1,1225635697,1221482230,1221.482230,AUDIO_TIMER_LATE,0xffff,0x0000,,59744,59744,0,0,2160,0,0,0,,True,audio_timer_interval_gt_2ms
1,1225635697,1221484392,1221.484392,AUDIO_TIMER_LATE,0xffff,0x0000,,59744,59744,0,0,2162,0,0,0,,True,audio_timer_interval_gt_2ms
1,1225635697,1221485799,1221.485799,AUDIO_SDU_GENERATED,0xffff,0x0000,96,59745,59744,1,0,19997,0,0,0,,False,
1,1225635697,1221486553,1221.486553,AUDIO_TIMER_LATE,0xffff,0x0000,,59745,59744,1,0,2161,0,0,0,,True,audio_timer_interval_gt_2ms
1,1225635697,1221486561,1221.486561,AUDIO_BUSY_SET,0x0040,0x0041,96,59745,59745,0,1,0,2,0,0,busy_context=2,False,
1,1225635697,1221486565,1221.486565,AUDIO_CAN_SEND_NOW,0x0040,0x0041,96,59745,59745,0,1,2,0,0,0,,False,
1,1225635697,1221486838,1221.486838,AUDIO_PACKET_SENT,0x0040,0x0041,96,59745,59745,0,1,273,0,0,0,,False,
1,1225635697,1221486840,1221.486840,AUDIO_BUSY_CLEAR,0x0040,0x0041,96,59745,59745,0,0,279,3,0,0,busy_context=3,False,
1,1225635697,1221486843,1221.486843,AUDIO_L2CAP_SEND,0x0040,0x0041,96,59745,59745,0,1,0,0,161,0,sdu_size=161,False,
1,1225635697,1221486845,1221.486845,AUDIO_CAN_SEND_REQUESTED,0x0040,0x0041,96,59745,59745,0,1,0,0,0,0,,False,
1,1225635697,1221489219,1221.489219,AUDIO_TIMER_LATE,0xffff,0x0000,,59745,59744,1,0,2666,0,0,0,,True,audio_timer_interval_gt_2ms
1,1225635697,1221491377,1221.491377,AUDIO_TIMER_LATE,0xffff,0x0000,,59745,59745,0,0,2157,0,0,0,,True,audio_timer_interval_gt_2ms
1,1225635697,1221493535,1221.493535,AUDIO_TIMER_LATE,0xffff,0x0000,,59745,59745,0,0,2159,0,0,0,,True,audio_timer_interval_gt_2ms
1,1225635697,1221495693,1221.495693,AUDIO_TIMER_LATE,0xffff,0x0000,,59745,59745,0,0,2158,0,0,0,,True,audio_timer_interval_gt_2ms
1,1225635697,1221497851,1221.497851,AUDIO_TIMER_LATE,0xffff,0x0000,,59745,59745,0,0,2158,0,0,0,,True,audio_timer_interval_gt_2ms
1,1225635697,1221500013,1221.500013,AUDIO_TIMER_LATE,0xffff,0x0000,,59745,59745,0,0,2161,0,0,0,,True,audio_timer_interval_gt_2ms
1,1225635697,1221502174,1221.502174,AUDIO_TIMER_LATE,0xffff,0x0000,,59745,59745,0,0,2162,0,0,0,,True,audio_timer_interval_gt_2ms
1,1225635697,1221504335,1221.504335,AUDIO_TIMER_LATE,0xffff,0x0000,,59745,59745,0,0,2161,0,0,0,,True,audio_timer_interval_gt_2ms
1,1225635697,1221505802,1221.505802,AUDIO_SDU_GENERATED,0xffff,0x0000,97,59746,59745,1,0,20003,0,0,0,,False,
1,1225635697,1221506496,1221.506496,AUDIO_TIMER_LATE,0xffff,0x0000,,59746,59745,1,0,2161,0,0,0,,True,audio_timer_interval_gt_2ms
1,1225635697,1221506504,1221.506504,AUDIO_BUSY_SET,0x0040,0x0041,97,59746,59746,0,1,0,2,0,0,busy_context=2,False,
1,1225635697,1221506508,1221.506508,AUDIO_CAN_SEND_NOW,0x0040,0x0041,97,59746,59746,0,1,2,0,0,0,,False,
1,1225635697,1221506781,1221.506781,AUDIO_PACKET_SENT,0x0040,0x0041,97,59746,59746,0,1,273,0,0,0,,False,
1,1225635697,1221506783,1221.506783,AUDIO_BUSY_CLEAR,0x0040,0x0041,97,59746,59746,0,0,279,3,0,0,busy_context=3,False,
1,1225635697,1221506786,1221.506786,AUDIO_L2CAP_SEND,0x0040,0x0041,97,59746,59746,0,1,0,0,161,0,sdu_size=161,False,
1,1225635697,1221506788,1221.506788,AUDIO_CAN_SEND_REQUESTED,0x0040,0x0041,97,59746,59746,0,1,0,0,0,0,,False,
1,1225635697,1221508870,1221.508870,AUDIO_TIMER_LATE,0xffff,0x0000,,59746,59745,1,0,2373,0,0,0,,True,audio_timer_interval_gt_2ms
1,1225635697,1221511028,1221.511028,AUDIO_TIMER_LATE,0xffff,0x0000,,59746,59746,0,0,2159,0,0,0,,True,audio_timer_interval_gt_2ms
1,1225635697,1221513187,1221.513187,AUDIO_TIMER_LATE,0xffff,0x0000,,59746,59746,0,0,2159,0,0,0,,True,audio_timer_interval_gt_2ms
1,1225635697,1221515345,1221.515345,AUDIO_TIMER_LATE,0xffff,0x0000,,59746,59746,0,0,2158,0,0,0,,True,audio_timer_interval_gt_2ms
1,1225635697,1221517503,1221.517503,AUDIO_TIMER_LATE,0xffff,0x0000,,59746,59746,0,0,2158,0,0,0,,True,audio_timer_interval_gt_2ms
1,1225635697,1221519664,1221.519664,AUDIO_TIMER_LATE,0xffff,0x0000,,59746,59746,0,0,2161,0,0,0,,True,audio_timer_interval_gt_2ms
1,1225635697,1221521825,1221.521825,AUDIO_TIMER_LATE,0xffff,0x0000,,59746,59746,0,0,2161,0,0,0,,True,audio_timer_interval_gt_2ms
1,1225635697,1221523987,1221.523987,AUDIO_TIMER_LATE,0xffff,0x0000,,59746,59746,0,0,2162,0,0,0,,True,audio_timer_interval_gt_2ms
1,1225635697,1221525801,1221.525801,AUDIO_SDU_GENERATED,0xffff,0x0000,98,59747,59746,1,0,19999,0,0,0,,False,
1,1225635697,1221527308,1221.527308,AUDIO_TIMER_LATE,0xffff,0x0000,,59747,59746,1,0,2160,0,0,0,,True,audio_timer_interval_gt_2ms
1,1225635697,1221527316,1221.527316,AUDIO_BUSY_SET,0x0040,0x0041,98,59747,59747,0,1,0,2,0,0,busy_context=2,False,
1,1225635697,1221527320,1221.527320,AUDIO_CAN_SEND_NOW,0x0040,0x0041,98,59747,59747,0,1,2,0,0,0,,False,
1,1225635697,1221527592,1221.527592,AUDIO_PACKET_SENT,0x0040,0x0041,98,59747,59747,0,1,272,0,0,0,,False,
1,1225635697,1221527594,1221.527594,AUDIO_BUSY_CLEAR,0x0040,0x0041,98,59747,59747,0,0,278,3,0,0,busy_context=3,False,
1,1225635697,1221527598,1221.527598,AUDIO_L2CAP_SEND,0x0040,0x0041,98,59747,59747,0,1,0,0,161,0,sdu_size=161,False,
1,1225635697,1221527599,1221.527599,AUDIO_CAN_SEND_REQUESTED,0x0040,0x0041,98,59747,59747,0,1,0,0,0,0,,False,
1,1225635697,1221531384,1221.531384,AUDIO_TIMER_LATE,0xffff,0x0000,,59747,59747,0,0,2153,0,0,0,,True,audio_timer_interval_gt_2ms
1,1225635697,1221533542,1221.533542,AUDIO_TIMER_LATE,0xffff,0x0000,,59747,59747,0,0,2158,0,0,0,,True,audio_timer_interval_gt_2ms
1,1225635697,1221535700,1221.535700,AUDIO_TIMER_LATE,0xffff,0x0000,,59747,59747,0,0,2157,0,0,0,,True,audio_timer_interval_gt_2ms
1,1225635697,1221537859,1221.537859,AUDIO_TIMER_LATE,0xffff,0x0000,,59747,59747,0,0,2160,0,0,0,,True,audio_timer_interval_gt_2ms
1,1225635697,1221540020,1221.540020,AUDIO_TIMER_LATE,0xffff,0x0000,,59747,59747,0,0,2161,0,0,0,,True,audio_timer_interval_gt_2ms
1,1225635697,1221542181,1221.542181,AUDIO_TIMER_LATE,0xffff,0x0000,,59747,59747,0,0,2161,0,0,0,,True,audio_timer_interval_gt_2ms
1,1225635697,1221544342,1221.544342,AUDIO_TIMER_LATE,0xffff,0x0000,,59747,59747,0,0,2161,0,0,0,,True,audio_timer_interval_gt_2ms
1,1225635697,1221545803,1221.545803,AUDIO_SDU_GENERATED,0xffff,0x0000,99,59748,59747,1,0,20002,0,0,0,,False,
1,1225635697,1221546503,1221.546503,AUDIO_TIMER_LATE,0xffff,0x0000,,59748,59747,1,0,2161,0,0,0,,True,audio_timer_interval_gt_2ms
1,1225635697,1221546512,1221.546512,AUDIO_BUSY_SET,0x0040,0x0041,99,59748,59748,0,1,0,2,0,0,busy_context=2,False,
1,1225635697,1221546515,1221.546515,AUDIO_CAN_SEND_NOW,0x0040,0x0041,99,59748,59748,0,1,2,0,0,0,,False,
1,1225635697,1221546788,1221.546788,AUDIO_PACKET_SENT,0x0040,0x0041,99,59748,59748,0,1,273,0,0,0,,False,
1,1225635697,1221546790,1221.546790,AUDIO_BUSY_CLEAR,0x0040,0x0041,99,59748,59748,0,0,278,3,0,0,busy_context=3,False,
1,1225635697,1221546793,1221.546793,AUDIO_L2CAP_SEND,0x0040,0x0041,99,59748,59748,0,1,0,0,161,0,sdu_size=161,False,
1,1225635697,1221546795,1221.546795,AUDIO_CAN_SEND_REQUESTED,0x0040,0x0041,99,59748,59748,0,1,0,0,0,0,,False,
1,1225635697,1221548876,1221.548876,AUDIO_TIMER_LATE,0xffff,0x0000,,59748,59747,1,0,2372,0,0,0,,True,audio_timer_interval_gt_2ms
1,1225635697,1221551034,1221.551034,AUDIO_TIMER_LATE,0xffff,0x0000,,59748,59748,0,0,2159,0,0,0,,True,audio_timer_interval_gt_2ms
1,1225635697,1221553192,1221.553192,AUDIO_TIMER_LATE,0xffff,0x0000,,59748,59748,0,0,2157,0,0,0,,True,audio_timer_interval_gt_2ms
1,1225635697,1221555350,1221.555350,AUDIO_TIMER_LATE,0xffff,0x0000,,59748,59748,0,0,2159,0,0,0,,True,audio_timer_interval_gt_2ms
1,1225635697,1221557508,1221.557508,AUDIO_TIMER_LATE,0xffff,0x0000,,59748,59748,0,0,2158,0,0,0,,True,audio_timer_interval_gt_2ms
1,1225635697,1221559670,1221.559670,AUDIO_TIMER_LATE,0xffff,0x0000,,59748,59748,0,0,2162,0,0,0,,True,audio_timer_interval_gt_2ms
1,1225635697,1221561832,1221.561832,AUDIO_TIMER_LATE,0xffff,0x0000,,59748,59748,0,0,2162,0,0,0,,True,audio_timer_interval_gt_2ms
1,1225635697,1221563993,1221.563993,AUDIO_TIMER_LATE,0xffff,0x0000,,59748,59748,0,0,2161,0,0,0,,True,audio_timer_interval_gt_2ms
1,1225635697,1221565800,1221.565800,AUDIO_SDU_GENERATED,0xffff,0x0000,100,59749,59748,1,0,19997,0,0,0,,False,
1,1225635697,1221567314,1221.567314,AUDIO_TIMER_LATE,0xffff,0x0000,,59749,59748,1,0,2160,0,0,0,,True,audio_timer_interval_gt_2ms
1,1225635697,1221567322,1221.567322,AUDIO_BUSY_SET,0x0040,0x0041,100,59749,59749,0,1,0,2,0,0,busy_context=2,False,
1,1225635697,1221567326,1221.567326,AUDIO_CAN_SEND_NOW,0x0040,0x0041,100,59749,59749,0,1,2,0,0,0,,False,
1,1225635697,1221567598,1221.567598,AUDIO_PACKET_SENT,0x0040,0x0041,100,59749,59749,0,1,273,0,0,0,,False,
1,1225635697,1221567601,1221.567601,AUDIO_BUSY_CLEAR,0x0040,0x0041,100,59749,59749,0,0,278,3,0,0,busy_context=3,False,
1,1225635697,1221567604,1221.567604,AUDIO_L2CAP_SEND,0x0040,0x0041,100,59749,59749,0,1,0,0,161,0,sdu_size=161,False,
1,1225635697,1221567605,1221.567605,AUDIO_CAN_SEND_REQUESTED,0x0040,0x0041,100,59749,59749,0,1,0,0,0,0,,False,
1,1225635697,1221571392,1221.571392,AUDIO_TIMER_LATE,0xffff,0x0000,,59749,59749,0,0,2153,0,0,0,,True,audio_timer_interval_gt_2ms
1,1225635697,1221573550,1221.573550,AUDIO_TIMER_LATE,0xffff,0x0000,,59749,59749,0,0,2158,0,0,0,,True,audio_timer_interval_gt_2ms
1,1225635697,1221575708,1221.575708,AUDIO_TIMER_LATE,0xffff,0x0000,,59749,59749,0,0,2157,0,0,0,,True,audio_timer_interval_gt_2ms
1,1225635697,1221577866,1221.577866,AUDIO_TIMER_LATE,0xffff,0x0000,,59749,59749,0,0,2159,0,0,0,,True,audio_timer_interval_gt_2ms
1,1225635697,1221580027,1221.580027,AUDIO_TIMER_LATE,0xffff,0x0000,,59749,59749,0,0,2161,0,0,0,,True,audio_timer_interval_gt_2ms
1,1225635697,1221582188,1221.582188,AUDIO_TIMER_LATE,0xffff,0x0000,,59749,59749,0,0,2161,0,0,0,,True,audio_timer_interval_gt_2ms
1,1225635697,1221584350,1221.584350,AUDIO_TIMER_LATE,0xffff,0x0000,,59749,59749,0,0,2162,0,0,0,,True,audio_timer_interval_gt_2ms
1,1225635697,1221585800,1221.585800,AUDIO_SDU_GENERATED,0xffff,0x0000,101,59750,59749,1,0,20000,0,0,0,,False,
1,1225635697,1221586512,1221.586512,AUDIO_TIMER_LATE,0xffff,0x0000,,59750,59749,1,0,2161,0,0,0,,True,audio_timer_interval_gt_2ms
1,1225635697,1221586520,1221.586520,AUDIO_BUSY_SET,0x0040,0x0041,101,59750,59750,0,1,0,2,0,0,busy_context=2,False,
1,1225635697,1221586524,1221.586524,AUDIO_CAN_SEND_NOW,0x0040,0x0041,101,59750,59750,0,1,2,0,0,0,,False,
1,1225635697,1221586796,1221.586796,AUDIO_PACKET_SENT,0x0040,0x0041,101,59750,59750,0,1,273,0,0,0,,False,
1,1225635697,1221586799,1221.586799,AUDIO_BUSY_CLEAR,0x0040,0x0041,101,59750,59750,0,0,278,3,0,0,busy_context=3,False,
1,1225635697,1221586802,1221.586802,AUDIO_L2CAP_SEND,0x0040,0x0041,101,59750,59750,0,1,0,0,161,0,sdu_size=161,False,
1,1225635697,1221586803,1221.586803,AUDIO_CAN_SEND_REQUESTED,0x0040,0x0041,101,59750,59750,0,1,0,0,0,0,,False,
1,1225635697,1221588848,1221.588848,AUDIO_TIMER_LATE,0xffff,0x0000,,59750,59749,1,0,2337,0,0,0,,True,audio_timer_interval_gt_2ms
1,1225635697,1221591007,1221.591007,AUDIO_TIMER_LATE,0xffff,0x0000,,59750,59750,0,0,2159,0,0,0,,True,audio_timer_interval_gt_2ms
1,1225635697,1221593165,1221.593165,AUDIO_TIMER_LATE,0xffff,0x0000,,59750,59750,0,0,2158,0,0,0,,True,audio_timer_interval_gt_2ms
1,1225635697,1221595323,1221.595323,AUDIO_TIMER_LATE,0xffff,0x0000,,59750,59750,0,0,2158,0,0,0,,True,audio_timer_interval_gt_2ms
1,1225635697,1221597481,1221.597481,AUDIO_TIMER_LATE,0xffff,0x0000,,59750,59750,0,0,2158,0,0,0,,True,audio_timer_interval_gt_2ms
1,1225635697,1221599642,1221.599642,AUDIO_TIMER_LATE,0xffff,0x0000,,59750,59750,0,0,2161,0,0,0,,True,audio_timer_interval_gt_2ms
1,1225635697,1221601804,1221.601804,AUDIO_TIMER_LATE,0xffff,0x0000,,59750,59750,0,0,2162,0,0,0,,True,audio_timer_interval_gt_2ms
1,1225635697,1221603966,1221.603966,AUDIO_TIMER_LATE,0xffff,0x0000,,59750,59750,0,0,2162,0,0,0,,True,audio_timer_interval_gt_2ms
1,1225635697,1221605798,1221.605798,AUDIO_SDU_GENERATED,0xffff,0x0000,102,59751,59750,1,0,19998,0,0,0,,False,
1,1225635697,1221607287,1221.607287,AUDIO_TIMER_LATE,0xffff,0x0000,,59751,59750,1,0,2160,0,0,0,,True,audio_timer_interval_gt_2ms
1,1225635697,1221607296,1221.607296,AUDIO_BUSY_SET,0x0040,0x0041,102,59751,59751,0,1,0,2,0,0,busy_context=2,False,
1,1225635697,1221607300,1221.607300,AUDIO_CAN_SEND_NOW,0x0040,0x0041,102,59751,59751,0,1,2,0,0,0,,False,
1,1225635697,1221607608,1221.607608,AUDIO_PACKET_SENT,0x0040,0x0041,102,59751,59751,0,1,308,0,0,0,,False,
1,1225635697,1221607610,1221.607610,AUDIO_BUSY_CLEAR,0x0040,0x0041,102,59751,59751,0,0,314,3,0,0,busy_context=3,False,
1,1225635697,1221607614,1221.607614,AUDIO_L2CAP_SEND,0x0040,0x0041,102,59751,59751,0,1,0,0,161,0,sdu_size=161,False,
1,1225635697,1221607615,1221.607615,AUDIO_CAN_SEND_REQUESTED,0x0040,0x0041,102,59751,59751,0,1,0,0,0,0,,False,
1,1225635697,1221611404,1221.611404,AUDIO_TIMER_LATE,0xffff,0x0000,,59751,59751,0,0,2154,0,0,0,,True,audio_timer_interval_gt_2ms
1,1225635697,1221613563,1221.613563,AUDIO_TIMER_LATE,0xffff,0x0000,,59751,59751,0,0,2159,0,0,0,,True,audio_timer_interval_gt_2ms
1,1225635697,1221615721,1221.615721,AUDIO_TIMER_LATE,0xffff,0x0000,,59751,59751,0,0,2158,0,0,0,,True,audio_timer_interval_gt_2ms
1,1225635697,1221617880,1221.617880,AUDIO_TIMER_LATE,0xffff,0x0000,,59751,59751,0,0,2159,0,0,0,,True,audio_timer_interval_gt_2ms
1,1225635697,1221620042,1221.620042,AUDIO_TIMER_LATE,0xffff,0x0000,,59751,59751,0,0,2162,0,0,0,,True,audio_timer_interval_gt_2ms
1,1225635697,1221622203,1221.622203,AUDIO_TIMER_LATE,0xffff,0x0000,,59751,59751,0,0,2161,0,0,0,,True,audio_timer_interval_gt_2ms
1,1225635697,1221624364,1221.624364,AUDIO_TIMER_LATE,0xffff,0x0000,,59751,59751,0,0,2161,0,0,0,,True,audio_timer_interval_gt_2ms
1,1225635697,1221625800,1221.625800,AUDIO_SDU_GENERATED,0xffff,0x0000,103,59752,59751,1,0,20002,0,0,0,,False,
1,1225635697,1221626525,1221.626525,AUDIO_TIMER_LATE,0xffff,0x0000,,59752,59751,1,0,2161,0,0,0,,True,audio_timer_interval_gt_2ms
1,1225635697,1221626533,1221.626533,AUDIO_BUSY_SET,0x0040,0x0041,103,59752,59752,0,1,0,2,0,0,busy_context=2,False,
1,1225635697,1221626537,1221.626537,AUDIO_CAN_SEND_NOW,0x0040,0x0041,103,59752,59752,0,1,2,0,0,0,,False,
1,1225635697,1221626810,1221.626810,AUDIO_PACKET_SENT,0x0040,0x0041,103,59752,59752,0,1,273,0,0,0,,False,
1,1225635697,1221626812,1221.626812,AUDIO_BUSY_CLEAR,0x0040,0x0041,103,59752,59752,0,0,279,3,0,0,busy_context=3,False,
1,1225635697,1221626815,1221.626815,AUDIO_L2CAP_SEND,0x0040,0x0041,103,59752,59752,0,1,0,0,161,0,sdu_size=161,False,
1,1225635697,1221626817,1221.626817,AUDIO_CAN_SEND_REQUESTED,0x0040,0x0041,103,59752,59752,0,1,0,0,0,0,,False,
1,1225635697,1221628855,1221.628855,AUDIO_TIMER_LATE,0xffff,0x0000,,59752,59751,1,0,2330,0,0,0,,True,audio_timer_interval_gt_2ms
1,1225635697,1221631014,1221.631014,AUDIO_TIMER_LATE,0xffff,0x0000,,59752,59752,0,0,2159,0,0,0,,True,audio_timer_interval_gt_2ms
1,1225635697,1221633172,1221.633172,AUDIO_TIMER_LATE,0xffff,0x0000,,59752,59752,0,0,2158,0,0,0,,True,audio_timer_interval_gt_2ms
1,1225635697,1221635330,1221.635330,AUDIO_TIMER_LATE,0xffff,0x0000,,59752,59752,0,0,2158,0,0,0,,True,audio_timer_interval_gt_2ms
1,1225635697,1221637488,1221.637488,AUDIO_TIMER_LATE,0xffff,0x0000,,59752,59752,0,0,2158,0,0,0,,True,audio_timer_interval_gt_2ms
1,1225635697,1221639649,1221.639649,AUDIO_TIMER_LATE,0xffff,0x0000,,59752,59752,0,0,2161,0,0,0,,True,audio_timer_interval_gt_2ms
1,1225635697,1221641811,1221.641811,AUDIO_TIMER_LATE,0xffff,0x0000,,59752,59752,0,0,2162,0,0,0,,True,audio_timer_interval_gt_2ms
1,1225635697,1221643972,1221.643972,AUDIO_TIMER_LATE,0xffff,0x0000,,59752,59752,0,0,2161,0,0,0,,True,audio_timer_interval_gt_2ms
1,1225635697,1221645801,1221.645801,AUDIO_SDU_GENERATED,0xffff,0x0000,104,59753,59752,1,0,20001,0,0,0,,False,
1,1225635697,1221647293,1221.647293,AUDIO_TIMER_LATE,0xffff,0x0000,,59753,59752,1,0,2160,0,0,0,,True,audio_timer_interval_gt_2ms
1,1225635697,1221647301,1221.647301,AUDIO_BUSY_SET,0x0040,0x0041,104,59753,59753,0,1,0,2,0,0,busy_context=2,False,
1,1225635697,1221647305,1221.647305,AUDIO_CAN_SEND_NOW,0x0040,0x0041,104,59753,59753,0,1,2,0,0,0,,False,
1,1225635697,1221647577,1221.647577,AUDIO_PACKET_SENT,0x0040,0x0041,104,59753,59753,0,1,273,0,0,0,,False,
1,1225635697,1221647580,1221.647580,AUDIO_BUSY_CLEAR,0x0040,0x0041,104,59753,59753,0,0,278,3,0,0,busy_context=3,False,
1,1225635697,1221647583,1221.647583,AUDIO_L2CAP_SEND,0x0040,0x0041,104,59753,59753,0,1,0,0,161,0,sdu_size=161,False,
1,1225635697,1221647584,1221.647584,AUDIO_CAN_SEND_REQUESTED,0x0040,0x0041,104,59753,59753,0,1,0,0,0,0,,False,
1,1225635697,1221651359,1221.651359,AUDIO_TIMER_LATE,0xffff,0x0000,,59753,59753,0,0,2154,0,0,0,,True,audio_timer_interval_gt_2ms
1,1225635697,1221653517,1221.653517,AUDIO_TIMER_LATE,0xffff,0x0000,,59753,59753,0,0,2158,0,0,0,,True,audio_timer_interval_gt_2ms
1,1225635697,1221655676,1221.655676,AUDIO_TIMER_LATE,0xffff,0x0000,,59753,59753,0,0,2159,0,0,0,,True,audio_timer_interval_gt_2ms
1,1225635697,1221657834,1221.657834,AUDIO_TIMER_LATE,0xffff,0x0000,,59753,59753,0,0,2158,0,0,0,,True,audio_timer_interval_gt_2ms
1,1225635697,1221659995,1221.659995,AUDIO_TIMER_LATE,0xffff,0x0000,,59753,59753,0,0,2161,0,0,0,,True,audio_timer_interval_gt_2ms
1,1225635697,1221663316,1221.663316,AUDIO_TIMER_LATE,0xffff,0x0000,,59753,59753,0,0,2160,0,0,0,,True,audio_timer_interval_gt_2ms
1,1225635697,1221665477,1221.665477,AUDIO_TIMER_LATE,0xffff,0x0000,,59753,59753,0,0,2161,0,0,0,,True,audio_timer_interval_gt_2ms
1,1225635697,1221665800,1221.665800,AUDIO_SDU_GENERATED,0xffff,0x0000,105,59754,59753,1,0,20000,0,0,0,,False,
1,1225635697,1221667639,1221.667639,AUDIO_TIMER_LATE,0xffff,0x0000,,59754,59753,1,0,2162,0,0,0,,True,audio_timer_interval_gt_2ms
1,1225635697,1221667648,1221.667648,AUDIO_BUSY_SET,0x0040,0x0041,105,59754,59754,0,1,0,2,0,0,busy_context=2,False,
1,1225635697,1221667651,1221.667651,AUDIO_CAN_SEND_NOW,0x0040,0x0041,105,59754,59754,0,1,2,0,0,0,,False,
1,1225635697,1221667924,1221.667924,AUDIO_PACKET_SENT,0x0040,0x0041,105,59754,59754,0,1,273,0,0,0,,False,
1,1225635697,1221667926,1221.667926,AUDIO_BUSY_CLEAR,0x0040,0x0041,105,59754,59754,0,0,278,3,0,0,busy_context=3,False,
1,1225635697,1221667929,1221.667929,AUDIO_L2CAP_SEND,0x0040,0x0041,105,59754,59754,0,1,0,0,161,0,sdu_size=161,False,
1,1225635697,1221667930,1221.667930,AUDIO_CAN_SEND_REQUESTED,0x0040,0x0041,105,59754,59754,0,1,0,0,0,0,,False,
1,1225635697,1221671794,1221.671794,AUDIO_TIMER_LATE,0xffff,0x0000,,59754,59754,0,0,2712,0,0,0,,True,audio_timer_interval_gt_2ms
1,1225635697,1221673952,1221.673952,AUDIO_TIMER_LATE,0xffff,0x0000,,59754,59754,0,0,2158,0,0,0,,True,audio_timer_interval_gt_2ms
1,1225635697,1221677267,1221.677267,AUDIO_TIMER_LATE,0xffff,0x0000,,59754,59754,0,0,2157,0,0,0,,True,audio_timer_interval_gt_2ms
1,1225635697,1221679428,1221.679428,AUDIO_TIMER_LATE,0xffff,0x0000,,59754,59754,0,0,2161,0,0,0,,True,audio_timer_interval_gt_2ms
1,1225635697,1221681589,1221.681589,AUDIO_TIMER_LATE,0xffff,0x0000,,59754,59754,0,0,2161,0,0,0,,True,audio_timer_interval_gt_2ms
1,1225635697,1221683750,1221.683750,AUDIO_TIMER_LATE,0xffff,0x0000,,59754,59754,0,0,2161,0,0,0,,True,audio_timer_interval_gt_2ms
1,1225635697,1221685801,1221.685801,AUDIO_SDU_GENERATED,0xffff,0x0000,106,59755,59754,1,0,20000,0,0,0,,False,
1,1225635697,1221685912,1221.685912,AUDIO_TIMER_LATE,0xffff,0x0000,,59755,59754,1,0,2161,0,0,0,,True,audio_timer_interval_gt_2ms
1,1225635697,1221685920,1221.685920,AUDIO_BUSY_SET,0x0040,0x0041,106,59755,59755,0,1,0,2,0,0,busy_context=2,False,
1,1225635697,1221685924,1221.685924,AUDIO_CAN_SEND_NOW,0x0040,0x0041,106,59755,59755,0,1,2,0,0,0,,False,
1,1225635697,1221686196,1221.686196,AUDIO_PACKET_SENT,0x0040,0x0041,106,59755,59755,0,1,272,0,0,0,,False,
1,1225635697,1221686199,1221.686199,AUDIO_BUSY_CLEAR,0x0040,0x0041,106,59755,59755,0,0,278,3,0,0,busy_context=3,False,
1,1225635697,1221686202,1221.686202,AUDIO_L2CAP_SEND,0x0040,0x0041,106,59755,59755,0,1,0,0,161,0,sdu_size=161,False,
1,1225635697,1221686203,1221.686203,AUDIO_CAN_SEND_REQUESTED,0x0040,0x0041,106,59755,59755,0,1,0,0,0,0,,False,
1,1225635697,1221691365,1221.691365,AUDIO_TIMER_LATE,0xffff,0x0000,,59755,59755,0,0,2153,0,0,0,,True,audio_timer_interval_gt_2ms
1,1225635697,1221693524,1221.693524,AUDIO_TIMER_LATE,0xffff,0x0000,,59755,59755,0,0,2159,0,0,0,,True,audio_timer_interval_gt_2ms
1,1225635697,1221695683,1221.695683,AUDIO_TIMER_LATE,0xffff,0x0000,,59755,59755,0,0,2159,0,0,0,,True,audio_timer_interval_gt_2ms
1,1225635697,1221697844,1221.697844,AUDIO_TIMER_LATE,0xffff,0x0000,,59755,59755,0,0,2161,0,0,0,,True,audio_timer_interval_gt_2ms
1,1225635697,1221700005,1221.700005,AUDIO_TIMER_LATE,0xffff,0x0000,,59755,59755,0,0,2161,0,0,0,,True,audio_timer_interval_gt_2ms
1,1225635697,1221702166,1221.702166,AUDIO_TIMER_LATE,0xffff,0x0000,,59755,59755,0,0,2161,0,0,0,,True,audio_timer_interval_gt_2ms
1,1225635697,1221704327,1221.704327,AUDIO_TIMER_LATE,0xffff,0x0000,,59755,59755,0,0,2161,0,0,0,,True,audio_timer_interval_gt_2ms
1,1225635697,1221705800,1221.705800,AUDIO_SDU_GENERATED,0xffff,0x0000,107,59756,59755,1,0,19999,0,0,0,,False,
1,1225635697,1221706488,1221.706488,AUDIO_TIMER_LATE,0xffff,0x0000,,59756,59755,1,0,2161,0,0,0,,True,audio_timer_interval_gt_2ms
1,1225635697,1221706497,1221.706497,AUDIO_BUSY_SET,0x0040,0x0041,107,59756,59756,0,1,0,2,0,0,busy_context=2,False,
1,1225635697,1221706501,1221.706501,AUDIO_CAN_SEND_NOW,0x0040,0x0041,107,59756,59756,0,1,2,0,0,0,,False,
1,1225635697,1221706773,1221.706773,AUDIO_PACKET_SENT,0x0040,0x0041,107,59756,59756,0,1,272,0,0,0,,False,
1,1225635697,1221706775,1221.706775,AUDIO_BUSY_CLEAR,0x0040,0x0041,107,59756,59756,0,0,278,3,0,0,busy_context=3,False,
1,1225635697,1221706779,1221.706779,AUDIO_L2CAP_SEND,0x0040,0x0041,107,59756,59756,0,1,0,0,161,0,sdu_size=161,False,
1,1225635697,1221706780,1221.706780,AUDIO_CAN_SEND_REQUESTED,0x0040,0x0041,107,59756,59756,0,1,0,0,0,0,,False,
1,1225635697,1221708864,1221.708864,AUDIO_TIMER_LATE,0xffff,0x0000,,59756,59755,1,0,2376,0,0,0,,True,audio_timer_interval_gt_2ms
1,1225635697,1221711022,1221.711022,AUDIO_TIMER_LATE,0xffff,0x0000,,59756,59756,0,0,2158,0,0,0,,True,audio_timer_interval_gt_2ms
1,1225635697,1221713180,1221.713180,AUDIO_TIMER_LATE,0xffff,0x0000,,59756,59756,0,0,2158,0,0,0,,True,audio_timer_interval_gt_2ms
1,1225635697,1221715338,1221.715338,AUDIO_TIMER_LATE,0xffff,0x0000,,59756,59756,0,0,2158,0,0,0,,True,audio_timer_interval_gt_2ms
1,1225635697,1221717496,1221.717496,AUDIO_TIMER_LATE,0xffff,0x0000,,59756,59756,0,0,2158,0,0,0,,True,audio_timer_interval_gt_2ms
1,1225635697,1221719657,1221.719657,AUDIO_TIMER_LATE,0xffff,0x0000,,59756,59756,0,0,2161,0,0,0,,True,audio_timer_interval_gt_2ms
1,1225635697,1221721818,1221.721818,AUDIO_TIMER_LATE,0xffff,0x0000,,59756,59756,0,0,2161,0,0,0,,True,audio_timer_interval_gt_2ms
1,1225635697,1221723979,1221.723979,AUDIO_TIMER_LATE,0xffff,0x0000,,59756,59756,0,0,2160,0,0,0,,True,audio_timer_interval_gt_2ms
1,1225635697,1221725800,1221.725800,AUDIO_SDU_GENERATED,0xffff,0x0000,108,59757,59756,1,0,20000,0,0,0,,False,
1,1225635697,1221727300,1221.727300,AUDIO_TIMER_LATE,0xffff,0x0000,,59757,59756,1,0,2160,0,0,0,,True,audio_timer_interval_gt_2ms
1,1225635697,1221727308,1221.727308,AUDIO_BUSY_SET,0x0040,0x0041,108,59757,59757,0,1,0,2,0,0,busy_context=2,False,
1,1225635697,1221727312,1221.727312,AUDIO_CAN_SEND_NOW,0x0040,0x0041,108,59757,59757,0,1,2,0,0,0,,False,
1,1225635697,1221727585,1221.727585,AUDIO_PACKET_SENT,0x0040,0x0041,108,59757,59757,0,1,273,0,0,0,,False,
1,1225635697,1221727587,1221.727587,AUDIO_BUSY_CLEAR,0x0040,0x0041,108,59757,59757,0,0,279,3,0,0,busy_context=3,False,
1,1225635697,1221727590,1221.727590,AUDIO_L2CAP_SEND,0x0040,0x0041,108,59757,59757,0,1,0,0,161,0,sdu_size=161,False,
1,1225635697,1221727592,1221.727592,AUDIO_CAN_SEND_REQUESTED,0x0040,0x0041,108,59757,59757,0,1,0,0,0,0,,False,
1,1225635697,1221731370,1221.731370,AUDIO_TIMER_LATE,0xffff,0x0000,,59757,59757,0,0,2154,0,0,0,,True,audio_timer_interval_gt_2ms
1,1225635697,1221733528,1221.733528,AUDIO_TIMER_LATE,0xffff,0x0000,,59757,59757,0,0,2157,0,0,0,,True,audio_timer_interval_gt_2ms
1,1225635697,1221735686,1221.735686,AUDIO_TIMER_LATE,0xffff,0x0000,,59757,59757,0,0,2159,0,0,0,,True,audio_timer_interval_gt_2ms
1,1225635697,1221737845,1221.737845,AUDIO_TIMER_LATE,0xffff,0x0000,,59757,59757,0,0,2159,0,0,0,,True,audio_timer_interval_gt_2ms
1,1225635697,1221740006,1221.740006,AUDIO_TIMER_LATE,0xffff,0x0000,,59757,59757,0,0,2161,0,0,0,,True,audio_timer_interval_gt_2ms
1,1225635697,1221742168,1221.742168,AUDIO_TIMER_LATE,0xffff,0x0000,,59757,59757,0,0,2162,0,0,0,,True,audio_timer_interval_gt_2ms
1,1225635697,1221744330,1221.744330,AUDIO_TIMER_LATE,0xffff,0x0000,,59757,59757,0,0,2162,0,0,0,,True,audio_timer_interval_gt_2ms
1,1225635697,1221745804,1221.745804,AUDIO_SDU_GENERATED,0xffff,0x0000,109,59758,59757,1,0,20005,0,0,0,,False,
1,1225635697,1221746491,1221.746491,AUDIO_TIMER_LATE,0xffff,0x0000,,59758,59757,1,0,2161,0,0,0,,True,audio_timer_interval_gt_2ms
1,1225635697,1221746499,1221.746499,AUDIO_BUSY_SET,0x0040,0x0041,109,59758,59758,0,1,0,2,0,0,busy_context=2,False,
1,1225635697,1221746503,1221.746503,AUDIO_CAN_SEND_NOW,0x0040,0x0041,109,59758,59758,0,1,2,0,0,0,,False,
1,1225635697,1221746776,1221.746776,AUDIO_PACKET_SENT,0x0040,0x0041,109,59758,59758,0,1,273,0,0,0,,False,
1,1225635697,1221746778,1221.746778,AUDIO_BUSY_CLEAR,0x0040,0x0041,109,59758,59758,0,0,278,3,0,0,busy_context=3,False,
1,1225635697,1221746781,1221.746781,AUDIO_L2CAP_SEND,0x0040,0x0041,109,59758,59758,0,1,0,0,161,0,sdu_size=161,False,
1,1225635697,1221746783,1221.746783,AUDIO_CAN_SEND_REQUESTED,0x0040,0x0041,109,59758,59758,0,1,0,0,0,0,,False,
1,1225635697,1221748869,1221.748869,AUDIO_TIMER_LATE,0xffff,0x0000,,59758,59757,1,0,2378,0,0,0,,True,audio_timer_interval_gt_2ms
1,1225635697,1221751028,1221.751028,AUDIO_TIMER_LATE,0xffff,0x0000,,59758,59758,0,0,2159,0,0,0,,True,audio_timer_interval_gt_2ms
1,1225635697,1221753186,1221.753186,AUDIO_TIMER_LATE,0xffff,0x0000,,59758,59758,0,0,2158,0,0,0,,True,audio_timer_interval_gt_2ms
1,1225635697,1221755344,1221.755344,AUDIO_TIMER_LATE,0xffff,0x0000,,59758,59758,0,0,2158,0,0,0,,True,audio_timer_interval_gt_2ms
1,1225635697,1221757502,1221.757502,AUDIO_TIMER_LATE,0xffff,0x0000,,59758,59758,0,0,2158,0,0,0,,True,audio_timer_interval_gt_2ms
1,1225635697,1221759663,1221.759663,AUDIO_TIMER_LATE,0xffff,0x0000,,59758,59758,0,0,2160,0,0,0,,True,audio_timer_interval_gt_2ms
1,1225635697,1221761824,1221.761824,AUDIO_TIMER_LATE,0xffff,0x0000,,59758,59758,0,0,2162,0,0,0,,True,audio_timer_interval_gt_2ms
1,1225635697,1221763985,1221.763985,AUDIO_TIMER_LATE,0xffff,0x0000,,59758,59758,0,0,2161,0,0,0,,True,audio_timer_interval_gt_2ms
1,1225635697,1221765802,1221.765802,AUDIO_SDU_GENERATED,0xffff,0x0000,110,59759,59758,1,0,19997,0,0,0,,False,
1,1225635697,1221767306,1221.767306,AUDIO_TIMER_LATE,0xffff,0x0000,,59759,59758,1,0,2160,0,0,0,,True,audio_timer_interval_gt_2ms
1,1225635697,1221767315,1221.767315,AUDIO_BUSY_SET,0x0040,0x0041,110,59759,59759,0,1,0,2,0,0,busy_context=2,False,
1,1225635697,1221767318,1221.767318,AUDIO_CAN_SEND_NOW,0x0040,0x0041,110,59759,59759,0,1,2,0,0,0,,False,
1,1225635697,1221767590,1221.767590,AUDIO_PACKET_SENT,0x0040,0x0041,110,59759,59759,0,1,272,0,0,0,,False,
1,1225635697,1221767593,1221.767593,AUDIO_BUSY_CLEAR,0x0040,0x0041,110,59759,59759,0,0,278,3,0,0,busy_context=3,False,
1,1225635697,1221767596,1221.767596,AUDIO_L2CAP_SEND,0x0040,0x0041,110,59759,59759,0,1,0,0,161,0,sdu_size=161,False,
1,1225635697,1221767597,1221.767597,AUDIO_CAN_SEND_REQUESTED,0x0040,0x0041,110,59759,59759,0,1,0,0,0,0,,False,
1,1225635697,1221771371,1221.771371,AUDIO_TIMER_LATE,0xffff,0x0000,,59759,59759,0,0,2154,0,0,0,,True,audio_timer_interval_gt_2ms
1,1225635697,1221773529,1221.773529,AUDIO_TIMER_LATE,0xffff,0x0000,,59759,59759,0,0,2158,0,0,0,,True,audio_timer_interval_gt_2ms
1,1225635697,1221775687,1221.775687,AUDIO_TIMER_LATE,0xffff,0x0000,,59759,59759,0,0,2158,0,0,0,,True,audio_timer_interval_gt_2ms
1,1225635697,1221777845,1221.777845,AUDIO_TIMER_LATE,0xffff,0x0000,,59759,59759,0,0,2158,0,0,0,,True,audio_timer_interval_gt_2ms
1,1225635697,1221780007,1221.780007,AUDIO_TIMER_LATE,0xffff,0x0000,,59759,59759,0,0,2162,0,0,0,,True,audio_timer_interval_gt_2ms
1,1225635697,1221782169,1221.782169,AUDIO_TIMER_LATE,0xffff,0x0000,,59759,59759,0,0,2162,0,0,0,,True,audio_timer_interval_gt_2ms
1,1225635697,1221784330,1221.784330,AUDIO_TIMER_LATE,0xffff,0x0000,,59759,59759,0,0,2161,0,0,0,,True,audio_timer_interval_gt_2ms
1,1225635697,1221785799,1221.785799,AUDIO_SDU_GENERATED,0xffff,0x0000,111,59760,59759,1,0,19997,0,0,0,,False,
1,1225635697,1221786492,1221.786492,AUDIO_TIMER_LATE,0xffff,0x0000,,59760,59759,1,0,2162,0,0,0,,True,audio_timer_interval_gt_2ms
1,1225635697,1221786501,1221.786501,AUDIO_BUSY_SET,0x0040,0x0041,111,59760,59760,0,1,0,2,0,0,busy_context=2,False,
1,1225635697,1221786504,1221.786504,AUDIO_CAN_SEND_NOW,0x0040,0x0041,111,59760,59760,0,1,2,0,0,0,,False,
1,1225635697,1221786777,1221.786777,AUDIO_PACKET_SENT,0x0040,0x0041,111,59760,59760,0,1,273,0,0,0,,False,
1,1225635697,1221786779,1221.786779,AUDIO_BUSY_CLEAR,0x0040,0x0041,111,59760,59760,0,0,279,3,0,0,busy_context=3,False,
1,1225635697,1221786782,1221.786782,AUDIO_L2CAP_SEND,0x0040,0x0041,111,59760,59760,0,1,0,0,161,0,sdu_size=161,False,
1,1225635697,1221786784,1221.786784,AUDIO_CAN_SEND_REQUESTED,0x0040,0x0041,111,59760,59760,0,1,0,0,0,0,,False,
1,1225635697,1221789055,1221.789055,AUDIO_TIMER_LATE,0xffff,0x0000,,59760,59759,1,0,2563,0,0,0,,True,audio_timer_interval_gt_2ms
1,1225635697,1221791214,1221.791214,AUDIO_TIMER_LATE,0xffff,0x0000,,59760,59760,0,0,2159,0,0,0,,True,audio_timer_interval_gt_2ms
1,1225635697,1221793372,1221.793372,AUDIO_TIMER_LATE,0xffff,0x0000,,59760,59760,0,0,2158,0,0,0,,True,audio_timer_interval_gt_2ms
1,1225635697,1221795530,1221.795530,AUDIO_TIMER_LATE,0xffff,0x0000,,59760,59760,0,0,2158,0,0,0,,True,audio_timer_interval_gt_2ms
1,1225635697,1221797688,1221.797688,AUDIO_TIMER_LATE,0xffff,0x0000,,59760,59760,0,0,2158,0,0,0,,True,audio_timer_interval_gt_2ms
1,1225635697,1221799850,1221.799850,AUDIO_TIMER_LATE,0xffff,0x0000,,59760,59760,0,0,2161,0,0,0,,True,audio_timer_interval_gt_2ms
1,1225635697,1221802011,1221.802011,AUDIO_TIMER_LATE,0xffff,0x0000,,59760,59760,0,0,2162,0,0,0,,True,audio_timer_interval_gt_2ms
1,1225635697,1221804172,1221.804172,AUDIO_TIMER_LATE,0xffff,0x0000,,59760,59760,0,0,2161,0,0,0,,True,audio_timer_interval_gt_2ms
1,1225635697,1221805801,1221.805801,AUDIO_SDU_GENERATED,0xffff,0x0000,112,59761,59760,1,0,20002,0,0,0,,False,
1,1225635697,1221806334,1221.806334,AUDIO_TIMER_LATE,0xffff,0x0000,,59761,59760,1,0,2162,0,0,0,,True,audio_timer_interval_gt_2ms
1,1225635697,1221806342,1221.806342,AUDIO_BUSY_SET,0x0040,0x0041,112,59761,59761,0,1,0,2,0,0,busy_context=2,False,
1,1225635697,1221806346,1221.806346,AUDIO_CAN_SEND_NOW,0x0040,0x0041,112,59761,59761,0,1,2,0,0,0,,False,
1,1225635697,1221806618,1221.806618,AUDIO_PACKET_SENT,0x0040,0x0041,112,59761,59761,0,1,272,0,0,0,,False,
1,1225635697,1221806621,1221.806621,AUDIO_BUSY_CLEAR,0x0040,0x0041,112,59761,59761,0,0,278,3,0,0,busy_context=3,False,
1,1225635697,1221806624,1221.806624,AUDIO_L2CAP_SEND,0x0040,0x0041,112,59761,59761,0,1,0,0,161,0,sdu_size=161,False,
1,1225635697,1221806625,1221.806625,AUDIO_CAN_SEND_REQUESTED,0x0040,0x0041,112,59761,59761,0,1,0,0,0,0,,False,
1,1225635697,1221809227,1221.809227,AUDIO_TIMER_LATE,0xffff,0x0000,,59761,59760,1,0,2893,0,0,0,,True,audio_timer_interval_gt_2ms
1,1225635697,1221811386,1221.811386,AUDIO_TIMER_LATE,0xffff,0x0000,,59761,59761,0,0,2159,0,0,0,,True,audio_timer_interval_gt_2ms
1,1225635697,1221813544,1221.813544,AUDIO_TIMER_LATE,0xffff,0x0000,,59761,59761,0,0,2158,0,0,0,,True,audio_timer_interval_gt_2ms
1,1225635697,1221815703,1221.815703,AUDIO_TIMER_LATE,0xffff,0x0000,,59761,59761,0,0,2159,0,0,0,,True,audio_timer_interval_gt_2ms
1,1225635697,1221817862,1221.817862,AUDIO_TIMER_LATE,0xffff,0x0000,,59761,59761,0,0,2159,0,0,0,,True,audio_timer_interval_gt_2ms
1,1225635697,1221820023,1221.820023,AUDIO_TIMER_LATE,0xffff,0x0000,,59761,59761,0,0,2161,0,0,0,,True,audio_timer_interval_gt_2ms
1,1225635697,1221822184,1221.822184,AUDIO_TIMER_LATE,0xffff,0x0000,,59761,59761,0,0,2161,0,0,0,,True,audio_timer_interval_gt_2ms
1,1225635697,1221824346,1221.824346,AUDIO_TIMER_LATE,0xffff,0x0000,,59761,59761,0,0,2162,0,0,0,,True,audio_timer_interval_gt_2ms
1,1225635697,1221825803,1221.825803,AUDIO_SDU_GENERATED,0xffff,0x0000,113,59762,59761,1,0,20002,0,0,0,,False,
1,1225635697,1221826508,1221.826508,AUDIO_TIMER_LATE,0xffff,0x0000,,59762,59761,1,0,2162,0,0,0,,True,audio_timer_interval_gt_2ms
1,1225635697,1221826517,1221.826517,AUDIO_BUSY_SET,0x0040,0x0041,113,59762,59762,0,1,0,2,0,0,busy_context=2,False,
1,1225635697,1221826520,1221.826520,AUDIO_CAN_SEND_NOW,0x0040,0x0041,113,59762,59762,0,1,2,0,0,0,,False,
1,1225635697,1221826792,1221.826792,AUDIO_PACKET_SENT,0x0040,0x0041,113,59762,59762,0,1,272,0,0,0,,False,
1,1225635697,1221826795,1221.826795,AUDIO_BUSY_CLEAR,0x0040,0x0041,113,59762,59762,0,0,278,3,0,0,busy_context=3,False,
1,1225635697,1221826798,1221.826798,AUDIO_L2CAP_SEND,0x0040,0x0041,113,59762,59762,0,1,0,0,161,0,sdu_size=161,False,
1,1225635697,1221826799,1221.826799,AUDIO_CAN_SEND_REQUESTED,0x0040,0x0041,113,59762,59762,0,1,0,0,0,0,,False,
1,1225635697,1221828879,1221.828879,AUDIO_TIMER_LATE,0xffff,0x0000,,59762,59761,1,0,2371,0,0,0,,True,audio_timer_interval_gt_2ms
1,1225635697,1221831038,1221.831038,AUDIO_TIMER_LATE,0xffff,0x0000,,59762,59762,0,0,2159,0,0,0,,True,audio_timer_interval_gt_2ms
1,1225635697,1221833197,1221.833197,AUDIO_TIMER_LATE,0xffff,0x0000,,59762,59762,0,0,2159,0,0,0,,True,audio_timer_interval_gt_2ms
1,1225635697,1221835355,1221.835355,AUDIO_TIMER_LATE,0xffff,0x0000,,59762,59762,0,0,2158,0,0,0,,True,audio_timer_interval_gt_2ms
1,1225635697,1221837514,1221.837514,AUDIO_TIMER_LATE,0xffff,0x0000,,59762,59762,0,0,2159,0,0,0,,True,audio_timer_interval_gt_2ms
1,1225635697,1221839676,1221.839676,AUDIO_TIMER_LATE,0xffff,0x0000,,59762,59762,0,0,2161,0,0,0,,True,audio_timer_interval_gt_2ms
1,1225635697,1221841837,1221.841837,AUDIO_TIMER_LATE,0xffff,0x0000,,59762,59762,0,0,2162,0,0,0,,True,audio_timer_interval_gt_2ms
1,1225635697,1221843998,1221.843998,AUDIO_TIMER_LATE,0xffff,0x0000,,59762,59762,0,0,2161,0,0,0,,True,audio_timer_interval_gt_2ms
1,1225635697,1221845802,1221.845802,AUDIO_SDU_GENERATED,0xffff,0x0000,114,59763,59762,1,0,19999,0,0,0,,False,
1,1225635697,1221847319,1221.847319,AUDIO_TIMER_LATE,0xffff,0x0000,,59763,59762,1,0,2160,0,0,0,,True,audio_timer_interval_gt_2ms
1,1225635697,1221847328,1221.847328,AUDIO_BUSY_SET,0x0040,0x0041,114,59763,59763,0,1,0,2,0,0,busy_context=2,False,
1,1225635697,1221847332,1221.847332,AUDIO_CAN_SEND_NOW,0x0040,0x0041,114,59763,59763,0,1,2,0,0,0,,False,
1,1225635697,1221847604,1221.847604,AUDIO_PACKET_SENT,0x0040,0x0041,114,59763,59763,0,1,272,0,0,0,,False,
1,1225635697,1221847607,1221.847607,AUDIO_BUSY_CLEAR,0x0040,0x0041,114,59763,59763,0,0,278,3,0,0,busy_context=3,False,
1,1225635697,1221847610,1221.847610,AUDIO_L2CAP_SEND,0x0040,0x0041,114,59763,59763,0,1,0,0,161,0,sdu_size=161,False,
1,1225635697,1221847611,1221.847611,AUDIO_CAN_SEND_REQUESTED,0x0040,0x0041,114,59763,59763,0,1,0,0,0,0,,False,
1,1225635697,1221851381,1221.851381,AUDIO_TIMER_LATE,0xffff,0x0000,,59763,59763,0,0,2153,0,0,0,,True,audio_timer_interval_gt_2ms
1,1225635697,1221853539,1221.853539,AUDIO_TIMER_LATE,0xffff,0x0000,,59763,59763,0,0,2157,0,0,0,,True,audio_timer_interval_gt_2ms
1,1225635697,1221855697,1221.855697,AUDIO_TIMER_LATE,0xffff,0x0000,,59763,59763,0,0,2159,0,0,0,,True,audio_timer_interval_gt_2ms
1,1225635697,1221857855,1221.857855,AUDIO_TIMER_LATE,0xffff,0x0000,,59763,59763,0,0,2158,0,0,0,,True,audio_timer_interval_gt_2ms
1,1225635697,1221860016,1221.860016,AUDIO_TIMER_LATE,0xffff,0x0000,,59763,59763,0,0,2161,0,0,0,,True,audio_timer_interval_gt_2ms
1,1225635697,1221862177,1221.862177,AUDIO_TIMER_LATE,0xffff,0x0000,,59763,59763,0,0,2161,0,0,0,,True,audio_timer_interval_gt_2ms
1,1225635697,1221864338,1221.864338,AUDIO_TIMER_LATE,0xffff,0x0000,,59763,59763,0,0,2161,0,0,0,,True,audio_timer_interval_gt_2ms
1,1225635697,1221865801,1221.865801,AUDIO_SDU_GENERATED,0xffff,0x0000,115,59764,59763,1,0,19999,0,0,0,,False,
1,1225635697,1221866500,1221.866500,AUDIO_TIMER_LATE,0xffff,0x0000,,59764,59763,1,0,2162,0,0,0,,True,audio_timer_interval_gt_2ms
1,1225635697,1221866508,1221.866508,AUDIO_BUSY_SET,0x0040,0x0041,115,59764,59764,0,1,0,2,0,0,busy_context=2,False,
1,1225635697,1221866512,1221.866512,AUDIO_CAN_SEND_NOW,0x0040,0x0041,115,59764,59764,0,1,2,0,0,0,,False,
1,1225635697,1221866784,1221.866784,AUDIO_PACKET_SENT,0x0040,0x0041,115,59764,59764,0,1,272,0,0,0,,False,
1,1225635697,1221866787,1221.866787,AUDIO_BUSY_CLEAR,0x0040,0x0041,115,59764,59764,0,0,278,3,0,0,busy_context=3,False,
1,1225635697,1221866790,1221.866790,AUDIO_L2CAP_SEND,0x0040,0x0041,115,59764,59764,0,1,0,0,161,0,sdu_size=161,False,
1,1225635697,1221866791,1221.866791,AUDIO_CAN_SEND_REQUESTED,0x0040,0x0041,115,59764,59764,0,1,0,0,0,0,,False,
1,1225635697,1221869063,1221.869063,AUDIO_TIMER_LATE,0xffff,0x0000,,59764,59763,1,0,2563,0,0,0,,True,audio_timer_interval_gt_2ms
1,1225635697,1221871222,1221.871222,AUDIO_TIMER_LATE,0xffff,0x0000,,59764,59764,0,0,2159,0,0,0,,True,audio_timer_interval_gt_2ms
1,1225635697,1221873380,1221.873380,AUDIO_TIMER_LATE,0xffff,0x0000,,59764,59764,0,0,2158,0,0,0,,True,audio_timer_interval_gt_2ms
1,1225635697,1221875538,1221.875538,AUDIO_TIMER_LATE,0xffff,0x0000,,59764,59764,0,0,2158,0,0,0,,True,audio_timer_interval_gt_2ms
1,1225635697,1221877696,1221.877696,AUDIO_TIMER_LATE,0xffff,0x0000,,59764,59764,0,0,2158,0,0,0,,True,audio_timer_interval_gt_2ms
1,1225635697,1221879857,1221.879857,AUDIO_TIMER_LATE,0xffff,0x0000,,59764,59764,0,0,2161,0,0,0,,True,audio_timer_interval_gt_2ms
1,1225635697,1221882018,1221.882018,AUDIO_TIMER_LATE,0xffff,0x0000,,59764,59764,0,0,2161,0,0,0,,True,audio_timer_interval_gt_2ms
1,1225635697,1221884179,1221.884179,AUDIO_TIMER_LATE,0xffff,0x0000,,59764,59764,0,0,2161,0,0,0,,True,audio_timer_interval_gt_2ms
1,1225635697,1221885805,1221.885805,AUDIO_SDU_GENERATED,0xffff,0x0000,116,59765,59764,1,0,20004,0,0,0,,False,
1,1225635697,1221886340,1221.886340,AUDIO_TIMER_LATE,0xffff,0x0000,,59765,59764,1,0,2161,0,0,0,,True,audio_timer_interval_gt_2ms
1,1225635697,1221886349,1221.886349,AUDIO_BUSY_SET,0x0040,0x0041,116,59765,59765,0,1,0,2,0,0,busy_context=2,False,
1,1225635697,1221886353,1221.886353,AUDIO_CAN_SEND_NOW,0x0040,0x0041,116,59765,59765,0,1,2,0,0,0,,False,
1,1225635697,1221886625,1221.886625,AUDIO_PACKET_SENT,0x0040,0x0041,116,59765,59765,0,1,272,0,0,0,,False,
1,1225635697,1221886628,1221.886628,AUDIO_BUSY_CLEAR,0x0040,0x0041,116,59765,59765,0,0,278,3,0,0,busy_context=3,False,
1,1225635697,1221886631,1221.886631,AUDIO_L2CAP_SEND,0x0040,0x0041,116,59765,59765,0,1,0,0,161,0,sdu_size=161,False,
1,1225635697,1221886632,1221.886632,AUDIO_CAN_SEND_REQUESTED,0x0040,0x0041,116,59765,59765,0,1,0,0,0,0,,False,
1,1225635697,1221889217,1221.889217,AUDIO_TIMER_LATE,0xffff,0x0000,,59765,59764,1,0,2877,0,0,0,,True,audio_timer_interval_gt_2ms
1,1225635697,1221891381,1221.891381,AUDIO_TIMER_LATE,0xffff,0x0000,,59765,59765,0,0,2164,0,0,0,,True,audio_timer_interval_gt_2ms
1,1225635697,1221893539,1221.893539,AUDIO_TIMER_LATE,0xffff,0x0000,,59765,59765,0,0,2158,0,0,0,,True,audio_timer_interval_gt_2ms
1,1225635697,1221895698,1221.895698,AUDIO_TIMER_LATE,0xffff,0x0000,,59765,59765,0,0,2159,0,0,0,,True,audio_timer_interval_gt_2ms
1,1225635697,1221897856,1221.897856,AUDIO_TIMER_LATE,0xffff,0x0000,,59765,59765,0,0,2158,0,0,0,,True,audio_timer_interval_gt_2ms
1,1225635697,1221900017,1221.900017,AUDIO_TIMER_LATE,0xffff,0x0000,,59765,59765,0,0,2160,0,0,0,,True,audio_timer_interval_gt_2ms
1,1225635697,1221902178,1221.902178,AUDIO_TIMER_LATE,0xffff,0x0000,,59765,59765,0,0,2162,0,0,0,,True,audio_timer_interval_gt_2ms
1,1225635697,1221904340,1221.904340,AUDIO_TIMER_LATE,0xffff,0x0000,,59765,59765,0,0,2162,0,0,0,,True,audio_timer_interval_gt_2ms
1,1225635697,1221905800,1221.905800,AUDIO_SDU_GENERATED,0xffff,0x0000,117,59766,59765,1,0,19995,0,0,0,,False,
1,1225635697,1221906501,1221.906501,AUDIO_TIMER_LATE,0xffff,0x0000,,59766,59765,1,0,2161,0,0,0,,True,audio_timer_interval_gt_2ms
1,1225635697,1221906509,1221.906509,AUDIO_BUSY_SET,0x0040,0x0041,117,59766,59766,0,1,0,2,0,0,busy_context=2,False,
1,1225635697,1221906513,1221.906513,AUDIO_CAN_SEND_NOW,0x0040,0x0041,117,59766,59766,0,1,2,0,0,0,,False,
1,1225635697,1221906786,1221.906786,AUDIO_PACKET_SENT,0x0040,0x0041,117,59766,59766,0,1,273,0,0,0,,False,
1,1225635697,1221906788,1221.906788,AUDIO_BUSY_CLEAR,0x0040,0x0041,117,59766,59766,0,0,279,3,0,0,busy_context=3,False,
1,1225635697,1221906791,1221.906791,AUDIO_L2CAP_SEND,0x0040,0x0041,117,59766,59766,0,1,0,0,161,0,sdu_size=161,False,
1,1225635697,1221906793,1221.906793,AUDIO_CAN_SEND_REQUESTED,0x0040,0x0041,117,59766,59766,0,1,0,0,0,0,,False,
1,1225635697,1221908889,1221.908889,AUDIO_TIMER_LATE,0xffff,0x0000,,59766,59765,1,0,2388,0,0,0,,True,audio_timer_interval_gt_2ms
1,1225635697,1221911048,1221.911048,AUDIO_TIMER_LATE,0xffff,0x0000,,59766,59766,0,0,2159,0,0,0,,True,audio_timer_interval_gt_2ms
1,1225635697,1221913206,1221.913206,AUDIO_TIMER_LATE,0xffff,0x0000,,59766,59766,0,0,2158,0,0,0,,True,audio_timer_interval_gt_2ms
1,1225635697,1221915364,1221.915364,AUDIO_TIMER_LATE,0xffff,0x0000,,59766,59766,0,0,2158,0,0,0,,True,audio_timer_interval_gt_2ms
1,1225635697,1221917522,1221.917522,AUDIO_TIMER_LATE,0xffff,0x0000,,59766,59766,0,0,2158,0,0,0,,True,audio_timer_interval_gt_2ms
1,1225635697,1221919683,1221.919683,AUDIO_TIMER_LATE,0xffff,0x0000,,59766,59766,0,0,2161,0,0,0,,True,audio_timer_interval_gt_2ms
1,1225635697,1221921844,1221.921844,AUDIO_TIMER_LATE,0xffff,0x0000,,59766,59766,0,0,2161,0,0,0,,True,audio_timer_interval_gt_2ms
1,1225635697,1221924005,1221.924005,AUDIO_TIMER_LATE,0xffff,0x0000,,59766,59766,0,0,2161,0,0,0,,True,audio_timer_interval_gt_2ms
1,1225635697,1221925798,1221.925798,AUDIO_SDU_GENERATED,0xffff,0x0000,118,59767,59766,1,0,19998,0,0,0,,False,
1,1225635697,1221926166,1221.926166,AUDIO_TIMER_LATE,0xffff,0x0000,,59767,59766,1,0,2161,0,0,0,,True,audio_timer_interval_gt_2ms
1,1225635697,1221926174,1221.926174,AUDIO_BUSY_SET,0x0040,0x0041,118,59767,59767,0,1,0,2,0,0,busy_context=2,False,
1,1225635697,1221926178,1221.926178,AUDIO_CAN_SEND_NOW,0x0040,0x0041,118,59767,59767,0,1,2,0,0,0,,False,
1,1225635697,1221926450,1221.926450,AUDIO_PACKET_SENT,0x0040,0x0041,118,59767,59767,0,1,273,0,0,0,,False,
1,1225635697,1221926453,1221.926453,AUDIO_BUSY_CLEAR,0x0040,0x0041,118,59767,59767,0,0,278,3,0,0,busy_context=3,False,
1,1225635697,1221926456,1221.926456,AUDIO_L2CAP_SEND,0x0040,0x0041,118,59767,59767,0,1,0,0,161,0,sdu_size=161,False,
1,1225635697,1221926457,1221.926457,AUDIO_CAN_SEND_REQUESTED,0x0040,0x0041,118,59767,59767,0,1,0,0,0,0,,False,
1,1225635697,1221928609,1221.928609,AUDIO_TIMER_LATE,0xffff,0x0000,,59767,59766,1,0,2443,0,0,0,,True,audio_timer_interval_gt_2ms
1,1225635697,1221932496,1221.932496,AUDIO_TIMER_LATE,0xffff,0x0000,,59767,59767,0,0,2157,0,0,0,,True,audio_timer_interval_gt_2ms
1,1225635697,1221934654,1221.934654,AUDIO_TIMER_LATE,0xffff,0x0000,,59767,59767,0,0,2158,0,0,0,,True,audio_timer_interval_gt_2ms
1,1225635697,1221936813,1221.936813,AUDIO_TIMER_LATE,0xffff,0x0000,,59767,59767,0,0,2159,0,0,0,,True,audio_timer_interval_gt_2ms
1,1225635697,1221938975,1221.938975,AUDIO_TIMER_LATE,0xffff,0x0000,,59767,59767,0,0,2161,0,0,0,,True,audio_timer_interval_gt_2ms
1,1225635697,1221942296,1221.942296,AUDIO_TIMER_LATE,0xffff,0x0000,,59767,59767,0,0,2160,0,0,0,,True,audio_timer_interval_gt_2ms
1,1225635697,1221944458,1221.944458,AUDIO_TIMER_LATE,0xffff,0x0000,,59767,59767,0,0,2161,0,0,0,,True,audio_timer_interval_gt_2ms
1,1225635697,1221945801,1221.945801,AUDIO_SDU_GENERATED,0xffff,0x0000,119,59768,59767,1,0,20003,0,0,0,,False,
1,1225635697,1221946619,1221.946619,AUDIO_TIMER_LATE,0xffff,0x0000,,59768,59767,1,0,2162,0,0,0,,True,audio_timer_interval_gt_2ms
1,1225635697,1221946627,1221.946627,AUDIO_BUSY_SET,0x0040,0x0041,119,59768,59768,0,1,0,2,0,0,busy_context=2,False,
1,1225635697,1221946631,1221.946631,AUDIO_CAN_SEND_NOW,0x0040,0x0041,119,59768,59768,0,1,2,0,0,0,,False,
1,1225635697,1221946903,1221.946903,AUDIO_PACKET_SENT,0x0040,0x0041,119,59768,59768,0,1,272,0,0,0,,False,
1,1225635697,1221946906,1221.946906,AUDIO_BUSY_CLEAR,0x0040,0x0041,119,59768,59768,0,0,278,3,0,0,busy_context=3,False,
1,1225635697,1221946909,1221.946909,AUDIO_L2CAP_SEND,0x0040,0x0041,119,59768,59768,0,1,0,0,161,0,sdu_size=161,False,
1,1225635697,1221946910,1221.946910,AUDIO_CAN_SEND_REQUESTED,0x0040,0x0041,119,59768,59768,0,1,0,0,0,0,,False,
1,1225635697,1221948896,1221.948896,AUDIO_TIMER_LATE,0xffff,0x0000,,59768,59767,1,0,2277,0,0,0,,True,audio_timer_interval_gt_2ms
1,1225635697,1221951053,1221.951053,AUDIO_TIMER_LATE,0xffff,0x0000,,59768,59768,0,0,2157,0,0,0,,True,audio_timer_interval_gt_2ms
1,1225635697,1221953212,1221.953212,AUDIO_TIMER_LATE,0xffff,0x0000,,59768,59768,0,0,2159,0,0,0,,True,audio_timer_interval_gt_2ms
1,1225635697,1221955370,1221.955370,AUDIO_TIMER_LATE,0xffff,0x0000,,59768,59768,0,0,2158,0,0,0,,True,audio_timer_interval_gt_2ms
1,1225635697,1221957528,1221.957528,AUDIO_TIMER_LATE,0xffff,0x0000,,59768,59768,0,0,2158,0,0,0,,True,audio_timer_interval_gt_2ms
1,1225635697,1221959689,1221.959689,AUDIO_TIMER_LATE,0xffff,0x0000,,59768,59768,0,0,2161,0,0,0,,True,audio_timer_interval_gt_2ms
1,1225635697,1221961850,1221.961850,AUDIO_TIMER_LATE,0xffff,0x0000,,59768,59768,0,0,2161,0,0,0,,True,audio_timer_interval_gt_2ms
1,1225635697,1221964011,1221.964011,AUDIO_TIMER_LATE,0xffff,0x0000,,59768,59768,0,0,2161,0,0,0,,True,audio_timer_interval_gt_2ms
1,1225635697,1221965802,1221.965802,AUDIO_SDU_GENERATED,0xffff,0x0000,120,59769,59768,1,0,20001,0,0,0,,False,
1,1225635697,1221966173,1221.966173,AUDIO_TIMER_LATE,0xffff,0x0000,,59769,59768,1,0,2162,0,0,0,,True,audio_timer_interval_gt_2ms
1,1225635697,1221966182,1221.966182,AUDIO_BUSY_SET,0x0040,0x0041,120,59769,59769,0,1,0,2,0,0,busy_context=2,False,
1,1225635697,1221966186,1221.966186,AUDIO_CAN_SEND_NOW,0x0040,0x0041,120,59769,59769,0,1,2,0,0,0,,False,
1,1225635697,1221966458,1221.966458,AUDIO_PACKET_SENT,0x0040,0x0041,120,59769,59769,0,1,272,0,0,0,,False,
1,1225635697,1221966460,1221.966460,AUDIO_BUSY_CLEAR,0x0040,0x0041,120,59769,59769,0,0,278,3,0,0,busy_context=3,False,
1,1225635697,1221966464,1221.966464,AUDIO_L2CAP_SEND,0x0040,0x0041,120,59769,59769,0,1,0,0,161,0,sdu_size=161,False,
1,1225635697,1221966465,1221.966465,AUDIO_CAN_SEND_REQUESTED,0x0040,0x0041,120,59769,59769,0,1,0,0,0,0,,False,
1,1225635697,1221968617,1221.968617,AUDIO_TIMER_LATE,0xffff,0x0000,,59769,59768,1,0,2444,0,0,0,,True,audio_timer_interval_gt_2ms
1,1225635697,1221972532,1221.972532,AUDIO_TIMER_LATE,0xffff,0x0000,,59769,59769,0,0,2157,0,0,0,,True,audio_timer_interval_gt_2ms
1,1225635697,1221974690,1221.974690,AUDIO_TIMER_LATE,0xffff,0x0000,,59769,59769,0,0,2158,0,0,0,,True,audio_timer_interval_gt_2ms
1,1225635697,1221976848,1221.976848,AUDIO_TIMER_LATE,0xffff,0x0000,,59769,59769,0,0,2158,0,0,0,,True,audio_timer_interval_gt_2ms
1,1225635697,1221979009,1221.979009,AUDIO_TIMER_LATE,0xffff,0x0000,,59769,59769,0,0,2161,0,0,0,,True,audio_timer_interval_gt_2ms
1,1225635697,1221981170,1221.981170,AUDIO_TIMER_LATE,0xffff,0x0000,,59769,59769,0,0,2160,0,0,0,,True,audio_timer_interval_gt_2ms
1,1225635697,1221983331,1221.983331,AUDIO_TIMER_LATE,0xffff,0x0000,,59769,59769,0,0,2162,0,0,0,,True,audio_timer_interval_gt_2ms
1,1225635697,1221985493,1221.985493,AUDIO_TIMER_LATE,0xffff,0x0000,,59769,59769,0,0,2162,0,0,0,,True,audio_timer_interval_gt_2ms
1,1225635697,1221985800,1221.985800,AUDIO_SDU_GENERATED,0xffff,0x0000,121,59770,59769,1,0,19998,0,0,0,,False,
1,1225635697,1221987654,1221.987654,AUDIO_TIMER_LATE,0xffff,0x0000,,59770,59769,1,0,2161,0,0,0,,True,audio_timer_interval_gt_2ms
1,1225635697,1221987662,1221.987662,AUDIO_BUSY_SET,0x0040,0x0041,121,59770,59770,0,1,0,2,0,0,busy_context=2,False,
1,1225635697,1221987666,1221.987666,AUDIO_CAN_SEND_NOW,0x0040,0x0041,121,59770,59770,0,1,2,0,0,0,,False,
1,1225635697,1221987938,1221.987938,AUDIO_PACKET_SENT,0x0040,0x0041,121,59770,59770,0,1,273,0,0,0,,False,
1,1225635697,1221987941,1221.987941,AUDIO_BUSY_CLEAR,0x0040,0x0041,121,59770,59770,0,0,278,3,0,0,busy_context=3,False,
1,1225635697,1221987944,1221.987944,AUDIO_L2CAP_SEND,0x0040,0x0041,121,59770,59770,0,1,0,0,161,0,sdu_size=161,False,
1,1225635697,1221987945,1221.987945,AUDIO_CAN_SEND_REQUESTED,0x0040,0x0041,121,59770,59770,0,1,0,0,0,0,,False,
1,1225635697,1221991418,1221.991418,AUDIO_TIMER_LATE,0xffff,0x0000,,59770,59770,0,0,2157,0,0,0,,True,audio_timer_interval_gt_2ms
1,1225635697,1221993576,1221.993576,AUDIO_TIMER_LATE,0xffff,0x0000,,59770,59770,0,0,2158,0,0,0,,True,audio_timer_interval_gt_2ms
1,1225635697,1221995735,1221.995735,AUDIO_TIMER_LATE,0xffff,0x0000,,59770,59770,0,0,2159,0,0,0,,True,audio_timer_interval_gt_2ms
1,1225635697,1221997894,1221.997894,AUDIO_TIMER_LATE,0xffff,0x0000,,59770,59770,0,0,2159,0,0,0,,True,audio_timer_interval_gt_2ms
1,1225635697,1222000055,1222.000055,AUDIO_TIMER_LATE,0xffff,0x0000,,59770,59770,0,0,2161,0,0,0,,True,audio_timer_interval_gt_2ms
1,1225635697,1222002216,1222.002216,AUDIO_TIMER_LATE,0xffff,0x0000,,59770,59770,0,0,2161,0,0,0,,True,audio_timer_interval_gt_2ms
1,1225635697,1222004377,1222.004377,AUDIO_TIMER_LATE,0xffff,0x0000,,59770,59770,0,0,2161,0,0,0,,True,audio_timer_interval_gt_2ms
1,1225635697,1222005801,1222.005801,AUDIO_SDU_GENERATED,0xffff,0x0000,122,59771,59770,1,0,20001,0,0,0,,False,
1,1225635697,1222006538,1222.006538,AUDIO_TIMER_LATE,0xffff,0x0000,,59771,59770,1,0,2161,0,0,0,,True,audio_timer_interval_gt_2ms
1,1225635697,1222006546,1222.006546,AUDIO_BUSY_SET,0x0040,0x0041,122,59771,59771,0,1,0,2,0,0,busy_context=2,False,
1,1225635697,1222006550,1222.006550,AUDIO_CAN_SEND_NOW,0x0040,0x0041,122,59771,59771,0,1,2,0,0,0,,False,
1,1225635697,1222006822,1222.006822,AUDIO_PACKET_SENT,0x0040,0x0041,122,59771,59771,0,1,272,0,0,0,,False,
1,1225635697,1222006825,1222.006825,AUDIO_BUSY_CLEAR,0x0040,0x0041,122,59771,59771,0,0,278,3,0,0,busy_context=3,False,
1,1225635697,1222006828,1222.006828,AUDIO_L2CAP_SEND,0x0040,0x0041,122,59771,59771,0,1,0,0,161,0,sdu_size=161,False,
1,1225635697,1222006829,1222.006829,AUDIO_CAN_SEND_REQUESTED,0x0040,0x0041,122,59771,59771,0,1,0,0,0,0,,False,
1,1225635697,1222009254,1222.009254,AUDIO_TIMER_LATE,0xffff,0x0000,,59771,59770,1,0,2716,0,0,0,,True,audio_timer_interval_gt_2ms
1,1225635697,1222011413,1222.011413,AUDIO_TIMER_LATE,0xffff,0x0000,,59771,59771,0,0,2159,0,0,0,,True,audio_timer_interval_gt_2ms
1,1225635697,1222013571,1222.013571,AUDIO_TIMER_LATE,0xffff,0x0000,,59771,59771,0,0,2158,0,0,0,,True,audio_timer_interval_gt_2ms
1,1225635697,1222015730,1222.015730,AUDIO_TIMER_LATE,0xffff,0x0000,,59771,59771,0,0,2159,0,0,0,,True,audio_timer_interval_gt_2ms
1,1225635697,1222017889,1222.017889,AUDIO_TIMER_LATE,0xffff,0x0000,,59771,59771,0,0,2159,0,0,0,,True,audio_timer_interval_gt_2ms
1,1225635697,1222020050,1222.020050,AUDIO_TIMER_LATE,0xffff,0x0000,,59771,59771,0,0,2161,0,0,0,,True,audio_timer_interval_gt_2ms
1,1225635697,1222022211,1222.022211,AUDIO_TIMER_LATE,0xffff,0x0000,,59771,59771,0,0,2161,0,0,0,,True,audio_timer_interval_gt_2ms
1,1225635697,1222024372,1222.024372,AUDIO_TIMER_LATE,0xffff,0x0000,,59771,59771,0,0,2161,0,0,0,,True,audio_timer_interval_gt_2ms
1,1225635697,1222025801,1222.025801,AUDIO_SDU_GENERATED,0xffff,0x0000,123,59772,59771,1,0,20000,0,0,0,,False,
1,1225635697,1222026533,1222.026533,AUDIO_TIMER_LATE,0xffff,0x0000,,59772,59771,1,0,2161,0,0,0,,True,audio_timer_interval_gt_2ms
1,1225635697,1222026542,1222.026542,AUDIO_BUSY_SET,0x0040,0x0041,123,59772,59772,0,1,0,2,0,0,busy_context=2,False,
1,1225635697,1222026546,1222.026546,AUDIO_CAN_SEND_NOW,0x0040,0x0041,123,59772,59772,0,1,2,0,0,0,,False,
1,1225635697,1222026818,1222.026818,AUDIO_PACKET_SENT,0x0040,0x0041,123,59772,59772,0,1,272,0,0,0,,False,
1,1225635697,1222026821,1222.026821,AUDIO_BUSY_CLEAR,0x0040,0x0041,123,59772,59772,0,0,278,3,0,0,busy_context=3,False,
1,1225635697,1222026824,1222.026824,AUDIO_L2CAP_SEND,0x0040,0x0041,123,59772,59772,0,1,0,0,161,0,sdu_size=161,False,
1,1225635697,1222026825,1222.026825,AUDIO_CAN_SEND_REQUESTED,0x0040,0x0041,123,59772,59772,0,1,0,0,0,0,,False,
1,1225635697,1222028904,1222.028904,AUDIO_TIMER_LATE,0xffff,0x0000,,59772,59771,1,0,2371,0,0,0,,True,audio_timer_interval_gt_2ms
1,1225635697,1222031063,1222.031063,AUDIO_TIMER_LATE,0xffff,0x0000,,59772,59772,0,0,2159,0,0,0,,True,audio_timer_interval_gt_2ms
1,1225635697,1222033222,1222.033222,AUDIO_TIMER_LATE,0xffff,0x0000,,59772,59772,0,0,2159,0,0,0,,True,audio_timer_interval_gt_2ms
1,1225635697,1222035381,1222.035381,AUDIO_TIMER_LATE,0xffff,0x0000,,59772,59772,0,0,2159,0,0,0,,True,audio_timer_interval_gt_2ms
1,1225635697,1222037539,1222.037539,AUDIO_TIMER_LATE,0xffff,0x0000,,59772,59772,0,0,2158,0,0,0,,True,audio_timer_interval_gt_2ms
1,1225635697,1222039700,1222.039700,AUDIO_TIMER_LATE,0xffff,0x0000,,59772,59772,0,0,2161,0,0,0,,True,audio_timer_interval_gt_2ms
1,1225635697,1222041862,1222.041862,AUDIO_TIMER_LATE,0xffff,0x0000,,59772,59772,0,0,2162,0,0,0,,True,audio_timer_interval_gt_2ms
1,1225635697,1222044024,1222.044024,AUDIO_TIMER_LATE,0xffff,0x0000,,59772,59772,0,0,2162,0,0,0,,True,audio_timer_interval_gt_2ms
1,1225635697,1222045802,1222.045802,AUDIO_SDU_GENERATED,0xffff,0x0000,124,59773,59772,1,0,20001,0,0,0,,False,
1,1225635697,1222046186,1222.046186,AUDIO_TIMER_LATE,0xffff,0x0000,,59773,59772,1,0,2162,0,0,0,,True,audio_timer_interval_gt_2ms
1,1225635697,1222046194,1222.046194,AUDIO_BUSY_SET,0x0040,0x0041,124,59773,59773,0,1,0,2,0,0,busy_context=2,False,
1,1225635697,1222046198,1222.046198,AUDIO_CAN_SEND_NOW,0x0040,0x0041,124,59773,59773,0,1,2,0,0,0,,False,
1,1225635697,1222046470,1222.046470,AUDIO_PACKET_SENT,0x0040,0x0041,124,59773,59773,0,1,273,0,0,0,,False,
1,1225635697,1222046473,1222.046473,AUDIO_BUSY_CLEAR,0x0040,0x0041,124,59773,59773,0,0,278,3,0,0,busy_context=3,False,
1,1225635697,1222046476,1222.046476,AUDIO_L2CAP_SEND,0x0040,0x0041,124,59773,59773,0,1,0,0,161,0,sdu_size=161,False,
1,1225635697,1222046477,1222.046477,AUDIO_CAN_SEND_REQUESTED,0x0040,0x0041,124,59773,59773,0,1,0,0,0,0,,False,
1,1225635697,1222048629,1222.048629,AUDIO_TIMER_LATE,0xffff,0x0000,,59773,59772,1,0,2443,0,0,0,,True,audio_timer_interval_gt_2ms
1,1225635697,1222052541,1222.052541,AUDIO_TIMER_LATE,0xffff,0x0000,,59773,59773,0,0,2156,0,0,0,,True,audio_timer_interval_gt_2ms
1,1225635697,1222054699,1222.054699,AUDIO_TIMER_LATE,0xffff,0x0000,,59773,59773,0,0,2158,0,0,0,,True,audio_timer_interval_gt_2ms
1,1225635697,1222056857,1222.056857,AUDIO_TIMER_LATE,0xffff,0x0000,,59773,59773,0,0,2158,0,0,0,,True,audio_timer_interval_gt_2ms
1,1225635697,1222059018,1222.059018,AUDIO_TIMER_LATE,0xffff,0x0000,,59773,59773,0,0,2161,0,0,0,,True,audio_timer_interval_gt_2ms
1,1225635697,1222061179,1222.061179,AUDIO_TIMER_LATE,0xffff,0x0000,,59773,59773,0,0,2161,0,0,0,,True,audio_timer_interval_gt_2ms
1,1225635697,1222063340,1222.063340,AUDIO_TIMER_LATE,0xffff,0x0000,,59773,59773,0,0,2161,0,0,0,,True,audio_timer_interval_gt_2ms
1,1225635697,1222065501,1222.065501,AUDIO_TIMER_LATE,0xffff,0x0000,,59773,59773,0,0,2161,0,0,0,,True,audio_timer_interval_gt_2ms
1,1225635697,1222065800,1222.065800,AUDIO_SDU_GENERATED,0xffff,0x0000,125,59774,59773,1,0,19998,0,0,0,,False,
1,1225635697,1222067662,1222.067662,AUDIO_TIMER_LATE,0xffff,0x0000,,59774,59773,1,0,2161,0,0,0,,True,audio_timer_interval_gt_2ms
1,1225635697,1222067671,1222.067671,AUDIO_BUSY_SET,0x0040,0x0041,125,59774,59774,0,1,0,2,0,0,busy_context=2,False,
1,1225635697,1222067675,1222.067675,AUDIO_CAN_SEND_NOW,0x0040,0x0041,125,59774,59774,0,1,2,0,0,0,,False,
1,1225635697,1222067983,1222.067983,AUDIO_PACKET_SENT,0x0040,0x0041,125,59774,59774,0,1,308,0,0,0,,False,
1,1225635697,1222067985,1222.067985,AUDIO_BUSY_CLEAR,0x0040,0x0041,125,59774,59774,0,0,314,3,0,0,busy_context=3,False,
1,1225635697,1222067988,1222.067988,AUDIO_L2CAP_SEND,0x0040,0x0041,125,59774,59774,0,1,0,0,161,0,sdu_size=161,False,
1,1225635697,1222067990,1222.067990,AUDIO_CAN_SEND_REQUESTED,0x0040,0x0041,125,59774,59774,0,1,0,0,0,0,,False,
1,1225635697,1222071430,1222.071430,AUDIO_TIMER_LATE,0xffff,0x0000,,59774,59774,0,0,2158,0,0,0,,True,audio_timer_interval_gt_2ms
1,1225635697,1222073588,1222.073588,AUDIO_TIMER_LATE,0xffff,0x0000,,59774,59774,0,0,2158,0,0,0,,True,audio_timer_interval_gt_2ms
1,1225635697,1222075747,1222.075747,AUDIO_TIMER_LATE,0xffff,0x0000,,59774,59774,0,0,2159,0,0,0,,True,audio_timer_interval_gt_2ms
1,1225635697,1222077906,1222.077906,AUDIO_TIMER_LATE,0xffff,0x0000,,59774,59774,0,0,2159,0,0,0,,True,audio_timer_interval_gt_2ms
1,1225635697,1222080067,1222.080067,AUDIO_TIMER_LATE,0xffff,0x0000,,59774,59774,0,0,2161,0,0,0,,True,audio_timer_interval_gt_2ms
1,1225635697,1222082228,1222.082228,AUDIO_TIMER_LATE,0xffff,0x0000,,59774,59774,0,0,2161,0,0,0,,True,audio_timer_interval_gt_2ms
1,1225635697,1222084389,1222.084389,AUDIO_TIMER_LATE,0xffff,0x0000,,59774,59774,0,0,2161,0,0,0,,True,audio_timer_interval_gt_2ms
1,1225635697,1222085801,1222.085801,AUDIO_SDU_GENERATED,0xffff,0x0000,126,59775,59774,1,0,20001,0,0,0,,False,
1,1225635697,1222086550,1222.086550,AUDIO_TIMER_LATE,0xffff,0x0000,,59775,59774,1,0,2161,0,0,0,,True,audio_timer_interval_gt_2ms
1,1225635697,1222086559,1222.086559,AUDIO_BUSY_SET,0x0040,0x0041,126,59775,59775,0,1,0,2,0,0,busy_context=2,False,
1,1225635697,1222086562,1222.086562,AUDIO_CAN_SEND_NOW,0x0040,0x0041,126,59775,59775,0,1,2,0,0,0,,False,
1,1225635697,1222086835,1222.086835,AUDIO_PACKET_SENT,0x0040,0x0041,126,59775,59775,0,1,273,0,0,0,,False,
1,1225635697,1222086837,1222.086837,AUDIO_BUSY_CLEAR,0x0040,0x0041,126,59775,59775,0,0,279,3,0,0,busy_context=3,False,
1,1225635697,1222086840,1222.086840,AUDIO_L2CAP_SEND,0x0040,0x0041,126,59775,59775,0,1,0,0,161,0,sdu_size=161,False,
1,1225635697,1222086842,1222.086842,AUDIO_CAN_SEND_REQUESTED,0x0040,0x0041,126,59775,59775,0,1,0,0,0,0,,False,
1,1225635697,1222089263,1222.089263,AUDIO_TIMER_LATE,0xffff,0x0000,,59775,59774,1,0,2713,0,0,0,,True,audio_timer_interval_gt_2ms
1,1225635697,1222091422,1222.091422,AUDIO_TIMER_LATE,0xffff,0x0000,,59775,59775,0,0,2159,0,0,0,,True,audio_timer_interval_gt_2ms
1,1225635697,1222093580,1222.093580,AUDIO_TIMER_LATE,0xffff,0x0000,,59775,59775,0,0,2158,0,0,0,,True,audio_timer_interval_gt_2ms
1,1225635697,1222095739,1222.095739,AUDIO_TIMER_LATE,0xffff,0x0000,,59775,59775,0,0,2159,0,0,0,,True,audio_timer_interval_gt_2ms
1,1225635697,1222097898,1222.097898,AUDIO_TIMER_LATE,0xffff,0x0000,,59775,59775,0,0,2159,0,0,0,,True,audio_timer_interval_gt_2ms
1,1225635697,1222100060,1222.100060,AUDIO_TIMER_LATE,0xffff,0x0000,,59775,59775,0,0,2162,0,0,0,,True,audio_timer_interval_gt_2ms
1,1225635697,1222102221,1222.102221,AUDIO_TIMER_LATE,0xffff,0x0000,,59775,59775,0,0,2161,0,0,0,,True,audio_timer_interval_gt_2ms
1,1225635697,1222104382,1222.104382,AUDIO_TIMER_LATE,0xffff,0x0000,,59775,59775,0,0,2161,0,0,0,,True,audio_timer_interval_gt_2ms
1,1225635697,1222105804,1222.105804,AUDIO_SDU_GENERATED,0xffff,0x0000,127,59776,59775,1,0,20003,0,0,0,,False,
1,1225635697,1222106543,1222.106543,AUDIO_TIMER_LATE,0xffff,0x0000,,59776,59775,1,0,2161,0,0,0,,True,audio_timer_interval_gt_2ms
1,1225635697,1222106551,1222.106551,AUDIO_BUSY_SET,0x0040,0x0041,127,59776,59776,0,1,0,2,0,0,busy_context=2,False,
1,1225635697,1222106555,1222.106555,AUDIO_CAN_SEND_NOW,0x0040,0x0041,127,59776,59776,0,1,2,0,0,0,,False,
1,1225635697,1222106828,1222.106828,AUDIO_PACKET_SENT,0x0040,0x0041,127,59776,59776,0,1,273,0,0,0,,False,
1,1225635697,1222106830,1222.106830,AUDIO_BUSY_CLEAR,0x0040,0x0041,127,59776,59776,0,0,279,3,0,0,busy_context=3,False,
1,1225635697,1222106833,1222.106833,AUDIO_L2CAP_SEND,0x0040,0x0041,127,59776,59776,0,1,0,0,161,0,sdu_size=161,False,
1,1225635697,1222106835,1222.106835,AUDIO_CAN_SEND_REQUESTED,0x0040,0x0041,127,59776,59776,0,1,0,0,0,0,,False,
1,1225635697,1222108938,1222.108938,AUDIO_TIMER_LATE,0xffff,0x0000,,59776,59775,1,0,2395,0,0,0,,True,audio_timer_interval_gt_2ms
1,1225635697,1222112254,1222.112254,AUDIO_TIMER_LATE,0xffff,0x0000,,59776,59776,0,0,2158,0,0,0,,True,audio_timer_interval_gt_2ms
1,1225635697,1222114413,1222.114413,AUDIO_TIMER_LATE,0xffff,0x0000,,59776,59776,0,0,2159,0,0,0,,True,audio_timer_interval_gt_2ms
1,1225635697,1222116572,1222.116572,AUDIO_TIMER_LATE,0xffff,0x0000,,59776,59776,0,0,2159,0,0,0,,True,audio_timer_interval_gt_2ms
1,1225635697,1222118734,1222.118734,AUDIO_TIMER_LATE,0xffff,0x0000,,59776,59776,0,0,2161,0,0,0,,True,audio_timer_interval_gt_2ms
1,1225635697,1222120895,1222.120895,AUDIO_TIMER_LATE,0xffff,0x0000,,59776,59776,0,0,2162,0,0,0,,True,audio_timer_interval_gt_2ms
1,1225635697,1222123056,1222.123056,AUDIO_TIMER_LATE,0xffff,0x0000,,59776,59776,0,0,2161,0,0,0,,True,audio_timer_interval_gt_2ms
1,1225635697,1222125218,1222.125218,AUDIO_TIMER_LATE,0xffff,0x0000,,59776,59776,0,0,2162,0,0,0,,True,audio_timer_interval_gt_2ms
1,1225635697,1222125803,1222.125803,AUDIO_SDU_GENERATED,0xffff,0x0000,128,59777,59776,1,0,19999,0,0,0,,False,
1,1225635697,1222127380,1222.127380,AUDIO_TIMER_LATE,0xffff,0x0000,,59777,59776,1,0,2162,0,0,0,,True,audio_timer_interval_gt_2ms
1,1225635697,1222127388,1222.127388,AUDIO_BUSY_SET,0x0040,0x0041,128,59777,59777,0,1,0,2,0,0,busy_context=2,False,
1,1225635697,1222127392,1222.127392,AUDIO_CAN_SEND_NOW,0x0040,0x0041,128,59777,59777,0,1,2,0,0,0,,False,
1,1225635697,1222127665,1222.127665,AUDIO_PACKET_SENT,0x0040,0x0041,128,59777,59777,0,1,273,0,0,0,,False,
1,1225635697,1222127667,1222.127667,AUDIO_BUSY_CLEAR,0x0040,0x0041,128,59777,59777,0,0,278,3,0,0,busy_context=3,False,
1,1225635697,1222127670,1222.127670,AUDIO_L2CAP_SEND,0x0040,0x0041,128,59777,59777,0,1,0,0,161,0,sdu_size=161,False,
1,1225635697,1222127672,1222.127672,AUDIO_CAN_SEND_REQUESTED,0x0040,0x0041,128,59777,59777,0,1,0,0,0,0,,False,
1,1225635697,1222131452,1222.131452,AUDIO_TIMER_LATE,0xffff,0x0000,,59777,59777,0,0,2154,0,0,0,,True,audio_timer_interval_gt_2ms
1,1225635697,1222133610,1222.133610,AUDIO_TIMER_LATE,0xffff,0x0000,,59777,59777,0,0,2158,0,0,0,,True,audio_timer_interval_gt_2ms
1,1225635697,1222135768,1222.135768,AUDIO_TIMER_LATE,0xffff,0x0000,,59777,59777,0,0,2158,0,0,0,,True,audio_timer_interval_gt_2ms
1,1225635697,1222137927,1222.137927,AUDIO_TIMER_LATE,0xffff,0x0000,,59777,59777,0,0,2159,0,0,0,,True,audio_timer_interval_gt_2ms
1,1225635697,1222141248,1222.141248,AUDIO_TIMER_LATE,0xffff,0x0000,,59777,59777,0,0,2159,0,0,0,,True,audio_timer_interval_gt_2ms
1,1225635697,1222143409,1222.143409,AUDIO_TIMER_LATE,0xffff,0x0000,,59777,59777,0,0,2162,0,0,0,,True,audio_timer_interval_gt_2ms
1,1225635697,1222145570,1222.145570,AUDIO_TIMER_LATE,0xffff,0x0000,,59777,59777,0,0,2161,0,0,0,,True,audio_timer_interval_gt_2ms
1,1225635697,1222145802,1222.145802,AUDIO_SDU_GENERATED,0xffff,0x0000,129,59778,59777,1,0,19999,0,0,0,,False,
1,1225635697,1222147731,1222.147731,AUDIO_TIMER_LATE,0xffff,0x0000,,59778,59777,1,0,2161,0,0,0,,True,audio_timer_interval_gt_2ms
1,1225635697,1222147740,1222.147740,AUDIO_BUSY_SET,0x0040,0x0041,129,59778,59778,0,1,0,2,0,0,busy_context=2,False,
1,1225635697,1222147744,1222.147744,AUDIO_CAN_SEND_NOW,0x0040,0x0041,129,59778,59778,0,1,2,0,0,0,,False,
1,1225635697,1222148017,1222.148017,AUDIO_PACKET_SENT,0x0040,0x0041,129,59778,59778,0,1,273,0,0,0,,False,
1,1225635697,1222148019,1222.148019,AUDIO_BUSY_CLEAR,0x0040,0x0041,129,59778,59778,0,0,279,3,0,0,busy_context=3,False,
1,1225635697,1222148022,1222.148022,AUDIO_L2CAP_SEND,0x0040,0x0041,129,59778,59778,0,1,0,0,161,0,sdu_size=161,False,
1,1225635697,1222148024,1222.148024,AUDIO_CAN_SEND_REQUESTED,0x0040,0x0041,129,59778,59778,0,1,0,0,0,0,,False,
1,1225635697,1222151470,1222.151470,AUDIO_TIMER_LATE,0xffff,0x0000,,59778,59778,0,0,2157,0,0,0,,True,audio_timer_interval_gt_2ms
1,1225635697,1222153628,1222.153628,AUDIO_TIMER_LATE,0xffff,0x0000,,59778,59778,0,0,2158,0,0,0,,True,audio_timer_interval_gt_2ms
1,1225635697,1222155786,1222.155786,AUDIO_TIMER_LATE,0xffff,0x0000,,59778,59778,0,0,2158,0,0,0,,True,audio_timer_interval_gt_2ms
1,1225635697,1222157945,1222.157945,AUDIO_TIMER_LATE,0xffff,0x0000,,59778,59778,0,0,2159,0,0,0,,True,audio_timer_interval_gt_2ms
1,1225635697,1222161266,1222.161266,AUDIO_TIMER_LATE,0xffff,0x0000,,59778,59778,0,0,2160,0,0,0,,True,audio_timer_interval_gt_2ms
1,1225635697,1222163427,1222.163427,AUDIO_TIMER_LATE,0xffff,0x0000,,59778,59778,0,0,2161,0,0,0,,True,audio_timer_interval_gt_2ms
1,1225635697,1222165588,1222.165588,AUDIO_TIMER_LATE,0xffff,0x0000,,59778,59778,0,0,2161,0,0,0,,True,audio_timer_interval_gt_2ms
1,1225635697,1222165805,1222.165805,AUDIO_SDU_GENERATED,0xffff,0x0000,130,59779,59778,1,0,20004,0,0,0,,False,
1,1225635697,1222167750,1222.167750,AUDIO_TIMER_LATE,0xffff,0x0000,,59779,59778,1,0,2162,0,0,0,,True,audio_timer_interval_gt_2ms
1,1225635697,1222167759,1222.167759,AUDIO_BUSY_SET,0x0040,0x0041,130,59779,59779,0,1,0,2,0,0,busy_context=2,False,
1,1225635697,1222167763,1222.167763,AUDIO_CAN_SEND_NOW,0x0040,0x0041,130,59779,59779,0,1,2,0,0,0,,False,
1,1225635697,1222168035,1222.168035,AUDIO_PACKET_SENT,0x0040,0x0041,130,59779,59779,0,1,272,0,0,0,,False,
1,1225635697,1222168037,1222.168037,AUDIO_BUSY_CLEAR,0x0040,0x0041,130,59779,59779,0,0,278,3,0,0,busy_context=3,False,
1,1225635697,1222168041,1222.168041,AUDIO_L2CAP_SEND,0x0040,0x0041,130,59779,59779,0,1,0,0,161,0,sdu_size=161,False,
1,1225635697,1222168042,1222.168042,AUDIO_CAN_SEND_REQUESTED,0x0040,0x0041,130,59779,59779,0,1,0,0,0,0,,False,
1,1225635697,1222169908,1222.169908,AUDIO_TIMER_LATE,0xffff,0x0000,,59779,59778,1,0,2158,0,0,0,,True,audio_timer_interval_gt_2ms
1,1225635697,1222172066,1222.172066,AUDIO_TIMER_LATE,0xffff,0x0000,,59779,59779,0,0,2158,0,0,0,,True,audio_timer_interval_gt_2ms
1,1225635697,1222174224,1222.174224,AUDIO_TIMER_LATE,0xffff,0x0000,,59779,59779,0,0,2158,0,0,0,,True,audio_timer_interval_gt_2ms
1,1225635697,1222176383,1222.176383,AUDIO_TIMER_LATE,0xffff,0x0000,,59779,59779,0,0,2159,0,0,0,,True,audio_timer_interval_gt_2ms
1,1225635697,1222178541,1222.178541,AUDIO_TIMER_LATE,0xffff,0x0000,,59779,59779,0,0,2158,0,0,0,,True,audio_timer_interval_gt_2ms
1,1225635697,1222180702,1222.180702,AUDIO_TIMER_LATE,0xffff,0x0000,,59779,59779,0,0,2161,0,0,0,,True,audio_timer_interval_gt_2ms
1,1225635697,1222182863,1222.182863,AUDIO_TIMER_LATE,0xffff,0x0000,,59779,59779,0,0,2161,0,0,0,,True,audio_timer_interval_gt_2ms
1,1225635697,1222185024,1222.185024,AUDIO_TIMER_LATE,0xffff,0x0000,,59779,59779,0,0,2161,0,0,0,,True,audio_timer_interval_gt_2ms
1,1225635697,1222185801,1222.185801,AUDIO_SDU_GENERATED,0xffff,0x0000,131,59780,59779,1,0,19995,0,0,0,,False,
1,1225635697,1222187185,1222.187185,AUDIO_TIMER_LATE,0xffff,0x0000,,59780,59779,1,0,2161,0,0,0,,True,audio_timer_interval_gt_2ms
1,1225635697,1222187193,1222.187193,AUDIO_BUSY_SET,0x0040,0x0041,131,59780,59780,0,1,0,2,0,0,busy_context=2,False,
1,1225635697,1222187197,1222.187197,AUDIO_CAN_SEND_NOW,0x0040,0x0041,131,59780,59780,0,1,2,0,0,0,,False,
1,1225635697,1222187469,1222.187469,AUDIO_PACKET_SENT,0x0040,0x0041,131,59780,59780,0,1,272,0,0,0,,False,
1,1225635697,1222187472,1222.187472,AUDIO_BUSY_CLEAR,0x0040,0x0041,131,59780,59780,0,0,278,3,0,0,busy_context=3,False,
1,1225635697,1222187475,1222.187475,AUDIO_L2CAP_SEND,0x0040,0x0041,131,59780,59780,0,1,0,0,161,0,sdu_size=161,False,
1,1225635697,1222187476,1222.187476,AUDIO_CAN_SEND_REQUESTED,0x0040,0x0041,131,59780,59780,0,1,0,0,0,0,,False,
1,1225635697,1222189963,1222.189963,AUDIO_TIMER_LATE,0xffff,0x0000,,59780,59779,1,0,2778,0,0,0,,True,audio_timer_interval_gt_2ms
1,1225635697,1222193278,1222.193278,AUDIO_TIMER_LATE,0xffff,0x0000,,59780,59780,0,0,2156,0,0,0,,True,audio_timer_interval_gt_2ms
1,1225635697,1222195436,1222.195436,AUDIO_TIMER_LATE,0xffff,0x0000,,59780,59780,0,0,2157,0,0,0,,True,audio_timer_interval_gt_2ms
1,1225635697,1222197594,1222.197594,AUDIO_TIMER_LATE,0xffff,0x0000,,59780,59780,0,0,2159,0,0,0,,True,audio_timer_interval_gt_2ms
1,1225635697,1222199755,1222.199755,AUDIO_TIMER_LATE,0xffff,0x0000,,59780,59780,0,0,2161,0,0,0,,True,audio_timer_interval_gt_2ms
1,1225635697,1222201917,1222.201917,AUDIO_TIMER_LATE,0xffff,0x0000,,59780,59780,0,0,2162,0,0,0,,True,audio_timer_interval_gt_2ms
1,1225635697,1222205239,1222.205239,AUDIO_TIMER_LATE,0xffff,0x0000,,59780,59780,0,0,2160,0,0,0,,True,audio_timer_interval_gt_2ms
1,1225635697,1222205802,1222.205802,AUDIO_SDU_GENERATED,0xffff,0x0000,132,59781,59780,1,0,20002,0,0,0,,False,
1,1225635697,1222207400,1222.207400,AUDIO_TIMER_LATE,0xffff,0x0000,,59781,59780,1,0,2161,0,0,0,,True,audio_timer_interval_gt_2ms
1,1225635697,1222207408,1222.207408,AUDIO_BUSY_SET,0x0040,0x0041,132,59781,59781,0,1,0,2,0,0,busy_context=2,False,
1,1225635697,1222207412,1222.207412,AUDIO_CAN_SEND_NOW,0x0040,0x0041,132,59781,59781,0,1,2,0,0,0,,False,
1,1225635697,1222207684,1222.207684,AUDIO_PACKET_SENT,0x0040,0x0041,132,59781,59781,0,1,272,0,0,0,,False,
1,1225635697,1222207687,1222.207687,AUDIO_BUSY_CLEAR,0x0040,0x0041,132,59781,59781,0,0,278,3,0,0,busy_context=3,False,
1,1225635697,1222207690,1222.207690,AUDIO_L2CAP_SEND,0x0040,0x0041,132,59781,59781,0,1,0,0,161,0,sdu_size=161,False,
1,1225635697,1222207691,1222.207691,AUDIO_CAN_SEND_REQUESTED,0x0040,0x0041,132,59781,59781,0,1,0,0,0,0,,False,
1,1225635697,1222211420,1222.211420,AUDIO_TIMER_LATE,0xffff,0x0000,,59781,59781,0,0,2153,0,0,0,,True,audio_timer_interval_gt_2ms
1,1225635697,1222213578,1222.213578,AUDIO_TIMER_LATE,0xffff,0x0000,,59781,59781,0,0,2158,0,0,0,,True,audio_timer_interval_gt_2ms
1,1225635697,1222215736,1222.215736,AUDIO_TIMER_LATE,0xffff,0x0000,,59781,59781,0,0,2158,0,0,0,,True,audio_timer_interval_gt_2ms
1,1225635697,1222217894,1222.217894,AUDIO_TIMER_LATE,0xffff,0x0000,,59781,59781,0,0,2157,0,0,0,,True,audio_timer_interval_gt_2ms
1,1225635697,1222220055,1222.220055,AUDIO_TIMER_LATE,0xffff,0x0000,,59781,59781,0,0,2162,0,0,0,,True,audio_timer_interval_gt_2ms
1,1225635697,1222222216,1222.222216,AUDIO_TIMER_LATE,0xffff,0x0000,,59781,59781,0,0,2161,0,0,0,,True,audio_timer_interval_gt_2ms
1,1225635697,1222224377,1222.224377,AUDIO_TIMER_LATE,0xffff,0x0000,,59781,59781,0,0,2161,0,0,0,,True,audio_timer_interval_gt_2ms
1,1225635697,1222225801,1222.225801,AUDIO_SDU_GENERATED,0xffff,0x0000,133,59782,59781,1,0,19998,0,0,0,,False,
1,1225635697,1222226538,1222.226538,AUDIO_TIMER_LATE,0xffff,0x0000,,59782,59781,1,0,2161,0,0,0,,True,audio_timer_interval_gt_2ms
1,1225635697,1222226547,1222.226547,AUDIO_BUSY_SET,0x0040,0x0041,133,59782,59782,0,1,0,2,0,0,busy_context=2,False,
1,1225635697,1222226550,1222.226550,AUDIO_CAN_SEND_NOW,0x0040,0x0041,133,59782,59782,0,1,2,0,0,0,,False,
1,1225635697,1222226823,1222.226823,AUDIO_PACKET_SENT,0x0040,0x0041,133,59782,59782,0,1,273,0,0,0,,False,
1,1225635697,1222226825,1222.226825,AUDIO_BUSY_CLEAR,0x0040,0x0041,133,59782,59782,0,0,279,3,0,0,busy_context=3,False,
1,1225635697,1222226829,1222.226829,AUDIO_L2CAP_SEND,0x0040,0x0041,133,59782,59782,0,1,0,0,161,0,sdu_size=161,False,
1,1225635697,1222226830,1222.226830,AUDIO_CAN_SEND_REQUESTED,0x0040,0x0041,133,59782,59782,0,1,0,0,0,0,,False,
1,1225635697,1222228899,1222.228899,AUDIO_TIMER_LATE,0xffff,0x0000,,59782,59781,1,0,2361,0,0,0,,True,audio_timer_interval_gt_2ms
1,1225635697,1222231058,1222.231058,AUDIO_TIMER_LATE,0xffff,0x0000,,59782,59782,0,0,2159,0,0,0,,True,audio_timer_interval_gt_2ms
1,1225635697,1222233216,1222.233216,AUDIO_TIMER_LATE,0xffff,0x0000,,59782,59782,0,0,2158,0,0,0,,True,audio_timer_interval_gt_2ms
1,1225635697,1222235374,1222.235374,AUDIO_TIMER_LATE,0xffff,0x0000,,59782,59782,0,0,2158,0,0,0,,True,audio_timer_interval_gt_2ms
1,1225635697,1222237532,1222.237532,AUDIO_TIMER_LATE,0xffff,0x0000,,59782,59782,0,0,2158,0,0,0,,True,audio_timer_interval_gt_2ms
1,1225635697,1222239693,1222.239693,AUDIO_TIMER_LATE,0xffff,0x0000,,59782,59782,0,0,2161,0,0,0,,True,audio_timer_interval_gt_2ms
1,1225635697,1222241854,1222.241854,AUDIO_TIMER_LATE,0xffff,0x0000,,59782,59782,0,0,2161,0,0,0,,True,audio_timer_interval_gt_2ms
1,1225635697,1222244015,1222.244015,AUDIO_TIMER_LATE,0xffff,0x0000,,59782,59782,0,0,2161,0,0,0,,True,audio_timer_interval_gt_2ms
1,1225635697,1222245803,1222.245803,AUDIO_SDU_GENERATED,0xffff,0x0000,134,59783,59782,1,0,20002,0,0,0,,False,
1,1225635697,1222246177,1222.246177,AUDIO_TIMER_LATE,0xffff,0x0000,,59783,59782,1,0,2161,0,0,0,,True,audio_timer_interval_gt_2ms
1,1225635697,1222246185,1222.246185,AUDIO_BUSY_SET,0x0040,0x0041,134,59783,59783,0,1,0,2,0,0,busy_context=2,False,
1,1225635697,1222246189,1222.246189,AUDIO_CAN_SEND_NOW,0x0040,0x0041,134,59783,59783,0,1,2,0,0,0,,False,
1,1225635697,1222246462,1222.246462,AUDIO_PACKET_SENT,0x0040,0x0041,134,59783,59783,0,1,273,0,0,0,,False,
1,1225635697,1222246464,1222.246464,AUDIO_BUSY_CLEAR,0x0040,0x0041,134,59783,59783,0,0,278,3,0,0,busy_context=3,False,
1,1225635697,1222246467,1222.246467,AUDIO_L2CAP_SEND,0x0040,0x0041,134,59783,59783,0,1,0,0,161,0,sdu_size=161,False,
1,1225635697,1222246469,1222.246469,AUDIO_CAN_SEND_REQUESTED,0x0040,0x0041,134,59783,59783,0,1,0,0,0,0,,False,
1,1225635697,1222248620,1222.248620,AUDIO_TIMER_LATE,0xffff,0x0000,,59783,59782,1,0,2444,0,0,0,,True,audio_timer_interval_gt_2ms
1,1225635697,1222252506,1222.252506,AUDIO_TIMER_LATE,0xffff,0x0000,,59783,59783,0,0,2157,0,0,0,,True,audio_timer_interval_gt_2ms
1,1225635697,1222254664,1222.254664,AUDIO_TIMER_LATE,0xffff,0x0000,,59783,59783,0,0,2158,0,0,0,,True,audio_timer_interval_gt_2ms
1,1225635697,1222256822,1222.256822,AUDIO_TIMER_LATE,0xffff,0x0000,,59783,59783,0,0,2158,0,0,0,,True,audio_timer_interval_gt_2ms
1,1225635697,1222258983,1222.258983,AUDIO_TIMER_LATE,0xffff,0x0000,,59783,59783,0,0,2161,0,0,0,,True,audio_timer_interval_gt_2ms
1,1225635697,1222262305,1222.262305,AUDIO_TIMER_LATE,0xffff,0x0000,,59783,59783,0,0,2160,0,0,0,,True,audio_timer_interval_gt_2ms
1,1225635697,1222264467,1222.264467,AUDIO_TIMER_LATE,0xffff,0x0000,,59783,59783,0,0,2162,0,0,0,,True,audio_timer_interval_gt_2ms
1,1225635697,1222265801,1222.265801,AUDIO_SDU_GENERATED,0xffff,0x0000,135,59784,59783,1,0,19999,0,0,0,,False,
1,1225635697,1222266628,1222.266628,AUDIO_TIMER_LATE,0xffff,0x0000,,59784,59783,1,0,2161,0,0,0,,True,audio_timer_interval_gt_2ms
1,1225635697,1222266637,1222.266637,AUDIO_BUSY_SET,0x0040,0x0041,135,59784,59784,0,1,0,2,0,0,busy_context=2,False,
1,1225635697,1222266640,1222.266640,AUDIO_CAN_SEND_NOW,0x0040,0x0041,135,59784,59784,0,1,2,0,0,0,,False,
1,1225635697,1222266913,1222.266913,AUDIO_PACKET_SENT,0x0040,0x0041,135,59784,59784,0,1,273,0,0,0,,False,
1,1225635697,1222266915,1222.266915,AUDIO_BUSY_CLEAR,0x0040,0x0041,135,59784,59784,0,0,279,3,0,0,busy_context=3,False,
1,1225635697,1222266919,1222.266919,AUDIO_L2CAP_SEND,0x0040,0x0041,135,59784,59784,0,1,0,0,161,0,sdu_size=161,False,
1,1225635697,1222266920,1222.266920,AUDIO_CAN_SEND_REQUESTED,0x0040,0x0041,135,59784,59784,0,1,0,0,0,0,,False,
1,1225635697,1222270243,1222.270243,AUDIO_TIMER_LATE,0xffff,0x0000,,59784,59784,0,0,2171,0,0,0,,True,audio_timer_interval_gt_2ms
1,1225635697,1222272401,1222.272401,AUDIO_TIMER_LATE,0xffff,0x0000,,59784,59784,0,0,2158,0,0,0,,True,audio_timer_interval_gt_2ms
1,1225635697,1222274559,1222.274559,AUDIO_TIMER_LATE,0xffff,0x0000,,59784,59784,0,0,2158,0,0,0,,True,audio_timer_interval_gt_2ms
1,1225635697,1222276717,1222.276717,AUDIO_TIMER_LATE,0xffff,0x0000,,59784,59784,0,0,2158,0,0,0,,True,audio_timer_interval_gt_2ms
1,1225635697,1222278879,1222.278879,AUDIO_TIMER_LATE,0xffff,0x0000,,59784,59784,0,0,2162,0,0,0,,True,audio_timer_interval_gt_2ms
1,1225635697,1222281040,1222.281040,AUDIO_TIMER_LATE,0xffff,0x0000,,59784,59784,0,0,2161,0,0,0,,True,audio_timer_interval_gt_2ms
1,1225635697,1222283201,1222.283201,AUDIO_TIMER_LATE,0xffff,0x0000,,59784,59784,0,0,2161,0,0,0,,True,audio_timer_interval_gt_2ms
1,1225635697,1222285362,1222.285362,AUDIO_TIMER_LATE,0xffff,0x0000,,59784,59784,0,0,2161,0,0,0,,True,audio_timer_interval_gt_2ms
1,1225635697,1222285808,1222.285808,AUDIO_SDU_GENERATED,0xffff,0x0000,136,59785,59784,1,0,20006,0,0,0,,False,
1,1225635697,1222287523,1222.287523,AUDIO_TIMER_LATE,0xffff,0x0000,,59785,59784,1,0,2161,0,0,0,,True,audio_timer_interval_gt_2ms
1,1225635697,1222287531,1222.287531,AUDIO_BUSY_SET,0x0040,0x0041,136,59785,59785,0,1,0,2,0,0,busy_context=2,False,
1,1225635697,1222287535,1222.287535,AUDIO_CAN_SEND_NOW,0x0040,0x0041,136,59785,59785,0,1,2,0,0,0,,False,
1,1225635697,1222287808,1222.287808,AUDIO_PACKET_SENT,0x0040,0x0041,136,59785,59785,0,1,273,0,0,0,,False,
1,1225635697,1222287810,1222.287810,AUDIO_BUSY_CLEAR,0x0040,0x0041,136,59785,59785,0,0,279,3,0,0,busy_context=3,False,
1,1225635697,1222287813,1222.287813,AUDIO_L2CAP_SEND,0x0040,0x0041,136,59785,59785,0,1,0,0,161,0,sdu_size=161,False,
1,1225635697,1222287815,1222.287815,AUDIO_CAN_SEND_REQUESTED,0x0040,0x0041,136,59785,59785,0,1,0,0,0,0,,False,
1,1225635697,1222291407,1222.291407,AUDIO_TIMER_LATE,0xffff,0x0000,,59785,59785,0,0,2154,0,0,0,,True,audio_timer_interval_gt_2ms
1,1225635697,1222293565,1222.293565,AUDIO_TIMER_LATE,0xffff,0x0000,,59785,59785,0,0,2158,0,0,0,,True,audio_timer_interval_gt_2ms
1,1225635697,1222295723,1222.295723,AUDIO_TIMER_LATE,0xffff,0x0000,,59785,59785,0,0,2158,0,0,0,,True,audio_timer_interval_gt_2ms
1,1225635697,1222297883,1222.297883,AUDIO_TIMER_LATE,0xffff,0x0000,,59785,59785,0,0,2160,0,0,0,,True,audio_timer_interval_gt_2ms
1,1225635697,1222300044,1222.300044,AUDIO_TIMER_LATE,0xffff,0x0000,,59785,59785,0,0,2161,0,0,0,,True,audio_timer_interval_gt_2ms
1,1225635697,1222302205,1222.302205,AUDIO_TIMER_LATE,0xffff,0x0000,,59785,59785,0,0,2161,0,0,0,,True,audio_timer_interval_gt_2ms
1,1225635697,1222304367,1222.304367,AUDIO_TIMER_LATE,0xffff,0x0000,,59785,59785,0,0,2162,0,0,0,,True,audio_timer_interval_gt_2ms
1,1225635697,1222305803,1222.305803,AUDIO_SDU_GENERATED,0xffff,0x0000,137,59786,59785,1,0,19995,0,0,0,,False,
1,1225635697,1222306528,1222.306528,AUDIO_TIMER_LATE,0xffff,0x0000,,59786,59785,1,0,2161,0,0,0,,True,audio_timer_interval_gt_2ms
1,1225635697,1222306536,1222.306536,AUDIO_BUSY_SET,0x0040,0x0041,137,59786,59786,0,1,0,2,0,0,busy_context=2,False,
1,1225635697,1222306540,1222.306540,AUDIO_CAN_SEND_NOW,0x0040,0x0041,137,59786,59786,0,1,2,0,0,0,,False,
1,1225635697,1222306813,1222.306813,AUDIO_PACKET_SENT,0x0040,0x0041,137,59786,59786,0,1,273,0,0,0,,False,
1,1225635697,1222306815,1222.306815,AUDIO_BUSY_CLEAR,0x0040,0x0041,137,59786,59786,0,0,278,3,0,0,busy_context=3,False,
1,1225635697,1222306818,1222.306818,AUDIO_L2CAP_SEND,0x0040,0x0041,137,59786,59786,0,1,0,0,161,0,sdu_size=161,False,
1,1225635697,1222306819,1222.306819,AUDIO_CAN_SEND_REQUESTED,0x0040,0x0041,137,59786,59786,0,1,0,0,0,0,,False,
1,1225635697,1222309120,1222.309120,AUDIO_TIMER_LATE,0xffff,0x0000,,59786,59785,1,0,2592,0,0,0,,True,audio_timer_interval_gt_2ms
1,1225635697,1222311279,1222.311279,AUDIO_TIMER_LATE,0xffff,0x0000,,59786,59786,0,0,2158,0,0,0,,True,audio_timer_interval_gt_2ms
1,1225635697,1222313437,1222.313437,AUDIO_TIMER_LATE,0xffff,0x0000,,59786,59786,0,0,2159,0,0,0,,True,audio_timer_interval_gt_2ms
1,1225635697,1222315595,1222.315595,AUDIO_TIMER_LATE,0xffff,0x0000,,59786,59786,0,0,2158,0,0,0,,True,audio_timer_interval_gt_2ms
1,1225635697,1222317753,1222.317753,AUDIO_TIMER_LATE,0xffff,0x0000,,59786,59786,0,0,2158,0,0,0,,True,audio_timer_interval_gt_2ms
1,1225635697,1222319914,1222.319914,AUDIO_TIMER_LATE,0xffff,0x0000,,59786,59786,0,0,2161,0,0,0,,True,audio_timer_interval_gt_2ms
1,1225635697,1222323236,1222.323236,AUDIO_TIMER_LATE,0xffff,0x0000,,59786,59786,0,0,2160,0,0,0,,True,audio_timer_interval_gt_2ms
1,1225635697,1222325397,1222.325397,AUDIO_TIMER_LATE,0xffff,0x0000,,59786,59786,0,0,2161,0,0,0,,True,audio_timer_interval_gt_2ms
1,1225635697,1222325799,1222.325799,AUDIO_SDU_GENERATED,0xffff,0x0000,138,59787,59786,1,0,19996,0,0,0,,False,
1,1225635697,1222327558,1222.327558,AUDIO_TIMER_LATE,0xffff,0x0000,,59787,59786,1,0,2161,0,0,0,,True,audio_timer_interval_gt_2ms
1,1225635697,1222327567,1222.327567,AUDIO_BUSY_SET,0x0040,0x0041,138,59787,59787,0,1,0,2,0,0,busy_context=2,False,
1,1225635697,1222327570,1222.327570,AUDIO_CAN_SEND_NOW,0x0040,0x0041,138,59787,59787,0,1,2,0,0,0,,False,
1,1225635697,1222327842,1222.327842,AUDIO_PACKET_SENT,0x0040,0x0041,138,59787,59787,0,1,272,0,0,0,,False,
1,1225635697,1222327845,1222.327845,AUDIO_BUSY_CLEAR,0x0040,0x0041,138,59787,59787,0,0,278,3,0,0,busy_context=3,False,
1,1225635697,1222327848,1222.327848,AUDIO_L2CAP_SEND,0x0040,0x0041,138,59787,59787,0,1,0,0,161,0,sdu_size=161,False,
1,1225635697,1222327849,1222.327849,AUDIO_CAN_SEND_REQUESTED,0x0040,0x0041,138,59787,59787,0,1,0,0,0,0,,False,
1,1225635697,1222329718,1222.329718,AUDIO_TIMER_LATE,0xffff,0x0000,,59787,59786,1,0,2160,0,0,0,,True,audio_timer_interval_gt_2ms
1,1225635697,1222331873,1222.331873,AUDIO_TIMER_LATE,0xffff,0x0000,,59787,59787,0,0,2155,0,0,0,,True,audio_timer_interval_gt_2ms
1,1225635697,1222334032,1222.334032,AUDIO_TIMER_LATE,0xffff,0x0000,,59787,59787,0,0,2159,0,0,0,,True,audio_timer_interval_gt_2ms
1,1225635697,1222336190,1222.336190,AUDIO_TIMER_LATE,0xffff,0x0000,,59787,59787,0,0,2158,0,0,0,,True,audio_timer_interval_gt_2ms
1,1225635697,1222338349,1222.338349,AUDIO_TIMER_LATE,0xffff,0x0000,,59787,59787,0,0,2159,0,0,0,,True,audio_timer_interval_gt_2ms
1,1225635697,1222340511,1222.340511,AUDIO_TIMER_LATE,0xffff,0x0000,,59787,59787,0,0,2161,0,0,0,,True,audio_timer_interval_gt_2ms
1,1225635697,1222342672,1222.342672,AUDIO_TIMER_LATE,0xffff,0x0000,,59787,59787,0,0,2162,0,0,0,,True,audio_timer_interval_gt_2ms
1,1225635697,1222344833,1222.344833,AUDIO_TIMER_LATE,0xffff,0x0000,,59787,59787,0,0,2161,0,0,0,,True,audio_timer_interval_gt_2ms
1,1225635697,1222345802,1222.345802,AUDIO_SDU_GENERATED,0xffff,0x0000,139,59788,59787,1,0,20003,0,0,0,,False,
1,1225635697,1222346995,1222.346995,AUDIO_TIMER_LATE,0xffff,0x0000,,59788,59787,1,0,2162,0,0,0,,True,audio_timer_interval_gt_2ms
1,1225635697,1222347003,1222.347003,AUDIO_BUSY_SET,0x0040,0x0041,139,59788,59788,0,1,0,2,0,0,busy_context=2,False,
1,1225635697,1222347007,1222.347007,AUDIO_CAN_SEND_NOW,0x0040,0x0041,139,59788,59788,0,1,2,0,0,0,,False,
1,1225635697,1222347315,1222.347315,AUDIO_PACKET_SENT,0x0040,0x0041,139,59788,59788,0,1,308,0,0,0,,False,
1,1225635697,1222347317,1222.347317,AUDIO_BUSY_CLEAR,0x0040,0x0041,139,59788,59788,0,0,314,3,0,0,busy_context=3,False,
1,1225635697,1222347321,1222.347321,AUDIO_L2CAP_SEND,0x0040,0x0041,139,59788,59788,0,1,0,0,161,0,sdu_size=161,False,
1,1225635697,1222347322,1222.347322,AUDIO_CAN_SEND_REQUESTED,0x0040,0x0041,139,59788,59788,0,1,0,0,0,0,,False,
1,1225635697,1222351043,1222.351043,AUDIO_TIMER_LATE,0xffff,0x0000,,59788,59788,0,0,2569,0,0,0,,True,audio_timer_interval_gt_2ms
1,1225635697,1222353202,1222.353202,AUDIO_TIMER_LATE,0xffff,0x0000,,59788,59788,0,0,2159,0,0,0,,True,audio_timer_interval_gt_2ms
1,1225635697,1222355360,1222.355360,AUDIO_TIMER_LATE,0xffff,0x0000,,59788,59788,0,0,2158,0,0,0,,True,audio_timer_interval_gt_2ms
1,1225635697,1222357518,1222.357518,AUDIO_TIMER_LATE,0xffff,0x0000,,59788,59788,0,0,2158,0,0,0,,True,audio_timer_interval_gt_2ms
1,1225635697,1222359679,1222.359679,AUDIO_TIMER_LATE,0xffff,0x0000,,59788,59788,0,0,2161,0,0,0,,True,audio_timer_interval_gt_2ms
1,1225635697,1222361840,1222.361840,AUDIO_TIMER_LATE,0xffff,0x0000,,59788,59788,0,0,2161,0,0,0,,True,audio_timer_interval_gt_2ms
1,1225635697,1222364001,1222.364001,AUDIO_TIMER_LATE,0xffff,0x0000,,59788,59788,0,0,2161,0,0,0,,True,audio_timer_interval_gt_2ms
1,1225635697,1222365801,1222.365801,AUDIO_SDU_GENERATED,0xffff,0x0000,140,59789,59788,1,0,19999,0,0,0,,False,
1,1225635697,1222366163,1222.366163,AUDIO_TIMER_LATE,0xffff,0x0000,,59789,59788,1,0,2162,0,0,0,,True,audio_timer_interval_gt_2ms
1,1225635697,1222366172,1222.366172,AUDIO_BUSY_SET,0x0040,0x0041,140,59789,59789,0,1,0,2,0,0,busy_context=2,False,
1,1225635697,1222366176,1222.366176,AUDIO_CAN_SEND_NOW,0x0040,0x0041,140,59789,59789,0,1,2,0,0,0,,False,
1,1225635697,1222366448,1222.366448,AUDIO_PACKET_SENT,0x0040,0x0041,140,59789,59789,0,1,272,0,0,0,,False,
1,1225635697,1222366450,1222.366450,AUDIO_BUSY_CLEAR,0x0040,0x0041,140,59789,59789,0,0,278,3,0,0,busy_context=3,False,
1,1225635697,1222366454,1222.366454,AUDIO_L2CAP_SEND,0x0040,0x0041,140,59789,59789,0,1,0,0,161,0,sdu_size=161,False,
1,1225635697,1222366455,1222.366455,AUDIO_CAN_SEND_REQUESTED,0x0040,0x0041,140,59789,59789,0,1,0,0,0,0,,False,
1,1225635697,1222368607,1222.368607,AUDIO_TIMER_LATE,0xffff,0x0000,,59789,59788,1,0,2444,0,0,0,,True,audio_timer_interval_gt_2ms
1,1225635697,1222372521,1222.372521,AUDIO_TIMER_LATE,0xffff,0x0000,,59789,59789,0,0,2157,0,0,0,,True,audio_timer_interval_gt_2ms
1,1225635697,1222374679,1222.374679,AUDIO_TIMER_LATE,0xffff,0x0000,,59789,59789,0,0,2158,0,0,0,,True,audio_timer_interval_gt_2ms
1,1225635697,1222376838,1222.376838,AUDIO_TIMER_LATE,0xffff,0x0000,,59789,59789,0,0,2159,0,0,0,,True,audio_timer_interval_gt_2ms
1,1225635697,1222378999,1222.378999,AUDIO_TIMER_LATE,0xffff,0x0000,,59789,59789,0,0,2161,0,0,0,,True,audio_timer_interval_gt_2ms
1,1225635697,1222381160,1222.381160,AUDIO_TIMER_LATE,0xffff,0x0000,,59789,59789,0,0,2161,0,0,0,,True,audio_timer_interval_gt_2ms
1,1225635697,1222383321,1222.383321,AUDIO_TIMER_LATE,0xffff,0x0000,,59789,59789,0,0,2161,0,0,0,,True,audio_timer_interval_gt_2ms
1,1225635697,1222385483,1222.385483,AUDIO_TIMER_LATE,0xffff,0x0000,,59789,59789,0,0,2162,0,0,0,,True,audio_timer_interval_gt_2ms
1,1225635697,1222385801,1222.385801,AUDIO_SDU_GENERATED,0xffff,0x0000,141,59790,59789,1,0,20000,0,0,0,,False,
1,1225635697,1222387645,1222.387645,AUDIO_TIMER_LATE,0xffff,0x0000,,59790,59789,1,0,2162,0,0,0,,True,audio_timer_interval_gt_2ms
1,1225635697,1222387653,1222.387653,AUDIO_BUSY_SET,0x0040,0x0041,141,59790,59790,0,1,0,2,0,0,busy_context=2,False,
1,1225635697,1222387657,1222.387657,AUDIO_CAN_SEND_NOW,0x0040,0x0041,141,59790,59790,0,1,2,0,0,0,,False,
1,1225635697,1222387930,1222.387930,AUDIO_PACKET_SENT,0x0040,0x0041,141,59790,59790,0,1,273,0,0,0,,False,
1,1225635697,1222387932,1222.387932,AUDIO_BUSY_CLEAR,0x0040,0x0041,141,59790,59790,0,0,279,3,0,0,busy_context=3,False,
1,1225635697,1222387935,1222.387935,AUDIO_L2CAP_SEND,0x0040,0x0041,141,59790,59790,0,1,0,0,161,0,sdu_size=161,False,
1,1225635697,1222387937,1222.387937,AUDIO_CAN_SEND_REQUESTED,0x0040,0x0041,141,59790,59790,0,1,0,0,0,0,,False,
1,1225635697,1222391808,1222.391808,AUDIO_TIMER_LATE,0xffff,0x0000,,59790,59790,0,0,2720,0,0,0,,True,audio_timer_interval_gt_2ms
1,1225635697,1222393966,1222.393966,AUDIO_TIMER_LATE,0xffff,0x0000,,59790,59790,0,0,2158,0,0,0,,True,audio_timer_interval_gt_2ms
1,1225635697,1222397282,1222.397282,AUDIO_TIMER_LATE,0xffff,0x0000,,59790,59790,0,0,2157,0,0,0,,True,audio_timer_interval_gt_2ms
1,1225635697,1222399443,1222.399443,AUDIO_TIMER_LATE,0xffff,0x0000,,59790,59790,0,0,2161,0,0,0,,True,audio_timer_interval_gt_2ms
1,1225635697,1222401605,1222.401605,AUDIO_TIMER_LATE,0xffff,0x0000,,59790,59790,0,0,2161,0,0,0,,True,audio_timer_interval_gt_2ms
1,1225635697,1222403766,1222.403766,AUDIO_TIMER_LATE,0xffff,0x0000,,59790,59790,0,0,2162,0,0,0,,True,audio_timer_interval_gt_2ms
1,1225635697,1222405800,1222.405800,AUDIO_SDU_GENERATED,0xffff,0x0000,142,59791,59790,1,0,19999,0,0,0,,False,
1,1225635697,1222405928,1222.405928,AUDIO_TIMER_LATE,0xffff,0x0000,,59791,59790,1,0,2162,0,0,0,,True,audio_timer_interval_gt_2ms
1,1225635697,1222405937,1222.405937,AUDIO_BUSY_SET,0x0040,0x0041,142,59791,59791,0,1,0,2,0,0,busy_context=2,False,
1,1225635697,1222405941,1222.405941,AUDIO_CAN_SEND_NOW,0x0040,0x0041,142,59791,59791,0,1,2,0,0,0,,False,
1,1225635697,1222406213,1222.406213,AUDIO_PACKET_SENT,0x0040,0x0041,142,59791,59791,0,1,272,0,0,0,,False,
1,1225635697,1222406215,1222.406215,AUDIO_BUSY_CLEAR,0x0040,0x0041,142,59791,59791,0,0,278,3,0,0,busy_context=3,False,
1,1225635697,1222406218,1222.406218,AUDIO_L2CAP_SEND,0x0040,0x0041,142,59791,59791,0,1,0,0,161,0,sdu_size=161,False,
1,1225635697,1222406220,1222.406220,AUDIO_CAN_SEND_REQUESTED,0x0040,0x0041,142,59791,59791,0,1,0,0,0,0,,False,
1,1225635697,1222411425,1222.411425,AUDIO_TIMER_LATE,0xffff,0x0000,,59791,59791,0,0,2153,0,0,0,,True,audio_timer_interval_gt_2ms
1,1225635697,1222413583,1222.413583,AUDIO_TIMER_LATE,0xffff,0x0000,,59791,59791,0,0,2158,0,0,0,,True,audio_timer_interval_gt_2ms
1,1225635697,1222415741,1222.415741,AUDIO_TIMER_LATE,0xffff,0x0000,,59791,59791,0,0,2158,0,0,0,,True,audio_timer_interval_gt_2ms
1,1225635697,1222417903,1222.417903,AUDIO_TIMER_LATE,0xffff,0x0000,,59791,59791,0,0,2162,0,0,0,,True,audio_timer_interval_gt_2ms
1,1225635697,1222420065,1222.420065,AUDIO_TIMER_LATE,0xffff,0x0000,,59791,59791,0,0,2162,0,0,0,,True,audio_timer_interval_gt_2ms
1,1225635697,1222422226,1222.422226,AUDIO_TIMER_LATE,0xffff,0x0000,,59791,59791,0,0,2161,0,0,0,,True,audio_timer_interval_gt_2ms
1,1225635697,1222424387,1222.424387,AUDIO_TIMER_LATE,0xffff,0x0000,,59791,59791,0,0,2161,0,0,0,,True,audio_timer_interval_gt_2ms
1,1225635697,1222425800,1222.425800,AUDIO_SDU_GENERATED,0xffff,0x0000,143,59792,59791,1,0,20001,0,0,0,,False,
1,1225635697,1222426548,1222.426548,AUDIO_TIMER_LATE,0xffff,0x0000,,59792,59791,1,0,2160,0,0,0,,True,audio_timer_interval_gt_2ms
1,1225635697,1222426556,1222.426556,AUDIO_BUSY_SET,0x0040,0x0041,143,59792,59792,0,1,0,2,0,0,busy_context=2,False,
1,1225635697,1222426560,1222.426560,AUDIO_CAN_SEND_NOW,0x0040,0x0041,143,59792,59792,0,1,2,0,0,0,,False,
1,1225635697,1222426832,1222.426832,AUDIO_PACKET_SENT,0x0040,0x0041,143,59792,59792,0,1,272,0,0,0,,False,
1,1225635697,1222426835,1222.426835,AUDIO_BUSY_CLEAR,0x0040,0x0041,143,59792,59792,0,0,278,3,0,0,busy_context=3,False,
1,1225635697,1222426838,1222.426838,AUDIO_L2CAP_SEND,0x0040,0x0041,143,59792,59792,0,1,0,0,161,0,sdu_size=161,False,
1,1225635697,1222426839,1222.426839,AUDIO_CAN_SEND_REQUESTED,0x0040,0x0041,143,59792,59792,0,1,0,0,0,0,,False,
1,1225635697,1222428925,1222.428925,AUDIO_TIMER_LATE,0xffff,0x0000,,59792,59791,1,0,2378,0,0,0,,True,audio_timer_interval_gt_2ms
1,1225635697,1222432240,1222.432240,AUDIO_TIMER_LATE,0xffff,0x0000,,59792,59792,0,0,2156,0,0,0,,True,audio_timer_interval_gt_2ms
1,1225635697,1222434398,1222.434398,AUDIO_TIMER_LATE,0xffff,0x0000,,59792,59792,0,0,2158,0,0,0,,True,audio_timer_interval_gt_2ms
1,1225635697,1222436556,1222.436556,AUDIO_TIMER_LATE,0xffff,0x0000,,59792,59792,0,0,2158,0,0,0,,True,audio_timer_interval_gt_2ms
1,1225635697,1222438717,1222.438717,AUDIO_TIMER_LATE,0xffff,0x0000,,59792,59792,0,0,2161,0,0,0,,True,audio_timer_interval_gt_2ms
1,1225635697,1222440879,1222.440879,AUDIO_TIMER_LATE,0xffff,0x0000,,59792,59792,0,0,2162,0,0,0,,True,audio_timer_interval_gt_2ms
1,1225635697,1222443041,1222.443041,AUDIO_TIMER_LATE,0xffff,0x0000,,59792,59792,0,0,2162,0,0,0,,True,audio_timer_interval_gt_2ms
1,1225635697,1222445202,1222.445202,AUDIO_TIMER_LATE,0xffff,0x0000,,59792,59792,0,0,2161,0,0,0,,True,audio_timer_interval_gt_2ms
1,1225635697,1222445802,1222.445802,AUDIO_SDU_GENERATED,0xffff,0x0000,144,59793,59792,1,0,20001,0,0,0,,False,
1,1225635697,1222447364,1222.447364,AUDIO_TIMER_LATE,0xffff,0x0000,,59793,59792,1,0,2162,0,0,0,,True,audio_timer_interval_gt_2ms
1,1225635697,1222447373,1222.447373,AUDIO_BUSY_SET,0x0040,0x0041,144,59793,59793,0,1,0,2,0,0,busy_context=2,False,
1,1225635697,1222447377,1222.447377,AUDIO_CAN_SEND_NOW,0x0040,0x0041,144,59793,59793,0,1,2,0,0,0,,False,
1,1225635697,1222447649,1222.447649,AUDIO_PACKET_SENT,0x0040,0x0041,144,59793,59793,0,1,272,0,0,0,,False,
1,1225635697,1222447651,1222.447651,AUDIO_BUSY_CLEAR,0x0040,0x0041,144,59793,59793,0,0,278,3,0,0,busy_context=3,False,
1,1225635697,1222447654,1222.447654,AUDIO_L2CAP_SEND,0x0040,0x0041,144,59793,59793,0,1,0,0,161,0,sdu_size=161,False,
1,1225635697,1222447656,1222.447656,AUDIO_CAN_SEND_REQUESTED,0x0040,0x0041,144,59793,59793,0,1,0,0,0,0,,False,
1,1225635697,1222451428,1222.451428,AUDIO_TIMER_LATE,0xffff,0x0000,,59793,59793,0,0,2154,0,0,0,,True,audio_timer_interval_gt_2ms
1,1225635697,1222453586,1222.453586,AUDIO_TIMER_LATE,0xffff,0x0000,,59793,59793,0,0,2157,0,0,0,,True,audio_timer_interval_gt_2ms
1,1225635697,1222455744,1222.455744,AUDIO_TIMER_LATE,0xffff,0x0000,,59793,59793,0,0,2159,0,0,0,,True,audio_timer_interval_gt_2ms
1,1225635697,1222457902,1222.457902,AUDIO_TIMER_LATE,0xffff,0x0000,,59793,59793,0,0,2158,0,0,0,,True,audio_timer_interval_gt_2ms
1,1225635697,1222460063,1222.460063,AUDIO_TIMER_LATE,0xffff,0x0000,,59793,59793,0,0,2161,0,0,0,,True,audio_timer_interval_gt_2ms
1,1225635697,1222462224,1222.462224,AUDIO_TIMER_LATE,0xffff,0x0000,,59793,59793,0,0,2161,0,0,0,,True,audio_timer_interval_gt_2ms
1,1225635697,1222464385,1222.464385,AUDIO_TIMER_LATE,0xffff,0x0000,,59793,59793,0,0,2161,0,0,0,,True,audio_timer_interval_gt_2ms
1,1225635697,1222465802,1222.465802,AUDIO_SDU_GENERATED,0xffff,0x0000,145,59794,59793,1,0,20000,0,0,0,,False,
1,1225635697,1222466547,1222.466547,AUDIO_TIMER_LATE,0xffff,0x0000,,59794,59793,1,0,2162,0,0,0,,True,audio_timer_interval_gt_2ms
1,1225635697,1222466555,1222.466555,AUDIO_BUSY_SET,0x0040,0x0041,145,59794,59794,0,1,0,2,0,0,busy_context=2,False,
1,1225635697,1222466559,1222.466559,AUDIO_CAN_SEND_NOW,0x0040,0x0041,145,59794,59794,0,1,2,0,0,0,,False,
1,1225635697,1222466832,1222.466832,AUDIO_PACKET_SENT,0x0040,0x0041,145,59794,59794,0,1,273,0,0,0,,False,
1,1225635697,1222466834,1222.466834,AUDIO_BUSY_CLEAR,0x0040,0x0041,145,59794,59794,0,0,279,3,0,0,busy_context=3,False,
1,1225635697,1222466837,1222.466837,AUDIO_L2CAP_SEND,0x0040,0x0041,145,59794,59794,0,1,0,0,161,0,sdu_size=161,False,
1,1225635697,1222466839,1222.466839,AUDIO_CAN_SEND_REQUESTED,0x0040,0x0041,145,59794,59794,0,1,0,0,0,0,,False,
1,1225635697,1222469110,1222.469110,AUDIO_TIMER_LATE,0xffff,0x0000,,59794,59793,1,0,2563,0,0,0,,True,audio_timer_interval_gt_2ms
1,1225635697,1222471269,1222.471269,AUDIO_TIMER_LATE,0xffff,0x0000,,59794,59794,0,0,2159,0,0,0,,True,audio_timer_interval_gt_2ms
1,1225635697,1222473427,1222.473427,AUDIO_TIMER_LATE,0xffff,0x0000,,59794,59794,0,0,2158,0,0,0,,True,audio_timer_interval_gt_2ms
1,1225635697,1222475585,1222.475585,AUDIO_TIMER_LATE,0xffff,0x0000,,59794,59794,0,0,2158,0,0,0,,True,audio_timer_interval_gt_2ms
1,1225635697,1222477744,1222.477744,AUDIO_TIMER_LATE,0xffff,0x0000,,59794,59794,0,0,2158,0,0,0,,True,audio_timer_interval_gt_2ms
1,1225635697,1222479905,1222.479905,AUDIO_TIMER_LATE,0xffff,0x0000,,59794,59794,0,0,2162,0,0,0,,True,audio_timer_interval_gt_2ms
1,1225635697,1222482066,1222.482066,AUDIO_TIMER_LATE,0xffff,0x0000,,59794,59794,0,0,2161,0,0,0,,True,audio_timer_interval_gt_2ms
1,1225635697,1222484227,1222.484227,AUDIO_TIMER_LATE,0xffff,0x0000,,59794,59794,0,0,2161,0,0,0,,True,audio_timer_interval_gt_2ms
1,1225635697,1222485801,1222.485801,AUDIO_SDU_GENERATED,0xffff,0x0000,146,59795,59794,1,0,19999,0,0,0,,False,
1,1225635697,1222486388,1222.486388,AUDIO_TIMER_LATE,0xffff,0x0000,,59795,59794,1,0,2161,0,0,0,,True,audio_timer_interval_gt_2ms
1,1225635697,1222486396,1222.486396,AUDIO_BUSY_SET,0x0040,0x0041,146,59795,59795,0,1,0,2,0,0,busy_context=2,False,
1,1225635697,1222486400,1222.486400,AUDIO_CAN_SEND_NOW,0x0040,0x0041,146,59795,59795,0,1,2,0,0,0,,False,
1,1225635697,1222486673,1222.486673,AUDIO_PACKET_SENT,0x0040,0x0041,146,59795,59795,0,1,273,0,0,0,,False,
1,1225635697,1222486675,1222.486675,AUDIO_BUSY_CLEAR,0x0040,0x0041,146,59795,59795,0,0,278,3,0,0,busy_context=3,False,
1,1225635697,1222486678,1222.486678,AUDIO_L2CAP_SEND,0x0040,0x0041,146,59795,59795,0,1,0,0,161,0,sdu_size=161,False,
1,1225635697,1222486679,1222.486679,AUDIO_CAN_SEND_REQUESTED,0x0040,0x0041,146,59795,59795,0,1,0,0,0,0,,False,
1,1225635697,1222489281,1222.489281,AUDIO_TIMER_LATE,0xffff,0x0000,,59795,59794,1,0,2893,0,0,0,,True,audio_timer_interval_gt_2ms
1,1225635697,1222491440,1222.491440,AUDIO_TIMER_LATE,0xffff,0x0000,,59795,59795,0,0,2159,0,0,0,,True,audio_timer_interval_gt_2ms
1,1225635697,1222493598,1222.493598,AUDIO_TIMER_LATE,0xffff,0x0000,,59795,59795,0,0,2157,0,0,0,,True,audio_timer_interval_gt_2ms
1,1225635697,1222495756,1222.495756,AUDIO_TIMER_LATE,0xffff,0x0000,,59795,59795,0,0,2159,0,0,0,,True,audio_timer_interval_gt_2ms
1,1225635697,1222497915,1222.497915,AUDIO_TIMER_LATE,0xffff,0x0000,,59795,59795,0,0,2159,0,0,0,,True,audio_timer_interval_gt_2ms
1,1225635697,1222501236,1222.501236,AUDIO_TIMER_LATE,0xffff,0x0000,,59795,59795,0,0,2160,0,0,0,,True,audio_timer_interval_gt_2ms
1,1225635697,1222503397,1222.503397,AUDIO_TIMER_LATE,0xffff,0x0000,,59795,59795,0,0,2161,0,0,0,,True,audio_timer_interval_gt_2ms
1,1225635697,1222505558,1222.505558,AUDIO_TIMER_LATE,0xffff,0x0000,,59795,59795,0,0,2161,0,0,0,,True,audio_timer_interval_gt_2ms
1,1225635697,1222505805,1222.505805,AUDIO_SDU_GENERATED,0xffff,0x0000,147,59796,59795,1,0,20004,0,0,0,,False,
1,1225635697,1222507719,1222.507719,AUDIO_TIMER_LATE,0xffff,0x0000,,59796,59795,1,0,2161,0,0,0,,True,audio_timer_interval_gt_2ms
1,1225635697,1222507728,1222.507728,AUDIO_BUSY_SET,0x0040,0x0041,147,59796,59796,0,1,0,2,0,0,busy_context=2,False,
1,1225635697,1222507731,1222.507731,AUDIO_CAN_SEND_NOW,0x0040,0x0041,147,59796,59796,0,1,2,0,0,0,,False,
1,1225635697,1222508004,1222.508004,AUDIO_PACKET_SENT,0x0040,0x0041,147,59796,59796,0,1,273,0,0,0,,False,
1,1225635697,1222508006,1222.508006,AUDIO_BUSY_CLEAR,0x0040,0x0041,147,59796,59796,0,0,279,3,0,0,busy_context=3,False,
1,1225635697,1222508010,1222.508010,AUDIO_L2CAP_SEND,0x0040,0x0041,147,59796,59796,0,1,0,0,161,0,sdu_size=161,False,
1,1225635697,1222508011,1222.508011,AUDIO_CAN_SEND_REQUESTED,0x0040,0x0041,147,59796,59796,0,1,0,0,0,0,,False,
1,1225635697,1222511454,1222.511454,AUDIO_TIMER_LATE,0xffff,0x0000,,59796,59796,0,0,2158,0,0,0,,True,audio_timer_interval_gt_2ms
1,1225635697,1222513612,1222.513612,AUDIO_TIMER_LATE,0xffff,0x0000,,59796,59796,0,0,2158,0,0,0,,True,audio_timer_interval_gt_2ms
1,1225635697,1222515770,1222.515770,AUDIO_TIMER_LATE,0xffff,0x0000,,59796,59796,0,0,2158,0,0,0,,True,audio_timer_interval_gt_2ms
1,1225635697,1222517929,1222.517929,AUDIO_TIMER_LATE,0xffff,0x0000,,59796,59796,0,0,2159,0,0,0,,True,audio_timer_interval_gt_2ms
1,1225635697,1222521250,1222.521250,AUDIO_TIMER_LATE,0xffff,0x0000,,59796,59796,0,0,2160,0,0,0,,True,audio_timer_interval_gt_2ms
1,1225635697,1222523411,1222.523411,AUDIO_TIMER_LATE,0xffff,0x0000,,59796,59796,0,0,2161,0,0,0,,True,audio_timer_interval_gt_2ms
1,1225635697,1222525573,1222.525573,AUDIO_TIMER_LATE,0xffff,0x0000,,59796,59796,0,0,2161,0,0,0,,True,audio_timer_interval_gt_2ms
1,1225635697,1222525804,1222.525804,AUDIO_SDU_GENERATED,0xffff,0x0000,148,59797,59796,1,0,19999,0,0,0,,False,
1,1225635697,1222527734,1222.527734,AUDIO_TIMER_LATE,0xffff,0x0000,,59797,59796,1,0,2162,0,0,0,,True,audio_timer_interval_gt_2ms
1,1225635697,1222527742,1222.527742,AUDIO_BUSY_SET,0x0040,0x0041,148,59797,59797,0,1,0,2,0,0,busy_context=2,False,
1,1225635697,1222527746,1222.527746,AUDIO_CAN_SEND_NOW,0x0040,0x0041,148,59797,59797,0,1,2,0,0,0,,False,
1,1225635697,1222528019,1222.528019,AUDIO_PACKET_SENT,0x0040,0x0041,148,59797,59797,0,1,273,0,0,0,,False,
1,1225635697,1222528021,1222.528021,AUDIO_BUSY_CLEAR,0x0040,0x0041,148,59797,59797,0,0,279,3,0,0,busy_context=3,False,
1,1225635697,1222528025,1222.528025,AUDIO_L2CAP_SEND,0x0040,0x0041,148,59797,59797,0,1,0,0,161,0,sdu_size=161,False,
1,1225635697,1222528026,1222.528026,AUDIO_CAN_SEND_REQUESTED,0x0040,0x0041,148,59797,59797,0,1,0,0,0,0,,False,
1,1225635697,1222529956,1222.529956,AUDIO_TIMER_LATE,0xffff,0x0000,,59797,59796,1,0,2222,0,0,0,,True,audio_timer_interval_gt_2ms
1,1225635697,1222533271,1222.533271,AUDIO_TIMER_LATE,0xffff,0x0000,,59797,59797,0,0,2158,0,0,0,,True,audio_timer_interval_gt_2ms
1,1225635697,1222535429,1222.535429,AUDIO_TIMER_LATE,0xffff,0x0000,,59797,59797,0,0,2158,0,0,0,,True,audio_timer_interval_gt_2ms
1,1225635697,1222537588,1222.537588,AUDIO_TIMER_LATE,0xffff,0x0000,,59797,59797,0,0,2159,0,0,0,,True,audio_timer_interval_gt_2ms
1,1225635697,1222539749,1222.539749,AUDIO_TIMER_LATE,0xffff,0x0000,,59797,59797,0,0,2161,0,0,0,,True,audio_timer_interval_gt_2ms
1,1225635697,1222541911,1222.541911,AUDIO_TIMER_LATE,0xffff,0x0000,,59797,59797,0,0,2162,0,0,0,,True,audio_timer_interval_gt_2ms
1,1225635697,1222545232,1222.545232,AUDIO_TIMER_LATE,0xffff,0x0000,,59797,59797,0,0,2160,0,0,0,,True,audio_timer_interval_gt_2ms
1,1225635697,1222545798,1222.545798,AUDIO_SDU_GENERATED,0xffff,0x0000,149,59798,59797,1,0,19994,0,0,0,,False,
1,1225635697,1222547393,1222.547393,AUDIO_TIMER_LATE,0xffff,0x0000,,59798,59797,1,0,2161,0,0,0,,True,audio_timer_interval_gt_2ms
1,1225635697,1222547402,1222.547402,AUDIO_BUSY_SET,0x0040,0x0041,149,59798,59798,0,1,0,2,0,0,busy_context=2,False,
1,1225635697,1222547405,1222.547405,AUDIO_CAN_SEND_NOW,0x0040,0x0041,149,59798,59798,0,1,2,0,0,0,,False,
1,1225635697,1222547677,1222.547677,AUDIO_PACKET_SENT,0x0040,0x0041,149,59798,59798,0,1,272,0,0,0,,False,
1,1225635697,1222547680,1222.547680,AUDIO_BUSY_CLEAR,0x0040,0x0041,149,59798,59798,0,0,278,3,0,0,busy_context=3,False,
1,1225635697,1222547683,1222.547683,AUDIO_L2CAP_SEND,0x0040,0x0041,149,59798,59798,0,1,0,0,161,0,sdu_size=161,False,
1,1225635697,1222547684,1222.547684,AUDIO_CAN_SEND_REQUESTED,0x0040,0x0041,149,59798,59798,0,1,0,0,0,0,,False,
1,1225635697,1222551424,1222.551424,AUDIO_TIMER_LATE,0xffff,0x0000,,59798,59798,0,0,2154,0,0,0,,True,audio_timer_interval_gt_2ms
1,1225635697,1222553582,1222.553582,AUDIO_TIMER_LATE,0xffff,0x0000,,59798,59798,0,0,2158,0,0,0,,True,audio_timer_interval_gt_2ms
1,1225635697,1222555740,1222.555740,AUDIO_TIMER_LATE,0xffff,0x0000,,59798,59798,0,0,2158,0,0,0,,True,audio_timer_interval_gt_2ms
1,1225635697,1222557899,1222.557899,AUDIO_TIMER_LATE,0xffff,0x0000,,59798,59798,0,0,2159,0,0,0,,True,audio_timer_interval_gt_2ms
1,1225635697,1222560060,1222.560060,AUDIO_TIMER_LATE,0xffff,0x0000,,59798,59798,0,0,2161,0,0,0,,True,audio_timer_interval_gt_2ms
1,1225635697,1222562222,1222.562222,AUDIO_TIMER_LATE,0xffff,0x0000,,59798,59798,0,0,2162,0,0,0,,True,audio_timer_interval_gt_2ms
1,1225635697,1222564384,1222.564384,AUDIO_TIMER_LATE,0xffff,0x0000,,59798,59798,0,0,2162,0,0,0,,True,audio_timer_interval_gt_2ms
1,1225635697,1222565802,1222.565802,AUDIO_SDU_GENERATED,0xffff,0x0000,150,59799,59798,1,0,20004,0,0,0,,False,
1,1225635697,1222566546,1222.566546,AUDIO_TIMER_LATE,0xffff,0x0000,,59799,59798,1,0,2162,0,0,0,,True,audio_timer_interval_gt_2ms
1,1225635697,1222566554,1222.566554,AUDIO_BUSY_SET,0x0040,0x0041,150,59799,59799,0,1,0,2,0,0,busy_context=2,False,
1,1225635697,1222566558,1222.566558,AUDIO_CAN_SEND_NOW,0x0040,0x0041,150,59799,59799,0,1,2,0,0,0,,False,
1,1225635697,1222566830,1222.566830,AUDIO_PACKET_SENT,0x0040,0x0041,150,59799,59799,0,1,273,0,0,0,,False,
1,1225635697,1222566833,1222.566833,AUDIO_BUSY_CLEAR,0x0040,0x0041,150,59799,59799,0,0,278,3,0,0,busy_context=3,False,
1,1225635697,1222566836,1222.566836,AUDIO_L2CAP_SEND,0x0040,0x0041,150,59799,59799,0,1,0,0,161,0,sdu_size=161,False,
1,1225635697,1222566837,1222.566837,AUDIO_CAN_SEND_REQUESTED,0x0040,0x0041,150,59799,59799,0,1,0,0,0,0,,False,
1,1225635697,1222569294,1222.569294,AUDIO_TIMER_LATE,0xffff,0x0000,,59799,59798,1,0,2748,0,0,0,,True,audio_timer_interval_gt_2ms
1,1225635697,1222571453,1222.571453,AUDIO_TIMER_LATE,0xffff,0x0000,,59799,59799,0,0,2158,0,0,0,,True,audio_timer_interval_gt_2ms
1,1225635697,1222573611,1222.573611,AUDIO_TIMER_LATE,0xffff,0x0000,,59799,59799,0,0,2159,0,0,0,,True,audio_timer_interval_gt_2ms
1,1225635697,1222575769,1222.575769,AUDIO_TIMER_LATE,0xffff,0x0000,,59799,59799,0,0,2158,0,0,0,,True,audio_timer_interval_gt_2ms
1,1225635697,1222577927,1222.577927,AUDIO_TIMER_LATE,0xffff,0x0000,,59799,59799,0,0,2158,0,0,0,,True,audio_timer_interval_gt_2ms
1,1225635697,1222581248,1222.581248,AUDIO_TIMER_LATE,0xffff,0x0000,,59799,59799,0,0,2160,0,0,0,,True,audio_timer_interval_gt_2ms
1,1225635697,1222583410,1222.583410,AUDIO_TIMER_LATE,0xffff,0x0000,,59799,59799,0,0,2162,0,0,0,,True,audio_timer_interval_gt_2ms
1,1225635697,1222585571,1222.585571,AUDIO_TIMER_LATE,0xffff,0x0000,,59799,59799,0,0,2160,0,0,0,,True,audio_timer_interval_gt_2ms
1,1225635697,1222585804,1222.585804,AUDIO_SDU_GENERATED,0xffff,0x0000,151,59800,59799,1,0,20002,0,0,0,,False,
1,1225635697,1222587732,1222.587732,AUDIO_TIMER_LATE,0xffff,0x0000,,59800,59799,1,0,2162,0,0,0,,True,audio_timer_interval_gt_2ms
1,1225635697,1222587740,1222.587740,AUDIO_BUSY_SET,0x0040,0x0041,151,59800,59800,0,1,0,2,0,0,busy_context=2,False,
1,1225635697,1222587744,1222.587744,AUDIO_CAN_SEND_NOW,0x0040,0x0041,151,59800,59800,0,1,2,0,0,0,,False,
1,1225635697,1222588017,1222.588017,AUDIO_PACKET_SENT,0x0040,0x0041,151,59800,59800,0,1,273,0,0,0,,False,
1,1225635697,1222588019,1222.588019,AUDIO_BUSY_CLEAR,0x0040,0x0041,151,59800,59800,0,0,279,3,0,0,busy_context=3,False,
1,1225635697,1222588022,1222.588022,AUDIO_L2CAP_SEND,0x0040,0x0041,151,59800,59800,0,1,0,0,161,0,sdu_size=161,False,
1,1225635697,1222588024,1222.588024,AUDIO_CAN_SEND_REQUESTED,0x0040,0x0041,151,59800,59800,0,1,0,0,0,0,,False,
1,1225635697,1222591494,1222.591494,AUDIO_TIMER_LATE,0xffff,0x0000,,59800,59800,0,0,2158,0,0,0,,True,audio_timer_interval_gt_2ms
1,1225635697,1222593652,1222.593652,AUDIO_TIMER_LATE,0xffff,0x0000,,59800,59800,0,0,2158,0,0,0,,True,audio_timer_interval_gt_2ms
1,1225635697,1222595810,1222.595810,AUDIO_TIMER_LATE,0xffff,0x0000,,59800,59800,0,0,2158,0,0,0,,True,audio_timer_interval_gt_2ms
1,1225635697,1222597968,1222.597968,AUDIO_TIMER_LATE,0xffff,0x0000,,59800,59800,0,0,2158,0,0,0,,True,audio_timer_interval_gt_2ms
1,1225635697,1222601289,1222.601289,AUDIO_TIMER_LATE,0xffff,0x0000,,59800,59800,0,0,2160,0,0,0,,True,audio_timer_interval_gt_2ms
1,1225635697,1222603450,1222.603450,AUDIO_TIMER_LATE,0xffff,0x0000,,59800,59800,0,0,2161,0,0,0,,True,audio_timer_interval_gt_2ms
1,1225635697,1222605612,1222.605612,AUDIO_TIMER_LATE,0xffff,0x0000,,59800,59800,0,0,2162,0,0,0,,True,audio_timer_interval_gt_2ms
1,1225635697,1222605803,1222.605803,AUDIO_SDU_GENERATED,0xffff,0x0000,152,59801,59800,1,0,19999,0,0,0,,False,
1,1225635697,1222607774,1222.607774,AUDIO_TIMER_LATE,0xffff,0x0000,,59801,59800,1,0,2162,0,0,0,,True,audio_timer_interval_gt_2ms
1,1225635697,1222607783,1222.607783,AUDIO_BUSY_SET,0x0040,0x0041,152,59801,59801,0,1,0,2,0,0,busy_context=2,False,
1,1225635697,1222607786,1222.607786,AUDIO_CAN_SEND_NOW,0x0040,0x0041,152,59801,59801,0,1,2,0,0,0,,False,
1,1225635697,1222608059,1222.608059,AUDIO_PACKET_SENT,0x0040,0x0041,152,59801,59801,0,1,273,0,0,0,,False,
1,1225635697,1222608061,1222.608061,AUDIO_BUSY_CLEAR,0x0040,0x0041,152,59801,59801,0,0,279,3,0,0,busy_context=3,False,
1,1225635697,1222608064,1222.608064,AUDIO_L2CAP_SEND,0x0040,0x0041,152,59801,59801,0,1,0,0,161,0,sdu_size=161,False,
1,1225635697,1222608066,1222.608066,AUDIO_CAN_SEND_REQUESTED,0x0040,0x0041,152,59801,59801,0,1,0,0,0,0,,False,
1,1225635697,1222609935,1222.609935,AUDIO_TIMER_LATE,0xffff,0x0000,,59801,59800,1,0,2161,0,0,0,,True,audio_timer_interval_gt_2ms
1,1225635697,1222613250,1222.613250,AUDIO_TIMER_LATE,0xffff,0x0000,,59801,59801,0,0,2157,0,0,0,,True,audio_timer_interval_gt_2ms
1,1225635697,1222615409,1222.615409,AUDIO_TIMER_LATE,0xffff,0x0000,,59801,59801,0,0,2159,0,0,0,,True,audio_timer_interval_gt_2ms
1,1225635697,1222617567,1222.617567,AUDIO_TIMER_LATE,0xffff,0x0000,,59801,59801,0,0,2158,0,0,0,,True,audio_timer_interval_gt_2ms
1,1225635697,1222619728,1222.619728,AUDIO_TIMER_LATE,0xffff,0x0000,,59801,59801,0,0,2161,0,0,0,,True,audio_timer_interval_gt_2ms
1,1225635697,1222621890,1222.621890,AUDIO_TIMER_LATE,0xffff,0x0000,,59801,59801,0,0,2162,0,0,0,,True,audio_timer_interval_gt_2ms
1,1225635697,1222624051,1222.624051,AUDIO_TIMER_LATE,0xffff,0x0000,,59801,59801,0,0,2161,0,0,0,,True,audio_timer_interval_gt_2ms
1,1225635697,1222625801,1222.625801,AUDIO_SDU_GENERATED,0xffff,0x0000,153,59802,59801,1,0,19998,0,0,0,,False,
1,1225635697,1222626212,1222.626212,AUDIO_TIMER_LATE,0xffff,0x0000,,59802,59801,1,0,2161,0,0,0,,True,audio_timer_interval_gt_2ms
1,1225635697,1222626221,1222.626221,AUDIO_BUSY_SET,0x0040,0x0041,153,59802,59802,0,1,0,2,0,0,busy_context=2,False,
1,1225635697,1222626224,1222.626224,AUDIO_CAN_SEND_NOW,0x0040,0x0041,153,59802,59802,0,1,2,0,0,0,,False,
1,1225635697,1222626497,1222.626497,AUDIO_PACKET_SENT,0x0040,0x0041,153,59802,59802,0,1,273,0,0,0,,False,
1,1225635697,1222626499,1222.626499,AUDIO_BUSY_CLEAR,0x0040,0x0041,153,59802,59802,0,0,278,3,0,0,busy_context=3,False,
1,1225635697,1222626502,1222.626502,AUDIO_L2CAP_SEND,0x0040,0x0041,153,59802,59802,0,1,0,0,161,0,sdu_size=161,False,
1,1225635697,1222626503,1222.626503,AUDIO_CAN_SEND_REQUESTED,0x0040,0x0041,153,59802,59802,0,1,0,0,0,0,,False,
1,1225635697,1222628953,1222.628953,AUDIO_TIMER_LATE,0xffff,0x0000,,59802,59801,1,0,2741,0,0,0,,True,audio_timer_interval_gt_2ms
1,1225635697,1222632268,1222.632268,AUDIO_TIMER_LATE,0xffff,0x0000,,59802,59802,0,0,2158,0,0,0,,True,audio_timer_interval_gt_2ms
1,1225635697,1222634426,1222.634426,AUDIO_TIMER_LATE,0xffff,0x0000,,59802,59802,0,0,2158,0,0,0,,True,audio_timer_interval_gt_2ms
1,1225635697,1222636584,1222.636584,AUDIO_TIMER_LATE,0xffff,0x0000,,59802,59802,0,0,2158,0,0,0,,True,audio_timer_interval_gt_2ms
1,1225635697,1222638746,1222.638746,AUDIO_TIMER_LATE,0xffff,0x0000,,59802,59802,0,0,2161,0,0,0,,True,audio_timer_interval_gt_2ms
1,1225635697,1222640907,1222.640907,AUDIO_TIMER_LATE,0xffff,0x0000,,59802,59802,0,0,2162,0,0,0,,True,audio_timer_interval_gt_2ms
1,1225635697,1222644228,1222.644228,AUDIO_TIMER_LATE,0xffff,0x0000,,59802,59802,0,0,2160,0,0,0,,True,audio_timer_interval_gt_2ms
1,1225635697,1222645802,1222.645802,AUDIO_SDU_GENERATED,0xffff,0x0000,154,59803,59802,1,0,20001,0,0,0,,False,
1,1225635697,1222646389,1222.646389,AUDIO_TIMER_LATE,0xffff,0x0000,,59803,59802,1,0,2161,0,0,0,,True,audio_timer_interval_gt_2ms
1,1225635697,1222646397,1222.646397,AUDIO_BUSY_SET,0x0040,0x0041,154,59803,59803,0,1,0,2,0,0,busy_context=2,False,
1,1225635697,1222646401,1222.646401,AUDIO_CAN_SEND_NOW,0x0040,0x0041,154,59803,59803,0,1,2,0,0,0,,False,
1,1225635697,1222646673,1222.646673,AUDIO_PACKET_SENT,0x0040,0x0041,154,59803,59803,0,1,272,0,0,0,,False,
1,1225635697,1222646676,1222.646676,AUDIO_BUSY_CLEAR,0x0040,0x0041,154,59803,59803,0,0,278,3,0,0,busy_context=3,False,
1,1225635697,1222646679,1222.646679,AUDIO_L2CAP_SEND,0x0040,0x0041,154,59803,59803,0,1,0,0,161,0,sdu_size=161,False,
1,1225635697,1222646680,1222.646680,AUDIO_CAN_SEND_REQUESTED,0x0040,0x0041,154,59803,59803,0,1,0,0,0,0,,False,
1,1225635697,1222649264,1222.649264,AUDIO_TIMER_LATE,0xffff,0x0000,,59803,59802,1,0,2875,0,0,0,,True,audio_timer_interval_gt_2ms
1,1225635697,1222651428,1222.651428,AUDIO_TIMER_LATE,0xffff,0x0000,,59803,59803,0,0,2163,0,0,0,,True,audio_timer_interval_gt_2ms
1,1225635697,1222653586,1222.653586,AUDIO_TIMER_LATE,0xffff,0x0000,,59803,59803,0,0,2159,0,0,0,,True,audio_timer_interval_gt_2ms
1,1225635697,1222655744,1222.655744,AUDIO_TIMER_LATE,0xffff,0x0000,,59803,59803,0,0,2158,0,0,0,,True,audio_timer_interval_gt_2ms
1,1225635697,1222657903,1222.657903,AUDIO_TIMER_LATE,0xffff,0x0000,,59803,59803,0,0,2159,0,0,0,,True,audio_timer_interval_gt_2ms
1,1225635697,1222660064,1222.660064,AUDIO_TIMER_LATE,0xffff,0x0000,,59803,59803,0,0,2161,0,0,0,,True,audio_timer_interval_gt_2ms
1,1225635697,1222662226,1222.662226,AUDIO_TIMER_LATE,0xffff,0x0000,,59803,59803,0,0,2162,0,0,0,,True,audio_timer_interval_gt_2ms
1,1225635697,1222664388,1222.664388,AUDIO_TIMER_LATE,0xffff,0x0000,,59803,59803,0,0,2162,0,0,0,,True,audio_timer_interval_gt_2ms
1,1225635697,1222665799,1222.665799,AUDIO_SDU_GENERATED,0xffff,0x0000,155,59804,59803,1,0,19997,0,0,0,,False,
1,1225635697,1222666549,1222.666549,AUDIO_TIMER_LATE,0xffff,0x0000,,59804,59803,1,0,2161,0,0,0,,True,audio_timer_interval_gt_2ms
1,1225635697,1222666558,1222.666558,AUDIO_BUSY_SET,0x0040,0x0041,155,59804,59804,0,1,0,2,0,0,busy_context=2,False,
1,1225635697,1222666562,1222.666562,AUDIO_CAN_SEND_NOW,0x0040,0x0041,155,59804,59804,0,1,2,0,0,0,,False,
1,1225635697,1222666834,1222.666834,AUDIO_PACKET_SENT,0x0040,0x0041,155,59804,59804,0,1,272,0,0,0,,False,
1,1225635697,1222666837,1222.666837,AUDIO_BUSY_CLEAR,0x0040,0x0041,155,59804,59804,0,0,278,3,0,0,busy_context=3,False,
1,1225635697,1222666840,1222.666840,AUDIO_L2CAP_SEND,0x0040,0x0041,155,59804,59804,0,1,0,0,161,0,sdu_size=161,False,
1,1225635697,1222666841,1222.666841,AUDIO_CAN_SEND_REQUESTED,0x0040,0x0041,155,59804,59804,0,1,0,0,0,0,,False,
1,1225635697,1222668925,1222.668925,AUDIO_TIMER_LATE,0xffff,0x0000,,59804,59803,1,0,2376,0,0,0,,True,audio_timer_interval_gt_2ms
1,1225635697,1222672241,1222.672241,AUDIO_TIMER_LATE,0xffff,0x0000,,59804,59804,0,0,2156,0,0,0,,True,audio_timer_interval_gt_2ms
1,1225635697,1222674399,1222.674399,AUDIO_TIMER_LATE,0xffff,0x0000,,59804,59804,0,0,2159,0,0,0,,True,audio_timer_interval_gt_2ms
1,1225635697,1222676557,1222.676557,AUDIO_TIMER_LATE,0xffff,0x0000,,59804,59804,0,0,2158,0,0,0,,True,audio_timer_interval_gt_2ms
1,1225635697,1222678718,1222.678718,AUDIO_TIMER_LATE,0xffff,0x0000,,59804,59804,0,0,2161,0,0,0,,True,audio_timer_interval_gt_2ms
1,1225635697,1222680880,1222.680880,AUDIO_TIMER_LATE,0xffff,0x0000,,59804,59804,0,0,2162,0,0,0,,True,audio_timer_interval_gt_2ms
1,1225635697,1222683041,1222.683041,AUDIO_TIMER_LATE,0xffff,0x0000,,59804,59804,0,0,2161,0,0,0,,True,audio_timer_interval_gt_2ms
1,1225635697,1222685202,1222.685202,AUDIO_TIMER_LATE,0xffff,0x0000,,59804,59804,0,0,2161,0,0,0,,True,audio_timer_interval_gt_2ms
1,1225635697,1222685801,1222.685801,AUDIO_SDU_GENERATED,0xffff,0x0000,156,59805,59804,1,0,20002,0,0,0,,False,
1,1225635697,1222687363,1222.687363,AUDIO_TIMER_LATE,0xffff,0x0000,,59805,59804,1,0,2161,0,0,0,,True,audio_timer_interval_gt_2ms
1,1225635697,1222687371,1222.687371,AUDIO_BUSY_SET,0x0040,0x0041,156,59805,59805,0,1,0,2,0,0,busy_context=2,False,
1,1225635697,1222687375,1222.687375,AUDIO_CAN_SEND_NOW,0x0040,0x0041,156,59805,59805,0,1,2,0,0,0,,False,
1,1225635697,1222687647,1222.687647,AUDIO_PACKET_SENT,0x0040,0x0041,156,59805,59805,0,1,272,0,0,0,,False,
1,1225635697,1222687650,1222.687650,AUDIO_BUSY_CLEAR,0x0040,0x0041,156,59805,59805,0,0,278,3,0,0,busy_context=3,False,
1,1225635697,1222687653,1222.687653,AUDIO_L2CAP_SEND,0x0040,0x0041,156,59805,59805,0,1,0,0,161,0,sdu_size=161,False,
1,1225635697,1222687654,1222.687654,AUDIO_CAN_SEND_REQUESTED,0x0040,0x0041,156,59805,59805,0,1,0,0,0,0,,False,
1,1225635697,1222691430,1222.691430,AUDIO_TIMER_LATE,0xffff,0x0000,,59805,59805,0,0,2153,0,0,0,,True,audio_timer_interval_gt_2ms
1,1225635697,1222693588,1222.693588,AUDIO_TIMER_LATE,0xffff,0x0000,,59805,59805,0,0,2158,0,0,0,,True,audio_timer_interval_gt_2ms
1,1225635697,1222695747,1222.695747,AUDIO_TIMER_LATE,0xffff,0x0000,,59805,59805,0,0,2159,0,0,0,,True,audio_timer_interval_gt_2ms
1,1225635697,1222697906,1222.697906,AUDIO_TIMER_LATE,0xffff,0x0000,,59805,59805,0,0,2159,0,0,0,,True,audio_timer_interval_gt_2ms
1,1225635697,1222700068,1222.700068,AUDIO_TIMER_LATE,0xffff,0x0000,,59805,59805,0,0,2162,0,0,0,,True,audio_timer_interval_gt_2ms
1,1225635697,1222702230,1222.702230,AUDIO_TIMER_LATE,0xffff,0x0000,,59805,59805,0,0,2162,0,0,0,,True,audio_timer_interval_gt_2ms
1,1225635697,1222704391,1222.704391,AUDIO_TIMER_LATE,0xffff,0x0000,,59805,59805,0,0,2161,0,0,0,,True,audio_timer_interval_gt_2ms
1,1225635697,1222705801,1222.705801,AUDIO_SDU_GENERATED,0xffff,0x0000,157,59806,59805,1,0,20000,0,0,0,,False,
1,1225635697,1222706552,1222.706552,AUDIO_TIMER_LATE,0xffff,0x0000,,59806,59805,1,0,2161,0,0,0,,True,audio_timer_interval_gt_2ms
1,1225635697,1222706560,1222.706560,AUDIO_BUSY_SET,0x0040,0x0041,157,59806,59806,0,1,0,2,0,0,busy_context=2,False,
1,1225635697,1222706564,1222.706564,AUDIO_CAN_SEND_NOW,0x0040,0x0041,157,59806,59806,0,1,2,0,0,0,,False,
1,1225635697,1222706836,1222.706836,AUDIO_PACKET_SENT,0x0040,0x0041,157,59806,59806,0,1,272,0,0,0,,False,
1,1225635697,1222706839,1222.706839,AUDIO_BUSY_CLEAR,0x0040,0x0041,157,59806,59806,0,0,278,3,0,0,busy_context=3,False,
1,1225635697,1222706842,1222.706842,AUDIO_L2CAP_SEND,0x0040,0x0041,157,59806,59806,0,1,0,0,161,0,sdu_size=161,False,
1,1225635697,1222706843,1222.706843,AUDIO_CAN_SEND_REQUESTED,0x0040,0x0041,157,59806,59806,0,1,0,0,0,0,,False,
1,1225635697,1222708995,1222.708995,AUDIO_TIMER_LATE,0xffff,0x0000,,59806,59805,1,0,2442,0,0,0,,True,audio_timer_interval_gt_2ms
1,1225635697,1222712310,1222.712310,AUDIO_TIMER_LATE,0xffff,0x0000,,59806,59806,0,0,2157,0,0,0,,True,audio_timer_interval_gt_2ms
1,1225635697,1222714467,1222.714467,AUDIO_TIMER_LATE,0xffff,0x0000,,59806,59806,0,0,2157,0,0,0,,True,audio_timer_interval_gt_2ms
1,1225635697,1222716626,1222.716626,AUDIO_TIMER_LATE,0xffff,0x0000,,59806,59806,0,0,2159,0,0,0,,True,audio_timer_interval_gt_2ms
1,1225635697,1222718787,1222.718787,AUDIO_TIMER_LATE,0xffff,0x0000,,59806,59806,0,0,2161,0,0,0,,True,audio_timer_interval_gt_2ms
1,1225635697,1222720948,1222.720948,AUDIO_TIMER_LATE,0xffff,0x0000,,59806,59806,0,0,2161,0,0,0,,True,audio_timer_interval_gt_2ms
1,1225635697,1222724269,1222.724269,AUDIO_TIMER_LATE,0xffff,0x0000,,59806,59806,0,0,2160,0,0,0,,True,audio_timer_interval_gt_2ms
1,1225635697,1222725805,1222.725805,AUDIO_SDU_GENERATED,0xffff,0x0000,158,59807,59806,1,0,20004,0,0,0,,False,
1,1225635697,1222726430,1222.726430,AUDIO_TIMER_LATE,0xffff,0x0000,,59807,59806,1,0,2161,0,0,0,,True,audio_timer_interval_gt_2ms
1,1225635697,1222726439,1222.726439,AUDIO_BUSY_SET,0x0040,0x0041,158,59807,59807,0,1,0,2,0,0,busy_context=2,False,
1,1225635697,1222726442,1222.726442,AUDIO_CAN_SEND_NOW,0x0040,0x0041,158,59807,59807,0,1,2,0,0,0,,False,
1,1225635697,1222726714,1222.726714,AUDIO_PACKET_SENT,0x0040,0x0041,158,59807,59807,0,1,273,0,0,0,,False,
1,1225635697,1222726717,1222.726717,AUDIO_BUSY_CLEAR,0x0040,0x0041,158,59807,59807,0,0,278,3,0,0,busy_context=3,False,
1,1225635697,1222726720,1222.726720,AUDIO_L2CAP_SEND,0x0040,0x0041,158,59807,59807,0,1,0,0,161,0,sdu_size=161,False,
1,1225635697,1222726721,1222.726721,AUDIO_CAN_SEND_REQUESTED,0x0040,0x0041,158,59807,59807,0,1,0,0,0,0,,False,
1,1225635697,1222728539,1222.728539,AUDIO_TIMER_LATE,0xffff,0x0000,,59807,59806,1,0,2109,0,0,0,,True,audio_timer_interval_gt_2ms
1,1225635697,1222730719,1222.730719,AUDIO_TIMER_LATE,0xffff,0x0000,,59807,59807,0,0,2180,0,0,0,,True,audio_timer_interval_gt_2ms
1,1225635697,1222732877,1222.732877,AUDIO_TIMER_LATE,0xffff,0x0000,,59807,59807,0,0,2158,0,0,0,,True,audio_timer_interval_gt_2ms
1,1225635697,1222735036,1222.735036,AUDIO_TIMER_LATE,0xffff,0x0000,,59807,59807,0,0,2159,0,0,0,,True,audio_timer_interval_gt_2ms
1,1225635697,1222737195,1222.737195,AUDIO_TIMER_LATE,0xffff,0x0000,,59807,59807,0,0,2159,0,0,0,,True,audio_timer_interval_gt_2ms
1,1225635697,1222739356,1222.739356,AUDIO_TIMER_LATE,0xffff,0x0000,,59807,59807,0,0,2161,0,0,0,,True,audio_timer_interval_gt_2ms
1,1225635697,1222741517,1222.741517,AUDIO_TIMER_LATE,0xffff,0x0000,,59807,59807,0,0,2161,0,0,0,,True,audio_timer_interval_gt_2ms
1,1225635697,1222743679,1222.743679,AUDIO_TIMER_LATE,0xffff,0x0000,,59807,59807,0,0,2161,0,0,0,,True,audio_timer_interval_gt_2ms
1,1225635697,1222745800,1222.745800,AUDIO_SDU_GENERATED,0xffff,0x0000,159,59808,59807,1,0,19995,0,0,0,,False,
1,1225635697,1222745840,1222.745840,AUDIO_TIMER_LATE,0xffff,0x0000,,59808,59807,1,0,2162,0,0,0,,True,audio_timer_interval_gt_2ms
1,1225635697,1222745849,1222.745849,AUDIO_BUSY_SET,0x0040,0x0041,159,59808,59808,0,1,0,2,0,0,busy_context=2,False,
1,1225635697,1222745852,1222.745852,AUDIO_CAN_SEND_NOW,0x0040,0x0041,159,59808,59808,0,1,1,0,0,0,,False,
1,1225635697,1222746124,1222.746124,AUDIO_PACKET_SENT,0x0040,0x0041,159,59808,59808,0,1,272,0,0,0,,False,
1,1225635697,1222746127,1222.746127,AUDIO_BUSY_CLEAR,0x0040,0x0041,159,59808,59808,0,0,278,3,0,0,busy_context=3,False,
1,1225635697,1222746130,1222.746130,AUDIO_L2CAP_SEND,0x0040,0x0041,159,59808,59808,0,1,0,0,161,0,sdu_size=161,False,
1,1225635697,1222746131,1222.746131,AUDIO_CAN_SEND_REQUESTED,0x0040,0x0041,159,59808,59808,0,1,0,0,0,0,,False,
1,1225635697,1222750020,1222.750020,AUDIO_TIMER_LATE,0xffff,0x0000,,59808,59808,0,0,2737,0,0,0,,True,audio_timer_interval_gt_2ms
1,1225635697,1222752178,1222.752178,AUDIO_TIMER_LATE,0xffff,0x0000,,59808,59808,0,0,2158,0,0,0,,True,audio_timer_interval_gt_2ms
1,1225635697,1222754336,1222.754336,AUDIO_TIMER_LATE,0xffff,0x0000,,59808,59808,0,0,2158,0,0,0,,True,audio_timer_interval_gt_2ms
1,1225635697,1222756494,1222.756494,AUDIO_TIMER_LATE,0xffff,0x0000,,59808,59808,0,0,2158,0,0,0,,True,audio_timer_interval_gt_2ms
1,1225635697,1222758655,1222.758655,AUDIO_TIMER_LATE,0xffff,0x0000,,59808,59808,0,0,2161,0,0,0,,True,audio_timer_interval_gt_2ms
1,1225635697,1222760816,1222.760816,AUDIO_TIMER_LATE,0xffff,0x0000,,59808,59808,0,0,2161,0,0,0,,True,audio_timer_interval_gt_2ms
1,1225635697,1222762977,1222.762977,AUDIO_TIMER_LATE,0xffff,0x0000,,59808,59808,0,0,2161,0,0,0,,True,audio_timer_interval_gt_2ms
1,1225635697,1222765801,1222.765801,AUDIO_SDU_GENERATED,0xffff,0x0000,160,59809,59808,1,0,20001,0,0,0,,False,
1,1225635697,1222766298,1222.766298,AUDIO_TIMER_LATE,0xffff,0x0000,,59809,59808,1,0,2160,0,0,0,,True,audio_timer_interval_gt_2ms
1,1225635697,1222766306,1222.766306,AUDIO_BUSY_SET,0x0040,0x0041,160,59809,59809,0,1,0,2,0,0,busy_context=2,False,
1,1225635697,1222766310,1222.766310,AUDIO_CAN_SEND_NOW,0x0040,0x0041,160,59809,59809,0,1,2,0,0,0,,False,
1,1225635697,1222766582,1222.766582,AUDIO_PACKET_SENT,0x0040,0x0041,160,59809,59809,0,1,273,0,0,0,,False,
1,1225635697,1222766585,1222.766585,AUDIO_BUSY_CLEAR,0x0040,0x0041,160,59809,59809,0,0,278,3,0,0,busy_context=3,False,
1,1225635697,1222766588,1222.766588,AUDIO_L2CAP_SEND,0x0040,0x0041,160,59809,59809,0,1,0,0,161,0,sdu_size=161,False,
1,1225635697,1222766589,1222.766589,AUDIO_CAN_SEND_REQUESTED,0x0040,0x0041,160,59809,59809,0,1,0,0,0,0,,False,
1,1225635697,1222768741,1222.768741,AUDIO_TIMER_LATE,0xffff,0x0000,,59809,59808,1,0,2443,0,0,0,,True,audio_timer_interval_gt_2ms
1,1225635697,1222772573,1222.772573,AUDIO_TIMER_LATE,0xffff,0x0000,,59809,59809,0,0,2157,0,0,0,,True,audio_timer_interval_gt_2ms
1,1225635697,1222774731,1222.774731,AUDIO_TIMER_LATE,0xffff,0x0000,,59809,59809,0,0,2158,0,0,0,,True,audio_timer_interval_gt_2ms
1,1225635697,1222776890,1222.776890,AUDIO_TIMER_LATE,0xffff,0x0000,,59809,59809,0,0,2159,0,0,0,,True,audio_timer_interval_gt_2ms
1,1225635697,1222779051,1222.779051,AUDIO_TIMER_LATE,0xffff,0x0000,,59809,59809,0,0,2161,0,0,0,,True,audio_timer_interval_gt_2ms
1,1225635697,1222781212,1222.781212,AUDIO_TIMER_LATE,0xffff,0x0000,,59809,59809,0,0,2161,0,0,0,,True,audio_timer_interval_gt_2ms
1,1225635697,1222783373,1222.783373,AUDIO_TIMER_LATE,0xffff,0x0000,,59809,59809,0,0,2161,0,0,0,,True,audio_timer_interval_gt_2ms
1,1225635697,1222785534,1222.785534,AUDIO_TIMER_LATE,0xffff,0x0000,,59809,59809,0,0,2161,0,0,0,,True,audio_timer_interval_gt_2ms
1,1225635697,1222785804,1222.785804,AUDIO_SDU_GENERATED,0xffff,0x0000,161,59810,59809,1,0,20004,0,0,0,,False,
1,1225635697,1222787696,1222.787696,AUDIO_TIMER_LATE,0xffff,0x0000,,59810,59809,1,0,2162,0,0,0,,True,audio_timer_interval_gt_2ms
1,1225635697,1222787705,1222.787705,AUDIO_BUSY_SET,0x0040,0x0041,161,59810,59810,0,1,0,2,0,0,busy_context=2,False,
1,1225635697,1222787708,1222.787708,AUDIO_CAN_SEND_NOW,0x0040,0x0041,161,59810,59810,0,1,2,0,0,0,,False,
1,1225635697,1222787981,1222.787981,AUDIO_PACKET_SENT,0x0040,0x0041,161,59810,59810,0,1,273,0,0,0,,False,
1,1225635697,1222787983,1222.787983,AUDIO_BUSY_CLEAR,0x0040,0x0041,161,59810,59810,0,0,279,3,0,0,busy_context=3,False,
1,1225635697,1222787986,1222.787986,AUDIO_L2CAP_SEND,0x0040,0x0041,161,59810,59810,0,1,0,0,161,0,sdu_size=161,False,
1,1225635697,1222787988,1222.787988,AUDIO_CAN_SEND_REQUESTED,0x0040,0x0041,161,59810,59810,0,1,0,0,0,0,,False,
1,1225635697,1222791909,1222.791909,AUDIO_TIMER_LATE,0xffff,0x0000,,59810,59810,0,0,2769,0,0,0,,True,audio_timer_interval_gt_2ms
1,1225635697,1222794067,1222.794067,AUDIO_TIMER_LATE,0xffff,0x0000,,59810,59810,0,0,2158,0,0,0,,True,audio_timer_interval_gt_2ms
1,1225635697,1222796225,1222.796225,AUDIO_TIMER_LATE,0xffff,0x0000,,59810,59810,0,0,2158,0,0,0,,True,audio_timer_interval_gt_2ms
1,1225635697,1222798383,1222.798383,AUDIO_TIMER_LATE,0xffff,0x0000,,59810,59810,0,0,2158,0,0,0,,True,audio_timer_interval_gt_2ms
1,1225635697,1222800545,1222.800545,AUDIO_TIMER_LATE,0xffff,0x0000,,59810,59810,0,0,2162,0,0,0,,True,audio_timer_interval_gt_2ms
1,1225635697,1222802706,1222.802706,AUDIO_TIMER_LATE,0xffff,0x0000,,59810,59810,0,0,2161,0,0,0,,True,audio_timer_interval_gt_2ms
1,1225635697,1222804867,1222.804867,AUDIO_TIMER_LATE,0xffff,0x0000,,59810,59810,0,0,2161,0,0,0,,True,audio_timer_interval_gt_2ms
1,1225635697,1222805800,1222.805800,AUDIO_SDU_GENERATED,0xffff,0x0000,162,59811,59810,1,0,19996,0,0,0,,False,
1,1225635697,1222807028,1222.807028,AUDIO_TIMER_LATE,0xffff,0x0000,,59811,59810,1,0,2161,0,0,0,,True,audio_timer_interval_gt_2ms
1,1225635697,1222807036,1222.807036,AUDIO_BUSY_SET,0x0040,0x0041,162,59811,59811,0,1,0,2,0,0,busy_context=2,False,
1,1225635697,1222807040,1222.807040,AUDIO_CAN_SEND_NOW,0x0040,0x0041,162,59811,59811,0,1,2,0,0,0,,False,
1,1225635697,1222807312,1222.807312,AUDIO_PACKET_SENT,0x0040,0x0041,162,59811,59811,0,1,272,0,0,0,,False,
1,1225635697,1222807315,1222.807315,AUDIO_BUSY_CLEAR,0x0040,0x0041,162,59811,59811,0,0,278,3,0,0,busy_context=3,False,
1,1225635697,1222807318,1222.807318,AUDIO_L2CAP_SEND,0x0040,0x0041,162,59811,59811,0,1,0,0,161,0,sdu_size=161,False,
1,1225635697,1222807319,1222.807319,AUDIO_CAN_SEND_REQUESTED,0x0040,0x0041,162,59811,59811,0,1,0,0,0,0,,False,
1,1225635697,1222809293,1222.809293,AUDIO_TIMER_LATE,0xffff,0x0000,,59811,59810,1,0,2265,0,0,0,,True,audio_timer_interval_gt_2ms
1,1225635697,1222811449,1222.811449,AUDIO_TIMER_LATE,0xffff,0x0000,,59811,59811,0,0,2156,0,0,0,,True,audio_timer_interval_gt_2ms
1,1225635697,1222813607,1222.813607,AUDIO_TIMER_LATE,0xffff,0x0000,,59811,59811,0,0,2158,0,0,0,,True,audio_timer_interval_gt_2ms
1,1225635697,1222815766,1222.815766,AUDIO_TIMER_LATE,0xffff,0x0000,,59811,59811,0,0,2159,0,0,0,,True,audio_timer_interval_gt_2ms
1,1225635697,1222817925,1222.817925,AUDIO_TIMER_LATE,0xffff,0x0000,,59811,59811,0,0,2159,0,0,0,,True,audio_timer_interval_gt_2ms
1,1225635697,1222821247,1222.821247,AUDIO_TIMER_LATE,0xffff,0x0000,,59811,59811,0,0,2161,0,0,0,,True,audio_timer_interval_gt_2ms
1,1225635697,1222823408,1222.823408,AUDIO_TIMER_LATE,0xffff,0x0000,,59811,59811,0,0,2161,0,0,0,,True,audio_timer_interval_gt_2ms
1,1225635697,1222825569,1222.825569,AUDIO_TIMER_LATE,0xffff,0x0000,,59811,59811,0,0,2161,0,0,0,,True,audio_timer_interval_gt_2ms
1,1225635697,1222825804,1222.825804,AUDIO_SDU_GENERATED,0xffff,0x0000,163,59812,59811,1,0,20003,0,0,0,,False,
1,1225635697,1222827730,1222.827730,AUDIO_TIMER_LATE,0xffff,0x0000,,59812,59811,1,0,2161,0,0,0,,True,audio_timer_interval_gt_2ms
1,1225635697,1222827739,1222.827739,AUDIO_BUSY_SET,0x0040,0x0041,163,59812,59812,0,1,0,2,0,0,busy_context=2,False,
1,1225635697,1222827742,1222.827742,AUDIO_CAN_SEND_NOW,0x0040,0x0041,163,59812,59812,0,1,2,0,0,0,,False,
1,1225635697,1222828015,1222.828015,AUDIO_PACKET_SENT,0x0040,0x0041,163,59812,59812,0,1,273,0,0,0,,False,
1,1225635697,1222828017,1222.828017,AUDIO_BUSY_CLEAR,0x0040,0x0041,163,59812,59812,0,0,279,3,0,0,busy_context=3,False,
1,1225635697,1222828020,1222.828020,AUDIO_L2CAP_SEND,0x0040,0x0041,163,59812,59812,0,1,0,0,161,0,sdu_size=161,False,
1,1225635697,1222828022,1222.828022,AUDIO_CAN_SEND_REQUESTED,0x0040,0x0041,163,59812,59812,0,1,0,0,0,0,,False,
1,1225635697,1222831912,1222.831912,AUDIO_TIMER_LATE,0xffff,0x0000,,59812,59812,0,0,2739,0,0,0,,True,audio_timer_interval_gt_2ms
1,1225635697,1222835227,1222.835227,AUDIO_TIMER_LATE,0xffff,0x0000,,59812,59812,0,0,2157,0,0,0,,True,audio_timer_interval_gt_2ms
1,1225635697,1222837385,1222.837385,AUDIO_TIMER_LATE,0xffff,0x0000,,59812,59812,0,0,2158,0,0,0,,True,audio_timer_interval_gt_2ms
1,1225635697,1222839547,1222.839547,AUDIO_TIMER_LATE,0xffff,0x0000,,59812,59812,0,0,2162,0,0,0,,True,audio_timer_interval_gt_2ms
1,1225635697,1222841708,1222.841708,AUDIO_TIMER_LATE,0xffff,0x0000,,59812,59812,0,0,2161,0,0,0,,True,audio_timer_interval_gt_2ms
1,1225635697,1222843870,1222.843870,AUDIO_TIMER_LATE,0xffff,0x0000,,59812,59812,0,0,2162,0,0,0,,True,audio_timer_interval_gt_2ms
1,1225635697,1222845802,1222.845802,AUDIO_SDU_GENERATED,0xffff,0x0000,164,59813,59812,1,0,19998,0,0,0,,False,
1,1225635697,1222846031,1222.846031,AUDIO_TIMER_LATE,0xffff,0x0000,,59813,59812,1,0,2161,0,0,0,,True,audio_timer_interval_gt_2ms
1,1225635697,1222846039,1222.846039,AUDIO_BUSY_SET,0x0040,0x0041,164,59813,59813,0,1,0,2,0,0,busy_context=2,False,
1,1225635697,1222846043,1222.846043,AUDIO_CAN_SEND_NOW,0x0040,0x0041,164,59813,59813,0,1,2,0,0,0,,False,
1,1225635697,1222846315,1222.846315,AUDIO_PACKET_SENT,0x0040,0x0041,164,59813,59813,0,1,273,0,0,0,,False,
1,1225635697,1222846318,1222.846318,AUDIO_BUSY_CLEAR,0x0040,0x0041,164,59813,59813,0,0,278,3,0,0,busy_context=3,False,
1,1225635697,1222846321,1222.846321,AUDIO_L2CAP_SEND,0x0040,0x0041,164,59813,59813,0,1,0,0,161,0,sdu_size=161,False,
1,1225635697,1222846322,1222.846322,AUDIO_CAN_SEND_REQUESTED,0x0040,0x0041,164,59813,59813,0,1,0,0,0,0,,False,
1,1225635697,1222848474,1222.848474,AUDIO_TIMER_LATE,0xffff,0x0000,,59813,59812,1,0,2443,0,0,0,,True,audio_timer_interval_gt_2ms
1,1225635697,1222852551,1222.852551,AUDIO_TIMER_LATE,0xffff,0x0000,,59813,59813,0,0,2157,0,0,0,,True,audio_timer_interval_gt_2ms
1,1225635697,1222854710,1222.854710,AUDIO_TIMER_LATE,0xffff,0x0000,,59813,59813,0,0,2159,0,0,0,,True,audio_timer_interval_gt_2ms
1,1225635697,1222856869,1222.856869,AUDIO_TIMER_LATE,0xffff,0x0000,,59813,59813,0,0,2159,0,0,0,,True,audio_timer_interval_gt_2ms
1,1225635697,1222859030,1222.859030,AUDIO_TIMER_LATE,0xffff,0x0000,,59813,59813,0,0,2161,0,0,0,,True,audio_timer_interval_gt_2ms
1,1225635697,1222861192,1222.861192,AUDIO_TIMER_LATE,0xffff,0x0000,,59813,59813,0,0,2162,0,0,0,,True,audio_timer_interval_gt_2ms
1,1225635697,1222863353,1222.863353,AUDIO_TIMER_LATE,0xffff,0x0000,,59813,59813,0,0,2161,0,0,0,,True,audio_timer_interval_gt_2ms
1,1225635697,1222865514,1222.865514,AUDIO_TIMER_LATE,0xffff,0x0000,,59813,59813,0,0,2161,0,0,0,,True,audio_timer_interval_gt_2ms
1,1225635697,1222865802,1222.865802,AUDIO_SDU_GENERATED,0xffff,0x0000,165,59814,59813,1,0,20000,0,0,0,,False,
1,1225635697,1222867675,1222.867675,AUDIO_TIMER_LATE,0xffff,0x0000,,59814,59813,1,0,2161,0,0,0,,True,audio_timer_interval_gt_2ms
1,1225635697,1222867683,1222.867683,AUDIO_BUSY_SET,0x0040,0x0041,165,59814,59814,0,1,0,2,0,0,busy_context=2,False,
1,1225635697,1222867687,1222.867687,AUDIO_CAN_SEND_NOW,0x0040,0x0041,165,59814,59814,0,1,2,0,0,0,,False,
1,1225635697,1222867960,1222.867960,AUDIO_PACKET_SENT,0x0040,0x0041,165,59814,59814,0,1,273,0,0,0,,False,
1,1225635697,1222867962,1222.867962,AUDIO_BUSY_CLEAR,0x0040,0x0041,165,59814,59814,0,0,279,3,0,0,busy_context=3,False,
1,1225635697,1222867965,1222.867965,AUDIO_L2CAP_SEND,0x0040,0x0041,165,59814,59814,0,1,0,0,161,0,sdu_size=161,False,
1,1225635697,1222867967,1222.867967,AUDIO_CAN_SEND_REQUESTED,0x0040,0x0041,165,59814,59814,0,1,0,0,0,0,,False,
1,1225635697,1222871838,1222.871838,AUDIO_TIMER_LATE,0xffff,0x0000,,59814,59814,0,0,2720,0,0,0,,True,audio_timer_interval_gt_2ms
1,1225635697,1222873996,1222.873996,AUDIO_TIMER_LATE,0xffff,0x0000,,59814,59814,0,0,2158,0,0,0,,True,audio_timer_interval_gt_2ms
1,1225635697,1222877312,1222.877312,AUDIO_TIMER_LATE,0xffff,0x0000,,59814,59814,0,0,2157,0,0,0,,True,audio_timer_interval_gt_2ms
1,1225635697,1222879474,1222.879474,AUDIO_TIMER_LATE,0xffff,0x0000,,59814,59814,0,0,2162,0,0,0,,True,audio_timer_interval_gt_2ms
1,1225635697,1222881635,1222.881635,AUDIO_TIMER_LATE,0xffff,0x0000,,59814,59814,0,0,2161,0,0,0,,True,audio_timer_interval_gt_2ms
1,1225635697,1222883796,1222.883796,AUDIO_TIMER_LATE,0xffff,0x0000,,59814,59814,0,0,2161,0,0,0,,True,audio_timer_interval_gt_2ms
1,1225635697,1222885803,1222.885803,AUDIO_SDU_GENERATED,0xffff,0x0000,166,59815,59814,1,0,20001,0,0,0,,False,
1,1225635697,1222885957,1222.885957,AUDIO_TIMER_LATE,0xffff,0x0000,,59815,59814,1,0,2161,0,0,0,,True,audio_timer_interval_gt_2ms
1,1225635697,1222885965,1222.885965,AUDIO_BUSY_SET,0x0040,0x0041,166,59815,59815,0,1,0,2,0,0,busy_context=2,False,
1,1225635697,1222885969,1222.885969,AUDIO_CAN_SEND_NOW,0x0040,0x0041,166,59815,59815,0,1,2,0,0,0,,False,
1,1225635697,1222886241,1222.886241,AUDIO_PACKET_SENT,0x0040,0x0041,166,59815,59815,0,1,272,0,0,0,,False,
1,1225635697,1222886244,1222.886244,AUDIO_BUSY_CLEAR,0x0040,0x0041,166,59815,59815,0,0,278,3,0,0,busy_context=3,False,
1,1225635697,1222886247,1222.886247,AUDIO_L2CAP_SEND,0x0040,0x0041,166,59815,59815,0,1,0,0,161,0,sdu_size=161,False,
1,1225635697,1222886248,1222.886248,AUDIO_CAN_SEND_REQUESTED,0x0040,0x0041,166,59815,59815,0,1,0,0,0,0,,False,
1,1225635697,1222891457,1222.891457,AUDIO_TIMER_LATE,0xffff,0x0000,,59815,59815,0,0,2154,0,0,0,,True,audio_timer_interval_gt_2ms
1,1225635697,1222893615,1222.893615,AUDIO_TIMER_LATE,0xffff,0x0000,,59815,59815,0,0,2158,0,0,0,,True,audio_timer_interval_gt_2ms
1,1225635697,1222895773,1222.895773,AUDIO_TIMER_LATE,0xffff,0x0000,,59815,59815,0,0,2158,0,0,0,,True,audio_timer_interval_gt_2ms
1,1225635697,1222897934,1222.897934,AUDIO_TIMER_LATE,0xffff,0x0000,,59815,59815,0,0,2161,0,0,0,,True,audio_timer_interval_gt_2ms
1,1225635697,1222901256,1222.901256,AUDIO_TIMER_LATE,0xffff,0x0000,,59815,59815,0,0,2159,0,0,0,,True,audio_timer_interval_gt_2ms
1,1225635697,1222903417,1222.903417,AUDIO_TIMER_LATE,0xffff,0x0000,,59815,59815,0,0,2161,0,0,0,,True,audio_timer_interval_gt_2ms
1,1225635697,1222905578,1222.905578,AUDIO_TIMER_LATE,0xffff,0x0000,,59815,59815,0,0,2162,0,0,0,,True,audio_timer_interval_gt_2ms
1,1225635697,1222905803,1222.905803,AUDIO_SDU_GENERATED,0xffff,0x0000,167,59816,59815,1,0,20000,0,0,0,,False,
1,1225635697,1222907739,1222.907739,AUDIO_TIMER_LATE,0xffff,0x0000,,59816,59815,1,0,2161,0,0,0,,True,audio_timer_interval_gt_2ms
1,1225635697,1222907748,1222.907748,AUDIO_BUSY_SET,0x0040,0x0041,167,59816,59816,0,1,0,2,0,0,busy_context=2,False,
1,1225635697,1222907751,1222.907751,AUDIO_CAN_SEND_NOW,0x0040,0x0041,167,59816,59816,0,1,2,0,0,0,,False,
1,1225635697,1222908024,1222.908024,AUDIO_PACKET_SENT,0x0040,0x0041,167,59816,59816,0,1,273,0,0,0,,False,
1,1225635697,1222908026,1222.908026,AUDIO_BUSY_CLEAR,0x0040,0x0041,167,59816,59816,0,0,279,3,0,0,busy_context=3,False,
1,1225635697,1222908029,1222.908029,AUDIO_L2CAP_SEND,0x0040,0x0041,167,59816,59816,0,1,0,0,161,0,sdu_size=161,False,
1,1225635697,1222908031,1222.908031,AUDIO_CAN_SEND_REQUESTED,0x0040,0x0041,167,59816,59816,0,1,0,0,0,0,,False,
1,1225635697,1222911473,1222.911473,AUDIO_TIMER_LATE,0xffff,0x0000,,59816,59816,0,0,2157,0,0,0,,True,audio_timer_interval_gt_2ms
1,1225635697,1222913631,1222.913631,AUDIO_TIMER_LATE,0xffff,0x0000,,59816,59816,0,0,2158,0,0,0,,True,audio_timer_interval_gt_2ms
1,1225635697,1222915790,1222.915790,AUDIO_TIMER_LATE,0xffff,0x0000,,59816,59816,0,0,2159,0,0,0,,True,audio_timer_interval_gt_2ms
1,1225635697,1222917949,1222.917949,AUDIO_TIMER_LATE,0xffff,0x0000,,59816,59816,0,0,2159,0,0,0,,True,audio_timer_interval_gt_2ms
1,1225635697,1222921270,1222.921270,AUDIO_TIMER_LATE,0xffff,0x0000,,59816,59816,0,0,2160,0,0,0,,True,audio_timer_interval_gt_2ms
1,1225635697,1222923431,1222.923431,AUDIO_TIMER_LATE,0xffff,0x0000,,59816,59816,0,0,2161,0,0,0,,True,audio_timer_interval_gt_2ms
1,1225635697,1222925593,1222.925593,AUDIO_TIMER_LATE,0xffff,0x0000,,59816,59816,0,0,2162,0,0,0,,True,audio_timer_interval_gt_2ms
1,1225635697,1222925806,1222.925806,AUDIO_SDU_GENERATED,0xffff,0x0000,168,59817,59816,1,0,20003,0,0,0,,False,
1,1225635697,1222927755,1222.927755,AUDIO_TIMER_LATE,0xffff,0x0000,,59817,59816,1,0,2162,0,0,0,,True,audio_timer_interval_gt_2ms
1,1225635697,1222927764,1222.927764,AUDIO_BUSY_SET,0x0040,0x0041,168,59817,59817,0,1,0,2,0,0,busy_context=2,False,
1,1225635697,1222927768,1222.927768,AUDIO_CAN_SEND_NOW,0x0040,0x0041,168,59817,59817,0,1,2,0,0,0,,False,
1,1225635697,1222928040,1222.928040,AUDIO_PACKET_SENT,0x0040,0x0041,168,59817,59817,0,1,272,0,0,0,,False,
1,1225635697,1222928042,1222.928042,AUDIO_BUSY_CLEAR,0x0040,0x0041,168,59817,59817,0,0,278,3,0,0,busy_context=3,False,
1,1225635697,1222928045,1222.928045,AUDIO_L2CAP_SEND,0x0040,0x0041,168,59817,59817,0,1,0,0,161,0,sdu_size=161,False,
1,1225635697,1222928047,1222.928047,AUDIO_CAN_SEND_REQUESTED,0x0040,0x0041,168,59817,59817,0,1,0,0,0,0,,False,
1,1225635697,1222929975,1222.929975,AUDIO_TIMER_LATE,0xffff,0x0000,,59817,59816,1,0,2220,0,0,0,,True,audio_timer_interval_gt_2ms
1,1225635697,1222933290,1222.933290,AUDIO_TIMER_LATE,0xffff,0x0000,,59817,59817,0,0,2158,0,0,0,,True,audio_timer_interval_gt_2ms
1,1225635697,1222935448,1222.935448,AUDIO_TIMER_LATE,0xffff,0x0000,,59817,59817,0,0,2158,0,0,0,,True,audio_timer_interval_gt_2ms
1,1225635697,1222937606,1222.937606,AUDIO_TIMER_LATE,0xffff,0x0000,,59817,59817,0,0,2158,0,0,0,,True,audio_timer_interval_gt_2ms
1,1225635697,1222939767,1222.939767,AUDIO_TIMER_LATE,0xffff,0x0000,,59817,59817,0,0,2161,0,0,0,,True,audio_timer_interval_gt_2ms
1,1225635697,1222941928,1222.941928,AUDIO_TIMER_LATE,0xffff,0x0000,,59817,59817,0,0,2161,0,0,0,,True,audio_timer_interval_gt_2ms
1,1225635697,1222945249,1222.945249,AUDIO_TIMER_LATE,0xffff,0x0000,,59817,59817,0,0,2160,0,0,0,,True,audio_timer_interval_gt_2ms
1,1225635697,1222945800,1222.945800,AUDIO_SDU_GENERATED,0xffff,0x0000,169,59818,59817,1,0,19994,0,0,0,,False,
1,1225635697,1222947410,1222.947410,AUDIO_TIMER_LATE,0xffff,0x0000,,59818,59817,1,0,2161,0,0,0,,True,audio_timer_interval_gt_2ms
1,1225635697,1222947419,1222.947419,AUDIO_BUSY_SET,0x0040,0x0041,169,59818,59818,0,1,0,2,0,0,busy_context=2,False,
1,1225635697,1222947422,1222.947422,AUDIO_CAN_SEND_NOW,0x0040,0x0041,169,59818,59818,0,1,2,0,0,0,,False,
1,1225635697,1222947694,1222.947694,AUDIO_PACKET_SENT,0x0040,0x0041,169,59818,59818,0,1,272,0,0,0,,False,
1,1225635697,1222947697,1222.947697,AUDIO_BUSY_CLEAR,0x0040,0x0041,169,59818,59818,0,0,278,3,0,0,busy_context=3,False,
1,1225635697,1222947700,1222.947700,AUDIO_L2CAP_SEND,0x0040,0x0041,169,59818,59818,0,1,0,0,161,0,sdu_size=161,False,
1,1225635697,1222947701,1222.947701,AUDIO_CAN_SEND_REQUESTED,0x0040,0x0041,169,59818,59818,0,1,0,0,0,0,,False,
1,1225635697,1222951444,1222.951444,AUDIO_TIMER_LATE,0xffff,0x0000,,59818,59818,0,0,2154,0,0,0,,True,audio_timer_interval_gt_2ms
1,1225635697,1222953603,1222.953603,AUDIO_TIMER_LATE,0xffff,0x0000,,59818,59818,0,0,2159,0,0,0,,True,audio_timer_interval_gt_2ms
1,1225635697,1222955761,1222.955761,AUDIO_TIMER_LATE,0xffff,0x0000,,59818,59818,0,0,2158,0,0,0,,True,audio_timer_interval_gt_2ms
1,1225635697,1222957919,1222.957919,AUDIO_TIMER_LATE,0xffff,0x0000,,59818,59818,0,0,2158,0,0,0,,True,audio_timer_interval_gt_2ms
1,1225635697,1222961240,1222.961240,AUDIO_TIMER_LATE,0xffff,0x0000,,59818,59818,0,0,2160,0,0,0,,True,audio_timer_interval_gt_2ms
1,1225635697,1222963401,1222.963401,AUDIO_TIMER_LATE,0xffff,0x0000,,59818,59818,0,0,2161,0,0,0,,True,audio_timer_interval_gt_2ms
1,1225635697,1222965562,1222.965562,AUDIO_TIMER_LATE,0xffff,0x0000,,59818,59818,0,0,2161,0,0,0,,True,audio_timer_interval_gt_2ms
1,1225635697,1222965804,1222.965804,AUDIO_SDU_GENERATED,0xffff,0x0000,170,59819,59818,1,0,20004,0,0,0,,False,
1,1225635697,1222967724,1222.967724,AUDIO_TIMER_LATE,0xffff,0x0000,,59819,59818,1,0,2162,0,0,0,,True,audio_timer_interval_gt_2ms
1,1225635697,1222967733,1222.967733,AUDIO_BUSY_SET,0x0040,0x0041,170,59819,59819,0,1,0,2,0,0,busy_context=2,False,
1,1225635697,1222967736,1222.967736,AUDIO_CAN_SEND_NOW,0x0040,0x0041,170,59819,59819,0,1,1,0,0,0,,False,
1,1225635697,1222968044,1222.968044,AUDIO_PACKET_SENT,0x0040,0x0041,170,59819,59819,0,1,308,0,0,0,,False,
1,1225635697,1222968047,1222.968047,AUDIO_BUSY_CLEAR,0x0040,0x0041,170,59819,59819,0,0,314,3,0,0,busy_context=3,False,
1,1225635697,1222968050,1222.968050,AUDIO_L2CAP_SEND,0x0040,0x0041,170,59819,59819,0,1,0,0,161,0,sdu_size=161,False,
1,1225635697,1222968051,1222.968051,AUDIO_CAN_SEND_REQUESTED,0x0040,0x0041,170,59819,59819,0,1,0,0,0,0,,False,
1,1225635697,1222971500,1222.971500,AUDIO_TIMER_LATE,0xffff,0x0000,,59819,59819,0,0,2157,0,0,0,,True,audio_timer_interval_gt_2ms
1,1225635697,1222973658,1222.973658,AUDIO_TIMER_LATE,0xffff,0x0000,,59819,59819,0,0,2158,0,0,0,,True,audio_timer_interval_gt_2ms
1,1225635697,1222975817,1222.975817,AUDIO_TIMER_LATE,0xffff,0x0000,,59819,59819,0,0,2159,0,0,0,,True,audio_timer_interval_gt_2ms
1,1225635697,1222977975,1222.977975,AUDIO_TIMER_LATE,0xffff,0x0000,,59819,59819,0,0,2158,0,0,0,,True,audio_timer_interval_gt_2ms
1,1225635697,1222981297,1222.981297,AUDIO_TIMER_LATE,0xffff,0x0000,,59819,59819,0,0,2160,0,0,0,,True,audio_timer_interval_gt_2ms
1,1225635697,1222983458,1222.983458,AUDIO_TIMER_LATE,0xffff,0x0000,,59819,59819,0,0,2160,0,0,0,,True,audio_timer_interval_gt_2ms
1,1225635697,1222985619,1222.985619,AUDIO_TIMER_LATE,0xffff,0x0000,,59819,59819,0,0,2162,0,0,0,,True,audio_timer_interval_gt_2ms
1,1225635697,1222985804,1222.985804,AUDIO_SDU_GENERATED,0xffff,0x0000,171,59820,59819,1,0,20000,0,0,0,,False,
1,1225635697,1222987780,1222.987780,AUDIO_TIMER_LATE,0xffff,0x0000,,59820,59819,1,0,2161,0,0,0,,True,audio_timer_interval_gt_2ms
1,1225635697,1222987789,1222.987789,AUDIO_BUSY_SET,0x0040,0x0041,171,59820,59820,0,1,0,2,0,0,busy_context=2,False,
1,1225635697,1222987793,1222.987793,AUDIO_CAN_SEND_NOW,0x0040,0x0041,171,59820,59820,0,1,2,0,0,0,,False,
1,1225635697,1222988065,1222.988065,AUDIO_PACKET_SENT,0x0040,0x0041,171,59820,59820,0,1,272,0,0,0,,False,
1,1225635697,1222988067,1222.988067,AUDIO_BUSY_CLEAR,0x0040,0x0041,171,59820,59820,0,0,278,3,0,0,busy_context=3,False,
1,1225635697,1222988070,1222.988070,AUDIO_L2CAP_SEND,0x0040,0x0041,171,59820,59820,0,1,0,0,161,0,sdu_size=161,False,
1,1225635697,1222988072,1222.988072,AUDIO_CAN_SEND_REQUESTED,0x0040,0x0041,171,59820,59820,0,1,0,0,0,0,,False,
1,1225635697,1222991514,1222.991514,AUDIO_TIMER_LATE,0xffff,0x0000,,59820,59820,0,0,2157,0,0,0,,True,audio_timer_interval_gt_2ms
1,1225635697,1222993672,1222.993672,AUDIO_TIMER_LATE,0xffff,0x0000,,59820,59820,0,0,2157,0,0,0,,True,audio_timer_interval_gt_2ms
1,1225635697,1222995830,1222.995830,AUDIO_TIMER_LATE,0xffff,0x0000,,59820,59820,0,0,2159,0,0,0,,True,audio_timer_interval_gt_2ms
1,1225635697,1222997988,1222.997988,AUDIO_TIMER_LATE,0xffff,0x0000,,59820,59820,0,0,2158,0,0,0,,True,audio_timer_interval_gt_2ms
1,1225635697,1223001310,1223.001310,AUDIO_TIMER_LATE,0xffff,0x0000,,59820,59820,0,0,2160,0,0,0,,True,audio_timer_interval_gt_2ms
1,1225635697,1223003472,1223.003472,AUDIO_TIMER_LATE,0xffff,0x0000,,59820,59820,0,0,2162,0,0,0,,True,audio_timer_interval_gt_2ms
1,1225635697,1223005633,1223.005633,AUDIO_TIMER_LATE,0xffff,0x0000,,59820,59820,0,0,2161,0,0,0,,True,audio_timer_interval_gt_2ms
1,1225635697,1223005806,1223.005806,AUDIO_SDU_GENERATED,0xffff,0x0000,172,59821,59820,1,0,20002,0,0,0,,False,
1,1225635697,1223007795,1223.007795,AUDIO_TIMER_LATE,0xffff,0x0000,,59821,59820,1,0,2162,0,0,0,,True,audio_timer_interval_gt_2ms
1,1225635697,1223007804,1223.007804,AUDIO_BUSY_SET,0x0040,0x0041,172,59821,59821,0,1,0,2,0,0,busy_context=2,False,
1,1225635697,1223007808,1223.007808,AUDIO_CAN_SEND_NOW,0x0040,0x0041,172,59821,59821,0,1,2,0,0,0,,False,
1,1225635697,1223008080,1223.008080,AUDIO_PACKET_SENT,0x0040,0x0041,172,59821,59821,0,1,272,0,0,0,,False,
1,1225635697,1223008082,1223.008082,AUDIO_BUSY_CLEAR,0x0040,0x0041,172,59821,59821,0,0,278,3,0,0,busy_context=3,False,
1,1225635697,1223008086,1223.008086,AUDIO_L2CAP_SEND,0x0040,0x0041,172,59821,59821,0,1,0,0,161,0,sdu_size=161,False,
1,1225635697,1223008087,1223.008087,AUDIO_CAN_SEND_REQUESTED,0x0040,0x0041,172,59821,59821,0,1,0,0,0,0,,False,
1,1225635697,1223009985,1223.009985,AUDIO_TIMER_LATE,0xffff,0x0000,,59821,59820,1,0,2190,0,0,0,,True,audio_timer_interval_gt_2ms
1,1225635697,1223013300,1223.013300,AUDIO_TIMER_LATE,0xffff,0x0000,,59821,59821,0,0,2157,0,0,0,,True,audio_timer_interval_gt_2ms
1,1225635697,1223015458,1223.015458,AUDIO_TIMER_LATE,0xffff,0x0000,,59821,59821,0,0,2158,0,0,0,,True,audio_timer_interval_gt_2ms
1,1225635697,1223017616,1223.017616,AUDIO_TIMER_LATE,0xffff,0x0000,,59821,59821,0,0,2158,0,0,0,,True,audio_timer_interval_gt_2ms
1,1225635697,1223019778,1223.019778,AUDIO_TIMER_LATE,0xffff,0x0000,,59821,59821,0,0,2162,0,0,0,,True,audio_timer_interval_gt_2ms
1,1225635697,1223021939,1223.021939,AUDIO_TIMER_LATE,0xffff,0x0000,,59821,59821,0,0,2161,0,0,0,,True,audio_timer_interval_gt_2ms
1,1225635697,1223025260,1223.025260,AUDIO_TIMER_LATE,0xffff,0x0000,,59821,59821,0,0,2160,0,0,0,,True,audio_timer_interval_gt_2ms
1,1225635697,1223025800,1223.025800,AUDIO_SDU_GENERATED,0xffff,0x0000,173,59822,59821,1,0,19994,0,0,0,,False,
1,1225635697,1223027422,1223.027422,AUDIO_TIMER_LATE,0xffff,0x0000,,59822,59821,1,0,2162,0,0,0,,True,audio_timer_interval_gt_2ms
1,1225635697,1223027430,1223.027430,AUDIO_BUSY_SET,0x0040,0x0041,173,59822,59822,0,1,0,2,0,0,busy_context=2,False,
1,1225635697,1223027434,1223.027434,AUDIO_CAN_SEND_NOW,0x0040,0x0041,173,59822,59822,0,1,2,0,0,0,,False,
1,1225635697,1223027706,1223.027706,AUDIO_PACKET_SENT,0x0040,0x0041,173,59822,59822,0,1,273,0,0,0,,False,
1,1225635697,1223027709,1223.027709,AUDIO_BUSY_CLEAR,0x0040,0x0041,173,59822,59822,0,0,278,3,0,0,busy_context=3,False,
1,1225635697,1223027712,1223.027712,AUDIO_L2CAP_SEND,0x0040,0x0041,173,59822,59822,0,1,0,0,161,0,sdu_size=161,False,
1,1225635697,1223027713,1223.027713,AUDIO_CAN_SEND_REQUESTED,0x0040,0x0041,173,59822,59822,0,1,0,0,0,0,,False,
1,1225635697,1223029792,1223.029792,AUDIO_TIMER_LATE,0xffff,0x0000,,59822,59821,1,0,2370,0,0,0,,True,audio_timer_interval_gt_2ms
1,1225635697,1223031950,1223.031950,AUDIO_TIMER_LATE,0xffff,0x0000,,59822,59822,0,0,2158,0,0,0,,True,audio_timer_interval_gt_2ms
1,1225635697,1223035264,1223.035264,AUDIO_TIMER_LATE,0xffff,0x0000,,59822,59822,0,0,2156,0,0,0,,True,audio_timer_interval_gt_2ms
1,1225635697,1223037422,1223.037422,AUDIO_TIMER_LATE,0xffff,0x0000,,59822,59822,0,0,2158,0,0,0,,True,audio_timer_interval_gt_2ms
1,1225635697,1223039584,1223.039584,AUDIO_TIMER_LATE,0xffff,0x0000,,59822,59822,0,0,2162,0,0,0,,True,audio_timer_interval_gt_2ms
1,1225635697,1223041745,1223.041745,AUDIO_TIMER_LATE,0xffff,0x0000,,59822,59822,0,0,2161,0,0,0,,True,audio_timer_interval_gt_2ms
1,1225635697,1223043906,1223.043906,AUDIO_TIMER_LATE,0xffff,0x0000,,59822,59822,0,0,2161,0,0,0,,True,audio_timer_interval_gt_2ms
1,1225635697,1223045803,1223.045803,AUDIO_SDU_GENERATED,0xffff,0x0000,174,59823,59822,1,0,20003,0,0,0,,False,
1,1225635697,1223046068,1223.046068,AUDIO_TIMER_LATE,0xffff,0x0000,,59823,59822,1,0,2162,0,0,0,,True,audio_timer_interval_gt_2ms
1,1225635697,1223046077,1223.046077,AUDIO_BUSY_SET,0x0040,0x0041,174,59823,59823,0,1,0,2,0,0,busy_context=2,False,
1,1225635697,1223046080,1223.046080,AUDIO_CAN_SEND_NOW,0x0040,0x0041,174,59823,59823,0,1,2,0,0,0,,False,
1,1225635697,1223046353,1223.046353,AUDIO_PACKET_SENT,0x0040,0x0041,174,59823,59823,0,1,273,0,0,0,,False,
1,1225635697,1223046355,1223.046355,AUDIO_BUSY_CLEAR,0x0040,0x0041,174,59823,59823,0,0,279,3,0,0,busy_context=3,False,
1,1225635697,1223046358,1223.046358,AUDIO_L2CAP_SEND,0x0040,0x0041,174,59823,59823,0,1,0,0,161,0,sdu_size=161,False,
1,1225635697,1223046360,1223.046360,AUDIO_CAN_SEND_REQUESTED,0x0040,0x0041,174,59823,59823,0,1,0,0,0,0,,False,
1,1225635697,1223048512,1223.048512,AUDIO_TIMER_LATE,0xffff,0x0000,,59823,59822,1,0,2444,0,0,0,,True,audio_timer_interval_gt_2ms
1,1225635697,1223052577,1223.052577,AUDIO_TIMER_LATE,0xffff,0x0000,,59823,59823,0,0,2157,0,0,0,,True,audio_timer_interval_gt_2ms
1,1225635697,1223054735,1223.054735,AUDIO_TIMER_LATE,0xffff,0x0000,,59823,59823,0,0,2158,0,0,0,,True,audio_timer_interval_gt_2ms
1,1225635697,1223056893,1223.056893,AUDIO_TIMER_LATE,0xffff,0x0000,,59823,59823,0,0,2158,0,0,0,,True,audio_timer_interval_gt_2ms
1,1225635697,1223059054,1223.059054,AUDIO_TIMER_LATE,0xffff,0x0000,,59823,59823,0,0,2160,0,0,0,,True,audio_timer_interval_gt_2ms
1,1225635697,1223061215,1223.061215,AUDIO_TIMER_LATE,0xffff,0x0000,,59823,59823,0,0,2162,0,0,0,,True,audio_timer_interval_gt_2ms
1,1225635697,1223063376,1223.063376,AUDIO_TIMER_LATE,0xffff,0x0000,,59823,59823,0,0,2161,0,0,0,,True,audio_timer_interval_gt_2ms
1,1225635697,1223065537,1223.065537,AUDIO_TIMER_LATE,0xffff,0x0000,,59823,59823,0,0,2161,0,0,0,,True,audio_timer_interval_gt_2ms
1,1225635697,1223065805,1223.065805,AUDIO_SDU_GENERATED,0xffff,0x0000,175,59824,59823,1,0,20002,0,0,0,,False,
1,1225635697,1223067698,1223.067698,AUDIO_TIMER_LATE,0xffff,0x0000,,59824,59823,1,0,2161,0,0,0,,True,audio_timer_interval_gt_2ms
1,1225635697,1223067707,1223.067707,AUDIO_BUSY_SET,0x0040,0x0041,175,59824,59824,0,1,0,2,0,0,busy_context=2,False,
1,1225635697,1223067710,1223.067710,AUDIO_CAN_SEND_NOW,0x0040,0x0041,175,59824,59824,0,1,2,0,0,0,,False,
1,1225635697,1223067983,1223.067983,AUDIO_PACKET_SENT,0x0040,0x0041,175,59824,59824,0,1,273,0,0,0,,False,
1,1225635697,1223067985,1223.067985,AUDIO_BUSY_CLEAR,0x0040,0x0041,175,59824,59824,0,0,278,3,0,0,busy_context=3,False,
1,1225635697,1223067988,1223.067988,AUDIO_L2CAP_SEND,0x0040,0x0041,175,59824,59824,0,1,0,0,161,0,sdu_size=161,False,
1,1225635697,1223067989,1223.067989,AUDIO_CAN_SEND_REQUESTED,0x0040,0x0041,175,59824,59824,0,1,0,0,0,0,,False,
1,1225635697,1223071494,1223.071494,AUDIO_TIMER_LATE,0xffff,0x0000,,59824,59824,0,0,2157,0,0,0,,True,audio_timer_interval_gt_2ms
1,1225635697,1223073652,1223.073652,AUDIO_TIMER_LATE,0xffff,0x0000,,59824,59824,0,0,2158,0,0,0,,True,audio_timer_interval_gt_2ms
1,1225635697,1223075811,1223.075811,AUDIO_TIMER_LATE,0xffff,0x0000,,59824,59824,0,0,2159,0,0,0,,True,audio_timer_interval_gt_2ms
1,1225635697,1223077969,1223.077969,AUDIO_TIMER_LATE,0xffff,0x0000,,59824,59824,0,0,2158,0,0,0,,True,audio_timer_interval_gt_2ms
1,1225635697,1223081290,1223.081290,AUDIO_TIMER_LATE,0xffff,0x0000,,59824,59824,0,0,2161,0,0,0,,True,audio_timer_interval_gt_2ms
1,1225635697,1223083452,1223.083452,AUDIO_TIMER_LATE,0xffff,0x0000,,59824,59824,0,0,2162,0,0,0,,True,audio_timer_interval_gt_2ms
1,1225635697,1223085613,1223.085613,AUDIO_TIMER_LATE,0xffff,0x0000,,59824,59824,0,0,2161,0,0,0,,True,audio_timer_interval_gt_2ms
1,1225635697,1223085848,1223.085848,AUDIO_SDU_GENERATED,0xffff,0x0000,176,59825,59824,1,0,20043,0,0,0,,False,
1,1225635697,1223087774,1223.087774,AUDIO_TIMER_LATE,0xffff,0x0000,,59825,59824,1,0,2161,0,0,0,,True,audio_timer_interval_gt_2ms
1,1225635697,1223087782,1223.087782,AUDIO_BUSY_SET,0x0040,0x0041,176,59825,59825,0,1,0,2,0,0,busy_context=2,False,
1,1225635697,1223087786,1223.087786,AUDIO_CAN_SEND_NOW,0x0040,0x0041,176,59825,59825,0,1,2,0,0,0,,False,
1,1225635697,1223088058,1223.088058,AUDIO_PACKET_SENT,0x0040,0x0041,176,59825,59825,0,1,273,0,0,0,,False,
1,1225635697,1223088061,1223.088061,AUDIO_BUSY_CLEAR,0x0040,0x0041,176,59825,59825,0,0,278,3,0,0,busy_context=3,False,
1,1225635697,1223088064,1223.088064,AUDIO_L2CAP_SEND,0x0040,0x0041,176,59825,59825,0,1,0,0,161,0,sdu_size=161,False,
1,1225635697,1223088065,1223.088065,AUDIO_CAN_SEND_REQUESTED,0x0040,0x0041,176,59825,59825,0,1,0,0,0,0,,False,
1,1225635697,1223089965,1223.089965,AUDIO_TIMER_LATE,0xffff,0x0000,,59825,59824,1,0,2191,0,0,0,,True,audio_timer_interval_gt_2ms
1,1225635697,1223093280,1223.093280,AUDIO_TIMER_LATE,0xffff,0x0000,,59825,59825,0,0,2157,0,0,0,,True,audio_timer_interval_gt_2ms
1,1225635697,1223095438,1223.095438,AUDIO_TIMER_LATE,0xffff,0x0000,,59825,59825,0,0,2158,0,0,0,,True,audio_timer_interval_gt_2ms
1,1225635697,1223097596,1223.097596,AUDIO_TIMER_LATE,0xffff,0x0000,,59825,59825,0,0,2158,0,0,0,,True,audio_timer_interval_gt_2ms
1,1225635697,1223099757,1223.099757,AUDIO_TIMER_LATE,0xffff,0x0000,,59825,59825,0,0,2161,0,0,0,,True,audio_timer_interval_gt_2ms
1,1225635697,1223101919,1223.101919,AUDIO_TIMER_LATE,0xffff,0x0000,,59825,59825,0,0,2162,0,0,0,,True,audio_timer_interval_gt_2ms
1,1225635697,1223105240,1223.105240,AUDIO_TIMER_LATE,0xffff,0x0000,,59825,59825,0,0,2160,0,0,0,,True,audio_timer_interval_gt_2ms
1,1225635697,1223105804,1223.105804,AUDIO_SDU_GENERATED,0xffff,0x0000,177,59826,59825,1,0,19956,0,0,0,,False,
1,1225635697,1223107401,1223.107401,AUDIO_TIMER_LATE,0xffff,0x0000,,59826,59825,1,0,2161,0,0,0,,True,audio_timer_interval_gt_2ms
1,1225635697,1223107410,1223.107410,AUDIO_BUSY_SET,0x0040,0x0041,177,59826,59826,0,1,0,2,0,0,busy_context=2,False,
1,1225635697,1223107414,1223.107414,AUDIO_CAN_SEND_NOW,0x0040,0x0041,177,59826,59826,0,1,2,0,0,0,,False,
1,1225635697,1223107686,1223.107686,AUDIO_PACKET_SENT,0x0040,0x0041,177,59826,59826,0,1,272,0,0,0,,False,
1,1225635697,1223107688,1223.107688,AUDIO_BUSY_CLEAR,0x0040,0x0041,177,59826,59826,0,0,278,3,0,0,busy_context=3,False,
1,1225635697,1223107691,1223.107691,AUDIO_L2CAP_SEND,0x0040,0x0041,177,59826,59826,0,1,0,0,161,0,sdu_size=161,False,
1,1225635697,1223107693,1223.107693,AUDIO_CAN_SEND_REQUESTED,0x0040,0x0041,177,59826,59826,0,1,0,0,0,0,,False,
1,1225635697,1223111434,1223.111434,AUDIO_TIMER_LATE,0xffff,0x0000,,59826,59826,0,0,2153,0,0,0,,True,audio_timer_interval_gt_2ms
1,1225635697,1223113592,1223.113592,AUDIO_TIMER_LATE,0xffff,0x0000,,59826,59826,0,0,2158,0,0,0,,True,audio_timer_interval_gt_2ms
1,1225635697,1223115750,1223.115750,AUDIO_TIMER_LATE,0xffff,0x0000,,59826,59826,0,0,2158,0,0,0,,True,audio_timer_interval_gt_2ms
1,1225635697,1223117909,1223.117909,AUDIO_TIMER_LATE,0xffff,0x0000,,59826,59826,0,0,2159,0,0,0,,True,audio_timer_interval_gt_2ms
1,1225635697,1223121230,1223.121230,AUDIO_TIMER_LATE,0xffff,0x0000,,59826,59826,0,0,2160,0,0,0,,True,audio_timer_interval_gt_2ms
1,1225635697,1223123391,1223.123391,AUDIO_TIMER_LATE,0xffff,0x0000,,59826,59826,0,0,2161,0,0,0,,True,audio_timer_interval_gt_2ms
1,1225635697,1223125552,1223.125552,AUDIO_TIMER_LATE,0xffff,0x0000,,59826,59826,0,0,2161,0,0,0,,True,audio_timer_interval_gt_2ms
1,1225635697,1223125803,1223.125803,AUDIO_SDU_GENERATED,0xffff,0x0000,178,59827,59826,1,0,20000,0,0,0,,False,
1,1225635697,1223127714,1223.127714,AUDIO_TIMER_LATE,0xffff,0x0000,,59827,59826,1,0,2162,0,0,0,,True,audio_timer_interval_gt_2ms
1,1225635697,1223127722,1223.127722,AUDIO_BUSY_SET,0x0040,0x0041,178,59827,59827,0,1,0,2,0,0,busy_context=2,False,
1,1225635697,1223127726,1223.127726,AUDIO_CAN_SEND_NOW,0x0040,0x0041,178,59827,59827,0,1,2,0,0,0,,False,
1,1225635697,1223127999,1223.127999,AUDIO_PACKET_SENT,0x0040,0x0041,178,59827,59827,0,1,273,0,0,0,,False,
1,1225635697,1223128001,1223.128001,AUDIO_BUSY_CLEAR,0x0040,0x0041,178,59827,59827,0,0,279,3,0,0,busy_context=3,False,
1,1225635697,1223128004,1223.128004,AUDIO_L2CAP_SEND,0x0040,0x0041,178,59827,59827,0,1,0,0,161,0,sdu_size=161,False,
1,1225635697,1223128006,1223.128006,AUDIO_CAN_SEND_REQUESTED,0x0040,0x0041,178,59827,59827,0,1,0,0,0,0,,False,
1,1225635697,1223131184,1223.131184,AUDIO_TIMER_LATE,0xffff,0x0000,,59827,59827,0,0,2157,0,0,0,,True,audio_timer_interval_gt_2ms
1,1225635697,1223133342,1223.133342,AUDIO_TIMER_LATE,0xffff,0x0000,,59827,59827,0,0,2158,0,0,0,,True,audio_timer_interval_gt_2ms
1,1225635697,1223135500,1223.135500,AUDIO_TIMER_LATE,0xffff,0x0000,,59827,59827,0,0,2158,0,0,0,,True,audio_timer_interval_gt_2ms
1,1225635697,1223137658,1223.137658,AUDIO_TIMER_LATE,0xffff,0x0000,,59827,59827,0,0,2158,0,0,0,,True,audio_timer_interval_gt_2ms
1,1225635697,1223139819,1223.139819,AUDIO_TIMER_LATE,0xffff,0x0000,,59827,59827,0,0,2161,0,0,0,,True,audio_timer_interval_gt_2ms
1,1225635697,1223141981,1223.141981,AUDIO_TIMER_LATE,0xffff,0x0000,,59827,59827,0,0,2162,0,0,0,,True,audio_timer_interval_gt_2ms
1,1225635697,1223145303,1223.145303,AUDIO_TIMER_LATE,0xffff,0x0000,,59827,59827,0,0,2160,0,0,0,,True,audio_timer_interval_gt_2ms
1,1225635697,1223145805,1223.145805,AUDIO_SDU_GENERATED,0xffff,0x0000,179,59828,59827,1,0,20001,0,0,0,,False,
1,1225635697,1223147464,1223.147464,AUDIO_TIMER_LATE,0xffff,0x0000,,59828,59827,1,0,2161,0,0,0,,True,audio_timer_interval_gt_2ms
1,1225635697,1223147473,1223.147473,AUDIO_BUSY_SET,0x0040,0x0041,179,59828,59828,0,1,0,2,0,0,busy_context=2,False,
1,1225635697,1223147476,1223.147476,AUDIO_CAN_SEND_NOW,0x0040,0x0041,179,59828,59828,0,1,2,0,0,0,,False,
1,1225635697,1223147748,1223.147748,AUDIO_PACKET_SENT,0x0040,0x0041,179,59828,59828,0,1,272,0,0,0,,False,
1,1225635697,1223147751,1223.147751,AUDIO_BUSY_CLEAR,0x0040,0x0041,179,59828,59828,0,0,278,3,0,0,busy_context=3,False,
1,1225635697,1223147754,1223.147754,AUDIO_L2CAP_SEND,0x0040,0x0041,179,59828,59828,0,1,0,0,161,0,sdu_size=161,False,
1,1225635697,1223147755,1223.147755,AUDIO_CAN_SEND_REQUESTED,0x0040,0x0041,179,59828,59828,0,1,0,0,0,0,,False,
1,1225635697,1223151498,1223.151498,AUDIO_TIMER_LATE,0xffff,0x0000,,59828,59828,0,0,2154,0,0,0,,True,audio_timer_interval_gt_2ms
1,1225635697,1223153656,1223.153656,AUDIO_TIMER_LATE,0xffff,0x0000,,59828,59828,0,0,2158,0,0,0,,True,audio_timer_interval_gt_2ms
1,1225635697,1223155814,1223.155814,AUDIO_TIMER_LATE,0xffff,0x0000,,59828,59828,0,0,2158,0,0,0,,True,audio_timer_interval_gt_2ms
1,1225635697,1223157972,1223.157972,AUDIO_TIMER_LATE,0xffff,0x0000,,59828,59828,0,0,2158,0,0,0,,True,audio_timer_interval_gt_2ms
1,1225635697,1223161293,1223.161293,AUDIO_TIMER_LATE,0xffff,0x0000,,59828,59828,0,0,2160,0,0,0,,True,audio_timer_interval_gt_2ms
1,1225635697,1223163454,1223.163454,AUDIO_TIMER_LATE,0xffff,0x0000,,59828,59828,0,0,2161,0,0,0,,True,audio_timer_interval_gt_2ms
1,1225635697,1223165615,1223.165615,AUDIO_TIMER_LATE,0xffff,0x0000,,59828,59828,0,0,2161,0,0,0,,True,audio_timer_interval_gt_2ms
1,1225635697,1223165805,1223.165805,AUDIO_SDU_GENERATED,0xffff,0x0000,180,59829,59828,1,0,20000,0,0,0,,False,
1,1225635697,1223167776,1223.167776,AUDIO_TIMER_LATE,0xffff,0x0000,,59829,59828,1,0,2161,0,0,0,,True,audio_timer_interval_gt_2ms
1,1225635697,1223167785,1223.167785,AUDIO_BUSY_SET,0x0040,0x0041,180,59829,59829,0,1,0,2,0,0,busy_context=2,False,
1,1225635697,1223167788,1223.167788,AUDIO_CAN_SEND_NOW,0x0040,0x0041,180,59829,59829,0,1,1,0,0,0,,False,
1,1225635697,1223168061,1223.168061,AUDIO_PACKET_SENT,0x0040,0x0041,180,59829,59829,0,1,273,0,0,0,,False,
1,1225635697,1223168063,1223.168063,AUDIO_BUSY_CLEAR,0x0040,0x0041,180,59829,59829,0,0,279,3,0,0,busy_context=3,False,
1,1225635697,1223168066,1223.168066,AUDIO_L2CAP_SEND,0x0040,0x0041,180,59829,59829,0,1,0,0,161,0,sdu_size=161,False,
1,1225635697,1223168068,1223.168068,AUDIO_CAN_SEND_REQUESTED,0x0040,0x0041,180,59829,59829,0,1,0,0,0,0,,False,
1,1225635697,1223169975,1223.169975,AUDIO_TIMER_LATE,0xffff,0x0000,,59829,59828,1,0,2199,0,0,0,,True,audio_timer_interval_gt_2ms
1,1225635697,1223173290,1223.173290,AUDIO_TIMER_LATE,0xffff,0x0000,,59829,59829,0,0,2157,0,0,0,,True,audio_timer_interval_gt_2ms
1,1225635697,1223175449,1223.175449,AUDIO_TIMER_LATE,0xffff,0x0000,,59829,59829,0,0,2159,0,0,0,,True,audio_timer_interval_gt_2ms
1,1225635697,1223177607,1223.177607,AUDIO_TIMER_LATE,0xffff,0x0000,,59829,59829,0,0,2158,0,0,0,,True,audio_timer_interval_gt_2ms
1,1225635697,1223179768,1223.179768,AUDIO_TIMER_LATE,0xffff,0x0000,,59829,59829,0,0,2161,0,0,0,,True,audio_timer_interval_gt_2ms
1,1225635697,1223181929,1223.181929,AUDIO_TIMER_LATE,0xffff,0x0000,,59829,59829,0,0,2161,0,0,0,,True,audio_timer_interval_gt_2ms
1,1225635697,1223185250,1223.185250,AUDIO_TIMER_LATE,0xffff,0x0000,,59829,59829,0,0,2160,0,0,0,,True,audio_timer_interval_gt_2ms
1,1225635697,1223185800,1223.185800,AUDIO_SDU_GENERATED,0xffff,0x0000,181,59830,59829,1,0,19995,0,0,0,,False,
1,1225635697,1223187411,1223.187411,AUDIO_TIMER_LATE,0xffff,0x0000,,59830,59829,1,0,2161,0,0,0,,True,audio_timer_interval_gt_2ms
1,1225635697,1223187419,1223.187419,AUDIO_BUSY_SET,0x0040,0x0041,181,59830,59830,0,1,0,2,0,0,busy_context=2,False,
1,1225635697,1223187423,1223.187423,AUDIO_CAN_SEND_NOW,0x0040,0x0041,181,59830,59830,0,1,2,0,0,0,,False,
1,1225635697,1223187695,1223.187695,AUDIO_PACKET_SENT,0x0040,0x0041,181,59830,59830,0,1,272,0,0,0,,False,
1,1225635697,1223187698,1223.187698,AUDIO_BUSY_CLEAR,0x0040,0x0041,181,59830,59830,0,0,278,3,0,0,busy_context=3,False,
1,1225635697,1223187701,1223.187701,AUDIO_L2CAP_SEND,0x0040,0x0041,181,59830,59830,0,1,0,0,161,0,sdu_size=161,False,
1,1225635697,1223187702,1223.187702,AUDIO_CAN_SEND_REQUESTED,0x0040,0x0041,181,59830,59830,0,1,0,0,0,0,,False,
1,1225635697,1223191443,1223.191443,AUDIO_TIMER_LATE,0xffff,0x0000,,59830,59830,0,0,2154,0,0,0,,True,audio_timer_interval_gt_2ms
1,1225635697,1223193601,1223.193601,AUDIO_TIMER_LATE,0xffff,0x0000,,59830,59830,0,0,2158,0,0,0,,True,audio_timer_interval_gt_2ms
1,1225635697,1223195759,1223.195759,AUDIO_TIMER_LATE,0xffff,0x0000,,59830,59830,0,0,2158,0,0,0,,True,audio_timer_interval_gt_2ms
1,1225635697,1223197918,1223.197918,AUDIO_TIMER_LATE,0xffff,0x0000,,59830,59830,0,0,2159,0,0,0,,True,audio_timer_interval_gt_2ms
1,1225635697,1223201239,1223.201239,AUDIO_TIMER_LATE,0xffff,0x0000,,59830,59830,0,0,2160,0,0,0,,True,audio_timer_interval_gt_2ms
1,1225635697,1223203401,1223.203401,AUDIO_TIMER_LATE,0xffff,0x0000,,59830,59830,0,0,2162,0,0,0,,True,audio_timer_interval_gt_2ms
1,1225635697,1223205562,1223.205562,AUDIO_TIMER_LATE,0xffff,0x0000,,59830,59830,0,0,2160,0,0,0,,True,audio_timer_interval_gt_2ms
1,1225635697,1223205805,1223.205805,AUDIO_SDU_GENERATED,0xffff,0x0000,182,59831,59830,1,0,20005,0,0,0,,False,
1,1225635697,1223207723,1223.207723,AUDIO_TIMER_LATE,0xffff,0x0000,,59831,59830,1,0,2162,0,0,0,,True,audio_timer_interval_gt_2ms
1,1225635697,1223207732,1223.207732,AUDIO_BUSY_SET,0x0040,0x0041,182,59831,59831,0,1,0,2,0,0,busy_context=2,False,
1,1225635697,1223207736,1223.207736,AUDIO_CAN_SEND_NOW,0x0040,0x0041,182,59831,59831,0,1,2,0,0,0,,False,
1,1225635697,1223208008,1223.208008,AUDIO_PACKET_SENT,0x0040,0x0041,182,59831,59831,0,1,272,0,0,0,,False,
1,1225635697,1223208010,1223.208010,AUDIO_BUSY_CLEAR,0x0040,0x0041,182,59831,59831,0,0,278,3,0,0,busy_context=3,False,
1,1225635697,1223208014,1223.208014,AUDIO_L2CAP_SEND,0x0040,0x0041,182,59831,59831,0,1,0,0,161,0,sdu_size=161,False,
1,1225635697,1223208015,1223.208015,AUDIO_CAN_SEND_REQUESTED,0x0040,0x0041,182,59831,59831,0,1,0,0,0,0,,False,
1,1225635697,1223211502,1223.211502,AUDIO_TIMER_LATE,0xffff,0x0000,,59831,59831,0,0,2158,0,0,0,,True,audio_timer_interval_gt_2ms
1,1225635697,1223213660,1223.213660,AUDIO_TIMER_LATE,0xffff,0x0000,,59831,59831,0,0,2158,0,0,0,,True,audio_timer_interval_gt_2ms
1,1225635697,1223215818,1223.215818,AUDIO_TIMER_LATE,0xffff,0x0000,,59831,59831,0,0,2158,0,0,0,,True,audio_timer_interval_gt_2ms
1,1225635697,1223217977,1223.217977,AUDIO_TIMER_LATE,0xffff,0x0000,,59831,59831,0,0,2159,0,0,0,,True,audio_timer_interval_gt_2ms
1,1225635697,1223221298,1223.221298,AUDIO_TIMER_LATE,0xffff,0x0000,,59831,59831,0,0,2160,0,0,0,,True,audio_timer_interval_gt_2ms
1,1225635697,1223223459,1223.223459,AUDIO_TIMER_LATE,0xffff,0x0000,,59831,59831,0,0,2161,0,0,0,,True,audio_timer_interval_gt_2ms
1,1225635697,1223225620,1223.225620,AUDIO_TIMER_LATE,0xffff,0x0000,,59831,59831,0,0,2161,0,0,0,,True,audio_timer_interval_gt_2ms
1,1225635697,1223225805,1223.225805,AUDIO_SDU_GENERATED,0xffff,0x0000,183,59832,59831,1,0,20000,0,0,0,,False,
1,1225635697,1223227782,1223.227782,AUDIO_TIMER_LATE,0xffff,0x0000,,59832,59831,1,0,2162,0,0,0,,True,audio_timer_interval_gt_2ms
1,1225635697,1223227791,1223.227791,AUDIO_BUSY_SET,0x0040,0x0041,183,59832,59832,0,1,0,2,0,0,busy_context=2,False,
1,1225635697,1223227794,1223.227794,AUDIO_CAN_SEND_NOW,0x0040,0x0041,183,59832,59832,0,1,2,0,0,0,,False,
1,1225635697,1223228067,1223.228067,AUDIO_PACKET_SENT,0x0040,0x0041,183,59832,59832,0,1,273,0,0,0,,False,
1,1225635697,1223228069,1223.228069,AUDIO_BUSY_CLEAR,0x0040,0x0041,183,59832,59832,0,0,279,3,0,0,busy_context=3,False,
1,1225635697,1223228072,1223.228072,AUDIO_L2CAP_SEND,0x0040,0x0041,183,59832,59832,0,1,0,0,161,0,sdu_size=161,False,
1,1225635697,1223228074,1223.228074,AUDIO_CAN_SEND_REQUESTED,0x0040,0x0041,183,59832,59832,0,1,0,0,0,0,,False,
1,1225635697,1223231516,1223.231516,AUDIO_TIMER_LATE,0xffff,0x0000,,59832,59832,0,0,2157,0,0,0,,True,audio_timer_interval_gt_2ms
1,1225635697,1223233674,1223.233674,AUDIO_TIMER_LATE,0xffff,0x0000,,59832,59832,0,0,2157,0,0,0,,True,audio_timer_interval_gt_2ms
1,1225635697,1223235832,1223.235832,AUDIO_TIMER_LATE,0xffff,0x0000,,59832,59832,0,0,2159,0,0,0,,True,audio_timer_interval_gt_2ms
1,1225635697,1223237990,1223.237990,AUDIO_TIMER_LATE,0xffff,0x0000,,59832,59832,0,0,2158,0,0,0,,True,audio_timer_interval_gt_2ms
1,1225635697,1223241311,1223.241311,AUDIO_TIMER_LATE,0xffff,0x0000,,59832,59832,0,0,2161,0,0,0,,True,audio_timer_interval_gt_2ms
1,1225635697,1223243473,1223.243473,AUDIO_TIMER_LATE,0xffff,0x0000,,59832,59832,0,0,2162,0,0,0,,True,audio_timer_interval_gt_2ms
1,1225635697,1223245634,1223.245634,AUDIO_TIMER_LATE,0xffff,0x0000,,59832,59832,0,0,2161,0,0,0,,True,audio_timer_interval_gt_2ms
1,1225635697,1223245805,1223.245805,AUDIO_SDU_GENERATED,0xffff,0x0000,184,59833,59832,1,0,20000,0,0,0,,False,
1,1225635697,1223247795,1223.247795,AUDIO_TIMER_LATE,0xffff,0x0000,,59833,59832,1,0,2161,0,0,0,,True,audio_timer_interval_gt_2ms
1,1225635697,1223247804,1223.247804,AUDIO_BUSY_SET,0x0040,0x0041,184,59833,59833,0,1,0,2,0,0,busy_context=2,False,
1,1225635697,1223247807,1223.247807,AUDIO_CAN_SEND_NOW,0x0040,0x0041,184,59833,59833,0,1,1,0,0,0,,False,
1,1225635697,1223248115,1223.248115,AUDIO_PACKET_SENT,0x0040,0x0041,184,59833,59833,0,1,308,0,0,0,,False,
1,1225635697,1223248117,1223.248117,AUDIO_BUSY_CLEAR,0x0040,0x0041,184,59833,59833,0,0,314,3,0,0,busy_context=3,False,
1,1225635697,1223248120,1223.248120,AUDIO_L2CAP_SEND,0x0040,0x0041,184,59833,59833,0,1,0,0,161,0,sdu_size=161,False,
1,1225635697,1223248122,1223.248122,AUDIO_CAN_SEND_REQUESTED,0x0040,0x0041,184,59833,59833,0,1,0,0,0,0,,False,
1,1225635697,1223249983,1223.249983,AUDIO_TIMER_LATE,0xffff,0x0000,,59833,59832,1,0,2188,0,0,0,,True,audio_timer_interval_gt_2ms
1,1225635697,1223253299,1223.253299,AUDIO_TIMER_LATE,0xffff,0x0000,,59833,59833,0,0,2157,0,0,0,,True,audio_timer_interval_gt_2ms
1,1225635697,1223255457,1223.255457,AUDIO_TIMER_LATE,0xffff,0x0000,,59833,59833,0,0,2158,0,0,0,,True,audio_timer_interval_gt_2ms
1,1225635697,1223257615,1223.257615,AUDIO_TIMER_LATE,0xffff,0x0000,,59833,59833,0,0,2158,0,0,0,,True,audio_timer_interval_gt_2ms
1,1225635697,1223259776,1223.259776,AUDIO_TIMER_LATE,0xffff,0x0000,,59833,59833,0,0,2161,0,0,0,,True,audio_timer_interval_gt_2ms
1,1225635697,1223261938,1223.261938,AUDIO_TIMER_LATE,0xffff,0x0000,,59833,59833,0,0,2162,0,0,0,,True,audio_timer_interval_gt_2ms
1,1225635697,1223265260,1223.265260,AUDIO_TIMER_LATE,0xffff,0x0000,,59833,59833,0,0,2160,0,0,0,,True,audio_timer_interval_gt_2ms
1,1225635697,1223265803,1223.265803,AUDIO_SDU_GENERATED,0xffff,0x0000,185,59834,59833,1,0,19998,0,0,0,,False,
1,1225635697,1223267422,1223.267422,AUDIO_TIMER_LATE,0xffff,0x0000,,59834,59833,1,0,2162,0,0,0,,True,audio_timer_interval_gt_2ms
1,1225635697,1223267431,1223.267431,AUDIO_BUSY_SET,0x0040,0x0041,185,59834,59834,0,1,0,2,0,0,busy_context=2,False,
1,1225635697,1223267435,1223.267435,AUDIO_CAN_SEND_NOW,0x0040,0x0041,185,59834,59834,0,1,2,0,0,0,,False,
1,1225635697,1223267707,1223.267707,AUDIO_PACKET_SENT,0x0040,0x0041,185,59834,59834,0,1,272,0,0,0,,False,
1,1225635697,1223267709,1223.267709,AUDIO_BUSY_CLEAR,0x0040,0x0041,185,59834,59834,0,0,278,3,0,0,busy_context=3,False,
1,1225635697,1223267713,1223.267713,AUDIO_L2CAP_SEND,0x0040,0x0041,185,59834,59834,0,1,0,0,161,0,sdu_size=161,False,
1,1225635697,1223267714,1223.267714,AUDIO_CAN_SEND_REQUESTED,0x0040,0x0041,185,59834,59834,0,1,0,0,0,0,,False,
1,1225635697,1223271452,1223.271452,AUDIO_TIMER_LATE,0xffff,0x0000,,59834,59834,0,0,2153,0,0,0,,True,audio_timer_interval_gt_2ms
1,1225635697,1223273610,1223.273610,AUDIO_TIMER_LATE,0xffff,0x0000,,59834,59834,0,0,2158,0,0,0,,True,audio_timer_interval_gt_2ms
1,1225635697,1223275768,1223.275768,AUDIO_TIMER_LATE,0xffff,0x0000,,59834,59834,0,0,2158,0,0,0,,True,audio_timer_interval_gt_2ms
1,1225635697,1223277926,1223.277926,AUDIO_TIMER_LATE,0xffff,0x0000,,59834,59834,0,0,2158,0,0,0,,True,audio_timer_interval_gt_2ms
1,1225635697,1223281247,1223.281247,AUDIO_TIMER_LATE,0xffff,0x0000,,59834,59834,0,0,2160,0,0,0,,True,audio_timer_interval_gt_2ms
1,1225635697,1223283408,1223.283408,AUDIO_TIMER_LATE,0xffff,0x0000,,59834,59834,0,0,2161,0,0,0,,True,audio_timer_interval_gt_2ms
1,1225635697,1223285570,1223.285570,AUDIO_TIMER_LATE,0xffff,0x0000,,59834,59834,0,0,2162,0,0,0,,True,audio_timer_interval_gt_2ms
1,1225635697,1223285805,1223.285805,AUDIO_SDU_GENERATED,0xffff,0x0000,186,59835,59834,1,0,20003,0,0,0,,False,
1,1225635697,1223287731,1223.287731,AUDIO_TIMER_LATE,0xffff,0x0000,,59835,59834,1,0,2161,0,0,0,,True,audio_timer_interval_gt_2ms
1,1225635697,1223287740,1223.287740,AUDIO_BUSY_SET,0x0040,0x0041,186,59835,59835,0,1,0,2,0,0,busy_context=2,False,
1,1225635697,1223287743,1223.287743,AUDIO_CAN_SEND_NOW,0x0040,0x0041,186,59835,59835,0,1,2,0,0,0,,False,
1,1225635697,1223288016,1223.288016,AUDIO_PACKET_SENT,0x0040,0x0041,186,59835,59835,0,1,273,0,0,0,,False,
1,1225635697,1223288018,1223.288018,AUDIO_BUSY_CLEAR,0x0040,0x0041,186,59835,59835,0,0,279,3,0,0,busy_context=3,False,
1,1225635697,1223288021,1223.288021,AUDIO_L2CAP_SEND,0x0040,0x0041,186,59835,59835,0,1,0,0,161,0,sdu_size=161,False,
1,1225635697,1223288023,1223.288023,AUDIO_CAN_SEND_REQUESTED,0x0040,0x0041,186,59835,59835,0,1,0,0,0,0,,False,
1,1225635697,1223289990,1223.289990,AUDIO_TIMER_LATE,0xffff,0x0000,,59835,59834,1,0,2259,0,0,0,,True,audio_timer_interval_gt_2ms
1,1225635697,1223293306,1223.293306,AUDIO_TIMER_LATE,0xffff,0x0000,,59835,59835,0,0,2158,0,0,0,,True,audio_timer_interval_gt_2ms
1,1225635697,1223295464,1223.295464,AUDIO_TIMER_LATE,0xffff,0x0000,,59835,59835,0,0,2158,0,0,0,,True,audio_timer_interval_gt_2ms
1,1225635697,1223297622,1223.297622,AUDIO_TIMER_LATE,0xffff,0x0000,,59835,59835,0,0,2158,0,0,0,,True,audio_timer_interval_gt_2ms
1,1225635697,1223299784,1223.299784,AUDIO_TIMER_LATE,0xffff,0x0000,,59835,59835,0,0,2162,0,0,0,,True,audio_timer_interval_gt_2ms
1,1225635697,1223301945,1223.301945,AUDIO_TIMER_LATE,0xffff,0x0000,,59835,59835,0,0,2161,0,0,0,,True,audio_timer_interval_gt_2ms
1,1225635697,1223305267,1223.305267,AUDIO_TIMER_LATE,0xffff,0x0000,,59835,59835,0,0,2160,0,0,0,,True,audio_timer_interval_gt_2ms
1,1225635697,1223305801,1223.305801,AUDIO_SDU_GENERATED,0xffff,0x0000,187,59836,59835,1,0,19995,0,0,0,,False,
1,1225635697,1223307429,1223.307429,AUDIO_TIMER_LATE,0xffff,0x0000,,59836,59835,1,0,2162,0,0,0,,True,audio_timer_interval_gt_2ms
1,1225635697,1223307438,1223.307438,AUDIO_BUSY_SET,0x0040,0x0041,187,59836,59836,0,1,0,2,0,0,busy_context=2,False,
1,1225635697,1223307441,1223.307441,AUDIO_CAN_SEND_NOW,0x0040,0x0041,187,59836,59836,0,1,2,0,0,0,,False,
1,1225635697,1223307713,1223.307713,AUDIO_PACKET_SENT,0x0040,0x0041,187,59836,59836,0,1,272,0,0,0,,False,
1,1225635697,1223307715,1223.307715,AUDIO_BUSY_CLEAR,0x0040,0x0041,187,59836,59836,0,0,278,3,0,0,busy_context=3,False,
1,1225635697,1223307719,1223.307719,AUDIO_L2CAP_SEND,0x0040,0x0041,187,59836,59836,0,1,0,0,161,0,sdu_size=161,False,
1,1225635697,1223307720,1223.307720,AUDIO_CAN_SEND_REQUESTED,0x0040,0x0041,187,59836,59836,0,1,0,0,0,0,,False,
1,1225635697,1223311458,1223.311458,AUDIO_TIMER_LATE,0xffff,0x0000,,59836,59836,0,0,2152,0,0,0,,True,audio_timer_interval_gt_2ms
1,1225635697,1223313616,1223.313616,AUDIO_TIMER_LATE,0xffff,0x0000,,59836,59836,0,0,2159,0,0,0,,True,audio_timer_interval_gt_2ms
1,1225635697,1223315774,1223.315774,AUDIO_TIMER_LATE,0xffff,0x0000,,59836,59836,0,0,2158,0,0,0,,True,audio_timer_interval_gt_2ms
1,1225635697,1223317933,1223.317933,AUDIO_TIMER_LATE,0xffff,0x0000,,59836,59836,0,0,2159,0,0,0,,True,audio_timer_interval_gt_2ms
1,1225635697,1223321254,1223.321254,AUDIO_TIMER_LATE,0xffff,0x0000,,59836,59836,0,0,2160,0,0,0,,True,audio_timer_interval_gt_2ms
1,1225635697,1223323415,1223.323415,AUDIO_TIMER_LATE,0xffff,0x0000,,59836,59836,0,0,2161,0,0,0,,True,audio_timer_interval_gt_2ms
1,1225635697,1223325576,1223.325576,AUDIO_TIMER_LATE,0xffff,0x0000,,59836,59836,0,0,2161,0,0,0,,True,audio_timer_interval_gt_2ms
1,1225635697,1223325806,1223.325806,AUDIO_SDU_GENERATED,0xffff,0x0000,188,59837,59836,1,0,20005,0,0,0,,False,
1,1225635697,1223327738,1223.327738,AUDIO_TIMER_LATE,0xffff,0x0000,,59837,59836,1,0,2162,0,0,0,,True,audio_timer_interval_gt_2ms
1,1225635697,1223327747,1223.327747,AUDIO_BUSY_SET,0x0040,0x0041,188,59837,59837,0,1,0,2,0,0,busy_context=2,False,
1,1225635697,1223327750,1223.327750,AUDIO_CAN_SEND_NOW,0x0040,0x0041,188,59837,59837,0,1,2,0,0,0,,False,
1,1225635697,1223328023,1223.328023,AUDIO_PACKET_SENT,0x0040,0x0041,188,59837,59837,0,1,273,0,0,0,,False,
1,1225635697,1223328025,1223.328025,AUDIO_BUSY_CLEAR,0x0040,0x0041,188,59837,59837,0,0,279,3,0,0,busy_context=3,False,
1,1225635697,1223328028,1223.328028,AUDIO_L2CAP_SEND,0x0040,0x0041,188,59837,59837,0,1,0,0,161,0,sdu_size=161,False,
1,1225635697,1223328030,1223.328030,AUDIO_CAN_SEND_REQUESTED,0x0040,0x0041,188,59837,59837,0,1,0,0,0,0,,False,
1,1225635697,1223329996,1223.329996,AUDIO_TIMER_LATE,0xffff,0x0000,,59837,59836,1,0,2258,0,0,0,,True,audio_timer_interval_gt_2ms
1,1225635697,1223333311,1223.333311,AUDIO_TIMER_LATE,0xffff,0x0000,,59837,59837,0,0,2157,0,0,0,,True,audio_timer_interval_gt_2ms
1,1225635697,1223335469,1223.335469,AUDIO_TIMER_LATE,0xffff,0x0000,,59837,59837,0,0,2158,0,0,0,,True,audio_timer_interval_gt_2ms
1,1225635697,1223337627,1223.337627,AUDIO_TIMER_LATE,0xffff,0x0000,,59837,59837,0,0,2158,0,0,0,,True,audio_timer_interval_gt_2ms
1,1225635697,1223339788,1223.339788,AUDIO_TIMER_LATE,0xffff,0x0000,,59837,59837,0,0,2161,0,0,0,,True,audio_timer_interval_gt_2ms
1,1225635697,1223341949,1223.341949,AUDIO_TIMER_LATE,0xffff,0x0000,,59837,59837,0,0,2161,0,0,0,,True,audio_timer_interval_gt_2ms
1,1225635697,1223345270,1223.345270,AUDIO_TIMER_LATE,0xffff,0x0000,,59837,59837,0,0,2160,0,0,0,,True,audio_timer_interval_gt_2ms
1,1225635697,1223345803,1223.345803,AUDIO_SDU_GENERATED,0xffff,0x0000,189,59838,59837,1,0,19997,0,0,0,,False,
1,1225635697,1223347431,1223.347431,AUDIO_TIMER_LATE,0xffff,0x0000,,59838,59837,1,0,2161,0,0,0,,True,audio_timer_interval_gt_2ms
1,1225635697,1223347439,1223.347439,AUDIO_BUSY_SET,0x0040,0x0041,189,59838,59838,0,1,0,2,0,0,busy_context=2,False,
1,1225635697,1223347443,1223.347443,AUDIO_CAN_SEND_NOW,0x0040,0x0041,189,59838,59838,0,1,2,0,0,0,,False,
1,1225635697,1223347715,1223.347715,AUDIO_PACKET_SENT,0x0040,0x0041,189,59838,59838,0,1,272,0,0,0,,False,
1,1225635697,1223347718,1223.347718,AUDIO_BUSY_CLEAR,0x0040,0x0041,189,59838,59838,0,0,278,3,0,0,busy_context=3,False,
1,1225635697,1223347721,1223.347721,AUDIO_L2CAP_SEND,0x0040,0x0041,189,59838,59838,0,1,0,0,161,0,sdu_size=161,False,
1,1225635697,1223347722,1223.347722,AUDIO_CAN_SEND_REQUESTED,0x0040,0x0041,189,59838,59838,0,1,0,0,0,0,,False,
1,1225635697,1223349801,1223.349801,AUDIO_TIMER_LATE,0xffff,0x0000,,59838,59837,1,0,2369,0,0,0,,True,audio_timer_interval_gt_2ms
1,1225635697,1223351959,1223.351959,AUDIO_TIMER_LATE,0xffff,0x0000,,59838,59838,0,0,2159,0,0,0,,True,audio_timer_interval_gt_2ms
1,1225635697,1223355274,1223.355274,AUDIO_TIMER_LATE,0xffff,0x0000,,59838,59838,0,0,2158,0,0,0,,True,audio_timer_interval_gt_2ms
1,1225635697,1223357432,1223.357432,AUDIO_TIMER_LATE,0xffff,0x0000,,59838,59838,0,0,2158,0,0,0,,True,audio_timer_interval_gt_2ms
1,1225635697,1223359593,1223.359593,AUDIO_TIMER_LATE,0xffff,0x0000,,59838,59838,0,0,2161,0,0,0,,True,audio_timer_interval_gt_2ms
1,1225635697,1223361754,1223.361754,AUDIO_TIMER_LATE,0xffff,0x0000,,59838,59838,0,0,2161,0,0,0,,True,audio_timer_interval_gt_2ms
1,1225635697,1223363916,1223.363916,AUDIO_TIMER_LATE,0xffff,0x0000,,59838,59838,0,0,2162,0,0,0,,True,audio_timer_interval_gt_2ms
1,1225635697,1223365802,1223.365802,AUDIO_SDU_GENERATED,0xffff,0x0000,190,59839,59838,1,0,19999,0,0,0,,False,
1,1225635697,1223367238,1223.367238,AUDIO_TIMER_LATE,0xffff,0x0000,,59839,59838,1,0,2160,0,0,0,,True,audio_timer_interval_gt_2ms
1,1225635697,1223367247,1223.367247,AUDIO_BUSY_SET,0x0040,0x0041,190,59839,59839,0,1,0,2,0,0,busy_context=2,False,
1,1225635697,1223367251,1223.367251,AUDIO_CAN_SEND_NOW,0x0040,0x0041,190,59839,59839,0,1,2,0,0,0,,False,
1,1225635697,1223367523,1223.367523,AUDIO_PACKET_SENT,0x0040,0x0041,190,59839,59839,0,1,272,0,0,0,,False,
1,1225635697,1223367525,1223.367525,AUDIO_BUSY_CLEAR,0x0040,0x0041,190,59839,59839,0,0,278,3,0,0,busy_context=3,False,
1,1225635697,1223367529,1223.367529,AUDIO_L2CAP_SEND,0x0040,0x0041,190,59839,59839,0,1,0,0,161,0,sdu_size=161,False,
1,1225635697,1223367530,1223.367530,AUDIO_CAN_SEND_REQUESTED,0x0040,0x0041,190,59839,59839,0,1,0,0,0,0,,False,
1,1225635697,1223369332,1223.369332,AUDIO_TIMER_LATE,0xffff,0x0000,,59839,59838,1,0,2094,0,0,0,,True,audio_timer_interval_gt_2ms
1,1225635697,1223371487,1223.371487,AUDIO_TIMER_LATE,0xffff,0x0000,,59839,59839,0,0,2155,0,0,0,,True,audio_timer_interval_gt_2ms
1,1225635697,1223373645,1223.373645,AUDIO_TIMER_LATE,0xffff,0x0000,,59839,59839,0,0,2158,0,0,0,,True,audio_timer_interval_gt_2ms
1,1225635697,1223375803,1223.375803,AUDIO_TIMER_LATE,0xffff,0x0000,,59839,59839,0,0,2158,0,0,0,,True,audio_timer_interval_gt_2ms
1,1225635697,1223377962,1223.377962,AUDIO_TIMER_LATE,0xffff,0x0000,,59839,59839,0,0,2159,0,0,0,,True,audio_timer_interval_gt_2ms
1,1225635697,1223381284,1223.381284,AUDIO_TIMER_LATE,0xffff,0x0000,,59839,59839,0,0,2160,0,0,0,,True,audio_timer_interval_gt_2ms
1,1225635697,1223383445,1223.383445,AUDIO_TIMER_LATE,0xffff,0x0000,,59839,59839,0,0,2161,0,0,0,,True,audio_timer_interval_gt_2ms
1,1225635697,1223385606,1223.385606,AUDIO_TIMER_LATE,0xffff,0x0000,,59839,59839,0,0,2161,0,0,0,,True,audio_timer_interval_gt_2ms
1,1225635697,1223385804,1223.385804,AUDIO_SDU_GENERATED,0xffff,0x0000,191,59840,59839,1,0,20002,0,0,0,,False,
1,1225635697,1223387767,1223.387767,AUDIO_TIMER_LATE,0xffff,0x0000,,59840,59839,1,0,2161,0,0,0,,True,audio_timer_interval_gt_2ms
1,1225635697,1223387776,1223.387776,AUDIO_BUSY_SET,0x0040,0x0041,191,59840,59840,0,1,0,2,0,0,busy_context=2,False,
1,1225635697,1223387779,1223.387779,AUDIO_CAN_SEND_NOW,0x0040,0x0041,191,59840,59840,0,1,2,0,0,0,,False,
1,1225635697,1223388051,1223.388051,AUDIO_PACKET_SENT,0x0040,0x0041,191,59840,59840,0,1,272,0,0,0,,False,
1,1225635697,1223388054,1223.388054,AUDIO_BUSY_CLEAR,0x0040,0x0041,191,59840,59840,0,0,278,3,0,0,busy_context=3,False,
1,1225635697,1223388057,1223.388057,AUDIO_L2CAP_SEND,0x0040,0x0041,191,59840,59840,0,1,0,0,161,0,sdu_size=161,False,
1,1225635697,1223388058,1223.388058,AUDIO_CAN_SEND_REQUESTED,0x0040,0x0041,191,59840,59840,0,1,0,0,0,0,,False,
1,1225635697,1223391536,1223.391536,AUDIO_TIMER_LATE,0xffff,0x0000,,59840,59840,0,0,2157,0,0,0,,True,audio_timer_interval_gt_2ms
1,1225635697,1223393694,1223.393694,AUDIO_TIMER_LATE,0xffff,0x0000,,59840,59840,0,0,2158,0,0,0,,True,audio_timer_interval_gt_2ms
1,1225635697,1223395852,1223.395852,AUDIO_TIMER_LATE,0xffff,0x0000,,59840,59840,0,0,2158,0,0,0,,True,audio_timer_interval_gt_2ms
1,1225635697,1223398010,1223.398010,AUDIO_TIMER_LATE,0xffff,0x0000,,59840,59840,0,0,2158,0,0,0,,True,audio_timer_interval_gt_2ms
1,1225635697,1223400172,1223.400172,AUDIO_TIMER_LATE,0xffff,0x0000,,59840,59840,0,0,2162,0,0,0,,True,audio_timer_interval_gt_2ms
1,1225635697,1223402333,1223.402333,AUDIO_TIMER_LATE,0xffff,0x0000,,59840,59840,0,0,2161,0,0,0,,True,audio_timer_interval_gt_2ms
1,1225635697,1223404494,1223.404494,AUDIO_TIMER_LATE,0xffff,0x0000,,59840,59840,0,0,2161,0,0,0,,True,audio_timer_interval_gt_2ms
1,1225635697,1223405802,1223.405802,AUDIO_SDU_GENERATED,0xffff,0x0000,192,59841,59840,1,0,19998,0,0,0,,False,
1,1225635697,1223406655,1223.406655,AUDIO_TIMER_LATE,0xffff,0x0000,,59841,59840,1,0,2160,0,0,0,,True,audio_timer_interval_gt_2ms
1,1225635697,1223406663,1223.406663,AUDIO_BUSY_SET,0x0040,0x0041,192,59841,59841,0,1,0,2,0,0,busy_context=2,False,
1,1225635697,1223406667,1223.406667,AUDIO_CAN_SEND_NOW,0x0040,0x0041,192,59841,59841,0,1,2,0,0,0,,False,
1,1225635697,1223406975,1223.406975,AUDIO_PACKET_SENT,0x0040,0x0041,192,59841,59841,0,1,308,0,0,0,,False,
1,1225635697,1223406978,1223.406978,AUDIO_BUSY_CLEAR,0x0040,0x0041,192,59841,59841,0,0,314,3,0,0,busy_context=3,False,
1,1225635697,1223406981,1223.406981,AUDIO_L2CAP_SEND,0x0040,0x0041,192,59841,59841,0,1,0,0,161,0,sdu_size=161,False,
1,1225635697,1223406982,1223.406982,AUDIO_CAN_SEND_REQUESTED,0x0040,0x0041,192,59841,59841,0,1,0,0,0,0,,False,
1,1225635697,1223410434,1223.410434,AUDIO_TIMER_LATE,0xffff,0x0000,,59841,59841,0,0,2300,0,0,0,,True,audio_timer_interval_gt_2ms
1,1225635697,1223412593,1223.412593,AUDIO_TIMER_LATE,0xffff,0x0000,,59841,59841,0,0,2159,0,0,0,,True,audio_timer_interval_gt_2ms
1,1225635697,1223414752,1223.414752,AUDIO_TIMER_LATE,0xffff,0x0000,,59841,59841,0,0,2159,0,0,0,,True,audio_timer_interval_gt_2ms
1,1225635697,1223416911,1223.416911,AUDIO_TIMER_LATE,0xffff,0x0000,,59841,59841,0,0,2159,0,0,0,,True,audio_timer_interval_gt_2ms
1,1225635697,1223420233,1223.420233,AUDIO_TIMER_LATE,0xffff,0x0000,,59841,59841,0,0,2160,0,0,0,,True,audio_timer_interval_gt_2ms
1,1225635697,1223422395,1223.422395,AUDIO_TIMER_LATE,0xffff,0x0000,,59841,59841,0,0,2162,0,0,0,,True,audio_timer_interval_gt_2ms
1,1225635697,1223424556,1223.424556,AUDIO_TIMER_LATE,0xffff,0x0000,,59841,59841,0,0,2161,0,0,0,,True,audio_timer_interval_gt_2ms
1,1225635697,1223425800,1223.425800,AUDIO_SDU_GENERATED,0xffff,0x0000,193,59842,59841,1,0,19998,0,0,0,,False,
1,1225635697,1223426717,1223.426717,AUDIO_TIMER_LATE,0xffff,0x0000,,59842,59841,1,0,2161,0,0,0,,True,audio_timer_interval_gt_2ms
1,1225635697,1223426726,1223.426726,AUDIO_BUSY_SET,0x0040,0x0041,193,59842,59842,0,1,0,2,0,0,busy_context=2,False,
1,1225635697,1223426729,1223.426729,AUDIO_CAN_SEND_NOW,0x0040,0x0041,193,59842,59842,0,1,2,0,0,0,,False,
1,1225635697,1223427002,1223.427002,AUDIO_PACKET_SENT,0x0040,0x0041,193,59842,59842,0,1,273,0,0,0,,False,
1,1225635697,1223427004,1223.427004,AUDIO_BUSY_CLEAR,0x0040,0x0041,193,59842,59842,0,0,279,3,0,0,busy_context=3,False,
1,1225635697,1223427007,1223.427007,AUDIO_L2CAP_SEND,0x0040,0x0041,193,59842,59842,0,1,0,0,161,0,sdu_size=161,False,
1,1225635697,1223427009,1223.427009,AUDIO_CAN_SEND_REQUESTED,0x0040,0x0041,193,59842,59842,0,1,0,0,0,0,,False,
1,1225635697,1223432254,1223.432254,AUDIO_TIMER_LATE,0xffff,0x0000,,59842,59842,0,0,2157,0,0,0,,True,audio_timer_interval_gt_2ms
1,1225635697,1223434413,1223.434413,AUDIO_TIMER_LATE,0xffff,0x0000,,59842,59842,0,0,2159,0,0,0,,True,audio_timer_interval_gt_2ms
1,1225635697,1223436572,1223.436572,AUDIO_TIMER_LATE,0xffff,0x0000,,59842,59842,0,0,2159,0,0,0,,True,audio_timer_interval_gt_2ms
1,1225635697,1223438734,1223.438734,AUDIO_TIMER_LATE,0xffff,0x0000,,59842,59842,0,0,2162,0,0,0,,True,audio_timer_interval_gt_2ms
1,1225635697,1223440896,1223.440896,AUDIO_TIMER_LATE,0xffff,0x0000,,59842,59842,0,0,2161,0,0,0,,True,audio_timer_interval_gt_2ms
1,1225635697,1223443057,1223.443057,AUDIO_TIMER_LATE,0xffff,0x0000,,59842,59842,0,0,2162,0,0,0,,True,audio_timer_interval_gt_2ms
1,1225635697,1223445219,1223.445219,AUDIO_TIMER_LATE,0xffff,0x0000,,59842,59842,0,0,2162,0,0,0,,True,audio_timer_interval_gt_2ms
1,1225635697,1223445802,1223.445802,AUDIO_SDU_GENERATED,0xffff,0x0000,194,59843,59842,1,0,20002,0,0,0,,False,
1,1225635697,1223447381,1223.447381,AUDIO_TIMER_LATE,0xffff,0x0000,,59843,59842,1,0,2162,0,0,0,,True,audio_timer_interval_gt_2ms
1,1225635697,1223447389,1223.447389,AUDIO_BUSY_SET,0x0040,0x0041,194,59843,59843,0,1,0,2,0,0,busy_context=2,False,
1,1225635697,1223447393,1223.447393,AUDIO_CAN_SEND_NOW,0x0040,0x0041,194,59843,59843,0,1,2,0,0,0,,False,
1,1225635697,1223447665,1223.447665,AUDIO_PACKET_SENT,0x0040,0x0041,194,59843,59843,0,1,272,0,0,0,,False,
1,1225635697,1223447668,1223.447668,AUDIO_BUSY_CLEAR,0x0040,0x0041,194,59843,59843,0,0,278,3,0,0,busy_context=3,False,
1,1225635697,1223447671,1223.447671,AUDIO_L2CAP_SEND,0x0040,0x0041,194,59843,59843,0,1,0,0,161,0,sdu_size=161,False,
1,1225635697,1223447672,1223.447672,AUDIO_CAN_SEND_REQUESTED,0x0040,0x0041,194,59843,59843,0,1,0,0,0,0,,False,
1,1225635697,1223451466,1223.451466,AUDIO_TIMER_LATE,0xffff,0x0000,,59843,59843,0,0,2154,0,0,0,,True,audio_timer_interval_gt_2ms
1,1225635697,1223453624,1223.453624,AUDIO_TIMER_LATE,0xffff,0x0000,,59843,59843,0,0,2158,0,0,0,,True,audio_timer_interval_gt_2ms
1,1225635697,1223455782,1223.455782,AUDIO_TIMER_LATE,0xffff,0x0000,,59843,59843,0,0,2158,0,0,0,,True,audio_timer_interval_gt_2ms
1,1225635697,1223457940,1223.457940,AUDIO_TIMER_LATE,0xffff,0x0000,,59843,59843,0,0,2158,0,0,0,,True,audio_timer_interval_gt_2ms
1,1225635697,1223461261,1223.461261,AUDIO_TIMER_LATE,0xffff,0x0000,,59843,59843,0,0,2160,0,0,0,,True,audio_timer_interval_gt_2ms
1,1225635697,1223463422,1223.463422,AUDIO_TIMER_LATE,0xffff,0x0000,,59843,59843,0,0,2161,0,0,0,,True,audio_timer_interval_gt_2ms
1,1225635697,1223465583,1223.465583,AUDIO_TIMER_LATE,0xffff,0x0000,,59843,59843,0,0,2161,0,0,0,,True,audio_timer_interval_gt_2ms
1,1225635697,1223465804,1223.465804,AUDIO_SDU_GENERATED,0xffff,0x0000,195,59844,59843,1,0,20003,0,0,0,,False,
1,1225635697,1223467744,1223.467744,AUDIO_TIMER_LATE,0xffff,0x0000,,59844,59843,1,0,2161,0,0,0,,True,audio_timer_interval_gt_2ms
1,1225635697,1223467753,1223.467753,AUDIO_BUSY_SET,0x0040,0x0041,195,59844,59844,0,1,0,2,0,0,busy_context=2,False,
1,1225635697,1223467756,1223.467756,AUDIO_CAN_SEND_NOW,0x0040,0x0041,195,59844,59844,0,1,2,0,0,0,,False,
1,1225635697,1223468028,1223.468028,AUDIO_PACKET_SENT,0x0040,0x0041,195,59844,59844,0,1,272,0,0,0,,False,
1,1225635697,1223468031,1223.468031,AUDIO_BUSY_CLEAR,0x0040,0x0041,195,59844,59844,0,0,278,3,0,0,busy_context=3,False,
1,1225635697,1223468034,1223.468034,AUDIO_L2CAP_SEND,0x0040,0x0041,195,59844,59844,0,1,0,0,161,0,sdu_size=161,False,
1,1225635697,1223468035,1223.468035,AUDIO_CAN_SEND_REQUESTED,0x0040,0x0041,195,59844,59844,0,1,0,0,0,0,,False,
1,1225635697,1223471515,1223.471515,AUDIO_TIMER_LATE,0xffff,0x0000,,59844,59844,0,0,2157,0,0,0,,True,audio_timer_interval_gt_2ms
1,1225635697,1223473674,1223.473674,AUDIO_TIMER_LATE,0xffff,0x0000,,59844,59844,0,0,2159,0,0,0,,True,audio_timer_interval_gt_2ms
1,1225635697,1223475832,1223.475832,AUDIO_TIMER_LATE,0xffff,0x0000,,59844,59844,0,0,2158,0,0,0,,True,audio_timer_interval_gt_2ms
1,1225635697,1223477990,1223.477990,AUDIO_TIMER_LATE,0xffff,0x0000,,59844,59844,0,0,2158,0,0,0,,True,audio_timer_interval_gt_2ms
1,1225635697,1223481311,1223.481311,AUDIO_TIMER_LATE,0xffff,0x0000,,59844,59844,0,0,2160,0,0,0,,True,audio_timer_interval_gt_2ms
1,1225635697,1223483472,1223.483472,AUDIO_TIMER_LATE,0xffff,0x0000,,59844,59844,0,0,2161,0,0,0,,True,audio_timer_interval_gt_2ms
1,1225635697,1223485633,1223.485633,AUDIO_TIMER_LATE,0xffff,0x0000,,59844,59844,0,0,2161,0,0,0,,True,audio_timer_interval_gt_2ms
1,1225635697,1223485806,1223.485806,AUDIO_SDU_GENERATED,0xffff,0x0000,196,59845,59844,1,0,20001,0,0,0,,False,
1,1225635697,1223487794,1223.487794,AUDIO_TIMER_LATE,0xffff,0x0000,,59845,59844,1,0,2161,0,0,0,,True,audio_timer_interval_gt_2ms
1,1225635697,1223487803,1223.487803,AUDIO_BUSY_SET,0x0040,0x0041,196,59845,59845,0,1,0,2,0,0,busy_context=2,False,
1,1225635697,1223487806,1223.487806,AUDIO_CAN_SEND_NOW,0x0040,0x0041,196,59845,59845,0,1,1,0,0,0,,False,
1,1225635697,1223488079,1223.488079,AUDIO_PACKET_SENT,0x0040,0x0041,196,59845,59845,0,1,273,0,0,0,,False,
1,1225635697,1223488081,1223.488081,AUDIO_BUSY_CLEAR,0x0040,0x0041,196,59845,59845,0,0,279,3,0,0,busy_context=3,False,
1,1225635697,1223488084,1223.488084,AUDIO_L2CAP_SEND,0x0040,0x0041,196,59845,59845,0,1,0,0,161,0,sdu_size=161,False,
1,1225635697,1223488086,1223.488086,AUDIO_CAN_SEND_REQUESTED,0x0040,0x0041,196,59845,59845,0,1,0,0,0,0,,False,
1,1225635697,1223491506,1223.491506,AUDIO_TIMER_LATE,0xffff,0x0000,,59845,59845,0,0,2157,0,0,0,,True,audio_timer_interval_gt_2ms
1,1225635697,1223493664,1223.493664,AUDIO_TIMER_LATE,0xffff,0x0000,,59845,59845,0,0,2158,0,0,0,,True,audio_timer_interval_gt_2ms
1,1225635697,1223495823,1223.495823,AUDIO_TIMER_LATE,0xffff,0x0000,,59845,59845,0,0,2159,0,0,0,,True,audio_timer_interval_gt_2ms
1,1225635697,1223497981,1223.497981,AUDIO_TIMER_LATE,0xffff,0x0000,,59845,59845,0,0,2157,0,0,0,,True,audio_timer_interval_gt_2ms
1,1225635697,1223501302,1223.501302,AUDIO_TIMER_LATE,0xffff,0x0000,,59845,59845,0,0,2160,0,0,0,,True,audio_timer_interval_gt_2ms
1,1225635697,1223503463,1223.503463,AUDIO_TIMER_LATE,0xffff,0x0000,,59845,59845,0,0,2161,0,0,0,,True,audio_timer_interval_gt_2ms
1,1225635697,1223505625,1223.505625,AUDIO_TIMER_LATE,0xffff,0x0000,,59845,59845,0,0,2162,0,0,0,,True,audio_timer_interval_gt_2ms
1,1225635697,1223505804,1223.505804,AUDIO_SDU_GENERATED,0xffff,0x0000,197,59846,59845,1,0,19998,0,0,0,,False,
1,1225635697,1223507786,1223.507786,AUDIO_TIMER_LATE,0xffff,0x0000,,59846,59845,1,0,2161,0,0,0,,True,audio_timer_interval_gt_2ms
1,1225635697,1223507795,1223.507795,AUDIO_BUSY_SET,0x0040,0x0041,197,59846,59846,0,1,0,2,0,0,busy_context=2,False,
1,1225635697,1223507798,1223.507798,AUDIO_CAN_SEND_NOW,0x0040,0x0041,197,59846,59846,0,1,1,0,0,0,,False,
1,1225635697,1223508070,1223.508070,AUDIO_PACKET_SENT,0x0040,0x0041,197,59846,59846,0,1,273,0,0,0,,False,
1,1225635697,1223508073,1223.508073,AUDIO_BUSY_CLEAR,0x0040,0x0041,197,59846,59846,0,0,278,3,0,0,busy_context=3,False,
1,1225635697,1223508076,1223.508076,AUDIO_L2CAP_SEND,0x0040,0x0041,197,59846,59846,0,1,0,0,161,0,sdu_size=161,False,
1,1225635697,1223508077,1223.508077,AUDIO_CAN_SEND_REQUESTED,0x0040,0x0041,197,59846,59846,0,1,0,0,0,0,,False,
1,1225635697,1223511968,1223.511968,AUDIO_TIMER_LATE,0xffff,0x0000,,59846,59846,0,0,2739,0,0,0,,True,audio_timer_interval_gt_2ms
1,1225635697,1223515283,1223.515283,AUDIO_TIMER_LATE,0xffff,0x0000,,59846,59846,0,0,2157,0,0,0,,True,audio_timer_interval_gt_2ms
1,1225635697,1223517441,1223.517441,AUDIO_TIMER_LATE,0xffff,0x0000,,59846,59846,0,0,2158,0,0,0,,True,audio_timer_interval_gt_2ms
1,1225635697,1223519602,1223.519602,AUDIO_TIMER_LATE,0xffff,0x0000,,59846,59846,0,0,2161,0,0,0,,True,audio_timer_interval_gt_2ms
1,1225635697,1223521763,1223.521763,AUDIO_TIMER_LATE,0xffff,0x0000,,59846,59846,0,0,2161,0,0,0,,True,audio_timer_interval_gt_2ms
1,1225635697,1223523925,1223.523925,AUDIO_TIMER_LATE,0xffff,0x0000,,59846,59846,0,0,2162,0,0,0,,True,audio_timer_interval_gt_2ms
1,1225635697,1223525801,1223.525801,AUDIO_SDU_GENERATED,0xffff,0x0000,198,59847,59846,1,0,19997,0,0,0,,False,
1,1225635697,1223527246,1223.527246,AUDIO_TIMER_LATE,0xffff,0x0000,,59847,59846,1,0,2160,0,0,0,,True,audio_timer_interval_gt_2ms
1,1225635697,1223527255,1223.527255,AUDIO_BUSY_SET,0x0040,0x0041,198,59847,59847,0,1,0,2,0,0,busy_context=2,False,
1,1225635697,1223527258,1223.527258,AUDIO_CAN_SEND_NOW,0x0040,0x0041,198,59847,59847,0,1,2,0,0,0,,False,
1,1225635697,1223527530,1223.527530,AUDIO_PACKET_SENT,0x0040,0x0041,198,59847,59847,0,1,272,0,0,0,,False,
1,1225635697,1223527533,1223.527533,AUDIO_BUSY_CLEAR,0x0040,0x0041,198,59847,59847,0,0,278,3,0,0,busy_context=3,False,
1,1225635697,1223527536,1223.527536,AUDIO_L2CAP_SEND,0x0040,0x0041,198,59847,59847,0,1,0,0,161,0,sdu_size=161,False,
1,1225635697,1223527537,1223.527537,AUDIO_CAN_SEND_REQUESTED,0x0040,0x0041,198,59847,59847,0,1,0,0,0,0,,False,
1,1225635697,1223529322,1223.529322,AUDIO_TIMER_LATE,0xffff,0x0000,,59847,59846,1,0,2076,0,0,0,,True,audio_timer_interval_gt_2ms
1,1225635697,1223531477,1223.531477,AUDIO_TIMER_LATE,0xffff,0x0000,,59847,59847,0,0,2155,0,0,0,,True,audio_timer_interval_gt_2ms
1,1225635697,1223533636,1223.533636,AUDIO_TIMER_LATE,0xffff,0x0000,,59847,59847,0,0,2159,0,0,0,,True,audio_timer_interval_gt_2ms
1,1225635697,1223535794,1223.535794,AUDIO_TIMER_LATE,0xffff,0x0000,,59847,59847,0,0,2158,0,0,0,,True,audio_timer_interval_gt_2ms
1,1225635697,1223537952,1223.537952,AUDIO_TIMER_LATE,0xffff,0x0000,,59847,59847,0,0,2157,0,0,0,,True,audio_timer_interval_gt_2ms
1,1225635697,1223541273,1223.541273,AUDIO_TIMER_LATE,0xffff,0x0000,,59847,59847,0,0,2160,0,0,0,,True,audio_timer_interval_gt_2ms
1,1225635697,1223543434,1223.543434,AUDIO_TIMER_LATE,0xffff,0x0000,,59847,59847,0,0,2161,0,0,0,,True,audio_timer_interval_gt_2ms
1,1225635697,1223545595,1223.545595,AUDIO_TIMER_LATE,0xffff,0x0000,,59847,59847,0,0,2161,0,0,0,,True,audio_timer_interval_gt_2ms
1,1225635697,1223545807,1223.545807,AUDIO_SDU_GENERATED,0xffff,0x0000,199,59848,59847,1,0,20006,0,0,0,,False,
1,1225635697,1223547756,1223.547756,AUDIO_TIMER_LATE,0xffff,0x0000,,59848,59847,1,0,2161,0,0,0,,True,audio_timer_interval_gt_2ms
1,1225635697,1223547765,1223.547765,AUDIO_BUSY_SET,0x0040,0x0041,199,59848,59848,0,1,0,2,0,0,busy_context=2,False,
1,1225635697,1223547768,1223.547768,AUDIO_CAN_SEND_NOW,0x0040,0x0041,199,59848,59848,0,1,2,0,0,0,,False,
1,1225635697,1223548041,1223.548041,AUDIO_PACKET_SENT,0x0040,0x0041,199,59848,59848,0,1,272,0,0,0,,False,
1,1225635697,1223548043,1223.548043,AUDIO_BUSY_CLEAR,0x0040,0x0041,199,59848,59848,0,0,278,3,0,0,busy_context=3,False,
1,1225635697,1223548046,1223.548046,AUDIO_L2CAP_SEND,0x0040,0x0041,199,59848,59848,0,1,0,0,161,0,sdu_size=161,False,
1,1225635697,1223548048,1223.548048,AUDIO_CAN_SEND_REQUESTED,0x0040,0x0041,199,59848,59848,0,1,0,0,0,0,,False,
1,1225635697,1223551944,1223.551944,AUDIO_TIMER_LATE,0xffff,0x0000,,59848,59848,0,0,2745,0,0,0,,True,audio_timer_interval_gt_2ms
1,1225635697,1223555260,1223.555260,AUDIO_TIMER_LATE,0xffff,0x0000,,59848,59848,0,0,2157,0,0,0,,True,audio_timer_interval_gt_2ms
1,1225635697,1223557418,1223.557418,AUDIO_TIMER_LATE,0xffff,0x0000,,59848,59848,0,0,2158,0,0,0,,True,audio_timer_interval_gt_2ms
1,1225635697,1223559579,1223.559579,AUDIO_TIMER_LATE,0xffff,0x0000,,59848,59848,0,0,2161,0,0,0,,True,audio_timer_interval_gt_2ms
1,1225635697,1223561740,1223.561740,AUDIO_TIMER_LATE,0xffff,0x0000,,59848,59848,0,0,2161,0,0,0,,True,audio_timer_interval_gt_2ms
1,1225635697,1223563902,1223.563902,AUDIO_TIMER_LATE,0xffff,0x0000,,59848,59848,0,0,2161,0,0,0,,True,audio_timer_interval_gt_2ms
1,1225635697,1223565800,1223.565800,AUDIO_SDU_GENERATED,0xffff,0x0000,200,59849,59848,1,0,19993,0,0,0,,False,
1,1225635697,1223566063,1223.566063,AUDIO_TIMER_LATE,0xffff,0x0000,,59849,59848,1,0,2162,0,0,0,,True,audio_timer_interval_gt_2ms
1,1225635697,1223566072,1223.566072,AUDIO_BUSY_SET,0x0040,0x0041,200,59849,59849,0,1,0,2,0,0,busy_context=2,False,
1,1225635697,1223566075,1223.566075,AUDIO_CAN_SEND_NOW,0x0040,0x0041,200,59849,59849,0,1,2,0,0,0,,False,
1,1225635697,1223566347,1223.566347,AUDIO_PACKET_SENT,0x0040,0x0041,200,59849,59849,0,1,273,0,0,0,,False,
1,1225635697,1223566350,1223.566350,AUDIO_BUSY_CLEAR,0x0040,0x0041,200,59849,59849,0,0,278,3,0,0,busy_context=3,False,
1,1225635697,1223566353,1223.566353,AUDIO_L2CAP_SEND,0x0040,0x0041,200,59849,59849,0,1,0,0,161,0,sdu_size=161,False,
1,1225635697,1223566354,1223.566354,AUDIO_CAN_SEND_REQUESTED,0x0040,0x0041,200,59849,59849,0,1,0,0,0,0,,False,
1,1225635697,1223568506,1223.568506,AUDIO_TIMER_LATE,0xffff,0x0000,,59849,59848,1,0,2443,0,0,0,,True,audio_timer_interval_gt_2ms
1,1225635697,1223572582,1223.572582,AUDIO_TIMER_LATE,0xffff,0x0000,,59849,59849,0,0,2158,0,0,0,,True,audio_timer_interval_gt_2ms
1,1225635697,1223574741,1223.574741,AUDIO_TIMER_LATE,0xffff,0x0000,,59849,59849,0,0,2159,0,0,0,,True,audio_timer_interval_gt_2ms
1,1225635697,1223576900,1223.576900,AUDIO_TIMER_LATE,0xffff,0x0000,,59849,59849,0,0,2159,0,0,0,,True,audio_timer_interval_gt_2ms
1,1225635697,1223579061,1223.579061,AUDIO_TIMER_LATE,0xffff,0x0000,,59849,59849,0,0,2161,0,0,0,,True,audio_timer_interval_gt_2ms
1,1225635697,1223581222,1223.581222,AUDIO_TIMER_LATE,0xffff,0x0000,,59849,59849,0,0,2160,0,0,0,,True,audio_timer_interval_gt_2ms
1,1225635697,1223583383,1223.583383,AUDIO_TIMER_LATE,0xffff,0x0000,,59849,59849,0,0,2162,0,0,0,,True,audio_timer_interval_gt_2ms
1,1225635697,1223585544,1223.585544,AUDIO_TIMER_LATE,0xffff,0x0000,,59849,59849,0,0,2161,0,0,0,,True,audio_timer_interval_gt_2ms
1,1225635697,1223585805,1223.585805,AUDIO_SDU_GENERATED,0xffff,0x0000,201,59850,59849,1,0,20005,0,0,0,,False,
1,1225635697,1223587705,1223.587705,AUDIO_TIMER_LATE,0xffff,0x0000,,59850,59849,1,0,2161,0,0,0,,True,audio_timer_interval_gt_2ms
1,1225635697,1223587713,1223.587713,AUDIO_BUSY_SET,0x0040,0x0041,201,59850,59850,0,1,0,2,0,0,busy_context=2,False,
1,1225635697,1223587717,1223.587717,AUDIO_CAN_SEND_NOW,0x0040,0x0041,201,59850,59850,0,1,2,0,0,0,,False,
1,1225635697,1223587989,1223.587989,AUDIO_PACKET_SENT,0x0040,0x0041,201,59850,59850,0,1,272,0,0,0,,False,
1,1225635697,1223587992,1223.587992,AUDIO_BUSY_CLEAR,0x0040,0x0041,201,59850,59850,0,0,278,3,0,0,busy_context=3,False,
1,1225635697,1223587995,1223.587995,AUDIO_L2CAP_SEND,0x0040,0x0041,201,59850,59850,0,1,0,0,161,0,sdu_size=161,False,
1,1225635697,1223587996,1223.587996,AUDIO_CAN_SEND_REQUESTED,0x0040,0x0041,201,59850,59850,0,1,0,0,0,0,,False,
1,1225635697,1223591871,1223.591871,AUDIO_TIMER_LATE,0xffff,0x0000,,59850,59850,0,0,2723,0,0,0,,True,audio_timer_interval_gt_2ms
1,1225635697,1223594029,1223.594029,AUDIO_TIMER_LATE,0xffff,0x0000,,59850,59850,0,0,2158,0,0,0,,True,audio_timer_interval_gt_2ms
1,1225635697,1223596187,1223.596187,AUDIO_TIMER_LATE,0xffff,0x0000,,59850,59850,0,0,2158,0,0,0,,True,audio_timer_interval_gt_2ms
1,1225635697,1223598346,1223.598346,AUDIO_TIMER_LATE,0xffff,0x0000,,59850,59850,0,0,2159,0,0,0,,True,audio_timer_interval_gt_2ms
1,1225635697,1223600507,1223.600507,AUDIO_TIMER_LATE,0xffff,0x0000,,59850,59850,0,0,2161,0,0,0,,True,audio_timer_interval_gt_2ms
1,1225635697,1223602668,1223.602668,AUDIO_TIMER_LATE,0xffff,0x0000,,59850,59850,0,0,2161,0,0,0,,True,audio_timer_interval_gt_2ms
1,1225635697,1223604829,1223.604829,AUDIO_TIMER_LATE,0xffff,0x0000,,59850,59850,0,0,2161,0,0,0,,True,audio_timer_interval_gt_2ms
1,1225635697,1223605798,1223.605798,AUDIO_SDU_GENERATED,0xffff,0x0000,202,59851,59850,1,0,19993,0,0,0,,False,
1,1225635697,1223606990,1223.606990,AUDIO_TIMER_LATE,0xffff,0x0000,,59851,59850,1,0,2161,0,0,0,,True,audio_timer_interval_gt_2ms
1,1225635697,1223606998,1223.606998,AUDIO_BUSY_SET,0x0040,0x0041,202,59851,59851,0,1,0,2,0,0,busy_context=2,False,
1,1225635697,1223607002,1223.607002,AUDIO_CAN_SEND_NOW,0x0040,0x0041,202,59851,59851,0,1,2,0,0,0,,False,
1,1225635697,1223607274,1223.607274,AUDIO_PACKET_SENT,0x0040,0x0041,202,59851,59851,0,1,272,0,0,0,,False,
1,1225635697,1223607277,1223.607277,AUDIO_BUSY_CLEAR,0x0040,0x0041,202,59851,59851,0,0,278,3,0,0,busy_context=3,False,
1,1225635697,1223607280,1223.607280,AUDIO_L2CAP_SEND,0x0040,0x0041,202,59851,59851,0,1,0,0,161,0,sdu_size=161,False,
1,1225635697,1223607281,1223.607281,AUDIO_CAN_SEND_REQUESTED,0x0040,0x0041,202,59851,59851,0,1,0,0,0,0,,False,
1,1225635697,1223612310,1223.612310,AUDIO_TIMER_LATE,0xffff,0x0000,,59851,59851,0,0,2158,0,0,0,,True,audio_timer_interval_gt_2ms
1,1225635697,1223614468,1223.614468,AUDIO_TIMER_LATE,0xffff,0x0000,,59851,59851,0,0,2158,0,0,0,,True,audio_timer_interval_gt_2ms
1,1225635697,1223616627,1223.616627,AUDIO_TIMER_LATE,0xffff,0x0000,,59851,59851,0,0,2159,0,0,0,,True,audio_timer_interval_gt_2ms
1,1225635697,1223618789,1223.618789,AUDIO_TIMER_LATE,0xffff,0x0000,,59851,59851,0,0,2162,0,0,0,,True,audio_timer_interval_gt_2ms
1,1225635697,1223620950,1223.620950,AUDIO_TIMER_LATE,0xffff,0x0000,,59851,59851,0,0,2161,0,0,0,,True,audio_timer_interval_gt_2ms
1,1225635697,1223624271,1223.624271,AUDIO_TIMER_LATE,0xffff,0x0000,,59851,59851,0,0,2160,0,0,0,,True,audio_timer_interval_gt_2ms
1,1225635697,1223625803,1223.625803,AUDIO_SDU_GENERATED,0xffff,0x0000,203,59852,59851,1,0,20005,0,0,0,,False,
1,1225635697,1223626432,1223.626432,AUDIO_TIMER_LATE,0xffff,0x0000,,59852,59851,1,0,2161,0,0,0,,True,audio_timer_interval_gt_2ms
1,1225635697,1223626441,1223.626441,AUDIO_BUSY_SET,0x0040,0x0041,203,59852,59852,0,1,0,2,0,0,busy_context=2,False,
1,1225635697,1223626444,1223.626444,AUDIO_CAN_SEND_NOW,0x0040,0x0041,203,59852,59852,0,1,2,0,0,0,,False,
1,1225635697,1223626716,1223.626716,AUDIO_PACKET_SENT,0x0040,0x0041,203,59852,59852,0,1,272,0,0,0,,False,
1,1225635697,1223626719,1223.626719,AUDIO_BUSY_CLEAR,0x0040,0x0041,203,59852,59852,0,0,278,3,0,0,busy_context=3,False,
1,1225635697,1223626722,1223.626722,AUDIO_L2CAP_SEND,0x0040,0x0041,203,59852,59852,0,1,0,0,161,0,sdu_size=161,False,
1,1225635697,1223626723,1223.626723,AUDIO_CAN_SEND_REQUESTED,0x0040,0x0041,203,59852,59852,0,1,0,0,0,0,,False,
1,1225635697,1223628984,1223.628984,AUDIO_TIMER_LATE,0xffff,0x0000,,59852,59851,1,0,2552,0,0,0,,True,audio_timer_interval_gt_2ms
1,1225635697,1223632300,1223.632300,AUDIO_TIMER_LATE,0xffff,0x0000,,59852,59852,0,0,2158,0,0,0,,True,audio_timer_interval_gt_2ms
1,1225635697,1223634459,1223.634459,AUDIO_TIMER_LATE,0xffff,0x0000,,59852,59852,0,0,2159,0,0,0,,True,audio_timer_interval_gt_2ms
1,1225635697,1223636617,1223.636617,AUDIO_TIMER_LATE,0xffff,0x0000,,59852,59852,0,0,2158,0,0,0,,True,audio_timer_interval_gt_2ms
1,1225635697,1223638778,1223.638778,AUDIO_TIMER_LATE,0xffff,0x0000,,59852,59852,0,0,2161,0,0,0,,True,audio_timer_interval_gt_2ms
1,1225635697,1223640940,1223.640940,AUDIO_TIMER_LATE,0xffff,0x0000,,59852,59852,0,0,2161,0,0,0,,True,audio_timer_interval_gt_2ms
1,1225635697,1223644261,1223.644261,AUDIO_TIMER_LATE,0xffff,0x0000,,59852,59852,0,0,2160,0,0,0,,True,audio_timer_interval_gt_2ms
1,1225635697,1223645798,1223.645798,AUDIO_SDU_GENERATED,0xffff,0x0000,204,59853,59852,1,0,19995,0,0,0,,False,
1,1225635697,1223646422,1223.646422,AUDIO_TIMER_LATE,0xffff,0x0000,,59853,59852,1,0,2161,0,0,0,,True,audio_timer_interval_gt_2ms
1,1225635697,1223646431,1223.646431,AUDIO_BUSY_SET,0x0040,0x0041,204,59853,59853,0,1,0,2,0,0,busy_context=2,False,
1,1225635697,1223646434,1223.646434,AUDIO_CAN_SEND_NOW,0x0040,0x0041,204,59853,59853,0,1,2,0,0,0,,False,
1,1225635697,1223646707,1223.646707,AUDIO_PACKET_SENT,0x0040,0x0041,204,59853,59853,0,1,273,0,0,0,,False,
1,1225635697,1223646709,1223.646709,AUDIO_BUSY_CLEAR,0x0040,0x0041,204,59853,59853,0,0,279,3,0,0,busy_context=3,False,
1,1225635697,1223646712,1223.646712,AUDIO_L2CAP_SEND,0x0040,0x0041,204,59853,59853,0,1,0,0,161,0,sdu_size=161,False,
1,1225635697,1223646714,1223.646714,AUDIO_CAN_SEND_REQUESTED,0x0040,0x0041,204,59853,59853,0,1,0,0,0,0,,False,
1,1225635697,1223649297,1223.649297,AUDIO_TIMER_LATE,0xffff,0x0000,,59853,59852,1,0,2875,0,0,0,,True,audio_timer_interval_gt_2ms
1,1225635697,1223651462,1223.651462,AUDIO_TIMER_LATE,0xffff,0x0000,,59853,59853,0,0,2165,0,0,0,,True,audio_timer_interval_gt_2ms
1,1225635697,1223653620,1223.653620,AUDIO_TIMER_LATE,0xffff,0x0000,,59853,59853,0,0,2158,0,0,0,,True,audio_timer_interval_gt_2ms
1,1225635697,1223655779,1223.655779,AUDIO_TIMER_LATE,0xffff,0x0000,,59853,59853,0,0,2159,0,0,0,,True,audio_timer_interval_gt_2ms
1,1225635697,1223657938,1223.657938,AUDIO_TIMER_LATE,0xffff,0x0000,,59853,59853,0,0,2159,0,0,0,,True,audio_timer_interval_gt_2ms
1,1225635697,1223661260,1223.661260,AUDIO_TIMER_LATE,0xffff,0x0000,,59853,59853,0,0,2160,0,0,0,,True,audio_timer_interval_gt_2ms
1,1225635697,1223663422,1223.663422,AUDIO_TIMER_LATE,0xffff,0x0000,,59853,59853,0,0,2162,0,0,0,,True,audio_timer_interval_gt_2ms
1,1225635697,1223665583,1223.665583,AUDIO_TIMER_LATE,0xffff,0x0000,,59853,59853,0,0,2161,0,0,0,,True,audio_timer_interval_gt_2ms
1,1225635697,1223665805,1223.665805,AUDIO_SDU_GENERATED,0xffff,0x0000,205,59854,59853,1,0,20007,0,0,0,,False,
1,1225635697,1223667744,1223.667744,AUDIO_TIMER_LATE,0xffff,0x0000,,59854,59853,1,0,2161,0,0,0,,True,audio_timer_interval_gt_2ms
1,1225635697,1223667752,1223.667752,AUDIO_BUSY_SET,0x0040,0x0041,205,59854,59854,0,1,0,2,0,0,busy_context=2,False,
1,1225635697,1223667756,1223.667756,AUDIO_CAN_SEND_NOW,0x0040,0x0041,205,59854,59854,0,1,2,0,0,0,,False,
1,1225635697,1223668028,1223.668028,AUDIO_PACKET_SENT,0x0040,0x0041,205,59854,59854,0,1,272,0,0,0,,False,
1,1225635697,1223668031,1223.668031,AUDIO_BUSY_CLEAR,0x0040,0x0041,205,59854,59854,0,0,278,3,0,0,busy_context=3,False,
1,1225635697,1223668034,1223.668034,AUDIO_L2CAP_SEND,0x0040,0x0041,205,59854,59854,0,1,0,0,161,0,sdu_size=161,False,
1,1225635697,1223668035,1223.668035,AUDIO_CAN_SEND_REQUESTED,0x0040,0x0041,205,59854,59854,0,1,0,0,0,0,,False,
1,1225635697,1223671878,1223.671878,AUDIO_TIMER_LATE,0xffff,0x0000,,59854,59854,0,0,2691,0,0,0,,True,audio_timer_interval_gt_2ms
1,1225635697,1223674036,1223.674036,AUDIO_TIMER_LATE,0xffff,0x0000,,59854,59854,0,0,2158,0,0,0,,True,audio_timer_interval_gt_2ms
1,1225635697,1223676195,1223.676195,AUDIO_TIMER_LATE,0xffff,0x0000,,59854,59854,0,0,2158,0,0,0,,True,audio_timer_interval_gt_2ms
1,1225635697,1223678353,1223.678353,AUDIO_TIMER_LATE,0xffff,0x0000,,59854,59854,0,0,2159,0,0,0,,True,audio_timer_interval_gt_2ms
1,1225635697,1223680515,1223.680515,AUDIO_TIMER_LATE,0xffff,0x0000,,59854,59854,0,0,2162,0,0,0,,True,audio_timer_interval_gt_2ms
1,1225635697,1223682676,1223.682676,AUDIO_TIMER_LATE,0xffff,0x0000,,59854,59854,0,0,2161,0,0,0,,True,audio_timer_interval_gt_2ms
1,1225635697,1223684838,1223.684838,AUDIO_TIMER_LATE,0xffff,0x0000,,59854,59854,0,0,2162,0,0,0,,True,audio_timer_interval_gt_2ms
1,1225635697,1223685807,1223.685807,AUDIO_SDU_GENERATED,0xffff,0x0000,206,59855,59854,1,0,20002,0,0,0,,False,
1,1225635697,1223686999,1223.686999,AUDIO_TIMER_LATE,0xffff,0x0000,,59855,59854,1,0,2161,0,0,0,,True,audio_timer_interval_gt_2ms
1,1225635697,1223687007,1223.687007,AUDIO_BUSY_SET,0x0040,0x0041,206,59855,59855,0,1,0,2,0,0,busy_context=2,False,
1,1225635697,1223687011,1223.687011,AUDIO_CAN_SEND_NOW,0x0040,0x0041,206,59855,59855,0,1,2,0,0,0,,False,
1,1225635697,1223687284,1223.687284,AUDIO_PACKET_SENT,0x0040,0x0041,206,59855,59855,0,1,273,0,0,0,,False,
1,1225635697,1223687286,1223.687286,AUDIO_BUSY_CLEAR,0x0040,0x0041,206,59855,59855,0,0,279,3,0,0,busy_context=3,False,
1,1225635697,1223687289,1223.687289,AUDIO_L2CAP_SEND,0x0040,0x0041,206,59855,59855,0,1,0,0,161,0,sdu_size=161,False,
1,1225635697,1223687291,1223.687291,AUDIO_CAN_SEND_REQUESTED,0x0040,0x0041,206,59855,59855,0,1,0,0,0,0,,False,
1,1225635697,1223689344,1223.689344,AUDIO_TIMER_LATE,0xffff,0x0000,,59855,59854,1,0,2345,0,0,0,,True,audio_timer_interval_gt_2ms
1,1225635697,1223691503,1223.691503,AUDIO_TIMER_LATE,0xffff,0x0000,,59855,59855,0,0,2159,0,0,0,,True,audio_timer_interval_gt_2ms
1,1225635697,1223693661,1223.693661,AUDIO_TIMER_LATE,0xffff,0x0000,,59855,59855,0,0,2158,0,0,0,,True,audio_timer_interval_gt_2ms
1,1225635697,1223695820,1223.695820,AUDIO_TIMER_LATE,0xffff,0x0000,,59855,59855,0,0,2159,0,0,0,,True,audio_timer_interval_gt_2ms
1,1225635697,1223697978,1223.697978,AUDIO_TIMER_LATE,0xffff,0x0000,,59855,59855,0,0,2158,0,0,0,,True,audio_timer_interval_gt_2ms
1,1225635697,1223701299,1223.701299,AUDIO_TIMER_LATE,0xffff,0x0000,,59855,59855,0,0,2160,0,0,0,,True,audio_timer_interval_gt_2ms
1,1225635697,1223703460,1223.703460,AUDIO_TIMER_LATE,0xffff,0x0000,,59855,59855,0,0,2161,0,0,0,,True,audio_timer_interval_gt_2ms
1,1225635697,1223705621,1223.705621,AUDIO_TIMER_LATE,0xffff,0x0000,,59855,59855,0,0,2161,0,0,0,,True,audio_timer_interval_gt_2ms
1,1225635697,1223705805,1223.705805,AUDIO_SDU_GENERATED,0xffff,0x0000,207,59856,59855,1,0,19999,0,0,0,,False,
1,1225635697,1223707782,1223.707782,AUDIO_TIMER_LATE,0xffff,0x0000,,59856,59855,1,0,2161,0,0,0,,True,audio_timer_interval_gt_2ms
1,1225635697,1223707791,1223.707791,AUDIO_BUSY_SET,0x0040,0x0041,207,59856,59856,0,1,0,2,0,0,busy_context=2,False,
1,1225635697,1223707794,1223.707794,AUDIO_CAN_SEND_NOW,0x0040,0x0041,207,59856,59856,0,1,2,0,0,0,,False,
1,1225635697,1223708067,1223.708067,AUDIO_PACKET_SENT,0x0040,0x0041,207,59856,59856,0,1,273,0,0,0,,False,
1,1225635697,1223708069,1223.708069,AUDIO_BUSY_CLEAR,0x0040,0x0041,207,59856,59856,0,0,278,3,0,0,busy_context=3,False,
1,1225635697,1223708072,1223.708072,AUDIO_L2CAP_SEND,0x0040,0x0041,207,59856,59856,0,1,0,0,161,0,sdu_size=161,False,
1,1225635697,1223708073,1223.708073,AUDIO_CAN_SEND_REQUESTED,0x0040,0x0041,207,59856,59856,0,1,0,0,0,0,,False,
1,1225635697,1223711513,1223.711513,AUDIO_TIMER_LATE,0xffff,0x0000,,59856,59856,0,0,2158,0,0,0,,True,audio_timer_interval_gt_2ms
1,1225635697,1223713672,1223.713672,AUDIO_TIMER_LATE,0xffff,0x0000,,59856,59856,0,0,2158,0,0,0,,True,audio_timer_interval_gt_2ms
1,1225635697,1223715830,1223.715830,AUDIO_TIMER_LATE,0xffff,0x0000,,59856,59856,0,0,2159,0,0,0,,True,audio_timer_interval_gt_2ms
1,1225635697,1223717988,1223.717988,AUDIO_TIMER_LATE,0xffff,0x0000,,59856,59856,0,0,2158,0,0,0,,True,audio_timer_interval_gt_2ms
1,1225635697,1223721310,1223.721310,AUDIO_TIMER_LATE,0xffff,0x0000,,59856,59856,0,0,2160,0,0,0,,True,audio_timer_interval_gt_2ms
1,1225635697,1223723472,1223.723472,AUDIO_TIMER_LATE,0xffff,0x0000,,59856,59856,0,0,2162,0,0,0,,True,audio_timer_interval_gt_2ms
1,1225635697,1223725633,1223.725633,AUDIO_TIMER_LATE,0xffff,0x0000,,59856,59856,0,0,2161,0,0,0,,True,audio_timer_interval_gt_2ms
1,1225635697,1223725806,1223.725806,AUDIO_SDU_GENERATED,0xffff,0x0000,208,59857,59856,1,0,20000,0,0,0,,False,
1,1225635697,1223727795,1223.727795,AUDIO_TIMER_LATE,0xffff,0x0000,,59857,59856,1,0,2162,0,0,0,,True,audio_timer_interval_gt_2ms
1,1225635697,1223727804,1223.727804,AUDIO_BUSY_SET,0x0040,0x0041,208,59857,59857,0,1,0,2,0,0,busy_context=2,False,
1,1225635697,1223727807,1223.727807,AUDIO_CAN_SEND_NOW,0x0040,0x0041,208,59857,59857,0,1,2,0,0,0,,False,
1,1225635697,1223728079,1223.728079,AUDIO_PACKET_SENT,0x0040,0x0041,208,59857,59857,0,1,272,0,0,0,,False,
1,1225635697,1223728082,1223.728082,AUDIO_BUSY_CLEAR,0x0040,0x0041,208,59857,59857,0,0,278,3,0,0,busy_context=3,False,
1,1225635697,1223728085,1223.728085,AUDIO_L2CAP_SEND,0x0040,0x0041,208,59857,59857,0,1,0,0,161,0,sdu_size=161,False,
1,1225635697,1223728086,1223.728086,AUDIO_CAN_SEND_REQUESTED,0x0040,0x0041,208,59857,59857,0,1,0,0,0,0,,False,
1,1225635697,1223731535,1223.731535,AUDIO_TIMER_LATE,0xffff,0x0000,,59857,59857,0,0,2158,0,0,0,,True,audio_timer_interval_gt_2ms
1,1225635697,1223733694,1223.733694,AUDIO_TIMER_LATE,0xffff,0x0000,,59857,59857,0,0,2159,0,0,0,,True,audio_timer_interval_gt_2ms
1,1225635697,1223735853,1223.735853,AUDIO_TIMER_LATE,0xffff,0x0000,,59857,59857,0,0,2158,0,0,0,,True,audio_timer_interval_gt_2ms
1,1225635697,1223738011,1223.738011,AUDIO_TIMER_LATE,0xffff,0x0000,,59857,59857,0,0,2159,0,0,0,,True,audio_timer_interval_gt_2ms
1,1225635697,1223740172,1223.740172,AUDIO_TIMER_LATE,0xffff,0x0000,,59857,59857,0,0,2161,0,0,0,,True,audio_timer_interval_gt_2ms
1,1225635697,1223742333,1223.742333,AUDIO_TIMER_LATE,0xffff,0x0000,,59857,59857,0,0,2161,0,0,0,,True,audio_timer_interval_gt_2ms
1,1225635697,1223744495,1223.744495,AUDIO_TIMER_LATE,0xffff,0x0000,,59857,59857,0,0,2162,0,0,0,,True,audio_timer_interval_gt_2ms
1,1225635697,1223745803,1223.745803,AUDIO_SDU_GENERATED,0xffff,0x0000,209,59858,59857,1,0,19997,0,0,0,,False,
1,1225635697,1223746657,1223.746657,AUDIO_TIMER_LATE,0xffff,0x0000,,59858,59857,1,0,2162,0,0,0,,True,audio_timer_interval_gt_2ms
1,1225635697,1223746665,1223.746665,AUDIO_BUSY_SET,0x0040,0x0041,209,59858,59858,0,1,0,2,0,0,busy_context=2,False,
1,1225635697,1223746669,1223.746669,AUDIO_CAN_SEND_NOW,0x0040,0x0041,209,59858,59858,0,1,2,0,0,0,,False,
1,1225635697,1223746942,1223.746942,AUDIO_PACKET_SENT,0x0040,0x0041,209,59858,59858,0,1,273,0,0,0,,False,
1,1225635697,1223746944,1223.746944,AUDIO_BUSY_CLEAR,0x0040,0x0041,209,59858,59858,0,0,278,3,0,0,busy_context=3,False,
1,1225635697,1223746947,1223.746947,AUDIO_L2CAP_SEND,0x0040,0x0041,209,59858,59858,0,1,0,0,161,0,sdu_size=161,False,
1,1225635697,1223746949,1223.746949,AUDIO_CAN_SEND_REQUESTED,0x0040,0x0041,209,59858,59858,0,1,0,0,0,0,,False,
1,1225635697,1223750308,1223.750308,AUDIO_TIMER_LATE,0xffff,0x0000,,59858,59858,0,0,2209,0,0,0,,True,audio_timer_interval_gt_2ms
1,1225635697,1223752466,1223.752466,AUDIO_TIMER_LATE,0xffff,0x0000,,59858,59858,0,0,2158,0,0,0,,True,audio_timer_interval_gt_2ms
1,1225635697,1223754624,1223.754624,AUDIO_TIMER_LATE,0xffff,0x0000,,59858,59858,0,0,2157,0,0,0,,True,audio_timer_interval_gt_2ms
1,1225635697,1223756782,1223.756782,AUDIO_TIMER_LATE,0xffff,0x0000,,59858,59858,0,0,2159,0,0,0,,True,audio_timer_interval_gt_2ms
1,1225635697,1223758943,1223.758943,AUDIO_TIMER_LATE,0xffff,0x0000,,59858,59858,0,0,2161,0,0,0,,True,audio_timer_interval_gt_2ms
1,1225635697,1223762264,1223.762264,AUDIO_TIMER_LATE,0xffff,0x0000,,59858,59858,0,0,2160,0,0,0,,True,audio_timer_interval_gt_2ms
1,1225635697,1223764425,1223.764425,AUDIO_TIMER_LATE,0xffff,0x0000,,59858,59858,0,0,2161,0,0,0,,True,audio_timer_interval_gt_2ms
1,1225635697,1223765801,1223.765801,AUDIO_SDU_GENERATED,0xffff,0x0000,210,59859,59858,1,0,19998,0,0,0,,False,
1,1225635697,1223766586,1223.766586,AUDIO_TIMER_LATE,0xffff,0x0000,,59859,59858,1,0,2161,0,0,0,,True,audio_timer_interval_gt_2ms
1,1225635697,1223766594,1223.766594,AUDIO_BUSY_SET,0x0040,0x0041,210,59859,59859,0,1,0,2,0,0,busy_context=2,False,
1,1225635697,1223766598,1223.766598,AUDIO_CAN_SEND_NOW,0x0040,0x0041,210,59859,59859,0,1,2,0,0,0,,False,
1,1225635697,1223766870,1223.766870,AUDIO_PACKET_SENT,0x0040,0x0041,210,59859,59859,0,1,273,0,0,0,,False,
1,1225635697,1223766873,1223.766873,AUDIO_BUSY_CLEAR,0x0040,0x0041,210,59859,59859,0,0,278,3,0,0,busy_context=3,False,
1,1225635697,1223766876,1223.766876,AUDIO_L2CAP_SEND,0x0040,0x0041,210,59859,59859,0,1,0,0,161,0,sdu_size=161,False,
1,1225635697,1223766877,1223.766877,AUDIO_CAN_SEND_REQUESTED,0x0040,0x0041,210,59859,59859,0,1,0,0,0,0,,False,
1,1225635697,1223769353,1223.769353,AUDIO_TIMER_LATE,0xffff,0x0000,,59859,59858,1,0,2767,0,0,0,,True,audio_timer_interval_gt_2ms
1,1225635697,1223771512,1223.771512,AUDIO_TIMER_LATE,0xffff,0x0000,,59859,59859,0,0,2159,0,0,0,,True,audio_timer_interval_gt_2ms
1,1225635697,1223773671,1223.773671,AUDIO_TIMER_LATE,0xffff,0x0000,,59859,59859,0,0,2159,0,0,0,,True,audio_timer_interval_gt_2ms
1,1225635697,1223775830,1223.775830,AUDIO_TIMER_LATE,0xffff,0x0000,,59859,59859,0,0,2159,0,0,0,,True,audio_timer_interval_gt_2ms
1,1225635697,1223777988,1223.777988,AUDIO_TIMER_LATE,0xffff,0x0000,,59859,59859,0,0,2158,0,0,0,,True,audio_timer_interval_gt_2ms
1,1225635697,1223781309,1223.781309,AUDIO_TIMER_LATE,0xffff,0x0000,,59859,59859,0,0,2160,0,0,0,,True,audio_timer_interval_gt_2ms
1,1225635697,1223783471,1223.783471,AUDIO_TIMER_LATE,0xffff,0x0000,,59859,59859,0,0,2162,0,0,0,,True,audio_timer_interval_gt_2ms
1,1225635697,1223785632,1223.785632,AUDIO_TIMER_LATE,0xffff,0x0000,,59859,59859,0,0,2161,0,0,0,,True,audio_timer_interval_gt_2ms
1,1225635697,1223785806,1223.785806,AUDIO_SDU_GENERATED,0xffff,0x0000,211,59860,59859,1,0,20005,0,0,0,,False,
1,1225635697,1223787793,1223.787793,AUDIO_TIMER_LATE,0xffff,0x0000,,59860,59859,1,0,2161,0,0,0,,True,audio_timer_interval_gt_2ms
1,1225635697,1223787802,1223.787802,AUDIO_BUSY_SET,0x0040,0x0041,211,59860,59860,0,1,0,2,0,0,busy_context=2,False,
1,1225635697,1223787805,1223.787805,AUDIO_CAN_SEND_NOW,0x0040,0x0041,211,59860,59860,0,1,1,0,0,0,,False,
1,1225635697,1223788077,1223.788077,AUDIO_PACKET_SENT,0x0040,0x0041,211,59860,59860,0,1,273,0,0,0,,False,
1,1225635697,1223788080,1223.788080,AUDIO_BUSY_CLEAR,0x0040,0x0041,211,59860,59860,0,0,278,3,0,0,busy_context=3,False,
1,1225635697,1223788083,1223.788083,AUDIO_L2CAP_SEND,0x0040,0x0041,211,59860,59860,0,1,0,0,161,0,sdu_size=161,False,
1,1225635697,1223788084,1223.788084,AUDIO_CAN_SEND_REQUESTED,0x0040,0x0041,211,59860,59860,0,1,0,0,0,0,,False,
1,1225635697,1223791553,1223.791553,AUDIO_TIMER_LATE,0xffff,0x0000,,59860,59860,0,0,2157,0,0,0,,True,audio_timer_interval_gt_2ms
1,1225635697,1223793711,1223.793711,AUDIO_TIMER_LATE,0xffff,0x0000,,59860,59860,0,0,2158,0,0,0,,True,audio_timer_interval_gt_2ms
1,1225635697,1223795870,1223.795870,AUDIO_TIMER_LATE,0xffff,0x0000,,59860,59860,0,0,2159,0,0,0,,True,audio_timer_interval_gt_2ms
1,1225635697,1223798028,1223.798028,AUDIO_TIMER_LATE,0xffff,0x0000,,59860,59860,0,0,2158,0,0,0,,True,audio_timer_interval_gt_2ms
1,1225635697,1223800189,1223.800189,AUDIO_TIMER_LATE,0xffff,0x0000,,59860,59860,0,0,2161,0,0,0,,True,audio_timer_interval_gt_2ms
1,1225635697,1223802350,1223.802350,AUDIO_TIMER_LATE,0xffff,0x0000,,59860,59860,0,0,2161,0,0,0,,True,audio_timer_interval_gt_2ms
1,1225635697,1223804511,1223.804511,AUDIO_TIMER_LATE,0xffff,0x0000,,59860,59860,0,0,2160,0,0,0,,True,audio_timer_interval_gt_2ms
1,1225635697,1223805806,1223.805806,AUDIO_SDU_GENERATED,0xffff,0x0000,212,59861,59860,1,0,20000,0,0,0,,False,
1,1225635697,1223806672,1223.806672,AUDIO_TIMER_LATE,0xffff,0x0000,,59861,59860,1,0,2162,0,0,0,,True,audio_timer_interval_gt_2ms
1,1225635697,1223806680,1223.806680,AUDIO_BUSY_SET,0x0040,0x0041,212,59861,59861,0,1,0,2,0,0,busy_context=2,False,
1,1225635697,1223806684,1223.806684,AUDIO_CAN_SEND_NOW,0x0040,0x0041,212,59861,59861,0,1,2,0,0,0,,False,
1,1225635697,1223806956,1223.806956,AUDIO_PACKET_SENT,0x0040,0x0041,212,59861,59861,0,1,273,0,0,0,,False,
1,1225635697,1223806959,1223.806959,AUDIO_BUSY_CLEAR,0x0040,0x0041,212,59861,59861,0,0,278,3,0,0,busy_context=3,False,
1,1225635697,1223806962,1223.806962,AUDIO_L2CAP_SEND,0x0040,0x0041,212,59861,59861,0,1,0,0,161,0,sdu_size=161,False,
1,1225635697,1223806963,1223.806963,AUDIO_CAN_SEND_REQUESTED,0x0040,0x0041,212,59861,59861,0,1,0,0,0,0,,False,
1,1225635697,1223810454,1223.810454,AUDIO_TIMER_LATE,0xffff,0x0000,,59861,59861,0,0,2339,0,0,0,,True,audio_timer_interval_gt_2ms
1,1225635697,1223812613,1223.812613,AUDIO_TIMER_LATE,0xffff,0x0000,,59861,59861,0,0,2159,0,0,0,,True,audio_timer_interval_gt_2ms
1,1225635697,1223814771,1223.814771,AUDIO_TIMER_LATE,0xffff,0x0000,,59861,59861,0,0,2158,0,0,0,,True,audio_timer_interval_gt_2ms
1,1225635697,1223816930,1223.816930,AUDIO_TIMER_LATE,0xffff,0x0000,,59861,59861,0,0,2158,0,0,0,,True,audio_timer_interval_gt_2ms
1,1225635697,1223820251,1223.820251,AUDIO_TIMER_LATE,0xffff,0x0000,,59861,59861,0,0,2160,0,0,0,,True,audio_timer_interval_gt_2ms
1,1225635697,1223822413,1223.822413,AUDIO_TIMER_LATE,0xffff,0x0000,,59861,59861,0,0,2162,0,0,0,,True,audio_timer_interval_gt_2ms
1,1225635697,1223824574,1223.824574,AUDIO_TIMER_LATE,0xffff,0x0000,,59861,59861,0,0,2161,0,0,0,,True,audio_timer_interval_gt_2ms
1,1225635697,1223825804,1223.825804,AUDIO_SDU_GENERATED,0xffff,0x0000,213,59862,59861,1,0,19998,0,0,0,,False,
1,1225635697,1223826737,1223.826737,AUDIO_TIMER_LATE,0xffff,0x0000,,59862,59861,1,0,2163,0,0,0,,True,audio_timer_interval_gt_2ms
1,1225635697,1223826746,1223.826746,AUDIO_BUSY_SET,0x0040,0x0041,213,59862,59862,0,1,0,2,0,0,busy_context=2,False,
1,1225635697,1223826749,1223.826749,AUDIO_CAN_SEND_NOW,0x0040,0x0041,213,59862,59862,0,1,2,0,0,0,,False,
1,1225635697,1223827022,1223.827022,AUDIO_PACKET_SENT,0x0040,0x0041,213,59862,59862,0,1,272,0,0,0,,False,
1,1225635697,1223827024,1223.827024,AUDIO_BUSY_CLEAR,0x0040,0x0041,213,59862,59862,0,0,279,3,0,0,busy_context=3,False,
1,1225635697,1223827028,1223.827028,AUDIO_L2CAP_SEND,0x0040,0x0041,213,59862,59862,0,1,0,0,161,0,sdu_size=161,False,
1,1225635697,1223827029,1223.827029,AUDIO_CAN_SEND_REQUESTED,0x0040,0x0041,213,59862,59862,0,1,0,0,0,0,,False,
1,1225635697,1223832289,1223.832289,AUDIO_TIMER_LATE,0xffff,0x0000,,59862,59862,0,0,2156,0,0,0,,True,audio_timer_interval_gt_2ms
1,1225635697,1223834447,1223.834447,AUDIO_TIMER_LATE,0xffff,0x0000,,59862,59862,0,0,2158,0,0,0,,True,audio_timer_interval_gt_2ms
1,1225635697,1223836605,1223.836605,AUDIO_TIMER_LATE,0xffff,0x0000,,59862,59862,0,0,2158,0,0,0,,True,audio_timer_interval_gt_2ms
1,1225635697,1223838766,1223.838766,AUDIO_TIMER_LATE,0xffff,0x0000,,59862,59862,0,0,2161,0,0,0,,True,audio_timer_interval_gt_2ms
1,1225635697,1223840927,1223.840927,AUDIO_TIMER_LATE,0xffff,0x0000,,59862,59862,0,0,2161,0,0,0,,True,audio_timer_interval_gt_2ms
1,1225635697,1223844248,1223.844248,AUDIO_TIMER_LATE,0xffff,0x0000,,59862,59862,0,0,2160,0,0,0,,True,audio_timer_interval_gt_2ms
1,1225635697,1223845801,1223.845801,AUDIO_SDU_GENERATED,0xffff,0x0000,214,59863,59862,1,0,19997,0,0,0,,False,
1,1225635697,1223846409,1223.846409,AUDIO_TIMER_LATE,0xffff,0x0000,,59863,59862,1,0,2161,0,0,0,,True,audio_timer_interval_gt_2ms
1,1225635697,1223846418,1223.846418,AUDIO_BUSY_SET,0x0040,0x0041,214,59863,59863,0,1,0,2,0,0,busy_context=2,False,
1,1225635697,1223846421,1223.846421,AUDIO_CAN_SEND_NOW,0x0040,0x0041,214,59863,59863,0,1,2,0,0,0,,False,
1,1225635697,1223846694,1223.846694,AUDIO_PACKET_SENT,0x0040,0x0041,214,59863,59863,0,1,273,0,0,0,,False,
1,1225635697,1223846696,1223.846696,AUDIO_BUSY_CLEAR,0x0040,0x0041,214,59863,59863,0,0,279,3,0,0,busy_context=3,False,
1,1225635697,1223846699,1223.846699,AUDIO_L2CAP_SEND,0x0040,0x0041,214,59863,59863,0,1,0,0,161,0,sdu_size=161,False,
1,1225635697,1223846701,1223.846701,AUDIO_CAN_SEND_REQUESTED,0x0040,0x0041,214,59863,59863,0,1,0,0,0,0,,False,
1,1225635697,1223848853,1223.848853,AUDIO_TIMER_LATE,0xffff,0x0000,,59863,59862,1,0,2444,0,0,0,,True,audio_timer_interval_gt_2ms
1,1225635697,1223852607,1223.852607,AUDIO_TIMER_LATE,0xffff,0x0000,,59863,59863,0,0,2157,0,0,0,,True,audio_timer_interval_gt_2ms
1,1225635697,1223854765,1223.854765,AUDIO_TIMER_LATE,0xffff,0x0000,,59863,59863,0,0,2158,0,0,0,,True,audio_timer_interval_gt_2ms
1,1225635697,1223856923,1223.856923,AUDIO_TIMER_LATE,0xffff,0x0000,,59863,59863,0,0,2158,0,0,0,,True,audio_timer_interval_gt_2ms
1,1225635697,1223860244,1223.860244,AUDIO_TIMER_LATE,0xffff,0x0000,,59863,59863,0,0,2160,0,0,0,,True,audio_timer_interval_gt_2ms
1,1225635697,1223862406,1223.862406,AUDIO_TIMER_LATE,0xffff,0x0000,,59863,59863,0,0,2162,0,0,0,,True,audio_timer_interval_gt_2ms
1,1225635697,1223864567,1223.864567,AUDIO_TIMER_LATE,0xffff,0x0000,,59863,59863,0,0,2161,0,0,0,,True,audio_timer_interval_gt_2ms
1,1225635697,1223865801,1223.865801,AUDIO_SDU_GENERATED,0xffff,0x0000,215,59864,59863,1,0,20001,0,0,0,,False,
1,1225635697,1223866729,1223.866729,AUDIO_TIMER_LATE,0xffff,0x0000,,59864,59863,1,0,2162,0,0,0,,True,audio_timer_interval_gt_2ms
1,1225635697,1223866737,1223.866737,AUDIO_BUSY_SET,0x0040,0x0041,215,59864,59864,0,1,0,2,0,0,busy_context=2,False,
1,1225635697,1223866741,1223.866741,AUDIO_CAN_SEND_NOW,0x0040,0x0041,215,59864,59864,0,1,2,0,0,0,,False,
1,1225635697,1223867049,1223.867049,AUDIO_PACKET_SENT,0x0040,0x0041,215,59864,59864,0,1,308,0,0,0,,False,
1,1225635697,1223867051,1223.867051,AUDIO_BUSY_CLEAR,0x0040,0x0041,215,59864,59864,0,0,314,3,0,0,busy_context=3,False,
1,1225635697,1223867055,1223.867055,AUDIO_L2CAP_SEND,0x0040,0x0041,215,59864,59864,0,1,0,0,161,0,sdu_size=161,False,
1,1225635697,1223867056,1223.867056,AUDIO_CAN_SEND_REQUESTED,0x0040,0x0041,215,59864,59864,0,1,0,0,0,0,,False,
1,1225635697,1223872277,1223.872277,AUDIO_TIMER_LATE,0xffff,0x0000,,59864,59864,0,0,2157,0,0,0,,True,audio_timer_interval_gt_2ms
1,1225635697,1223874435,1223.874435,AUDIO_TIMER_LATE,0xffff,0x0000,,59864,59864,0,0,2158,0,0,0,,True,audio_timer_interval_gt_2ms
1,1225635697,1223876593,1223.876593,AUDIO_TIMER_LATE,0xffff,0x0000,,59864,59864,0,0,2158,0,0,0,,True,audio_timer_interval_gt_2ms
1,1225635697,1223878754,1223.878754,AUDIO_TIMER_LATE,0xffff,0x0000,,59864,59864,0,0,2161,0,0,0,,True,audio_timer_interval_gt_2ms
1,1225635697,1223880915,1223.880915,AUDIO_TIMER_LATE,0xffff,0x0000,,59864,59864,0,0,2161,0,0,0,,True,audio_timer_interval_gt_2ms
1,1225635697,1223884236,1223.884236,AUDIO_TIMER_LATE,0xffff,0x0000,,59864,59864,0,0,2160,0,0,0,,True,audio_timer_interval_gt_2ms
1,1225635697,1223885800,1223.885800,AUDIO_SDU_GENERATED,0xffff,0x0000,216,59865,59864,1,0,19998,0,0,0,,False,
1,1225635697,1223886397,1223.886397,AUDIO_TIMER_LATE,0xffff,0x0000,,59865,59864,1,0,2160,0,0,0,,True,audio_timer_interval_gt_2ms
1,1225635697,1223886405,1223.886405,AUDIO_BUSY_SET,0x0040,0x0041,216,59865,59865,0,1,0,2,0,0,busy_context=2,False,
1,1225635697,1223886409,1223.886409,AUDIO_CAN_SEND_NOW,0x0040,0x0041,216,59865,59865,0,1,2,0,0,0,,False,
1,1225635697,1223886681,1223.886681,AUDIO_PACKET_SENT,0x0040,0x0041,216,59865,59865,0,1,272,0,0,0,,False,
1,1225635697,1223886684,1223.886684,AUDIO_BUSY_CLEAR,0x0040,0x0041,216,59865,59865,0,0,278,3,0,0,busy_context=3,False,
1,1225635697,1223886687,1223.886687,AUDIO_L2CAP_SEND,0x0040,0x0041,216,59865,59865,0,1,0,0,161,0,sdu_size=161,False,
1,1225635697,1223886688,1223.886688,AUDIO_CAN_SEND_REQUESTED,0x0040,0x0041,216,59865,59865,0,1,0,0,0,0,,False,
1,1225635697,1223888840,1223.888840,AUDIO_TIMER_LATE,0xffff,0x0000,,59865,59864,1,0,2444,0,0,0,,True,audio_timer_interval_gt_2ms
1,1225635697,1223890998,1223.890998,AUDIO_TIMER_LATE,0xffff,0x0000,,59865,59865,0,0,2158,0,0,0,,True,audio_timer_interval_gt_2ms
1,1225635697,1223894314,1223.894314,AUDIO_TIMER_LATE,0xffff,0x0000,,59865,59865,0,0,2157,0,0,0,,True,audio_timer_interval_gt_2ms
1,1225635697,1223896472,1223.896472,AUDIO_TIMER_LATE,0xffff,0x0000,,59865,59865,0,0,2158,0,0,0,,True,audio_timer_interval_gt_2ms
1,1225635697,1223898633,1223.898633,AUDIO_TIMER_LATE,0xffff,0x0000,,59865,59865,0,0,2161,0,0,0,,True,audio_timer_interval_gt_2ms
1,1225635697,1223900794,1223.900794,AUDIO_TIMER_LATE,0xffff,0x0000,,59865,59865,0,0,2161,0,0,0,,True,audio_timer_interval_gt_2ms
1,1225635697,1223902956,1223.902956,AUDIO_TIMER_LATE,0xffff,0x0000,,59865,59865,0,0,2162,0,0,0,,True,audio_timer_interval_gt_2ms
1,1225635697,1223905800,1223.905800,AUDIO_SDU_GENERATED,0xffff,0x0000,217,59866,59865,1,0,20000,0,0,0,,False,
1,1225635697,1223906278,1223.906278,AUDIO_TIMER_LATE,0xffff,0x0000,,59866,59865,1,0,2160,0,0,0,,True,audio_timer_interval_gt_2ms
1,1225635697,1223906286,1223.906286,AUDIO_BUSY_SET,0x0040,0x0041,217,59866,59866,0,1,0,2,0,0,busy_context=2,False,
1,1225635697,1223906290,1223.906290,AUDIO_CAN_SEND_NOW,0x0040,0x0041,217,59866,59866,0,1,2,0,0,0,,False,
1,1225635697,1223906562,1223.906562,AUDIO_PACKET_SENT,0x0040,0x0041,217,59866,59866,0,1,272,0,0,0,,False,
1,1225635697,1223906565,1223.906565,AUDIO_BUSY_CLEAR,0x0040,0x0041,217,59866,59866,0,0,278,3,0,0,busy_context=3,False,
1,1225635697,1223906568,1223.906568,AUDIO_L2CAP_SEND,0x0040,0x0041,217,59866,59866,0,1,0,0,161,0,sdu_size=161,False,
1,1225635697,1223906569,1223.906569,AUDIO_CAN_SEND_REQUESTED,0x0040,0x0041,217,59866,59866,0,1,0,0,0,0,,False,
1,1225635697,1223908721,1223.908721,AUDIO_TIMER_LATE,0xffff,0x0000,,59866,59865,1,0,2443,0,0,0,,True,audio_timer_interval_gt_2ms
1,1225635697,1223910880,1223.910880,AUDIO_TIMER_LATE,0xffff,0x0000,,59866,59866,0,0,2158,0,0,0,,True,audio_timer_interval_gt_2ms
1,1225635697,1223913038,1223.913038,AUDIO_TIMER_LATE,0xffff,0x0000,,59866,59866,0,0,2159,0,0,0,,True,audio_timer_interval_gt_2ms
1,1225635697,1223915196,1223.915196,AUDIO_TIMER_LATE,0xffff,0x0000,,59866,59866,0,0,2158,0,0,0,,True,audio_timer_interval_gt_2ms
1,1225635697,1223917355,1223.917355,AUDIO_TIMER_LATE,0xffff,0x0000,,59866,59866,0,0,2158,0,0,0,,True,audio_timer_interval_gt_2ms
1,1225635697,1223919516,1223.919516,AUDIO_TIMER_LATE,0xffff,0x0000,,59866,59866,0,0,2162,0,0,0,,True,audio_timer_interval_gt_2ms
1,1225635697,1223921677,1223.921677,AUDIO_TIMER_LATE,0xffff,0x0000,,59866,59866,0,0,2161,0,0,0,,True,audio_timer_interval_gt_2ms
1,1225635697,1223923839,1223.923839,AUDIO_TIMER_LATE,0xffff,0x0000,,59866,59866,0,0,2162,0,0,0,,True,audio_timer_interval_gt_2ms
1,1225635697,1223925800,1223.925800,AUDIO_SDU_GENERATED,0xffff,0x0000,218,59867,59866,1,0,20000,0,0,0,,False,
1,1225635697,1223926001,1223.926001,AUDIO_TIMER_LATE,0xffff,0x0000,,59867,59866,1,0,2162,0,0,0,,True,audio_timer_interval_gt_2ms
1,1225635697,1223926010,1223.926010,AUDIO_BUSY_SET,0x0040,0x0041,218,59867,59867,0,1,0,2,0,0,busy_context=2,False,
1,1225635697,1223926013,1223.926013,AUDIO_CAN_SEND_NOW,0x0040,0x0041,218,59867,59867,0,1,2,0,0,0,,False,
1,1225635697,1223926285,1223.926285,AUDIO_PACKET_SENT,0x0040,0x0041,218,59867,59867,0,1,273,0,0,0,,False,
1,1225635697,1223926288,1223.926288,AUDIO_BUSY_CLEAR,0x0040,0x0041,218,59867,59867,0,0,278,3,0,0,busy_context=3,False,
1,1225635697,1223926291,1223.926291,AUDIO_L2CAP_SEND,0x0040,0x0041,218,59867,59867,0,1,0,0,161,0,sdu_size=161,False,
1,1225635697,1223926292,1223.926292,AUDIO_CAN_SEND_REQUESTED,0x0040,0x0041,218,59867,59867,0,1,0,0,0,0,,False,
1,1225635697,1223928801,1223.928801,AUDIO_TIMER_LATE,0xffff,0x0000,,59867,59866,1,0,2800,0,0,0,,True,audio_timer_interval_gt_2ms
1,1225635697,1223932762,1223.932762,AUDIO_TIMER_LATE,0xffff,0x0000,,59867,59867,0,0,2153,0,0,0,,True,audio_timer_interval_gt_2ms
1,1225635697,1223934921,1223.934921,AUDIO_TIMER_LATE,0xffff,0x0000,,59867,59867,0,0,2159,0,0,0,,True,audio_timer_interval_gt_2ms
1,1225635697,1223938239,1223.938239,AUDIO_TIMER_LATE,0xffff,0x0000,,59867,59867,0,0,2160,0,0,0,,True,audio_timer_interval_gt_2ms
1,1225635697,1223940400,1223.940400,AUDIO_TIMER_LATE,0xffff,0x0000,,59867,59867,0,0,2160,0,0,0,,True,audio_timer_interval_gt_2ms
1,1225635697,1223942561,1223.942561,AUDIO_TIMER_LATE,0xffff,0x0000,,59867,59867,0,0,2162,0,0,0,,True,audio_timer_interval_gt_2ms
1,1225635697,1223944722,1223.944722,AUDIO_TIMER_LATE,0xffff,0x0000,,59867,59867,0,0,2161,0,0,0,,True,audio_timer_interval_gt_2ms
1,1225635697,1223945800,1223.945800,AUDIO_SDU_GENERATED,0xffff,0x0000,219,59868,59867,1,0,20000,0,0,0,,False,
1,1225635697,1223946884,1223.946884,AUDIO_TIMER_LATE,0xffff,0x0000,,59868,59867,1,0,2162,0,0,0,,True,audio_timer_interval_gt_2ms
1,1225635697,1223946892,1223.946892,AUDIO_BUSY_SET,0x0040,0x0041,219,59868,59868,0,1,0,2,0,0,busy_context=2,False,
1,1225635697,1223946896,1223.946896,AUDIO_CAN_SEND_NOW,0x0040,0x0041,219,59868,59868,0,1,2,0,0,0,,False,
1,1225635697,1223947168,1223.947168,AUDIO_PACKET_SENT,0x0040,0x0041,219,59868,59868,0,1,272,0,0,0,,False,
1,1225635697,1223947170,1223.947170,AUDIO_BUSY_CLEAR,0x0040,0x0041,219,59868,59868,0,0,278,3,0,0,busy_context=3,False,
1,1225635697,1223947174,1223.947174,AUDIO_L2CAP_SEND,0x0040,0x0041,219,59868,59868,0,1,0,0,161,0,sdu_size=161,False,
1,1225635697,1223947175,1223.947175,AUDIO_CAN_SEND_REQUESTED,0x0040,0x0041,219,59868,59868,0,1,0,0,0,0,,False,
1,1225635697,1223950946,1223.950946,AUDIO_TIMER_LATE,0xffff,0x0000,,59868,59868,0,0,2195,0,0,0,,True,audio_timer_interval_gt_2ms
1,1225635697,1223954261,1223.954261,AUDIO_TIMER_LATE,0xffff,0x0000,,59868,59868,0,0,2157,0,0,0,,True,audio_timer_interval_gt_2ms
1,1225635697,1223956420,1223.956420,AUDIO_TIMER_LATE,0xffff,0x0000,,59868,59868,0,0,2159,0,0,0,,True,audio_timer_interval_gt_2ms
1,1225635697,1223958582,1223.958582,AUDIO_TIMER_LATE,0xffff,0x0000,,59868,59868,0,0,2162,0,0,0,,True,audio_timer_interval_gt_2ms
1,1225635697,1223960743,1223.960743,AUDIO_TIMER_LATE,0xffff,0x0000,,59868,59868,0,0,2161,0,0,0,,True,audio_timer_interval_gt_2ms
1,1225635697,1223962905,1223.962905,AUDIO_TIMER_LATE,0xffff,0x0000,,59868,59868,0,0,2162,0,0,0,,True,audio_timer_interval_gt_2ms
1,1225635697,1223965066,1223.965066,AUDIO_TIMER_LATE,0xffff,0x0000,,59868,59868,0,0,2161,0,0,0,,True,audio_timer_interval_gt_2ms
1,1225635697,1223965802,1223.965802,AUDIO_SDU_GENERATED,0xffff,0x0000,220,59869,59868,1,0,20002,0,0,0,,False,
1,1225635697,1223967227,1223.967227,AUDIO_TIMER_LATE,0xffff,0x0000,,59869,59868,1,0,2161,0,0,0,,True,audio_timer_interval_gt_2ms
1,1225635697,1223967235,1223.967235,AUDIO_BUSY_SET,0x0040,0x0041,220,59869,59869,0,1,0,2,0,0,busy_context=2,False,
1,1225635697,1223967239,1223.967239,AUDIO_CAN_SEND_NOW,0x0040,0x0041,220,59869,59869,0,1,2,0,0,0,,False,
1,1225635697,1223967512,1223.967512,AUDIO_PACKET_SENT,0x0040,0x0041,220,59869,59869,0,1,273,0,0,0,,False,
1,1225635697,1223967514,1223.967514,AUDIO_BUSY_CLEAR,0x0040,0x0041,220,59869,59869,0,0,278,3,0,0,busy_context=3,False,
1,1225635697,1223967517,1223.967517,AUDIO_L2CAP_SEND,0x0040,0x0041,220,59869,59869,0,1,0,0,161,0,sdu_size=161,False,
1,1225635697,1223967519,1223.967519,AUDIO_CAN_SEND_REQUESTED,0x0040,0x0041,220,59869,59869,0,1,0,0,0,0,,False,
1,1225635697,1223969670,1223.969670,AUDIO_TIMER_LATE,0xffff,0x0000,,59869,59868,1,0,2443,0,0,0,,True,audio_timer_interval_gt_2ms
1,1225635697,1223971828,1223.971828,AUDIO_TIMER_LATE,0xffff,0x0000,,59869,59869,0,0,2158,0,0,0,,True,audio_timer_interval_gt_2ms
1,1225635697,1223973986,1223.973986,AUDIO_TIMER_LATE,0xffff,0x0000,,59869,59869,0,0,2158,0,0,0,,True,audio_timer_interval_gt_2ms
1,1225635697,1223977301,1223.977301,AUDIO_TIMER_LATE,0xffff,0x0000,,59869,59869,0,0,2157,0,0,0,,True,audio_timer_interval_gt_2ms
1,1225635697,1223979462,1223.979462,AUDIO_TIMER_LATE,0xffff,0x0000,,59869,59869,0,0,2161,0,0,0,,True,audio_timer_interval_gt_2ms
1,1225635697,1223981625,1223.981625,AUDIO_TIMER_LATE,0xffff,0x0000,,59869,59869,0,0,2162,0,0,0,,True,audio_timer_interval_gt_2ms
1,1225635697,1223983786,1223.983786,AUDIO_TIMER_LATE,0xffff,0x0000,,59869,59869,0,0,2162,0,0,0,,True,audio_timer_interval_gt_2ms
1,1225635697,1223985803,1223.985803,AUDIO_SDU_GENERATED,0xffff,0x0000,221,59870,59869,1,0,20001,0,0,0,,False,
1,1225635697,1223985947,1223.985947,AUDIO_TIMER_LATE,0xffff,0x0000,,59870,59869,1,0,2161,0,0,0,,True,audio_timer_interval_gt_2ms
1,1225635697,1223985955,1223.985955,AUDIO_BUSY_SET,0x0040,0x0041,221,59870,59870,0,1,0,2,0,0,busy_context=2,False,
1,1225635697,1223985959,1223.985959,AUDIO_CAN_SEND_NOW,0x0040,0x0041,221,59870,59870,0,1,2,0,0,0,,False,
1,1225635697,1223986231,1223.986231,AUDIO_PACKET_SENT,0x0040,0x0041,221,59870,59870,0,1,272,0,0,0,,False,
1,1225635697,1223986234,1223.986234,AUDIO_BUSY_CLEAR,0x0040,0x0041,221,59870,59870,0,0,278,3,0,0,busy_context=3,False,
1,1225635697,1223986237,1223.986237,AUDIO_L2CAP_SEND,0x0040,0x0041,221,59870,59870,0,1,0,0,161,0,sdu_size=161,False,
1,1225635697,1223986238,1223.986238,AUDIO_CAN_SEND_REQUESTED,0x0040,0x0041,221,59870,59870,0,1,0,0,0,0,,False,
1,1225635697,1223989819,1223.989819,AUDIO_TIMER_LATE,0xffff,0x0000,,59870,59870,0,0,2429,0,0,0,,True,audio_timer_interval_gt_2ms
1,1225635697,1223992049,1223.992049,AUDIO_TIMER_LATE,0xffff,0x0000,,59870,59870,0,0,2229,0,0,0,,True,audio_timer_interval_gt_2ms
1,1225635697,1223994207,1223.994207,AUDIO_TIMER_LATE,0xffff,0x0000,,59870,59870,0,0,2159,0,0,0,,True,audio_timer_interval_gt_2ms
1,1225635697,1223996365,1223.996365,AUDIO_TIMER_LATE,0xffff,0x0000,,59870,59870,0,0,2158,0,0,0,,True,audio_timer_interval_gt_2ms
1,1225635697,1223998526,1223.998526,AUDIO_TIMER_LATE,0xffff,0x0000,,59870,59870,0,0,2161,0,0,0,,True,audio_timer_interval_gt_2ms
1,1225635697,1224000687,1224.000687,AUDIO_TIMER_LATE,0xffff,0x0000,,59870,59870,0,0,2161,0,0,0,,True,audio_timer_interval_gt_2ms
1,1225635697,1224002848,1224.002848,AUDIO_TIMER_LATE,0xffff,0x0000,,59870,59870,0,0,2161,0,0,0,,True,audio_timer_interval_gt_2ms
1,1225635697,1224005009,1224.005009,AUDIO_TIMER_LATE,0xffff,0x0000,,59870,59870,0,0,2161,0,0,0,,True,audio_timer_interval_gt_2ms
1,1225635697,1224005800,1224.005800,AUDIO_SDU_GENERATED,0xffff,0x0000,222,59871,59870,1,0,19997,0,0,0,,False,
1,1225635697,1224007170,1224.007170,AUDIO_TIMER_LATE,0xffff,0x0000,,59871,59870,1,0,2160,0,0,0,,True,audio_timer_interval_gt_2ms
1,1225635697,1224007178,1224.007178,AUDIO_BUSY_SET,0x0040,0x0041,222,59871,59871,0,1,0,2,0,0,busy_context=2,False,
1,1225635697,1224007182,1224.007182,AUDIO_CAN_SEND_NOW,0x0040,0x0041,222,59871,59871,0,1,2,0,0,0,,False,
1,1225635697,1224007454,1224.007454,AUDIO_PACKET_SENT,0x0040,0x0041,222,59871,59871,0,1,272,0,0,0,,False,
1,1225635697,1224007456,1224.007456,AUDIO_BUSY_CLEAR,0x0040,0x0041,222,59871,59871,0,0,278,3,0,0,busy_context=3,False,
1,1225635697,1224007459,1224.007459,AUDIO_L2CAP_SEND,0x0040,0x0041,222,59871,59871,0,1,0,0,161,0,sdu_size=161,False,
1,1225635697,1224007461,1224.007461,AUDIO_CAN_SEND_REQUESTED,0x0040,0x0041,222,59871,59871,0,1,0,0,0,0,,False,
1,1225635697,1224009352,1224.009352,AUDIO_TIMER_LATE,0xffff,0x0000,,59871,59870,1,0,2183,0,0,0,,True,audio_timer_interval_gt_2ms
1,1225635697,1224011507,1224.011507,AUDIO_TIMER_LATE,0xffff,0x0000,,59871,59871,0,0,2155,0,0,0,,True,audio_timer_interval_gt_2ms
1,1225635697,1224013666,1224.013666,AUDIO_TIMER_LATE,0xffff,0x0000,,59871,59871,0,0,2159,0,0,0,,True,audio_timer_interval_gt_2ms
1,1225635697,1224015824,1224.015824,AUDIO_TIMER_LATE,0xffff,0x0000,,59871,59871,0,0,2158,0,0,0,,True,audio_timer_interval_gt_2ms
1,1225635697,1224017983,1224.017983,AUDIO_TIMER_LATE,0xffff,0x0000,,59871,59871,0,0,2159,0,0,0,,True,audio_timer_interval_gt_2ms
1,1225635697,1224021304,1224.021304,AUDIO_TIMER_LATE,0xffff,0x0000,,59871,59871,0,0,2160,0,0,0,,True,audio_timer_interval_gt_2ms
1,1225635697,1224023465,1224.023465,AUDIO_TIMER_LATE,0xffff,0x0000,,59871,59871,0,0,2161,0,0,0,,True,audio_timer_interval_gt_2ms
1,1225635697,1224025626,1224.025626,AUDIO_TIMER_LATE,0xffff,0x0000,,59871,59871,0,0,2161,0,0,0,,True,audio_timer_interval_gt_2ms
1,1225635697,1224025805,1224.025805,AUDIO_SDU_GENERATED,0xffff,0x0000,223,59872,59871,1,0,20005,0,0,0,,False,
1,1225635697,1224027787,1224.027787,AUDIO_TIMER_LATE,0xffff,0x0000,,59872,59871,1,0,2161,0,0,0,,True,audio_timer_interval_gt_2ms
1,1225635697,1224027796,1224.027796,AUDIO_BUSY_SET,0x0040,0x0041,223,59872,59872,0,1,0,2,0,0,busy_context=2,False,
1,1225635697,1224027799,1224.027799,AUDIO_CAN_SEND_NOW,0x0040,0x0041,223,59872,59872,0,1,1,0,0,0,,False,
1,1225635697,1224028071,1224.028071,AUDIO_PACKET_SENT,0x0040,0x0041,223,59872,59872,0,1,272,0,0,0,,False,
1,1225635697,1224028074,1224.028074,AUDIO_BUSY_CLEAR,0x0040,0x0041,223,59872,59872,0,0,278,3,0,0,busy_context=3,False,
1,1225635697,1224028077,1224.028077,AUDIO_L2CAP_SEND,0x0040,0x0041,223,59872,59872,0,1,0,0,161,0,sdu_size=161,False,
1,1225635697,1224028078,1224.028078,AUDIO_CAN_SEND_REQUESTED,0x0040,0x0041,223,59872,59872,0,1,0,0,0,0,,False,
1,1225635697,1224031526,1224.031526,AUDIO_TIMER_LATE,0xffff,0x0000,,59872,59872,0,0,2158,0,0,0,,True,audio_timer_interval_gt_2ms
1,1225635697,1224033684,1224.033684,AUDIO_TIMER_LATE,0xffff,0x0000,,59872,59872,0,0,2158,0,0,0,,True,audio_timer_interval_gt_2ms
1,1225635697,1224035842,1224.035842,AUDIO_TIMER_LATE,0xffff,0x0000,,59872,59872,0,0,2158,0,0,0,,True,audio_timer_interval_gt_2ms
1,1225635697,1224038001,1224.038001,AUDIO_TIMER_LATE,0xffff,0x0000,,59872,59872,0,0,2159,0,0,0,,True,audio_timer_interval_gt_2ms
1,1225635697,1224040163,1224.040163,AUDIO_TIMER_LATE,0xffff,0x0000,,59872,59872,0,0,2162,0,0,0,,True,audio_timer_interval_gt_2ms
1,1225635697,1224042325,1224.042325,AUDIO_TIMER_LATE,0xffff,0x0000,,59872,59872,0,0,2162,0,0,0,,True,audio_timer_interval_gt_2ms
1,1225635697,1224044486,1224.044486,AUDIO_TIMER_LATE,0xffff,0x0000,,59872,59872,0,0,2161,0,0,0,,True,audio_timer_interval_gt_2ms
1,1225635697,1224045802,1224.045802,AUDIO_SDU_GENERATED,0xffff,0x0000,224,59873,59872,1,0,19997,0,0,0,,False,
1,1225635697,1224046648,1224.046648,AUDIO_TIMER_LATE,0xffff,0x0000,,59873,59872,1,0,2162,0,0,0,,True,audio_timer_interval_gt_2ms
1,1225635697,1224046656,1224.046656,AUDIO_BUSY_SET,0x0040,0x0041,224,59873,59873,0,1,0,2,0,0,busy_context=2,False,
1,1225635697,1224046660,1224.046660,AUDIO_CAN_SEND_NOW,0x0040,0x0041,224,59873,59873,0,1,2,0,0,0,,False,
1,1225635697,1224046933,1224.046933,AUDIO_PACKET_SENT,0x0040,0x0041,224,59873,59873,0,1,273,0,0,0,,False,
1,1225635697,1224046935,1224.046935,AUDIO_BUSY_CLEAR,0x0040,0x0041,224,59873,59873,0,0,279,3,0,0,busy_context=3,False,
1,1225635697,1224046938,1224.046938,AUDIO_L2CAP_SEND,0x0040,0x0041,224,59873,59873,0,1,0,0,161,0,sdu_size=161,False,
1,1225635697,1224046940,1224.046940,AUDIO_CAN_SEND_REQUESTED,0x0040,0x0041,224,59873,59873,0,1,0,0,0,0,,False,
1,1225635697,1224050455,1224.050455,AUDIO_TIMER_LATE,0xffff,0x0000,,59873,59873,0,0,2363,0,0,0,,True,audio_timer_interval_gt_2ms
1,1225635697,1224052613,1224.052613,AUDIO_TIMER_LATE,0xffff,0x0000,,59873,59873,0,0,2158,0,0,0,,True,audio_timer_interval_gt_2ms
1,1225635697,1224054771,1224.054771,AUDIO_TIMER_LATE,0xffff,0x0000,,59873,59873,0,0,2158,0,0,0,,True,audio_timer_interval_gt_2ms
1,1225635697,1224056929,1224.056929,AUDIO_TIMER_LATE,0xffff,0x0000,,59873,59873,0,0,2158,0,0,0,,True,audio_timer_interval_gt_2ms
1,1225635697,1224060250,1224.060250,AUDIO_TIMER_LATE,0xffff,0x0000,,59873,59873,0,0,2160,0,0,0,,True,audio_timer_interval_gt_2ms
1,1225635697,1224062412,1224.062412,AUDIO_TIMER_LATE,0xffff,0x0000,,59873,59873,0,0,2162,0,0,0,,True,audio_timer_interval_gt_2ms
1,1225635697,1224064573,1224.064573,AUDIO_TIMER_LATE,0xffff,0x0000,,59873,59873,0,0,2161,0,0,0,,True,audio_timer_interval_gt_2ms
1,1225635697,1224065807,1224.065807,AUDIO_SDU_GENERATED,0xffff,0x0000,225,59874,59873,1,0,20005,0,0,0,,False,
1,1225635697,1224066734,1224.066734,AUDIO_TIMER_LATE,0xffff,0x0000,,59874,59873,1,0,2161,0,0,0,,True,audio_timer_interval_gt_2ms
1,1225635697,1224066743,1224.066743,AUDIO_BUSY_SET,0x0040,0x0041,225,59874,59874,0,1,0,2,0,0,busy_context=2,False,
1,1225635697,1224066746,1224.066746,AUDIO_CAN_SEND_NOW,0x0040,0x0041,225,59874,59874,0,1,1,0,0,0,,False,
1,1225635697,1224067019,1224.067019,AUDIO_PACKET_SENT,0x0040,0x0041,225,59874,59874,0,1,273,0,0,0,,False,
1,1225635697,1224067021,1224.067021,AUDIO_BUSY_CLEAR,0x0040,0x0041,225,59874,59874,0,0,279,3,0,0,busy_context=3,False,
1,1225635697,1224067024,1224.067024,AUDIO_L2CAP_SEND,0x0040,0x0041,225,59874,59874,0,1,0,0,161,0,sdu_size=161,False,
1,1225635697,1224067026,1224.067026,AUDIO_CAN_SEND_REQUESTED,0x0040,0x0041,225,59874,59874,0,1,0,0,0,0,,False,
1,1225635697,1224072293,1224.072293,AUDIO_TIMER_LATE,0xffff,0x0000,,59874,59874,0,0,2157,0,0,0,,True,audio_timer_interval_gt_2ms
1,1225635697,1224074452,1224.074452,AUDIO_TIMER_LATE,0xffff,0x0000,,59874,59874,0,0,2159,0,0,0,,True,audio_timer_interval_gt_2ms
1,1225635697,1224076610,1224.076610,AUDIO_TIMER_LATE,0xffff,0x0000,,59874,59874,0,0,2158,0,0,0,,True,audio_timer_interval_gt_2ms
1,1225635697,1224078771,1224.078771,AUDIO_TIMER_LATE,0xffff,0x0000,,59874,59874,0,0,2161,0,0,0,,True,audio_timer_interval_gt_2ms
1,1225635697,1224080933,1224.080933,AUDIO_TIMER_LATE,0xffff,0x0000,,59874,59874,0,0,2162,0,0,0,,True,audio_timer_interval_gt_2ms
1,1225635697,1224084254,1224.084254,AUDIO_TIMER_LATE,0xffff,0x0000,,59874,59874,0,0,2160,0,0,0,,True,audio_timer_interval_gt_2ms
1,1225635697,1224085801,1224.085801,AUDIO_SDU_GENERATED,0xffff,0x0000,226,59875,59874,1,0,19994,0,0,0,,False,
1,1225635697,1224086415,1224.086415,AUDIO_TIMER_LATE,0xffff,0x0000,,59875,59874,1,0,2161,0,0,0,,True,audio_timer_interval_gt_2ms
1,1225635697,1224086423,1224.086423,AUDIO_BUSY_SET,0x0040,0x0041,226,59875,59875,0,1,0,2,0,0,busy_context=2,False,
1,1225635697,1224086427,1224.086427,AUDIO_CAN_SEND_NOW,0x0040,0x0041,226,59875,59875,0,1,2,0,0,0,,False,
1,1225635697,1224086699,1224.086699,AUDIO_PACKET_SENT,0x0040,0x0041,226,59875,59875,0,1,272,0,0,0,,False,
1,1225635697,1224086701,1224.086701,AUDIO_BUSY_CLEAR,0x0040,0x0041,226,59875,59875,0,0,278,3,0,0,busy_context=3,False,
1,1225635697,1224086704,1224.086704,AUDIO_L2CAP_SEND,0x0040,0x0041,226,59875,59875,0,1,0,0,161,0,sdu_size=161,False,
1,1225635697,1224086706,1224.086706,AUDIO_CAN_SEND_REQUESTED,0x0040,0x0041,226,59875,59875,0,1,0,0,0,0,,False,
1,1225635697,1224088858,1224.088858,AUDIO_TIMER_LATE,0xffff,0x0000,,59875,59874,1,0,2443,0,0,0,,True,audio_timer_interval_gt_2ms
1,1225635697,1224092611,1224.092611,AUDIO_TIMER_LATE,0xffff,0x0000,,59875,59875,0,0,2157,0,0,0,,True,audio_timer_interval_gt_2ms
1,1225635697,1224094769,1224.094769,AUDIO_TIMER_LATE,0xffff,0x0000,,59875,59875,0,0,2158,0,0,0,,True,audio_timer_interval_gt_2ms
1,1225635697,1224096927,1224.096927,AUDIO_TIMER_LATE,0xffff,0x0000,,59875,59875,0,0,2158,0,0,0,,True,audio_timer_interval_gt_2ms
1,1225635697,1224100249,1224.100249,AUDIO_TIMER_LATE,0xffff,0x0000,,59875,59875,0,0,2160,0,0,0,,True,audio_timer_interval_gt_2ms
1,1225635697,1224102410,1224.102410,AUDIO_TIMER_LATE,0xffff,0x0000,,59875,59875,0,0,2162,0,0,0,,True,audio_timer_interval_gt_2ms
1,1225635697,1224104571,1224.104571,AUDIO_TIMER_LATE,0xffff,0x0000,,59875,59875,0,0,2161,0,0,0,,True,audio_timer_interval_gt_2ms
1,1225635697,1224105801,1224.105801,AUDIO_SDU_GENERATED,0xffff,0x0000,227,59876,59875,1,0,20000,0,0,0,,False,
1,1225635697,1224106732,1224.106732,AUDIO_TIMER_LATE,0xffff,0x0000,,59876,59875,1,0,2161,0,0,0,,True,audio_timer_interval_gt_2ms
1,1225635697,1224106740,1224.106740,AUDIO_BUSY_SET,0x0040,0x0041,227,59876,59876,0,1,0,2,0,0,busy_context=2,False,
1,1225635697,1224106744,1224.106744,AUDIO_CAN_SEND_NOW,0x0040,0x0041,227,59876,59876,0,1,2,0,0,0,,False,
1,1225635697,1224107017,1224.107017,AUDIO_PACKET_SENT,0x0040,0x0041,227,59876,59876,0,1,273,0,0,0,,False,
1,1225635697,1224107019,1224.107019,AUDIO_BUSY_CLEAR,0x0040,0x0041,227,59876,59876,0,0,279,3,0,0,busy_context=3,False,
1,1225635697,1224107022,1224.107022,AUDIO_L2CAP_SEND,0x0040,0x0041,227,59876,59876,0,1,0,0,161,0,sdu_size=161,False,
1,1225635697,1224107024,1224.107024,AUDIO_CAN_SEND_REQUESTED,0x0040,0x0041,227,59876,59876,0,1,0,0,0,0,,False,
1,1225635697,1224112295,1224.112295,AUDIO_TIMER_LATE,0xffff,0x0000,,59876,59876,0,0,2157,0,0,0,,True,audio_timer_interval_gt_2ms
1,1225635697,1224114453,1224.114453,AUDIO_TIMER_LATE,0xffff,0x0000,,59876,59876,0,0,2158,0,0,0,,True,audio_timer_interval_gt_2ms
1,1225635697,1224116612,1224.116612,AUDIO_TIMER_LATE,0xffff,0x0000,,59876,59876,0,0,2159,0,0,0,,True,audio_timer_interval_gt_2ms
1,1225635697,1224118773,1224.118773,AUDIO_TIMER_LATE,0xffff,0x0000,,59876,59876,0,0,2161,0,0,0,,True,audio_timer_interval_gt_2ms
1,1225635697,1224120935,1224.120935,AUDIO_TIMER_LATE,0xffff,0x0000,,59876,59876,0,0,2162,0,0,0,,True,audio_timer_interval_gt_2ms
1,1225635697,1224124256,1224.124256,AUDIO_TIMER_LATE,0xffff,0x0000,,59876,59876,0,0,2160,0,0,0,,True,audio_timer_interval_gt_2ms
1,1225635697,1224125801,1224.125801,AUDIO_SDU_GENERATED,0xffff,0x0000,228,59877,59876,1,0,20000,0,0,0,,False,
1,1225635697,1224126418,1224.126418,AUDIO_TIMER_LATE,0xffff,0x0000,,59877,59876,1,0,2162,0,0,0,,True,audio_timer_interval_gt_2ms
1,1225635697,1224126427,1224.126427,AUDIO_BUSY_SET,0x0040,0x0041,228,59877,59877,0,1,0,2,0,0,busy_context=2,False,
1,1225635697,1224126430,1224.126430,AUDIO_CAN_SEND_NOW,0x0040,0x0041,228,59877,59877,0,1,2,0,0,0,,False,
1,1225635697,1224126702,1224.126702,AUDIO_PACKET_SENT,0x0040,0x0041,228,59877,59877,0,1,272,0,0,0,,False,
1,1225635697,1224126705,1224.126705,AUDIO_BUSY_CLEAR,0x0040,0x0041,228,59877,59877,0,0,278,3,0,0,busy_context=3,False,
1,1225635697,1224126708,1224.126708,AUDIO_L2CAP_SEND,0x0040,0x0041,228,59877,59877,0,1,0,0,161,0,sdu_size=161,False,
1,1225635697,1224126709,1224.126709,AUDIO_CAN_SEND_REQUESTED,0x0040,0x0041,228,59877,59877,0,1,0,0,0,0,,False,
1,1225635697,1224128862,1224.128862,AUDIO_TIMER_LATE,0xffff,0x0000,,59877,59876,1,0,2444,0,0,0,,True,audio_timer_interval_gt_2ms
1,1225635697,1224132614,1224.132614,AUDIO_TIMER_LATE,0xffff,0x0000,,59877,59877,0,0,2156,0,0,0,,True,audio_timer_interval_gt_2ms
1,1225635697,1224134772,1224.134772,AUDIO_TIMER_LATE,0xffff,0x0000,,59877,59877,0,0,2159,0,0,0,,True,audio_timer_interval_gt_2ms
1,1225635697,1224136930,1224.136930,AUDIO_TIMER_LATE,0xffff,0x0000,,59877,59877,0,0,2158,0,0,0,,True,audio_timer_interval_gt_2ms
1,1225635697,1224140252,1224.140252,AUDIO_TIMER_LATE,0xffff,0x0000,,59877,59877,0,0,2160,0,0,0,,True,audio_timer_interval_gt_2ms
1,1225635697,1224142413,1224.142413,AUDIO_TIMER_LATE,0xffff,0x0000,,59877,59877,0,0,2161,0,0,0,,True,audio_timer_interval_gt_2ms
1,1225635697,1224144574,1224.144574,AUDIO_TIMER_LATE,0xffff,0x0000,,59877,59877,0,0,2161,0,0,0,,True,audio_timer_interval_gt_2ms
1,1225635697,1224145802,1224.145802,AUDIO_SDU_GENERATED,0xffff,0x0000,229,59878,59877,1,0,20001,0,0,0,,False,
1,1225635697,1224146735,1224.146735,AUDIO_TIMER_LATE,0xffff,0x0000,,59878,59877,1,0,2161,0,0,0,,True,audio_timer_interval_gt_2ms
1,1225635697,1224146743,1224.146743,AUDIO_BUSY_SET,0x0040,0x0041,229,59878,59878,0,1,0,2,0,0,busy_context=2,False,
1,1225635697,1224146747,1224.146747,AUDIO_CAN_SEND_NOW,0x0040,0x0041,229,59878,59878,0,1,2,0,0,0,,False,
1,1225635697,1224147055,1224.147055,AUDIO_PACKET_SENT,0x0040,0x0041,229,59878,59878,0,1,308,0,0,0,,False,
1,1225635697,1224147057,1224.147057,AUDIO_BUSY_CLEAR,0x0040,0x0041,229,59878,59878,0,0,314,3,0,0,busy_context=3,False,
1,1225635697,1224147060,1224.147060,AUDIO_L2CAP_SEND,0x0040,0x0041,229,59878,59878,0,1,0,0,161,0,sdu_size=161,False,
1,1225635697,1224147062,1224.147062,AUDIO_CAN_SEND_REQUESTED,0x0040,0x0041,229,59878,59878,0,1,0,0,0,0,,False,
1,1225635697,1224152301,1224.152301,AUDIO_TIMER_LATE,0xffff,0x0000,,59878,59878,0,0,2156,0,0,0,,True,audio_timer_interval_gt_2ms
1,1225635697,1224154459,1224.154459,AUDIO_TIMER_LATE,0xffff,0x0000,,59878,59878,0,0,2159,0,0,0,,True,audio_timer_interval_gt_2ms
1,1225635697,1224156617,1224.156617,AUDIO_TIMER_LATE,0xffff,0x0000,,59878,59878,0,0,2158,0,0,0,,True,audio_timer_interval_gt_2ms
1,1225635697,1224158779,1224.158779,AUDIO_TIMER_LATE,0xffff,0x0000,,59878,59878,0,0,2162,0,0,0,,True,audio_timer_interval_gt_2ms
1,1225635697,1224160940,1224.160940,AUDIO_TIMER_LATE,0xffff,0x0000,,59878,59878,0,0,2161,0,0,0,,True,audio_timer_interval_gt_2ms
1,1225635697,1224164261,1224.164261,AUDIO_TIMER_LATE,0xffff,0x0000,,59878,59878,0,0,2160,0,0,0,,True,audio_timer_interval_gt_2ms
1,1225635697,1224165803,1224.165803,AUDIO_SDU_GENERATED,0xffff,0x0000,230,59879,59878,1,0,20001,0,0,0,,False,
1,1225635697,1224166422,1224.166422,AUDIO_TIMER_LATE,0xffff,0x0000,,59879,59878,1,0,2161,0,0,0,,True,audio_timer_interval_gt_2ms
1,1225635697,1224166431,1224.166431,AUDIO_BUSY_SET,0x0040,0x0041,230,59879,59879,0,1,0,2,0,0,busy_context=2,False,
1,1225635697,1224166434,1224.166434,AUDIO_CAN_SEND_NOW,0x0040,0x0041,230,59879,59879,0,1,2,0,0,0,,False,
1,1225635697,1224166707,1224.166707,AUDIO_PACKET_SENT,0x0040,0x0041,230,59879,59879,0,1,273,0,0,0,,False,
1,1225635697,1224166709,1224.166709,AUDIO_BUSY_CLEAR,0x0040,0x0041,230,59879,59879,0,0,279,3,0,0,busy_context=3,False,
1,1225635697,1224166712,1224.166712,AUDIO_L2CAP_SEND,0x0040,0x0041,230,59879,59879,0,1,0,0,161,0,sdu_size=161,False,
1,1225635697,1224166714,1224.166714,AUDIO_CAN_SEND_REQUESTED,0x0040,0x0041,230,59879,59879,0,1,0,0,0,0,,False,
1,1225635697,1224168865,1224.168865,AUDIO_TIMER_LATE,0xffff,0x0000,,59879,59878,1,0,2443,0,0,0,,True,audio_timer_interval_gt_2ms
1,1225635697,1224172619,1224.172619,AUDIO_TIMER_LATE,0xffff,0x0000,,59879,59879,0,0,2157,0,0,0,,True,audio_timer_interval_gt_2ms
1,1225635697,1224174777,1224.174777,AUDIO_TIMER_LATE,0xffff,0x0000,,59879,59879,0,0,2158,0,0,0,,True,audio_timer_interval_gt_2ms
1,1225635697,1224176936,1224.176936,AUDIO_TIMER_LATE,0xffff,0x0000,,59879,59879,0,0,2159,0,0,0,,True,audio_timer_interval_gt_2ms
1,1225635697,1224180257,1224.180257,AUDIO_TIMER_LATE,0xffff,0x0000,,59879,59879,0,0,2160,0,0,0,,True,audio_timer_interval_gt_2ms
1,1225635697,1224182418,1224.182418,AUDIO_TIMER_LATE,0xffff,0x0000,,59879,59879,0,0,2161,0,0,0,,True,audio_timer_interval_gt_2ms
1,1225635697,1224184580,1224.184580,AUDIO_TIMER_LATE,0xffff,0x0000,,59879,59879,0,0,2162,0,0,0,,True,audio_timer_interval_gt_2ms
1,1225635697,1224185800,1224.185800,AUDIO_SDU_GENERATED,0xffff,0x0000,231,59880,59879,1,0,19997,0,0,0,,False,
1,1225635697,1224186741,1224.186741,AUDIO_TIMER_LATE,0xffff,0x0000,,59880,59879,1,0,2161,0,0,0,,True,audio_timer_interval_gt_2ms
1,1225635697,1224186750,1224.186750,AUDIO_BUSY_SET,0x0040,0x0041,231,59880,59880,0,1,0,2,0,0,busy_context=2,False,
1,1225635697,1224186753,1224.186753,AUDIO_CAN_SEND_NOW,0x0040,0x0041,231,59880,59880,0,1,1,0,0,0,,False,
1,1225635697,1224187026,1224.187026,AUDIO_PACKET_SENT,0x0040,0x0041,231,59880,59880,0,1,273,0,0,0,,False,
1,1225635697,1224187028,1224.187028,AUDIO_BUSY_CLEAR,0x0040,0x0041,231,59880,59880,0,0,279,3,0,0,busy_context=3,False,
1,1225635697,1224187031,1224.187031,AUDIO_L2CAP_SEND,0x0040,0x0041,231,59880,59880,0,1,0,0,161,0,sdu_size=161,False,
1,1225635697,1224187033,1224.187033,AUDIO_CAN_SEND_REQUESTED,0x0040,0x0041,231,59880,59880,0,1,0,0,0,0,,False,
1,1225635697,1224192306,1224.192306,AUDIO_TIMER_LATE,0xffff,0x0000,,59880,59880,0,0,2157,0,0,0,,True,audio_timer_interval_gt_2ms
1,1225635697,1224194464,1224.194464,AUDIO_TIMER_LATE,0xffff,0x0000,,59880,59880,0,0,2158,0,0,0,,True,audio_timer_interval_gt_2ms
1,1225635697,1224196622,1224.196622,AUDIO_TIMER_LATE,0xffff,0x0000,,59880,59880,0,0,2158,0,0,0,,True,audio_timer_interval_gt_2ms
1,1225635697,1224198784,1224.198784,AUDIO_TIMER_LATE,0xffff,0x0000,,59880,59880,0,0,2162,0,0,0,,True,audio_timer_interval_gt_2ms
1,1225635697,1224200945,1224.200945,AUDIO_TIMER_LATE,0xffff,0x0000,,59880,59880,0,0,2161,0,0,0,,True,audio_timer_interval_gt_2ms
1,1225635697,1224204266,1224.204266,AUDIO_TIMER_LATE,0xffff,0x0000,,59880,59880,0,0,2160,0,0,0,,True,audio_timer_interval_gt_2ms
1,1225635697,1224205801,1224.205801,AUDIO_SDU_GENERATED,0xffff,0x0000,232,59881,59880,1,0,20001,0,0,0,,False,
1,1225635697,1224206427,1224.206427,AUDIO_TIMER_LATE,0xffff,0x0000,,59881,59880,1,0,2161,0,0,0,,True,audio_timer_interval_gt_2ms
1,1225635697,1224206435,1224.206435,AUDIO_BUSY_SET,0x0040,0x0041,232,59881,59881,0,1,0,2,0,0,busy_context=2,False,
1,1225635697,1224206439,1224.206439,AUDIO_CAN_SEND_NOW,0x0040,0x0041,232,59881,59881,0,1,2,0,0,0,,False,
1,1225635697,1224206712,1224.206712,AUDIO_PACKET_SENT,0x0040,0x0041,232,59881,59881,0,1,273,0,0,0,,False,
1,1225635697,1224206714,1224.206714,AUDIO_BUSY_CLEAR,0x0040,0x0041,232,59881,59881,0,0,278,3,0,0,busy_context=3,False,
1,1225635697,1224206717,1224.206717,AUDIO_L2CAP_SEND,0x0040,0x0041,232,59881,59881,0,1,0,0,161,0,sdu_size=161,False,
1,1225635697,1224206719,1224.206719,AUDIO_CAN_SEND_REQUESTED,0x0040,0x0041,232,59881,59881,0,1,0,0,0,0,,False,
1,1225635697,1224208871,1224.208871,AUDIO_TIMER_LATE,0xffff,0x0000,,59881,59880,1,0,2444,0,0,0,,True,audio_timer_interval_gt_2ms
1,1225635697,1224212624,1224.212624,AUDIO_TIMER_LATE,0xffff,0x0000,,59881,59881,0,0,2157,0,0,0,,True,audio_timer_interval_gt_2ms
1,1225635697,1224214782,1224.214782,AUDIO_TIMER_LATE,0xffff,0x0000,,59881,59881,0,0,2158,0,0,0,,True,audio_timer_interval_gt_2ms
1,1225635697,1224216940,1224.216940,AUDIO_TIMER_LATE,0xffff,0x0000,,59881,59881,0,0,2158,0,0,0,,True,audio_timer_interval_gt_2ms
1,1225635697,1224220261,1224.220261,AUDIO_TIMER_LATE,0xffff,0x0000,,59881,59881,0,0,2160,0,0,0,,True,audio_timer_interval_gt_2ms
1,1225635697,1224222422,1224.222422,AUDIO_TIMER_LATE,0xffff,0x0000,,59881,59881,0,0,2161,0,0,0,,True,audio_timer_interval_gt_2ms
1,1225635697,1224224584,1224.224584,AUDIO_TIMER_LATE,0xffff,0x0000,,59881,59881,0,0,2162,0,0,0,,True,audio_timer_interval_gt_2ms
1,1225635697,1224225802,1224.225802,AUDIO_SDU_GENERATED,0xffff,0x0000,233,59882,59881,1,0,20001,0,0,0,,False,
1,1225635697,1224226745,1224.226745,AUDIO_TIMER_LATE,0xffff,0x0000,,59882,59881,1,0,2161,0,0,0,,True,audio_timer_interval_gt_2ms
1,1225635697,1224226754,1224.226754,AUDIO_BUSY_SET,0x0040,0x0041,233,59882,59882,0,1,0,2,0,0,busy_context=2,False,
1,1225635697,1224226757,1224.226757,AUDIO_CAN_SEND_NOW,0x0040,0x0041,233,59882,59882,0,1,1,0,0,0,,False,
1,1225635697,1224227029,1224.227029,AUDIO_PACKET_SENT,0x0040,0x0041,233,59882,59882,0,1,273,0,0,0,,False,
1,1225635697,1224227032,1224.227032,AUDIO_BUSY_CLEAR,0x0040,0x0041,233,59882,59882,0,0,278,3,0,0,busy_context=3,False,
1,1225635697,1224227035,1224.227035,AUDIO_L2CAP_SEND,0x0040,0x0041,233,59882,59882,0,1,0,0,161,0,sdu_size=161,False,
1,1225635697,1224227036,1224.227036,AUDIO_CAN_SEND_REQUESTED,0x0040,0x0041,233,59882,59882,0,1,0,0,0,0,,False,
1,1225635697,1224230973,1224.230973,AUDIO_TIMER_LATE,0xffff,0x0000,,59882,59882,0,0,2785,0,0,0,,True,audio_timer_interval_gt_2ms
1,1225635697,1224234288,1224.234288,AUDIO_TIMER_LATE,0xffff,0x0000,,59882,59882,0,0,2157,0,0,0,,True,audio_timer_interval_gt_2ms
1,1225635697,1224236446,1224.236446,AUDIO_TIMER_LATE,0xffff,0x0000,,59882,59882,0,0,2158,0,0,0,,True,audio_timer_interval_gt_2ms
1,1225635697,1224238607,1224.238607,AUDIO_TIMER_LATE,0xffff,0x0000,,59882,59882,0,0,2161,0,0,0,,True,audio_timer_interval_gt_2ms
1,1225635697,1224240768,1224.240768,AUDIO_TIMER_LATE,0xffff,0x0000,,59882,59882,0,0,2161,0,0,0,,True,audio_timer_interval_gt_2ms
1,1225635697,1224242930,1224.242930,AUDIO_TIMER_LATE,0xffff,0x0000,,59882,59882,0,0,2162,0,0,0,,True,audio_timer_interval_gt_2ms
1,1225635697,1224245803,1224.245803,AUDIO_SDU_GENERATED,0xffff,0x0000,234,59883,59882,1,0,20001,0,0,0,,False,
1,1225635697,1224246251,1224.246251,AUDIO_TIMER_LATE,0xffff,0x0000,,59883,59882,1,0,2160,0,0,0,,True,audio_timer_interval_gt_2ms
1,1225635697,1224246259,1224.246259,AUDIO_BUSY_SET,0x0040,0x0041,234,59883,59883,0,1,0,2,0,0,busy_context=2,False,
1,1225635697,1224246263,1224.246263,AUDIO_CAN_SEND_NOW,0x0040,0x0041,234,59883,59883,0,1,2,0,0,0,,False,
1,1225635697,1224246536,1224.246536,AUDIO_PACKET_SENT,0x0040,0x0041,234,59883,59883,0,1,273,0,0,0,,False,
1,1225635697,1224246538,1224.246538,AUDIO_BUSY_CLEAR,0x0040,0x0041,234,59883,59883,0,0,279,3,0,0,busy_context=3,False,
1,1225635697,1224246541,1224.246541,AUDIO_L2CAP_SEND,0x0040,0x0041,234,59883,59883,0,1,0,0,161,0,sdu_size=161,False,
1,1225635697,1224246543,1224.246543,AUDIO_CAN_SEND_REQUESTED,0x0040,0x0041,234,59883,59883,0,1,0,0,0,0,,False,
1,1225635697,1224248695,1224.248695,AUDIO_TIMER_LATE,0xffff,0x0000,,59883,59882,1,0,2444,0,0,0,,True,audio_timer_interval_gt_2ms
1,1225635697,1224252801,1224.252801,AUDIO_TIMER_LATE,0xffff,0x0000,,59883,59883,0,0,2157,0,0,0,,True,audio_timer_interval_gt_2ms
1,1225635697,1224254960,1224.254960,AUDIO_TIMER_LATE,0xffff,0x0000,,59883,59883,0,0,2159,0,0,0,,True,audio_timer_interval_gt_2ms
1,1225635697,1224258278,1224.258278,AUDIO_TIMER_LATE,0xffff,0x0000,,59883,59883,0,0,2161,0,0,0,,True,audio_timer_interval_gt_2ms
1,1225635697,1224260439,1224.260439,AUDIO_TIMER_LATE,0xffff,0x0000,,59883,59883,0,0,2161,0,0,0,,True,audio_timer_interval_gt_2ms
1,1225635697,1224262600,1224.262600,AUDIO_TIMER_LATE,0xffff,0x0000,,59883,59883,0,0,2161,0,0,0,,True,audio_timer_interval_gt_2ms
1,1225635697,1224264761,1224.264761,AUDIO_TIMER_LATE,0xffff,0x0000,,59883,59883,0,0,2161,0,0,0,,True,audio_timer_interval_gt_2ms
1,1225635697,1224265802,1224.265802,AUDIO_SDU_GENERATED,0xffff,0x0000,235,59884,59883,1,0,19999,0,0,0,,False,
1,1225635697,1224266922,1224.266922,AUDIO_TIMER_LATE,0xffff,0x0000,,59884,59883,1,0,2161,0,0,0,,True,audio_timer_interval_gt_2ms
1,1225635697,1224266930,1224.266930,AUDIO_BUSY_SET,0x0040,0x0041,235,59884,59884,0,1,0,2,0,0,busy_context=2,False,
1,1225635697,1224266934,1224.266934,AUDIO_CAN_SEND_NOW,0x0040,0x0041,235,59884,59884,0,1,2,0,0,0,,False,
1,1225635697,1224267206,1224.267206,AUDIO_PACKET_SENT,0x0040,0x0041,235,59884,59884,0,1,272,0,0,0,,False,
1,1225635697,1224267208,1224.267208,AUDIO_BUSY_CLEAR,0x0040,0x0041,235,59884,59884,0,0,278,3,0,0,busy_context=3,False,
1,1225635697,1224267212,1224.267212,AUDIO_L2CAP_SEND,0x0040,0x0041,235,59884,59884,0,1,0,0,161,0,sdu_size=161,False,
1,1225635697,1224267213,1224.267213,AUDIO_CAN_SEND_REQUESTED,0x0040,0x0041,235,59884,59884,0,1,0,0,0,0,,False,
1,1225635697,1224270522,1224.270522,AUDIO_TIMER_LATE,0xffff,0x0000,,59884,59884,0,0,2157,0,0,0,,True,audio_timer_interval_gt_2ms
1,1225635697,1224272681,1224.272681,AUDIO_TIMER_LATE,0xffff,0x0000,,59884,59884,0,0,2159,0,0,0,,True,audio_timer_interval_gt_2ms
1,1225635697,1224274840,1224.274840,AUDIO_TIMER_LATE,0xffff,0x0000,,59884,59884,0,0,2159,0,0,0,,True,audio_timer_interval_gt_2ms
1,1225635697,1224276999,1224.276999,AUDIO_TIMER_LATE,0xffff,0x0000,,59884,59884,0,0,2159,0,0,0,,True,audio_timer_interval_gt_2ms
1,1225635697,1224279161,1224.279161,AUDIO_TIMER_LATE,0xffff,0x0000,,59884,59884,0,0,2162,0,0,0,,True,audio_timer_interval_gt_2ms
1,1225635697,1224281322,1224.281322,AUDIO_TIMER_LATE,0xffff,0x0000,,59884,59884,0,0,2161,0,0,0,,True,audio_timer_interval_gt_2ms
1,1225635697,1224283484,1224.283484,AUDIO_TIMER_LATE,0xffff,0x0000,,59884,59884,0,0,2162,0,0,0,,True,audio_timer_interval_gt_2ms
1,1225635697,1224285645,1224.285645,AUDIO_TIMER_LATE,0xffff,0x0000,,59884,59884,0,0,2161,0,0,0,,True,audio_timer_interval_gt_2ms
1,1225635697,1224285811,1224.285811,AUDIO_SDU_GENERATED,0xffff,0x0000,236,59885,59884,1,0,20009,0,0,0,,False,
1,1225635697,1224287807,1224.287807,AUDIO_TIMER_LATE,0xffff,0x0000,,59885,59884,1,0,2162,0,0,0,,True,audio_timer_interval_gt_2ms
1,1225635697,1224287816,1224.287816,AUDIO_BUSY_SET,0x0040,0x0041,236,59885,59885,0,1,0,2,0,0,busy_context=2,False,
1,1225635697,1224287820,1224.287820,AUDIO_CAN_SEND_NOW,0x0040,0x0041,236,59885,59885,0,1,2,0,0,0,,False,
1,1225635697,1224288092,1224.288092,AUDIO_PACKET_SENT,0x0040,0x0041,236,59885,59885,0,1,272,0,0,0,,False,
1,1225635697,1224288095,1224.288095,AUDIO_BUSY_CLEAR,0x0040,0x0041,236,59885,59885,0,0,278,3,0,0,busy_context=3,False,
1,1225635697,1224288098,1224.288098,AUDIO_L2CAP_SEND,0x0040,0x0041,236,59885,59885,0,1,0,0,161,0,sdu_size=161,False,
1,1225635697,1224288099,1224.288099,AUDIO_CAN_SEND_REQUESTED,0x0040,0x0041,236,59885,59885,0,1,0,0,0,0,,False,
1,1225635697,1224292024,1224.292024,AUDIO_TIMER_LATE,0xffff,0x0000,,59885,59885,0,0,2773,0,0,0,,True,audio_timer_interval_gt_2ms
1,1225635697,1224294182,1224.294182,AUDIO_TIMER_LATE,0xffff,0x0000,,59885,59885,0,0,2158,0,0,0,,True,audio_timer_interval_gt_2ms
1,1225635697,1224296340,1224.296340,AUDIO_TIMER_LATE,0xffff,0x0000,,59885,59885,0,0,2157,0,0,0,,True,audio_timer_interval_gt_2ms
1,1225635697,1224298498,1224.298498,AUDIO_TIMER_LATE,0xffff,0x0000,,59885,59885,0,0,2159,0,0,0,,True,audio_timer_interval_gt_2ms
1,1225635697,1224300660,1224.300660,AUDIO_TIMER_LATE,0xffff,0x0000,,59885,59885,0,0,2162,0,0,0,,True,audio_timer_interval_gt_2ms
1,1225635697,1224302822,1224.302822,AUDIO_TIMER_LATE,0xffff,0x0000,,59885,59885,0,0,2162,0,0,0,,True,audio_timer_interval_gt_2ms
1,1225635697,1224304984,1224.304984,AUDIO_TIMER_LATE,0xffff,0x0000,,59885,59885,0,0,2162,0,0,0,,True,audio_timer_interval_gt_2ms
1,1225635697,1224305803,1224.305803,AUDIO_SDU_GENERATED,0xffff,0x0000,237,59886,59885,1,0,19992,0,0,0,,False,
1,1225635697,1224306153,1224.306153,AUDIO_BUSY_SET,0x0040,0x0041,237,59886,59886,0,1,0,2,0,0,busy_context=2,False,
1,1225635697,1224306157,1224.306157,AUDIO_CAN_SEND_NOW,0x0040,0x0041,237,59886,59886,0,1,2,0,0,0,,False,
1,1225635697,1224306464,1224.306464,AUDIO_PACKET_SENT,0x0040,0x0041,237,59886,59886,0,1,307,0,0,0,,False,
1,1225635697,1224306467,1224.306467,AUDIO_BUSY_CLEAR,0x0040,0x0041,237,59886,59886,0,0,313,3,0,0,busy_context=3,False,
1,1225635697,1224306470,1224.306470,AUDIO_L2CAP_SEND,0x0040,0x0041,237,59886,59886,0,1,0,0,161,0,sdu_size=161,False,
1,1225635697,1224306471,1224.306471,AUDIO_CAN_SEND_REQUESTED,0x0040,0x0041,237,59886,59886,0,1,0,0,0,0,,False,
1,1225635697,1224308623,1224.308623,AUDIO_TIMER_LATE,0xffff,0x0000,,59886,59885,1,0,2478,0,0,0,,True,audio_timer_interval_gt_2ms
1,1225635697,1224310782,1224.310782,AUDIO_TIMER_LATE,0xffff,0x0000,,59886,59886,0,0,2159,0,0,0,,True,audio_timer_interval_gt_2ms
1,1225635697,1224312940,1224.312940,AUDIO_TIMER_LATE,0xffff,0x0000,,59886,59886,0,0,2157,0,0,0,,True,audio_timer_interval_gt_2ms
1,1225635697,1224316255,1224.316255,AUDIO_TIMER_LATE,0xffff,0x0000,,59886,59886,0,0,2157,0,0,0,,True,audio_timer_interval_gt_2ms
1,1225635697,1224318416,1224.318416,AUDIO_TIMER_LATE,0xffff,0x0000,,59886,59886,0,0,2161,0,0,0,,True,audio_timer_interval_gt_2ms
1,1225635697,1224320577,1224.320577,AUDIO_TIMER_LATE,0xffff,0x0000,,59886,59886,0,0,2160,0,0,0,,True,audio_timer_interval_gt_2ms
1,1225635697,1224322738,1224.322738,AUDIO_TIMER_LATE,0xffff,0x0000,,59886,59886,0,0,2162,0,0,0,,True,audio_timer_interval_gt_2ms
1,1225635697,1224324900,1224.324900,AUDIO_TIMER_LATE,0xffff,0x0000,,59886,59886,0,0,2161,0,0,0,,True,audio_timer_interval_gt_2ms
1,1225635697,1224325800,1224.325800,AUDIO_SDU_GENERATED,0xffff,0x0000,238,59887,59886,1,0,19997,0,0,0,,False,
1,1225635697,1224327061,1224.327061,AUDIO_TIMER_LATE,0xffff,0x0000,,59887,59886,1,0,2162,0,0,0,,True,audio_timer_interval_gt_2ms
1,1225635697,1224327070,1224.327070,AUDIO_BUSY_SET,0x0040,0x0041,238,59887,59887,0,1,0,2,0,0,busy_context=2,False,
1,1225635697,1224327074,1224.327074,AUDIO_CAN_SEND_NOW,0x0040,0x0041,238,59887,59887,0,1,2,0,0,0,,False,
1,1225635697,1224327346,1224.327346,AUDIO_PACKET_SENT,0x0040,0x0041,238,59887,59887,0,1,272,0,0,0,,False,
1,1225635697,1224327348,1224.327348,AUDIO_BUSY_CLEAR,0x0040,0x0041,238,59887,59887,0,0,278,3,0,0,busy_context=3,False,
1,1225635697,1224327352,1224.327352,AUDIO_L2CAP_SEND,0x0040,0x0041,238,59887,59887,0,1,0,0,161,0,sdu_size=161,False,
1,1225635697,1224327353,1224.327353,AUDIO_CAN_SEND_REQUESTED,0x0040,0x0041,238,59887,59887,0,1,0,0,0,0,,False,
1,1225635697,1224329207,1224.329207,AUDIO_TIMER_LATE,0xffff,0x0000,,59887,59886,1,0,2146,0,0,0,,True,audio_timer_interval_gt_2ms
1,1225635697,1224331365,1224.331365,AUDIO_TIMER_LATE,0xffff,0x0000,,59887,59887,0,0,2158,0,0,0,,True,audio_timer_interval_gt_2ms
1,1225635697,1224333523,1224.333523,AUDIO_TIMER_LATE,0xffff,0x0000,,59887,59887,0,0,2158,0,0,0,,True,audio_timer_interval_gt_2ms
1,1225635697,1224335681,1224.335681,AUDIO_TIMER_LATE,0xffff,0x0000,,59887,59887,0,0,2158,0,0,0,,True,audio_timer_interval_gt_2ms
1,1225635697,1224337839,1224.337839,AUDIO_TIMER_LATE,0xffff,0x0000,,59887,59887,0,0,2158,0,0,0,,True,audio_timer_interval_gt_2ms
1,1225635697,1224340000,1224.340000,AUDIO_TIMER_LATE,0xffff,0x0000,,59887,59887,0,0,2161,0,0,0,,True,audio_timer_interval_gt_2ms
1,1225635697,1224342161,1224.342161,AUDIO_TIMER_LATE,0xffff,0x0000,,59887,59887,0,0,2161,0,0,0,,True,audio_timer_interval_gt_2ms
1,1225635697,1224344322,1224.344322,AUDIO_TIMER_LATE,0xffff,0x0000,,59887,59887,0,0,2161,0,0,0,,True,audio_timer_interval_gt_2ms
1,1225635697,1224345802,1224.345802,AUDIO_SDU_GENERATED,0xffff,0x0000,239,59888,59887,1,0,20002,0,0,0,,False,
1,1225635697,1224346483,1224.346483,AUDIO_TIMER_LATE,0xffff,0x0000,,59888,59887,1,0,2161,0,0,0,,True,audio_timer_interval_gt_2ms
1,1225635697,1224346492,1224.346492,AUDIO_BUSY_SET,0x0040,0x0041,239,59888,59888,0,1,0,2,0,0,busy_context=2,False,
1,1225635697,1224346495,1224.346495,AUDIO_CAN_SEND_NOW,0x0040,0x0041,239,59888,59888,0,1,2,0,0,0,,False,
1,1225635697,1224346768,1224.346768,AUDIO_PACKET_SENT,0x0040,0x0041,239,59888,59888,0,1,273,0,0,0,,False,
1,1225635697,1224346770,1224.346770,AUDIO_BUSY_CLEAR,0x0040,0x0041,239,59888,59888,0,0,279,3,0,0,busy_context=3,False,
1,1225635697,1224346773,1224.346773,AUDIO_L2CAP_SEND,0x0040,0x0041,239,59888,59888,0,1,0,0,161,0,sdu_size=161,False,
1,1225635697,1224346775,1224.346775,AUDIO_CAN_SEND_REQUESTED,0x0040,0x0041,239,59888,59888,0,1,0,0,0,0,,False,
1,1225635697,1224348927,1224.348927,AUDIO_TIMER_LATE,0xffff,0x0000,,59888,59887,1,0,2444,0,0,0,,True,audio_timer_interval_gt_2ms
1,1225635697,1224352242,1224.352242,AUDIO_TIMER_LATE,0xffff,0x0000,,59888,59888,0,0,2157,0,0,0,,True,audio_timer_interval_gt_2ms
1,1225635697,1224354400,1224.354400,AUDIO_TIMER_LATE,0xffff,0x0000,,59888,59888,0,0,2158,0,0,0,,True,audio_timer_interval_gt_2ms
1,1225635697,1224356558,1224.356558,AUDIO_TIMER_LATE,0xffff,0x0000,,59888,59888,0,0,2158,0,0,0,,True,audio_timer_interval_gt_2ms
1,1225635697,1224358719,1224.358719,AUDIO_TIMER_LATE,0xffff,0x0000,,59888,59888,0,0,2161,0,0,0,,True,audio_timer_interval_gt_2ms
1,1225635697,1224360881,1224.360881,AUDIO_TIMER_LATE,0xffff,0x0000,,59888,59888,0,0,2161,0,0,0,,True,audio_timer_interval_gt_2ms
1,1225635697,1224363042,1224.363042,AUDIO_TIMER_LATE,0xffff,0x0000,,59888,59888,0,0,2162,0,0,0,,True,audio_timer_interval_gt_2ms
1,1225635697,1224365203,1224.365203,AUDIO_TIMER_LATE,0xffff,0x0000,,59888,59888,0,0,2161,0,0,0,,True,audio_timer_interval_gt_2ms
1,1225635697,1224365801,1224.365801,AUDIO_SDU_GENERATED,0xffff,0x0000,240,59889,59888,1,0,20000,0,0,0,,False,
1,1225635697,1224367364,1224.367364,AUDIO_TIMER_LATE,0xffff,0x0000,,59889,59888,1,0,2161,0,0,0,,True,audio_timer_interval_gt_2ms
1,1225635697,1224367373,1224.367373,AUDIO_BUSY_SET,0x0040,0x0041,240,59889,59889,0,1,0,2,0,0,busy_context=2,False,
1,1225635697,1224367376,1224.367376,AUDIO_CAN_SEND_NOW,0x0040,0x0041,240,59889,59889,0,1,2,0,0,0,,False,
1,1225635697,1224367648,1224.367648,AUDIO_PACKET_SENT,0x0040,0x0041,240,59889,59889,0,1,272,0,0,0,,False,
1,1225635697,1224367651,1224.367651,AUDIO_BUSY_CLEAR,0x0040,0x0041,240,59889,59889,0,0,278,3,0,0,busy_context=3,False,
1,1225635697,1224367654,1224.367654,AUDIO_L2CAP_SEND,0x0040,0x0041,240,59889,59889,0,1,0,0,161,0,sdu_size=161,False,
1,1225635697,1224367655,1224.367655,AUDIO_CAN_SEND_REQUESTED,0x0040,0x0041,240,59889,59889,0,1,0,0,0,0,,False,
1,1225635697,1224369807,1224.369807,AUDIO_TIMER_LATE,0xffff,0x0000,,59889,59888,1,0,2443,0,0,0,,True,audio_timer_interval_gt_2ms
1,1225635697,1224371965,1224.371965,AUDIO_TIMER_LATE,0xffff,0x0000,,59889,59889,0,0,2158,0,0,0,,True,audio_timer_interval_gt_2ms
1,1225635697,1224375281,1224.375281,AUDIO_TIMER_LATE,0xffff,0x0000,,59889,59889,0,0,2157,0,0,0,,True,audio_timer_interval_gt_2ms
1,1225635697,1224377439,1224.377439,AUDIO_TIMER_LATE,0xffff,0x0000,,59889,59889,0,0,2158,0,0,0,,True,audio_timer_interval_gt_2ms
1,1225635697,1224379600,1224.379600,AUDIO_TIMER_LATE,0xffff,0x0000,,59889,59889,0,0,2161,0,0,0,,True,audio_timer_interval_gt_2ms
1,1225635697,1224381761,1224.381761,AUDIO_TIMER_LATE,0xffff,0x0000,,59889,59889,0,0,2161,0,0,0,,True,audio_timer_interval_gt_2ms
1,1225635697,1224383922,1224.383922,AUDIO_TIMER_LATE,0xffff,0x0000,,59889,59889,0,0,2161,0,0,0,,True,audio_timer_interval_gt_2ms
1,1225635697,1224385804,1224.385804,AUDIO_SDU_GENERATED,0xffff,0x0000,241,59890,59889,1,0,20002,0,0,0,,False,
1,1225635697,1224387243,1224.387243,AUDIO_TIMER_LATE,0xffff,0x0000,,59890,59889,1,0,2160,0,0,0,,True,audio_timer_interval_gt_2ms
1,1225635697,1224387252,1224.387252,AUDIO_BUSY_SET,0x0040,0x0041,241,59890,59890,0,1,0,2,0,0,busy_context=2,False,
1,1225635697,1224387255,1224.387255,AUDIO_CAN_SEND_NOW,0x0040,0x0041,241,59890,59890,0,1,2,0,0,0,,False,
1,1225635697,1224387527,1224.387527,AUDIO_PACKET_SENT,0x0040,0x0041,241,59890,59890,0,1,273,0,0,0,,False,
1,1225635697,1224387530,1224.387530,AUDIO_BUSY_CLEAR,0x0040,0x0041,241,59890,59890,0,0,278,3,0,0,busy_context=3,False,
1,1225635697,1224387533,1224.387533,AUDIO_L2CAP_SEND,0x0040,0x0041,241,59890,59890,0,1,0,0,161,0,sdu_size=161,False,
1,1225635697,1224387534,1224.387534,AUDIO_CAN_SEND_REQUESTED,0x0040,0x0041,241,59890,59890,0,1,0,0,0,0,,False,
1,1225635697,1224389686,1224.389686,AUDIO_TIMER_LATE,0xffff,0x0000,,59890,59889,1,0,2443,0,0,0,,True,audio_timer_interval_gt_2ms
1,1225635697,1224391844,1224.391844,AUDIO_TIMER_LATE,0xffff,0x0000,,59890,59890,0,0,2158,0,0,0,,True,audio_timer_interval_gt_2ms
1,1225635697,1224394002,1224.394002,AUDIO_TIMER_LATE,0xffff,0x0000,,59890,59890,0,0,2158,0,0,0,,True,audio_timer_interval_gt_2ms
1,1225635697,1224396160,1224.396160,AUDIO_TIMER_LATE,0xffff,0x0000,,59890,59890,0,0,2158,0,0,0,,True,audio_timer_interval_gt_2ms
1,1225635697,1224398318,1224.398318,AUDIO_TIMER_LATE,0xffff,0x0000,,59890,59890,0,0,2158,0,0,0,,True,audio_timer_interval_gt_2ms
1,1225635697,1224400480,1224.400480,AUDIO_TIMER_LATE,0xffff,0x0000,,59890,59890,0,0,2162,0,0,0,,True,audio_timer_interval_gt_2ms
1,1225635697,1224402642,1224.402642,AUDIO_TIMER_LATE,0xffff,0x0000,,59890,59890,0,0,2162,0,0,0,,True,audio_timer_interval_gt_2ms
1,1225635697,1224404803,1224.404803,AUDIO_TIMER_LATE,0xffff,0x0000,,59890,59890,0,0,2161,0,0,0,,True,audio_timer_interval_gt_2ms
1,1225635697,1224405803,1224.405803,AUDIO_SDU_GENERATED,0xffff,0x0000,242,59891,59890,1,0,19999,0,0,0,,False,
1,1225635697,1224406964,1224.406964,AUDIO_TIMER_LATE,0xffff,0x0000,,59891,59890,1,0,2161,0,0,0,,True,audio_timer_interval_gt_2ms
1,1225635697,1224406972,1224.406972,AUDIO_BUSY_SET,0x0040,0x0041,242,59891,59891,0,1,0,2,0,0,busy_context=2,False,
1,1225635697,1224406976,1224.406976,AUDIO_CAN_SEND_NOW,0x0040,0x0041,242,59891,59891,0,1,2,0,0,0,,False,
1,1225635697,1224407250,1224.407250,AUDIO_PACKET_SENT,0x0040,0x0041,242,59891,59891,0,1,274,0,0,0,,False,
1,1225635697,1224407252,1224.407252,AUDIO_BUSY_CLEAR,0x0040,0x0041,242,59891,59891,0,0,280,3,0,0,busy_context=3,False,
1,1225635697,1224407256,1224.407256,AUDIO_L2CAP_SEND,0x0040,0x0041,242,59891,59891,0,1,0,0,161,0,sdu_size=161,False,
1,1225635697,1224407258,1224.407258,AUDIO_CAN_SEND_REQUESTED,0x0040,0x0041,242,59891,59891,0,1,0,0,0,0,,False,
1,1225635697,1224410567,1224.410567,AUDIO_TIMER_LATE,0xffff,0x0000,,59891,59891,0,0,2157,0,0,0,,True,audio_timer_interval_gt_2ms
1,1225635697,1224412725,1224.412725,AUDIO_TIMER_LATE,0xffff,0x0000,,59891,59891,0,0,2158,0,0,0,,True,audio_timer_interval_gt_2ms
1,1225635697,1224414884,1224.414884,AUDIO_TIMER_LATE,0xffff,0x0000,,59891,59891,0,0,2159,0,0,0,,True,audio_timer_interval_gt_2ms
1,1225635697,1224417042,1224.417042,AUDIO_TIMER_LATE,0xffff,0x0000,,59891,59891,0,0,2158,0,0,0,,True,audio_timer_interval_gt_2ms
1,1225635697,1224419203,1224.419203,AUDIO_TIMER_LATE,0xffff,0x0000,,59891,59891,0,0,2161,0,0,0,,True,audio_timer_interval_gt_2ms
1,1225635697,1224421364,1224.421364,AUDIO_TIMER_LATE,0xffff,0x0000,,59891,59891,0,0,2161,0,0,0,,True,audio_timer_interval_gt_2ms
1,1225635697,1224423525,1224.423525,AUDIO_TIMER_LATE,0xffff,0x0000,,59891,59891,0,0,2161,0,0,0,,True,audio_timer_interval_gt_2ms
1,1225635697,1224425686,1224.425686,AUDIO_TIMER_LATE,0xffff,0x0000,,59891,59891,0,0,2161,0,0,0,,True,audio_timer_interval_gt_2ms
1,1225635697,1224425813,1224.425813,AUDIO_SDU_GENERATED,0xffff,0x0000,243,59892,59891,1,0,20010,0,0,0,,False,
1,1225635697,1224427847,1224.427847,AUDIO_TIMER_LATE,0xffff,0x0000,,59892,59891,1,0,2161,0,0,0,,True,audio_timer_interval_gt_2ms
1,1225635697,1224427856,1224.427856,AUDIO_BUSY_SET,0x0040,0x0041,243,59892,59892,0,1,0,2,0,0,busy_context=2,False,
1,1225635697,1224427860,1224.427860,AUDIO_CAN_SEND_NOW,0x0040,0x0041,243,59892,59892,0,1,2,0,0,0,,False,
1,1225635697,1224427866,1224.427866,AUDIO_L2CAP_SEND,0x0040,0x0041,243,59892,59892,0,1,0,0,161,0,sdu_size=161,False,
1,1225635697,1224427867,1224.427867,AUDIO_CAN_SEND_REQUESTED,0x0040,0x0041,243,59892,59892,0,1,0,0,0,0,,False,
1,1225635697,1224430019,1224.430019,AUDIO_TIMER_LATE,0xffff,0x0000,,59892,59891,1,1,2172,0,0,0,,True,audio_timer_interval_gt_2ms
1,1225635697,1224432177,1224.432177,AUDIO_TIMER_LATE,0xffff,0x0000,,59892,59892,0,1,2158,0,0,0,,True,audio_timer_interval_gt_2ms
1,1225635697,1224434335,1224.434335,AUDIO_TIMER_LATE,0xffff,0x0000,,59892,59892,0,1,2158,0,0,0,,True,audio_timer_interval_gt_2ms
1,1225635697,1224436493,1224.436493,AUDIO_TIMER_LATE,0xffff,0x0000,,59892,59892,0,1,2158,0,0,0,,True,audio_timer_interval_gt_2ms
1,1225635697,1224438651,1224.438651,AUDIO_TIMER_LATE,0xffff,0x0000,,59892,59892,0,1,2158,0,0,0,,True,audio_timer_interval_gt_2ms
1,1225635697,1224440813,1224.440813,AUDIO_TIMER_LATE,0xffff,0x0000,,59892,59892,0,1,2162,0,0,0,,True,audio_timer_interval_gt_2ms
1,1225635697,1224442974,1224.442974,AUDIO_TIMER_LATE,0xffff,0x0000,,59892,59892,0,1,2161,0,0,0,,True,audio_timer_interval_gt_2ms
1,1225635697,1224445802,1224.445802,AUDIO_SDU_GENERATED,0xffff,0x0000,244,59893,59892,1,1,19989,0,0,0,,False,
1,1225635697,1224446295,1224.446295,AUDIO_TIMER_LATE,0xffff,0x0000,,59893,59892,1,1,2160,0,0,0,,True,audio_timer_interval_gt_2ms
1,1225635697,1224448456,1224.448456,AUDIO_TIMER_LATE,0xffff,0x0000,,59893,59892,1,1,2161,0,0,0,,True,audio_timer_interval_gt_2ms
1,1225635697,1224450617,1224.450617,AUDIO_TIMER_LATE,0xffff,0x0000,,59893,59892,1,1,2161,0,0,0,,True,audio_timer_interval_gt_2ms
1,1225635697,1224452778,1224.452778,AUDIO_TIMER_LATE,0xffff,0x0000,,59893,59892,1,1,2161,0,0,0,,True,audio_timer_interval_gt_2ms
1,1225635697,1224454939,1224.454939,AUDIO_TIMER_LATE,0xffff,0x0000,,59893,59892,1,1,2161,0,0,0,,True,audio_timer_interval_gt_2ms
1,1225635697,1224454946,1224.454946,AUDIO_BUSY_STALL,0x0040,0x0041,243,59893,59892,1,1,27089,2,0,0,busy_context=2,True,audio_busy_gt_25ms
1,1225635697,1224458263,1224.458263,AUDIO_TIMER_LATE,0xffff,0x0000,,59893,59892,1,1,2161,0,0,0,,True,audio_timer_interval_gt_2ms
1,1225635697,1224460424,1224.460424,AUDIO_TIMER_LATE,0xffff,0x0000,,59893,59892,1,1,2161,0,0,0,,True,audio_timer_interval_gt_2ms
1,1225635697,1224462585,1224.462585,AUDIO_TIMER_LATE,0xffff,0x0000,,59893,59892,1,1,2161,0,0,0,,True,audio_timer_interval_gt_2ms
1,1225635697,1224464746,1224.464746,AUDIO_TIMER_LATE,0xffff,0x0000,,59893,59892,1,1,2161,0,0,0,,True,audio_timer_interval_gt_2ms
1,1225635697,1224465804,1224.465804,AUDIO_SDU_GENERATED,0xffff,0x0000,245,59894,59892,2,1,20002,0,0,0,,False,
1,1225635697,1224466907,1224.466907,AUDIO_TIMER_LATE,0xffff,0x0000,,59894,59892,2,1,2161,0,0,0,,True,audio_timer_interval_gt_2ms
1,1225635697,1224469068,1224.469068,AUDIO_TIMER_LATE,0xffff,0x0000,,59894,59892,2,1,2160,0,0,0,,True,audio_timer_interval_gt_2ms
1,1225635697,1224471228,1224.471228,AUDIO_TIMER_LATE,0xffff,0x0000,,59894,59892,2,1,2161,0,0,0,,True,audio_timer_interval_gt_2ms
1,1225635697,1224473389,1224.473389,AUDIO_TIMER_LATE,0xffff,0x0000,,59894,59892,2,1,2161,0,0,0,,True,audio_timer_interval_gt_2ms
1,1225635697,1224475550,1224.475550,AUDIO_TIMER_LATE,0xffff,0x0000,,59894,59892,2,1,2161,0,0,0,,True,audio_timer_interval_gt_2ms
1,1225635697,1224477711,1224.477711,AUDIO_TIMER_LATE,0xffff,0x0000,,59894,59892,2,1,2161,0,0,0,,True,audio_timer_interval_gt_2ms
1,1225635697,1224479873,1224.479873,AUDIO_TIMER_LATE,0xffff,0x0000,,59894,59892,2,1,2162,0,0,0,,True,audio_timer_interval_gt_2ms
1,1225635697,1224482034,1224.482034,AUDIO_TIMER_LATE,0xffff,0x0000,,59894,59892,2,1,2161,0,0,0,,True,audio_timer_interval_gt_2ms
1,1225635697,1224484195,1224.484195,AUDIO_TIMER_LATE,0xffff,0x0000,,59894,59892,2,1,2161,0,0,0,,True,audio_timer_interval_gt_2ms
1,1225635697,1224485801,1224.485801,AUDIO_SDU_GENERATED,0xffff,0x0000,246,59895,59892,3,1,19997,0,0,0,,False,
1,1225635697,1224486356,1224.486356,AUDIO_TIMER_LATE,0xffff,0x0000,,59895,59892,3,1,2161,0,0,0,,True,audio_timer_interval_gt_2ms
1,1225635697,1224488871,1224.488871,AUDIO_PACKET_SENT,0x0040,0x0041,243,59895,59892,3,1,61011,0,0,0,,True,packet_sent_wait_gt_25ms
1,1225635697,1224488873,1224.488873,AUDIO_BUSY_CLEAR,0x0040,0x0041,243,59895,59892,3,0,61017,3,0,0,busy_context=3,True,audio_busy_gt_25ms
1,1225635697,1224488951,1224.488951,AUDIO_TIMER_LATE,0xffff,0x0000,,59895,59892,3,0,2595,0,0,0,,True,audio_timer_interval_gt_2ms
1,1225635697,1224492454,1224.492454,AUDIO_TIMER_LATE,0xffff,0x0000,,59895,59895,0,0,2159,0,0,0,,True,audio_timer_interval_gt_2ms
1,1225635697,1224494615,1224.494615,AUDIO_TIMER_LATE,0xffff,0x0000,,59895,59895,0,0,2161,0,0,0,,True,audio_timer_interval_gt_2ms
1,1225635697,1224496776,1224.496776,AUDIO_TIMER_LATE,0xffff,0x0000,,59895,59895,0,0,2161,0,0,0,,True,audio_timer_interval_gt_2ms
1,1225635697,1224498937,1224.498937,AUDIO_TIMER_LATE,0xffff,0x0000,,59895,59895,0,0,2160,0,0,0,,True,audio_timer_interval_gt_2ms
1,1225635697,1224502256,1224.502256,AUDIO_TIMER_LATE,0xffff,0x0000,,59895,59895,0,0,2159,0,0,0,,True,audio_timer_interval_gt_2ms
1,1225635697,1224504417,1224.504417,AUDIO_TIMER_LATE,0xffff,0x0000,,59895,59895,0,0,2161,0,0,0,,True,audio_timer_interval_gt_2ms
1,1225635697,1224505801,1224.505801,AUDIO_SDU_GENERATED,0xffff,0x0000,247,59896,59896,0,0,20000,0,0,0,,False,
1,1225635697,1224506578,1224.506578,AUDIO_TIMER_LATE,0xffff,0x0000,,59896,59896,0,0,2161,0,0,0,,True,audio_timer_interval_gt_2ms
1,1225635697,1224508738,1224.508738,AUDIO_TIMER_LATE,0xffff,0x0000,,59896,59896,0,0,2160,0,0,0,,True,audio_timer_interval_gt_2ms
1,1225635697,1224510899,1224.510899,AUDIO_TIMER_LATE,0xffff,0x0000,,59896,59896,0,0,2161,0,0,0,,True,audio_timer_interval_gt_2ms
1,1225635697,1224513060,1224.513060,AUDIO_TIMER_LATE,0xffff,0x0000,,59896,59896,0,0,2161,0,0,0,,True,audio_timer_interval_gt_2ms
1,1225635697,1224515221,1224.515221,AUDIO_TIMER_LATE,0xffff,0x0000,,59896,59896,0,0,2161,0,0,0,,True,audio_timer_interval_gt_2ms
1,1225635697,1224517382,1224.517382,AUDIO_TIMER_LATE,0xffff,0x0000,,59896,59896,0,0,2161,0,0,0,,True,audio_timer_interval_gt_2ms
1,1225635697,1224519543,1224.519543,AUDIO_TIMER_LATE,0xffff,0x0000,,59896,59896,0,0,2161,0,0,0,,True,audio_timer_interval_gt_2ms
1,1225635697,1224521704,1224.521704,AUDIO_TIMER_LATE,0xffff,0x0000,,59896,59896,0,0,2161,0,0,0,,True,audio_timer_interval_gt_2ms
1,1225635697,1224523865,1224.523865,AUDIO_TIMER_LATE,0xffff,0x0000,,59896,59896,0,0,2161,0,0,0,,True,audio_timer_interval_gt_2ms
1,1225635697,1224525802,1224.525802,AUDIO_SDU_GENERATED,0xffff,0x0000,248,59897,59897,0,0,20001,0,0,0,,False,
1,1225635697,1224526026,1224.526026,AUDIO_TIMER_LATE,0xffff,0x0000,,59897,59897,0,0,2161,0,0,0,,True,audio_timer_interval_gt_2ms
1,1225635697,1224528187,1224.528187,AUDIO_TIMER_LATE,0xffff,0x0000,,59897,59897,0,0,2161,0,0,0,,True,audio_timer_interval_gt_2ms
1,1225635697,1224530920,1224.530920,AUDIO_TIMER_LATE,0xffff,0x0000,,59897,59897,0,0,2733,0,0,0,,True,audio_timer_interval_gt_2ms
1,1225635697,1224534240,1224.534240,AUDIO_TIMER_LATE,0xffff,0x0000,,59897,59897,0,0,2160,0,0,0,,True,audio_timer_interval_gt_2ms
1,1225635697,1224536401,1224.536401,AUDIO_TIMER_LATE,0xffff,0x0000,,59897,59897,0,0,2161,0,0,0,,True,audio_timer_interval_gt_2ms
1,1225635697,1224538562,1224.538562,AUDIO_TIMER_LATE,0xffff,0x0000,,59897,59897,0,0,2161,0,0,0,,True,audio_timer_interval_gt_2ms
1,1225635697,1224540723,1224.540723,AUDIO_TIMER_LATE,0xffff,0x0000,,59897,59897,0,0,2161,0,0,0,,True,audio_timer_interval_gt_2ms
1,1225635697,1224542884,1224.542884,AUDIO_TIMER_LATE,0xffff,0x0000,,59897,59897,0,0,2161,0,0,0,,True,audio_timer_interval_gt_2ms
1,1225635697,1224545045,1224.545045,AUDIO_TIMER_LATE,0xffff,0x0000,,59897,59897,0,0,2161,0,0,0,,True,audio_timer_interval_gt_2ms
1,1225635697,1224545803,1224.545803,AUDIO_SDU_GENERATED,0xffff,0x0000,249,59898,59898,0,0,20002,0,0,0,,False,
1,1225635697,1224547206,1224.547206,AUDIO_TIMER_LATE,0xffff,0x0000,,59898,59898,0,0,2161,0,0,0,,True,audio_timer_interval_gt_2ms
1,1225635697,1224549367,1224.549367,AUDIO_TIMER_LATE,0xffff,0x0000,,59898,59898,0,0,2161,0,0,0,,True,audio_timer_interval_gt_2ms
1,1225635697,1224551528,1224.551528,AUDIO_TIMER_LATE,0xffff,0x0000,,59898,59898,0,0,2161,0,0,0,,True,audio_timer_interval_gt_2ms
1,1225635697,1224553689,1224.553689,AUDIO_TIMER_LATE,0xffff,0x0000,,59898,59898,0,0,2161,0,0,0,,True,audio_timer_interval_gt_2ms
1,1225635697,1224555850,1224.555850,AUDIO_TIMER_LATE,0xffff,0x0000,,59898,59898,0,0,2161,0,0,0,,True,audio_timer_interval_gt_2ms
1,1225635697,1224558010,1224.558010,AUDIO_TIMER_LATE,0xffff,0x0000,,59898,59898,0,0,2159,0,0,0,,True,audio_timer_interval_gt_2ms
1,1225635697,1224560171,1224.560171,AUDIO_TIMER_LATE,0xffff,0x0000,,59898,59898,0,0,2162,0,0,0,,True,audio_timer_interval_gt_2ms
1,1225635697,1224562332,1224.562332,AUDIO_TIMER_LATE,0xffff,0x0000,,59898,59898,0,0,2161,0,0,0,,True,audio_timer_interval_gt_2ms
1,1225635697,1224564493,1224.564493,AUDIO_TIMER_LATE,0xffff,0x0000,,59898,59898,0,0,2161,0,0,0,,True,audio_timer_interval_gt_2ms
1,1225635697,1224565799,1224.565799,AUDIO_SDU_GENERATED,0xffff,0x0000,250,59899,59899,0,0,19995,0,0,0,,False,
1,1225635697,1224566654,1224.566654,AUDIO_TIMER_LATE,0xffff,0x0000,,59899,59899,0,0,2161,0,0,0,,True,audio_timer_interval_gt_2ms
1,1225635697,1224568680,1224.568680,AUDIO_TIMER_LATE,0xffff,0x0000,,59899,59899,0,0,2026,0,0,0,,True,audio_timer_interval_gt_2ms
1,1225635697,1224570706,1224.570706,AUDIO_TIMER_LATE,0xffff,0x0000,,59899,59899,0,0,2026,0,0,0,,True,audio_timer_interval_gt_2ms
1,1225635697,1224572867,1224.572867,AUDIO_TIMER_LATE,0xffff,0x0000,,59899,59899,0,0,2161,0,0,0,,True,audio_timer_interval_gt_2ms
1,1225635697,1224575027,1224.575027,AUDIO_TIMER_LATE,0xffff,0x0000,,59899,59899,0,0,2160,0,0,0,,True,audio_timer_interval_gt_2ms
1,1225635697,1224577187,1224.577187,AUDIO_TIMER_LATE,0xffff,0x0000,,59899,59899,0,0,2160,0,0,0,,True,audio_timer_interval_gt_2ms
1,1225635697,1224579347,1224.579347,AUDIO_TIMER_LATE,0xffff,0x0000,,59899,59899,0,0,2160,0,0,0,,True,audio_timer_interval_gt_2ms
1,1225635697,1224581507,1224.581507,AUDIO_TIMER_LATE,0xffff,0x0000,,59899,59899,0,0,2160,0,0,0,,True,audio_timer_interval_gt_2ms
1,1225635697,1224583667,1224.583667,AUDIO_TIMER_LATE,0xffff,0x0000,,59899,59899,0,0,2160,0,0,0,,True,audio_timer_interval_gt_2ms
1,1225635697,1224585802,1224.585802,AUDIO_SDU_GENERATED,0xffff,0x0000,251,59900,59900,0,0,20003,0,0,0,,False,
1,1225635697,1224585827,1224.585827,AUDIO_TIMER_LATE,0xffff,0x0000,,59900,59900,0,0,2160,0,0,0,,True,audio_timer_interval_gt_2ms
1,1225635697,1224587987,1224.587987,AUDIO_TIMER_LATE,0xffff,0x0000,,59900,59900,0,0,2160,0,0,0,,True,audio_timer_interval_gt_2ms
1,1225635697,1224591330,1224.591330,AUDIO_TIMER_LATE,0xffff,0x0000,,59900,59900,0,0,2166,0,0,0,,True,audio_timer_interval_gt_2ms
1,1225635697,1224593490,1224.593490,AUDIO_TIMER_LATE,0xffff,0x0000,,59900,59900,0,0,2160,0,0,0,,True,audio_timer_interval_gt_2ms
1,1225635697,1224595651,1224.595651,AUDIO_TIMER_LATE,0xffff,0x0000,,59900,59900,0,0,2161,0,0,0,,True,audio_timer_interval_gt_2ms
1,1225635697,1224597812,1224.597812,AUDIO_TIMER_LATE,0xffff,0x0000,,59900,59900,0,0,2161,0,0,0,,True,audio_timer_interval_gt_2ms
1,1225635697,1224599973,1224.599973,AUDIO_TIMER_LATE,0xffff,0x0000,,59900,59900,0,0,2161,0,0,0,,True,audio_timer_interval_gt_2ms
1,1225635697,1224603293,1224.603293,AUDIO_TIMER_LATE,0xffff,0x0000,,59900,59900,0,0,2159,0,0,0,,True,audio_timer_interval_gt_2ms
1,1225635697,1224605453,1224.605453,AUDIO_TIMER_LATE,0xffff,0x0000,,59900,59900,0,0,2160,0,0,0,,True,audio_timer_interval_gt_2ms
1,1225635697,1224605803,1224.605803,AUDIO_SDU_GENERATED,0xffff,0x0000,252,59901,59901,0,0,20001,0,0,0,,False,
1,1225635697,1224607613,1224.607613,AUDIO_TIMER_LATE,0xffff,0x0000,,59901,59901,0,0,2160,0,0,0,,True,audio_timer_interval_gt_2ms
1,1225635697,1224611293,1224.611293,AUDIO_TIMER_LATE,0xffff,0x0000,,59901,59901,0,0,2161,0,0,0,,True,audio_timer_interval_gt_2ms
1,1225635697,1224613453,1224.613453,AUDIO_TIMER_LATE,0xffff,0x0000,,59901,59901,0,0,2161,0,0,0,,True,audio_timer_interval_gt_2ms
1,1225635697,1224615613,1224.615613,AUDIO_TIMER_LATE,0xffff,0x0000,,59901,59901,0,0,2160,0,0,0,,True,audio_timer_interval_gt_2ms
1,1225635697,1224617773,1224.617773,AUDIO_TIMER_LATE,0xffff,0x0000,,59901,59901,0,0,2160,0,0,0,,True,audio_timer_interval_gt_2ms
1,1225635697,1224619933,1224.619933,AUDIO_TIMER_LATE,0xffff,0x0000,,59901,59901,0,0,2160,0,0,0,,True,audio_timer_interval_gt_2ms
1,1225635697,1224623252,1224.623252,AUDIO_TIMER_LATE,0xffff,0x0000,,59901,59901,0,0,2159,0,0,0,,True,audio_timer_interval_gt_2ms
1,1225635697,1224625412,1224.625412,AUDIO_TIMER_LATE,0xffff,0x0000,,59901,59901,0,0,2160,0,0,0,,True,audio_timer_interval_gt_2ms
1,1225635697,1224625807,1224.625807,AUDIO_SDU_GENERATED,0xffff,0x0000,253,59902,59902,0,0,20004,0,0,0,,False,
1,1225635697,1224627573,1224.627573,AUDIO_TIMER_LATE,0xffff,0x0000,,59902,59902,0,0,2161,0,0,0,,True,audio_timer_interval_gt_2ms
1,1225635697,1224629734,1224.629734,AUDIO_TIMER_LATE,0xffff,0x0000,,59902,59902,0,0,2161,0,0,0,,True,audio_timer_interval_gt_2ms
1,1225635697,1224631894,1224.631894,AUDIO_TIMER_LATE,0xffff,0x0000,,59902,59902,0,0,2160,0,0,0,,True,audio_timer_interval_gt_2ms
1,1225635697,1224634054,1224.634054,AUDIO_TIMER_LATE,0xffff,0x0000,,59902,59902,0,0,2160,0,0,0,,True,audio_timer_interval_gt_2ms
1,1225635697,1224636215,1224.636215,AUDIO_TIMER_LATE,0xffff,0x0000,,59902,59902,0,0,2161,0,0,0,,True,audio_timer_interval_gt_2ms
1,1225635697,1224638375,1224.638375,AUDIO_TIMER_LATE,0xffff,0x0000,,59902,59902,0,0,2160,0,0,0,,True,audio_timer_interval_gt_2ms
1,1225635697,1224640535,1224.640535,AUDIO_TIMER_LATE,0xffff,0x0000,,59902,59902,0,0,2160,0,0,0,,True,audio_timer_interval_gt_2ms
1,1225635697,1224642695,1224.642695,AUDIO_TIMER_LATE,0xffff,0x0000,,59902,59902,0,0,2160,0,0,0,,True,audio_timer_interval_gt_2ms
1,1225635697,1224644856,1224.644856,AUDIO_TIMER_LATE,0xffff,0x0000,,59902,59902,0,0,2161,0,0,0,,True,audio_timer_interval_gt_2ms
1,1225635697,1224645800,1224.645800,AUDIO_SDU_GENERATED,0xffff,0x0000,254,59903,59903,0,0,19994,0,0,0,,False,
1,1225635697,1224647017,1224.647017,AUDIO_TIMER_LATE,0xffff,0x0000,,59903,59903,0,0,2161,0,0,0,,True,audio_timer_interval_gt_2ms
1,1225635697,1224649178,1224.649178,AUDIO_TIMER_LATE,0xffff,0x0000,,59903,59903,0,0,2161,0,0,0,,True,audio_timer_interval_gt_2ms
1,1225635697,1224651338,1224.651338,AUDIO_TIMER_LATE,0xffff,0x0000,,59903,59903,0,0,2160,0,0,0,,True,audio_timer_interval_gt_2ms
1,1225635697,1224653498,1224.653498,AUDIO_TIMER_LATE,0xffff,0x0000,,59903,59903,0,0,2160,0,0,0,,True,audio_timer_interval_gt_2ms
1,1225635697,1224655658,1224.655658,AUDIO_TIMER_LATE,0xffff,0x0000,,59903,59903,0,0,2160,0,0,0,,True,audio_timer_interval_gt_2ms
1,1225635697,1224657819,1224.657819,AUDIO_TIMER_LATE,0xffff,0x0000,,59903,59903,0,0,2161,0,0,0,,True,audio_timer_interval_gt_2ms
1,1225635697,1224659979,1224.659979,AUDIO_TIMER_LATE,0xffff,0x0000,,59903,59903,0,0,2160,0,0,0,,True,audio_timer_interval_gt_2ms
1,1225635697,1224663298,1224.663298,AUDIO_TIMER_LATE,0xffff,0x0000,,59903,59903,0,0,2159,0,0,0,,True,audio_timer_interval_gt_2ms
1,1225635697,1224665459,1224.665459,AUDIO_TIMER_LATE,0xffff,0x0000,,59903,59903,0,0,2161,0,0,0,,True,audio_timer_interval_gt_2ms
1,1225635697,1224665802,1224.665802,AUDIO_SDU_GENERATED,0xffff,0x0000,,59904,59904,0,0,20001,0,0,0,,False,
1,1225635697,1224667619,1224.667619,AUDIO_TIMER_LATE,0xffff,0x0000,,59904,59904,0,0,2160,0,0,0,,True,audio_timer_interval_gt_2ms
1,1225635697,1224669779,1224.669779,AUDIO_TIMER_LATE,0xffff,0x0000,,59904,59904,0,0,2160,0,0,0,,True,audio_timer_interval_gt_2ms
1,1225635697,1224671940,1224.671940,AUDIO_TIMER_LATE,0xffff,0x0000,,59904,59904,0,0,2161,0,0,0,,True,audio_timer_interval_gt_2ms
1,1225635697,1224675259,1224.675259,AUDIO_TIMER_LATE,0xffff,0x0000,,59904,59904,0,0,2159,0,0,0,,True,audio_timer_interval_gt_2ms
1,1225635697,1224677420,1224.677420,AUDIO_TIMER_LATE,0xffff,0x0000,,59904,59904,0,0,2161,0,0,0,,True,audio_timer_interval_gt_2ms
1,1225635697,1224679580,1224.679580,AUDIO_TIMER_LATE,0xffff,0x0000,,59904,59904,0,0,2160,0,0,0,,True,audio_timer_interval_gt_2ms
1,1225635697,1224681740,1224.681740,AUDIO_TIMER_LATE,0xffff,0x0000,,59904,59904,0,0,2160,0,0,0,,True,audio_timer_interval_gt_2ms
1,1225635697,1224683900,1224.683900,AUDIO_TIMER_LATE,0xffff,0x0000,,59904,59904,0,0,2160,0,0,0,,True,audio_timer_interval_gt_2ms
1,1225635697,1224685801,1224.685801,AUDIO_SDU_GENERATED,0xffff,0x0000,0,59905,59905,0,0,19999,0,0,0,,False,
1,1225635697,1224686062,1224.686062,AUDIO_TIMER_LATE,0xffff,0x0000,,59905,59905,0,0,2162,0,0,0,,True,audio_timer_interval_gt_2ms
1,1225635697,1224688222,1224.688222,AUDIO_TIMER_LATE,0xffff,0x0000,,59905,59905,0,0,2160,0,0,0,,True,audio_timer_interval_gt_2ms
1,1225635697,1224690382,1224.690382,AUDIO_TIMER_LATE,0xffff,0x0000,,59905,59905,0,0,2160,0,0,0,,True,audio_timer_interval_gt_2ms
1,1225635697,1224692542,1224.692542,AUDIO_TIMER_LATE,0xffff,0x0000,,59905,59905,0,0,2160,0,0,0,,True,audio_timer_interval_gt_2ms
1,1225635697,1224694702,1224.694702,AUDIO_TIMER_LATE,0xffff,0x0000,,59905,59905,0,0,2160,0,0,0,,True,audio_timer_interval_gt_2ms
1,1225635697,1224696862,1224.696862,AUDIO_TIMER_LATE,0xffff,0x0000,,59905,59905,0,0,2160,0,0,0,,True,audio_timer_interval_gt_2ms
1,1225635697,1224699022,1224.699022,AUDIO_TIMER_LATE,0xffff,0x0000,,59905,59905,0,0,2160,0,0,0,,True,audio_timer_interval_gt_2ms
1,1225635697,1224701182,1224.701182,AUDIO_TIMER_LATE,0xffff,0x0000,,59905,59905,0,0,2160,0,0,0,,True,audio_timer_interval_gt_2ms
1,1225635697,1224703342,1224.703342,AUDIO_TIMER_LATE,0xffff,0x0000,,59905,59905,0,0,2160,0,0,0,,True,audio_timer_interval_gt_2ms
1,1225635697,1224705502,1224.705502,AUDIO_TIMER_LATE,0xffff,0x0000,,59905,59905,0,0,2160,0,0,0,,True,audio_timer_interval_gt_2ms
1,1225635697,1224705803,1224.705803,AUDIO_SDU_GENERATED,0xffff,0x0000,1,59906,59906,0,0,20002,0,0,0,,False,
1,1225635697,1224707662,1224.707662,AUDIO_TIMER_LATE,0xffff,0x0000,,59906,59906,0,0,2160,0,0,0,,True,audio_timer_interval_gt_2ms
1,1225635697,1224709823,1224.709823,AUDIO_TIMER_LATE,0xffff,0x0000,,59906,59906,0,0,2161,0,0,0,,True,audio_timer_interval_gt_2ms
1,1225635697,1224711984,1224.711984,AUDIO_TIMER_LATE,0xffff,0x0000,,59906,59906,0,0,2161,0,0,0,,True,audio_timer_interval_gt_2ms
1,1225635697,1224715303,1224.715303,AUDIO_TIMER_LATE,0xffff,0x0000,,59906,59906,0,0,2159,0,0,0,,True,audio_timer_interval_gt_2ms
1,1225635697,1224717464,1224.717464,AUDIO_TIMER_LATE,0xffff,0x0000,,59906,59906,0,0,2161,0,0,0,,True,audio_timer_interval_gt_2ms
1,1225635697,1224719624,1224.719624,AUDIO_TIMER_LATE,0xffff,0x0000,,59906,59906,0,0,2160,0,0,0,,True,audio_timer_interval_gt_2ms
1,1225635697,1224721784,1224.721784,AUDIO_TIMER_LATE,0xffff,0x0000,,59906,59906,0,0,2160,0,0,0,,True,audio_timer_interval_gt_2ms
1,1225635697,1224723945,1224.723945,AUDIO_TIMER_LATE,0xffff,0x0000,,59906,59906,0,0,2161,0,0,0,,True,audio_timer_interval_gt_2ms
1,1225635697,1224725803,1224.725803,AUDIO_SDU_GENERATED,0xffff,0x0000,2,59907,59907,0,0,20001,0,0,0,,False,
1,1225635697,1224727265,1224.727265,AUDIO_TIMER_LATE,0xffff,0x0000,,59907,59907,0,0,2160,0,0,0,,True,audio_timer_interval_gt_2ms
1,1225635697,1224729426,1224.729426,AUDIO_TIMER_LATE,0xffff,0x0000,,59907,59907,0,0,2161,0,0,0,,True,audio_timer_interval_gt_2ms
1,1225635697,1224731587,1224.731587,AUDIO_TIMER_LATE,0xffff,0x0000,,59907,59907,0,0,2161,0,0,0,,True,audio_timer_interval_gt_2ms
1,1225635697,1224733747,1224.733747,AUDIO_TIMER_LATE,0xffff,0x0000,,59907,59907,0,0,2160,0,0,0,,True,audio_timer_interval_gt_2ms
1,1225635697,1224735908,1224.735908,AUDIO_TIMER_LATE,0xffff,0x0000,,59907,59907,0,0,2161,0,0,0,,True,audio_timer_interval_gt_2ms
1,1225635697,1224739227,1224.739227,AUDIO_TIMER_LATE,0xffff,0x0000,,59907,59907,0,0,2159,0,0,0,,True,audio_timer_interval_gt_2ms
1,1225635697,1224741388,1224.741388,AUDIO_TIMER_LATE,0xffff,0x0000,,59907,59907,0,0,2161,0,0,0,,True,audio_timer_interval_gt_2ms
1,1225635697,1224743548,1224.743548,AUDIO_TIMER_LATE,0xffff,0x0000,,59907,59907,0,0,2160,0,0,0,,True,audio_timer_interval_gt_2ms
1,1225635697,1224745708,1224.745708,AUDIO_TIMER_LATE,0xffff,0x0000,,59907,59907,0,0,2160,0,0,0,,True,audio_timer_interval_gt_2ms
1,1225635697,1224745827,1224.745827,AUDIO_SDU_GENERATED,0xffff,0x0000,3,59908,59908,0,0,20023,0,0,0,,False,
1,1225635697,1224747869,1224.747869,AUDIO_TIMER_LATE,0xffff,0x0000,,59908,59908,0,0,2161,0,0,0,,True,audio_timer_interval_gt_2ms
1,1225635697,1224750029,1224.750029,AUDIO_TIMER_LATE,0xffff,0x0000,,59908,59908,0,0,2160,0,0,0,,True,audio_timer_interval_gt_2ms
1,1225635697,1224752189,1224.752189,AUDIO_TIMER_LATE,0xffff,0x0000,,59908,59908,0,0,2160,0,0,0,,True,audio_timer_interval_gt_2ms
1,1225635697,1224754349,1224.754349,AUDIO_TIMER_LATE,0xffff,0x0000,,59908,59908,0,0,2160,0,0,0,,True,audio_timer_interval_gt_2ms
1,1225635697,1224756509,1224.756509,AUDIO_TIMER_LATE,0xffff,0x0000,,59908,59908,0,0,2160,0,0,0,,True,audio_timer_interval_gt_2ms
1,1225635697,1224758670,1224.758670,AUDIO_TIMER_LATE,0xffff,0x0000,,59908,59908,0,0,2160,0,0,0,,True,audio_timer_interval_gt_2ms
1,1225635697,1224760830,1224.760830,AUDIO_TIMER_LATE,0xffff,0x0000,,59908,59908,0,0,2161,0,0,0,,True,audio_timer_interval_gt_2ms
1,1225635697,1224762990,1224.762990,AUDIO_TIMER_LATE,0xffff,0x0000,,59908,59908,0,0,2160,0,0,0,,True,audio_timer_interval_gt_2ms
1,1225635697,1224765802,1224.765802,AUDIO_SDU_GENERATED,0xffff,0x0000,4,59909,59909,0,0,19975,0,0,0,,False,
1,1225635697,1224766309,1224.766309,AUDIO_TIMER_LATE,0xffff,0x0000,,59909,59909,0,0,2159,0,0,0,,True,audio_timer_interval_gt_2ms
1,1225635697,1224768469,1224.768469,AUDIO_TIMER_LATE,0xffff,0x0000,,59909,59909,0,0,2160,0,0,0,,True,audio_timer_interval_gt_2ms
1,1225635697,1224770629,1224.770629,AUDIO_TIMER_LATE,0xffff,0x0000,,59909,59909,0,0,2159,0,0,0,,True,audio_timer_interval_gt_2ms
1,1225635697,1224772789,1224.772789,AUDIO_TIMER_LATE,0xffff,0x0000,,59909,59909,0,0,2161,0,0,0,,True,audio_timer_interval_gt_2ms
1,1225635697,1224774950,1224.774950,AUDIO_TIMER_LATE,0xffff,0x0000,,59909,59909,0,0,2161,0,0,0,,True,audio_timer_interval_gt_2ms
1,1225635697,1224778270,1224.778270,AUDIO_TIMER_LATE,0xffff,0x0000,,59909,59909,0,0,2159,0,0,0,,True,audio_timer_interval_gt_2ms
1,1225635697,1224780430,1224.780430,AUDIO_TIMER_LATE,0xffff,0x0000,,59909,59909,0,0,2160,0,0,0,,True,audio_timer_interval_gt_2ms
1,1225635697,1224782591,1224.782591,AUDIO_TIMER_LATE,0xffff,0x0000,,59909,59909,0,0,2161,0,0,0,,True,audio_timer_interval_gt_2ms
1,1225635697,1224784751,1224.784751,AUDIO_TIMER_LATE,0xffff,0x0000,,59909,59909,0,0,2160,0,0,0,,True,audio_timer_interval_gt_2ms
1,1225635697,1224785801,1224.785801,AUDIO_SDU_GENERATED,0xffff,0x0000,5,59910,59910,0,0,19999,0,0,0,,False,
1,1225635697,1224786911,1224.786911,AUDIO_TIMER_LATE,0xffff,0x0000,,59910,59910,0,0,2160,0,0,0,,True,audio_timer_interval_gt_2ms
1,1225635697,1224790231,1224.790231,AUDIO_TIMER_LATE,0xffff,0x0000,,59910,59910,0,0,2159,0,0,0,,True,audio_timer_interval_gt_2ms
1,1225635697,1224792392,1224.792392,AUDIO_TIMER_LATE,0xffff,0x0000,,59910,59910,0,0,2160,0,0,0,,True,audio_timer_interval_gt_2ms
1,1225635697,1224794552,1224.794552,AUDIO_TIMER_LATE,0xffff,0x0000,,59910,59910,0,0,2161,0,0,0,,True,audio_timer_interval_gt_2ms
1,1225635697,1224796712,1224.796712,AUDIO_TIMER_LATE,0xffff,0x0000,,59910,59910,0,0,2160,0,0,0,,True,audio_timer_interval_gt_2ms
1,1225635697,1224798873,1224.798873,AUDIO_TIMER_LATE,0xffff,0x0000,,59910,59910,0,0,2161,0,0,0,,True,audio_timer_interval_gt_2ms
1,1225635697,1224801033,1224.801033,AUDIO_TIMER_LATE,0xffff,0x0000,,59910,59910,0,0,2160,0,0,0,,True,audio_timer_interval_gt_2ms
1,1225635697,1224803194,1224.803194,AUDIO_TIMER_LATE,0xffff,0x0000,,59910,59910,0,0,2161,0,0,0,,True,audio_timer_interval_gt_2ms
1,1225635697,1224805355,1224.805355,AUDIO_TIMER_LATE,0xffff,0x0000,,59910,59910,0,0,2161,0,0,0,,True,audio_timer_interval_gt_2ms
1,1225635697,1224805801,1224.805801,AUDIO_SDU_GENERATED,0xffff,0x0000,6,59911,59911,0,0,20000,0,0,0,,False,
1,1225635697,1224807516,1224.807516,AUDIO_TIMER_LATE,0xffff,0x0000,,59911,59911,0,0,2161,0,0,0,,True,audio_timer_interval_gt_2ms
1,1225635697,1224809676,1224.809676,AUDIO_TIMER_LATE,0xffff,0x0000,,59911,59911,0,0,2160,0,0,0,,True,audio_timer_interval_gt_2ms
1,1225635697,1224811836,1224.811836,AUDIO_TIMER_LATE,0xffff,0x0000,,59911,59911,0,0,2160,0,0,0,,True,audio_timer_interval_gt_2ms
1,1225635697,1224813997,1224.813997,AUDIO_TIMER_LATE,0xffff,0x0000,,59911,59911,0,0,2161,0,0,0,,True,audio_timer_interval_gt_2ms
1,1225635697,1224817317,1224.817317,AUDIO_TIMER_LATE,0xffff,0x0000,,59911,59911,0,0,2159,0,0,0,,True,audio_timer_interval_gt_2ms
1,1225635697,1224819477,1224.819477,AUDIO_TIMER_LATE,0xffff,0x0000,,59911,59911,0,0,2160,0,0,0,,True,audio_timer_interval_gt_2ms
1,1225635697,1224821638,1224.821638,AUDIO_TIMER_LATE,0xffff,0x0000,,59911,59911,0,0,2161,0,0,0,,True,audio_timer_interval_gt_2ms
1,1225635697,1224823798,1224.823798,AUDIO_TIMER_LATE,0xffff,0x0000,,59911,59911,0,0,2160,0,0,0,,True,audio_timer_interval_gt_2ms
1,1225635697,1224825801,1224.825801,AUDIO_SDU_GENERATED,0xffff,0x0000,7,59912,59912,0,0,20000,0,0,0,,False,
1,1225635697,1224825959,1224.825959,AUDIO_TIMER_LATE,0xffff,0x0000,,59912,59912,0,0,2161,0,0,0,,True,audio_timer_interval_gt_2ms
1,1225635697,1224829278,1224.829278,AUDIO_TIMER_LATE,0xffff,0x0000,,59912,59912,0,0,2159,0,0,0,,True,audio_timer_interval_gt_2ms
1,1225635697,1224831439,1224.831439,AUDIO_TIMER_LATE,0xffff,0x0000,,59912,59912,0,0,2161,0,0,0,,True,audio_timer_interval_gt_2ms
1,1225635697,1224833599,1224.833599,AUDIO_TIMER_LATE,0xffff,0x0000,,59912,59912,0,0,2160,0,0,0,,True,audio_timer_interval_gt_2ms
1,1225635697,1224835759,1224.835759,AUDIO_TIMER_LATE,0xffff,0x0000,,59912,59912,0,0,2160,0,0,0,,True,audio_timer_interval_gt_2ms
1,1225635697,1224837920,1224.837920,AUDIO_TIMER_LATE,0xffff,0x0000,,59912,59912,0,0,2161,0,0,0,,True,audio_timer_interval_gt_2ms
1,1225635697,1224841239,1224.841239,AUDIO_TIMER_LATE,0xffff,0x0000,,59912,59912,0,0,2159,0,0,0,,True,audio_timer_interval_gt_2ms
1,1225635697,1224843462,1224.843462,AUDIO_TIMER_LATE,0xffff,0x0000,,59912,59912,0,0,2223,0,0,0,,True,audio_timer_interval_gt_2ms
1,1225635697,1224845622,1224.845622,AUDIO_TIMER_LATE,0xffff,0x0000,,59912,59912,0,0,2160,0,0,0,,True,audio_timer_interval_gt_2ms
1,1225635697,1224845806,1224.845806,AUDIO_SDU_GENERATED,0xffff,0x0000,8,59913,59913,0,0,20005,0,0,0,,False,
1,1225635697,1224847783,1224.847783,AUDIO_TIMER_LATE,0xffff,0x0000,,59913,59913,0,0,2161,0,0,0,,True,audio_timer_interval_gt_2ms
1,1225635697,1224849944,1224.849944,AUDIO_TIMER_LATE,0xffff,0x0000,,59913,59913,0,0,2161,0,0,0,,True,audio_timer_interval_gt_2ms
1,1225635697,1224853264,1224.853264,AUDIO_TIMER_LATE,0xffff,0x0000,,59913,59913,0,0,2159,0,0,0,,True,audio_timer_interval_gt_2ms
1,1225635697,1224855425,1224.855425,AUDIO_TIMER_LATE,0xffff,0x0000,,59913,59913,0,0,2161,0,0,0,,True,audio_timer_interval_gt_2ms
1,1225635697,1224857585,1224.857585,AUDIO_TIMER_LATE,0xffff,0x0000,,59913,59913,0,0,2160,0,0,0,,True,audio_timer_interval_gt_2ms
1,1225635697,1224859746,1224.859746,AUDIO_TIMER_LATE,0xffff,0x0000,,59913,59913,0,0,2161,0,0,0,,True,audio_timer_interval_gt_2ms
1,1225635697,1224861907,1224.861907,AUDIO_TIMER_LATE,0xffff,0x0000,,59913,59913,0,0,2161,0,0,0,,True,audio_timer_interval_gt_2ms
1,1225635697,1224864067,1224.864067,AUDIO_TIMER_LATE,0xffff,0x0000,,59913,59913,0,0,2160,0,0,0,,True,audio_timer_interval_gt_2ms
1,1225635697,1224865801,1224.865801,AUDIO_SDU_GENERATED,0xffff,0x0000,9,59914,59914,0,0,19995,0,0,0,,False,
1,1225635697,1224866228,1224.866228,AUDIO_TIMER_LATE,0xffff,0x0000,,59914,59914,0,0,2161,0,0,0,,True,audio_timer_interval_gt_2ms
1,1225635697,1224868388,1224.868388,AUDIO_TIMER_LATE,0xffff,0x0000,,59914,59914,0,0,2160,0,0,0,,True,audio_timer_interval_gt_2ms
1,1225635697,1224870548,1224.870548,AUDIO_TIMER_LATE,0xffff,0x0000,,59914,59914,0,0,2160,0,0,0,,True,audio_timer_interval_gt_2ms
1,1225635697,1224872708,1224.872708,AUDIO_TIMER_LATE,0xffff,0x0000,,59914,59914,0,0,2160,0,0,0,,True,audio_timer_interval_gt_2ms
1,1225635697,1224874869,1224.874869,AUDIO_TIMER_LATE,0xffff,0x0000,,59914,59914,0,0,2161,0,0,0,,True,audio_timer_interval_gt_2ms
1,1225635697,1224877030,1224.877030,AUDIO_TIMER_LATE,0xffff,0x0000,,59914,59914,0,0,2161,0,0,0,,True,audio_timer_interval_gt_2ms
1,1225635697,1224879191,1224.879191,AUDIO_TIMER_LATE,0xffff,0x0000,,59914,59914,0,0,2161,0,0,0,,True,audio_timer_interval_gt_2ms
1,1225635697,1224881352,1224.881352,AUDIO_TIMER_LATE,0xffff,0x0000,,59914,59914,0,0,2161,0,0,0,,True,audio_timer_interval_gt_2ms
1,1225635697,1224883512,1224.883512,AUDIO_TIMER_LATE,0xffff,0x0000,,59914,59914,0,0,2160,0,0,0,,True,audio_timer_interval_gt_2ms
1,1225635697,1224885672,1224.885672,AUDIO_TIMER_LATE,0xffff,0x0000,,59914,59914,0,0,2160,0,0,0,,True,audio_timer_interval_gt_2ms
1,1225635697,1224885803,1224.885803,AUDIO_SDU_GENERATED,0xffff,0x0000,10,59915,59915,0,0,20002,0,0,0,,False,
1,1225635697,1224887833,1224.887833,AUDIO_TIMER_LATE,0xffff,0x0000,,59915,59915,0,0,2161,0,0,0,,True,audio_timer_interval_gt_2ms
1,1225635697,1224889994,1224.889994,AUDIO_TIMER_LATE,0xffff,0x0000,,59915,59915,0,0,2161,0,0,0,,True,audio_timer_interval_gt_2ms
1,1225635697,1224893313,1224.893313,AUDIO_TIMER_LATE,0xffff,0x0000,,59915,59915,0,0,2159,0,0,0,,True,audio_timer_interval_gt_2ms
1,1225635697,1224895473,1224.895473,AUDIO_TIMER_LATE,0xffff,0x0000,,59915,59915,0,0,2160,0,0,0,,True,audio_timer_interval_gt_2ms
1,1225635697,1224897633,1224.897633,AUDIO_TIMER_LATE,0xffff,0x0000,,59915,59915,0,0,2160,0,0,0,,True,audio_timer_interval_gt_2ms
1,1225635697,1224899793,1224.899793,AUDIO_TIMER_LATE,0xffff,0x0000,,59915,59915,0,0,2160,0,0,0,,True,audio_timer_interval_gt_2ms
1,1225635697,1224901953,1224.901953,AUDIO_TIMER_LATE,0xffff,0x0000,,59915,59915,0,0,2160,0,0,0,,True,audio_timer_interval_gt_2ms
1,1225635697,1224905272,1224.905272,AUDIO_TIMER_LATE,0xffff,0x0000,,59915,59915,0,0,2159,0,0,0,,True,audio_timer_interval_gt_2ms
1,1225635697,1224905800,1224.905800,AUDIO_SDU_GENERATED,0xffff,0x0000,11,59916,59916,0,0,19997,0,0,0,,False,
1,1225635697,1224907432,1224.907432,AUDIO_TIMER_LATE,0xffff,0x0000,,59916,59916,0,0,2159,0,0,0,,True,audio_timer_interval_gt_2ms
1,1225635697,1224909592,1224.909592,AUDIO_TIMER_LATE,0xffff,0x0000,,59916,59916,0,0,2161,0,0,0,,True,audio_timer_interval_gt_2ms
1,1225635697,1224911752,1224.911752,AUDIO_TIMER_LATE,0xffff,0x0000,,59916,59916,0,0,2160,0,0,0,,True,audio_timer_interval_gt_2ms
1,1225635697,1224913913,1224.913913,AUDIO_TIMER_LATE,0xffff,0x0000,,59916,59916,0,0,2160,0,0,0,,True,audio_timer_interval_gt_2ms
1,1225635697,1224917232,1224.917232,AUDIO_TIMER_LATE,0xffff,0x0000,,59916,59916,0,0,2159,0,0,0,,True,audio_timer_interval_gt_2ms
1,1225635697,1224919393,1224.919393,AUDIO_TIMER_LATE,0xffff,0x0000,,59916,59916,0,0,2160,0,0,0,,True,audio_timer_interval_gt_2ms
1,1225635697,1224921553,1224.921553,AUDIO_TIMER_LATE,0xffff,0x0000,,59916,59916,0,0,2161,0,0,0,,True,audio_timer_interval_gt_2ms
1,1225635697,1224923713,1224.923713,AUDIO_TIMER_LATE,0xffff,0x0000,,59916,59916,0,0,2160,0,0,0,,True,audio_timer_interval_gt_2ms
1,1225635697,1224925800,1224.925800,AUDIO_SDU_GENERATED,0xffff,0x0000,12,59917,59917,0,0,20000,0,0,0,,False,
1,1225635697,1224925874,1224.925874,AUDIO_TIMER_LATE,0xffff,0x0000,,59917,59917,0,0,2161,0,0,0,,True,audio_timer_interval_gt_2ms
1,1225635697,1224928035,1224.928035,AUDIO_TIMER_LATE,0xffff,0x0000,,59917,59917,0,0,2161,0,0,0,,True,audio_timer_interval_gt_2ms
1,1225635697,1224930195,1224.930195,AUDIO_TIMER_LATE,0xffff,0x0000,,59917,59917,0,0,2160,0,0,0,,True,audio_timer_interval_gt_2ms
1,1225635697,1224932356,1224.932356,AUDIO_TIMER_LATE,0xffff,0x0000,,59917,59917,0,0,2161,0,0,0,,True,audio_timer_interval_gt_2ms
1,1225635697,1224934516,1224.934516,AUDIO_TIMER_LATE,0xffff,0x0000,,59917,59917,0,0,2160,0,0,0,,True,audio_timer_interval_gt_2ms
1,1225635697,1224936677,1224.936677,AUDIO_TIMER_LATE,0xffff,0x0000,,59917,59917,0,0,2161,0,0,0,,True,audio_timer_interval_gt_2ms
1,1225635697,1224938838,1224.938838,AUDIO_TIMER_LATE,0xffff,0x0000,,59917,59917,0,0,2161,0,0,0,,True,audio_timer_interval_gt_2ms
1,1225635697,1224940999,1224.940999,AUDIO_TIMER_LATE,0xffff,0x0000,,59917,59917,0,0,2161,0,0,0,,True,audio_timer_interval_gt_2ms
1,1225635697,1224943159,1224.943159,AUDIO_TIMER_LATE,0xffff,0x0000,,59917,59917,0,0,2160,0,0,0,,True,audio_timer_interval_gt_2ms
1,1225635697,1224945319,1224.945319,AUDIO_TIMER_LATE,0xffff,0x0000,,59917,59917,0,0,2160,0,0,0,,True,audio_timer_interval_gt_2ms
1,1225635697,1224945803,1224.945803,AUDIO_SDU_GENERATED,0xffff,0x0000,13,59918,59918,0,0,20003,0,0,0,,False,
1,1225635697,1224947480,1224.947480,AUDIO_TIMER_LATE,0xffff,0x0000,,59918,59918,0,0,2161,0,0,0,,True,audio_timer_interval_gt_2ms
1,1225635697,1224949640,1224.949640,AUDIO_TIMER_LATE,0xffff,0x0000,,59918,59918,0,0,2160,0,0,0,,True,audio_timer_interval_gt_2ms
1,1225635697,1224951800,1224.951800,AUDIO_TIMER_LATE,0xffff,0x0000,,59918,59918,0,0,2160,0,0,0,,True,audio_timer_interval_gt_2ms
1,1225635697,1224953961,1224.953961,AUDIO_TIMER_LATE,0xffff,0x0000,,59918,59918,0,0,2161,0,0,0,,True,audio_timer_interval_gt_2ms
1,1225635697,1224957281,1224.957281,AUDIO_TIMER_LATE,0xffff,0x0000,,59918,59918,0,0,2159,0,0,0,,True,audio_timer_interval_gt_2ms
1,1225635697,1224959441,1224.959441,AUDIO_TIMER_LATE,0xffff,0x0000,,59918,59918,0,0,2160,0,0,0,,True,audio_timer_interval_gt_2ms
1,1225635697,1224961601,1224.961601,AUDIO_TIMER_LATE,0xffff,0x0000,,59918,59918,0,0,2160,0,0,0,,True,audio_timer_interval_gt_2ms
1,1225635697,1224963762,1224.963762,AUDIO_TIMER_LATE,0xffff,0x0000,,59918,59918,0,0,2161,0,0,0,,True,audio_timer_interval_gt_2ms
1,1225635697,1224965803,1224.965803,AUDIO_SDU_GENERATED,0xffff,0x0000,14,59919,59919,0,0,20000,0,0,0,,False,
1,1225635697,1224965923,1224.965923,AUDIO_TIMER_LATE,0xffff,0x0000,,59919,59919,0,0,2161,0,0,0,,True,audio_timer_interval_gt_2ms
1,1225635697,1224969242,1224.969242,AUDIO_TIMER_LATE,0xffff,0x0000,,59919,59919,0,0,2158,0,0,0,,True,audio_timer_interval_gt_2ms
1,1225635697,1224971402,1224.971402,AUDIO_TIMER_LATE,0xffff,0x0000,,59919,59919,0,0,2161,0,0,0,,True,audio_timer_interval_gt_2ms
1,1225635697,1224973563,1224.973563,AUDIO_TIMER_LATE,0xffff,0x0000,,59919,59919,0,0,2161,0,0,0,,True,audio_timer_interval_gt_2ms
1,1225635697,1224975723,1224.975723,AUDIO_TIMER_LATE,0xffff,0x0000,,59919,59919,0,0,2160,0,0,0,,True,audio_timer_interval_gt_2ms
1,1225635697,1224977884,1224.977884,AUDIO_TIMER_LATE,0xffff,0x0000,,59919,59919,0,0,2161,0,0,0,,True,audio_timer_interval_gt_2ms
1,1225635697,1224980043,1224.980043,AUDIO_TIMER_LATE,0xffff,0x0000,,59919,59919,0,0,2159,0,0,0,,True,audio_timer_interval_gt_2ms
1,1225635697,1224982204,1224.982204,AUDIO_TIMER_LATE,0xffff,0x0000,,59919,59919,0,0,2161,0,0,0,,True,audio_timer_interval_gt_2ms
1,1225635697,1224984364,1224.984364,AUDIO_TIMER_LATE,0xffff,0x0000,,59919,59919,0,0,2160,0,0,0,,True,audio_timer_interval_gt_2ms
1,1225635697,1224985805,1224.985805,AUDIO_SDU_GENERATED,0xffff,0x0000,15,59920,59920,0,0,20002,0,0,0,,False,
1,1225635697,1224986524,1224.986524,AUDIO_TIMER_LATE,0xffff,0x0000,,59920,59920,0,0,2159,0,0,0,,True,audio_timer_interval_gt_2ms
1,1225635697,1224988685,1224.988685,AUDIO_TIMER_LATE,0xffff,0x0000,,59920,59920,0,0,2162,0,0,0,,True,audio_timer_interval_gt_2ms
1,1225635697,1224990846,1224.990846,AUDIO_TIMER_LATE,0xffff,0x0000,,59920,59920,0,0,2161,0,0,0,,True,audio_timer_interval_gt_2ms
1,1225635697,1224993006,1224.993006,AUDIO_TIMER_LATE,0xffff,0x0000,,59920,59920,0,0,2160,0,0,0,,True,audio_timer_interval_gt_2ms
1,1225635697,1224995166,1224.995166,AUDIO_TIMER_LATE,0xffff,0x0000,,59920,59920,0,0,2160,0,0,0,,True,audio_timer_interval_gt_2ms
1,1225635697,1224997327,1224.997327,AUDIO_TIMER_LATE,0xffff,0x0000,,59920,59920,0,0,2161,0,0,0,,True,audio_timer_interval_gt_2ms
1,1225635697,1224999487,1224.999487,AUDIO_TIMER_LATE,0xffff,0x0000,,59920,59920,0,0,2160,0,0,0,,True,audio_timer_interval_gt_2ms
1,1225635697,1225001647,1225.001647,AUDIO_TIMER_LATE,0xffff,0x0000,,59920,59920,0,0,2160,0,0,0,,True,audio_timer_interval_gt_2ms
1,1225635697,1225003807,1225.003807,AUDIO_TIMER_LATE,0xffff,0x0000,,59920,59920,0,0,2160,0,0,0,,True,audio_timer_interval_gt_2ms
1,1225635697,1225005803,1225.005803,AUDIO_SDU_GENERATED,0xffff,0x0000,16,59921,59921,0,0,19998,0,0,0,,False,
1,1225635697,1225005967,1225.005967,AUDIO_TIMER_LATE,0xffff,0x0000,,59921,59921,0,0,2159,0,0,0,,True,audio_timer_interval_gt_2ms
1,1225635697,1225009286,1225.009286,AUDIO_TIMER_LATE,0xffff,0x0000,,59921,59921,0,0,2159,0,0,0,,True,audio_timer_interval_gt_2ms
1,1225635697,1225011446,1225.011446,AUDIO_TIMER_LATE,0xffff,0x0000,,59921,59921,0,0,2160,0,0,0,,True,audio_timer_interval_gt_2ms
1,1225635697,1225013607,1225.013607,AUDIO_TIMER_LATE,0xffff,0x0000,,59921,59921,0,0,2161,0,0,0,,True,audio_timer_interval_gt_2ms
1,1225635697,1225015767,1225.015767,AUDIO_TIMER_LATE,0xffff,0x0000,,59921,59921,0,0,2160,0,0,0,,True,audio_timer_interval_gt_2ms
1,1225635697,1225017928,1225.017928,AUDIO_TIMER_LATE,0xffff,0x0000,,59921,59921,0,0,2161,0,0,0,,True,audio_timer_interval_gt_2ms
1,1225635697,1225021247,1225.021247,AUDIO_TIMER_LATE,0xffff,0x0000,,59921,59921,0,0,2159,0,0,0,,True,audio_timer_interval_gt_2ms
1,1225635697,1225023408,1225.023408,AUDIO_TIMER_LATE,0xffff,0x0000,,59921,59921,0,0,2161,0,0,0,,True,audio_timer_interval_gt_2ms
1,1225635697,1225025568,1225.025568,AUDIO_TIMER_LATE,0xffff,0x0000,,59921,59921,0,0,2160,0,0,0,,True,audio_timer_interval_gt_2ms
1,1225635697,1225025805,1225.025805,AUDIO_SDU_GENERATED,0xffff,0x0000,17,59922,59922,0,0,20002,0,0,0,,False,
1,1225635697,1225027729,1225.027729,AUDIO_TIMER_LATE,0xffff,0x0000,,59922,59922,0,0,2161,0,0,0,,True,audio_timer_interval_gt_2ms
1,1225635697,1225029890,1225.029890,AUDIO_TIMER_LATE,0xffff,0x0000,,59922,59922,0,0,2161,0,0,0,,True,audio_timer_interval_gt_2ms
1,1225635697,1225032050,1225.032050,AUDIO_TIMER_LATE,0xffff,0x0000,,59922,59922,0,0,2160,0,0,0,,True,audio_timer_interval_gt_2ms
1,1225635697,1225034211,1225.034211,AUDIO_TIMER_LATE,0xffff,0x0000,,59922,59922,0,0,2161,0,0,0,,True,audio_timer_interval_gt_2ms
1,1225635697,1225036371,1225.036371,AUDIO_TIMER_LATE,0xffff,0x0000,,59922,59922,0,0,2160,0,0,0,,True,audio_timer_interval_gt_2ms
1,1225635697,1225038531,1225.038531,AUDIO_TIMER_LATE,0xffff,0x0000,,59922,59922,0,0,2159,0,0,0,,True,audio_timer_interval_gt_2ms
1,1225635697,1225040691,1225.040691,AUDIO_TIMER_LATE,0xffff,0x0000,,59922,59922,0,0,2160,0,0,0,,True,audio_timer_interval_gt_2ms
1,1225635697,1225042850,1225.042850,AUDIO_TIMER_LATE,0xffff,0x0000,,59922,59922,0,0,2160,0,0,0,,True,audio_timer_interval_gt_2ms
1,1225635697,1225045011,1225.045011,AUDIO_TIMER_LATE,0xffff,0x0000,,59922,59922,0,0,2161,0,0,0,,True,audio_timer_interval_gt_2ms
1,1225635697,1225045801,1225.045801,AUDIO_SDU_GENERATED,0xffff,0x0000,18,59923,59923,0,0,19996,0,0,0,,False,
1,1225635697,1225047171,1225.047171,AUDIO_TIMER_LATE,0xffff,0x0000,,59923,59923,0,0,2160,0,0,0,,True,audio_timer_interval_gt_2ms
1,1225635697,1225049331,1225.049331,AUDIO_TIMER_LATE,0xffff,0x0000,,59923,59923,0,0,2160,0,0,0,,True,audio_timer_interval_gt_2ms
1,1225635697,1225051491,1225.051491,AUDIO_TIMER_LATE,0xffff,0x0000,,59923,59923,0,0,2160,0,0,0,,True,audio_timer_interval_gt_2ms
1,1225635697,1225053651,1225.053651,AUDIO_TIMER_LATE,0xffff,0x0000,,59923,59923,0,0,2160,0,0,0,,True,audio_timer_interval_gt_2ms
1,1225635697,1225055812,1225.055812,AUDIO_TIMER_LATE,0xffff,0x0000,,59923,59923,0,0,2161,0,0,0,,True,audio_timer_interval_gt_2ms
1,1225635697,1225057973,1225.057973,AUDIO_TIMER_LATE,0xffff,0x0000,,59923,59923,0,0,2161,0,0,0,,True,audio_timer_interval_gt_2ms
1,1225635697,1225061292,1225.061292,AUDIO_TIMER_LATE,0xffff,0x0000,,59923,59923,0,0,2159,0,0,0,,True,audio_timer_interval_gt_2ms
1,1225635697,1225063453,1225.063453,AUDIO_TIMER_LATE,0xffff,0x0000,,59923,59923,0,0,2160,0,0,0,,True,audio_timer_interval_gt_2ms
1,1225635697,1225065613,1225.065613,AUDIO_TIMER_LATE,0xffff,0x0000,,59923,59923,0,0,2161,0,0,0,,True,audio_timer_interval_gt_2ms
1,1225635697,1225065807,1225.065807,AUDIO_SDU_GENERATED,0xffff,0x0000,19,59924,59924,0,0,20006,0,0,0,,False,
1,1225635697,1225067774,1225.067774,AUDIO_TIMER_LATE,0xffff,0x0000,,59924,59924,0,0,2161,0,0,0,,True,audio_timer_interval_gt_2ms
1,1225635697,1225069935,1225.069935,AUDIO_TIMER_LATE,0xffff,0x0000,,59924,59924,0,0,2161,0,0,0,,True,audio_timer_interval_gt_2ms
1,1225635697,1225073254,1225.073254,AUDIO_TIMER_LATE,0xffff,0x0000,,59924,59924,0,0,2159,0,0,0,,True,audio_timer_interval_gt_2ms
1,1225635697,1225075415,1225.075415,AUDIO_TIMER_LATE,0xffff,0x0000,,59924,59924,0,0,2161,0,0,0,,True,audio_timer_interval_gt_2ms
1,1225635697,1225077575,1225.077575,AUDIO_TIMER_LATE,0xffff,0x0000,,59924,59924,0,0,2160,0,0,0,,True,audio_timer_interval_gt_2ms
1,1225635697,1225079736,1225.079736,AUDIO_TIMER_LATE,0xffff,0x0000,,59924,59924,0,0,2161,0,0,0,,True,audio_timer_interval_gt_2ms
1,1225635697,1225081897,1225.081897,AUDIO_TIMER_LATE,0xffff,0x0000,,59924,59924,0,0,2161,0,0,0,,True,audio_timer_interval_gt_2ms
1,1225635697,1225084057,1225.084057,AUDIO_TIMER_LATE,0xffff,0x0000,,59924,59924,0,0,2160,0,0,0,,True,audio_timer_interval_gt_2ms
1,1225635697,1225085803,1225.085803,AUDIO_SDU_GENERATED,0xffff,0x0000,20,59925,59925,0,0,19996,0,0,0,,False,
1,1225635697,1225086217,1225.086217,AUDIO_TIMER_LATE,0xffff,0x0000,,59925,59925,0,0,2160,0,0,0,,True,audio_timer_interval_gt_2ms
1,1225635697,1225088377,1225.088377,AUDIO_TIMER_LATE,0xffff,0x0000,,59925,59925,0,0,2160,0,0,0,,True,audio_timer_interval_gt_2ms
1,1225635697,1225090539,1225.090539,AUDIO_TIMER_LATE,0xffff,0x0000,,59925,59925,0,0,2162,0,0,0,,True,audio_timer_interval_gt_2ms
1,1225635697,1225092699,1225.092699,AUDIO_TIMER_LATE,0xffff,0x0000,,59925,59925,0,0,2160,0,0,0,,True,audio_timer_interval_gt_2ms
1,1225635697,1225094859,1225.094859,AUDIO_TIMER_LATE,0xffff,0x0000,,59925,59925,0,0,2160,0,0,0,,True,audio_timer_interval_gt_2ms
1,1225635697,1225097019,1225.097019,AUDIO_TIMER_LATE,0xffff,0x0000,,59925,59925,0,0,2160,0,0,0,,True,audio_timer_interval_gt_2ms
1,1225635697,1225099179,1225.099179,AUDIO_TIMER_LATE,0xffff,0x0000,,59925,59925,0,0,2160,0,0,0,,True,audio_timer_interval_gt_2ms
1,1225635697,1225101340,1225.101340,AUDIO_TIMER_LATE,0xffff,0x0000,,59925,59925,0,0,2161,0,0,0,,True,audio_timer_interval_gt_2ms
1,1225635697,1225103500,1225.103500,AUDIO_TIMER_LATE,0xffff,0x0000,,59925,59925,0,0,2160,0,0,0,,True,audio_timer_interval_gt_2ms
1,1225635697,1225105660,1225.105660,AUDIO_TIMER_LATE,0xffff,0x0000,,59925,59925,0,0,2160,0,0,0,,True,audio_timer_interval_gt_2ms
1,1225635697,1225105806,1225.105806,AUDIO_SDU_GENERATED,0xffff,0x0000,21,59926,59926,0,0,20003,0,0,0,,False,
1,1225635697,1225107821,1225.107821,AUDIO_TIMER_LATE,0xffff,0x0000,,59926,59926,0,0,2161,0,0,0,,True,audio_timer_interval_gt_2ms
1,1225635697,1225109982,1225.109982,AUDIO_TIMER_LATE,0xffff,0x0000,,59926,59926,0,0,2161,0,0,0,,True,audio_timer_interval_gt_2ms
1,1225635697,1225113302,1225.113302,AUDIO_TIMER_LATE,0xffff,0x0000,,59926,59926,0,0,2159,0,0,0,,True,audio_timer_interval_gt_2ms
1,1225635697,1225115462,1225.115462,AUDIO_TIMER_LATE,0xffff,0x0000,,59926,59926,0,0,2160,0,0,0,,True,audio_timer_interval_gt_2ms
1,1225635697,1225117622,1225.117622,AUDIO_TIMER_LATE,0xffff,0x0000,,59926,59926,0,0,2159,0,0,0,,True,audio_timer_interval_gt_2ms
1,1225635697,1225119783,1225.119783,AUDIO_TIMER_LATE,0xffff,0x0000,,59926,59926,0,0,2161,0,0,0,,True,audio_timer_interval_gt_2ms
1,1225635697,1225121943,1225.121943,AUDIO_TIMER_LATE,0xffff,0x0000,,59926,59926,0,0,2161,0,0,0,,True,audio_timer_interval_gt_2ms
1,1225635697,1225125262,1225.125262,AUDIO_TIMER_LATE,0xffff,0x0000,,59926,59926,0,0,2159,0,0,0,,True,audio_timer_interval_gt_2ms
1,1225635697,1225125802,1225.125802,AUDIO_SDU_GENERATED,0xffff,0x0000,22,59927,59927,0,0,19996,0,0,0,,False,
1,1225635697,1225127423,1225.127423,AUDIO_TIMER_LATE,0xffff,0x0000,,59927,59927,0,0,2161,0,0,0,,True,audio_timer_interval_gt_2ms
1,1225635697,1225129583,1225.129583,AUDIO_TIMER_LATE,0xffff,0x0000,,59927,59927,0,0,2159,0,0,0,,True,audio_timer_interval_gt_2ms
1,1225635697,1225131743,1225.131743,AUDIO_TIMER_LATE,0xffff,0x0000,,59927,59927,0,0,2161,0,0,0,,True,audio_timer_interval_gt_2ms
1,1225635697,1225133904,1225.133904,AUDIO_TIMER_LATE,0xffff,0x0000,,59927,59927,0,0,2161,0,0,0,,True,audio_timer_interval_gt_2ms
1,1225635697,1225136064,1225.136064,AUDIO_TIMER_LATE,0xffff,0x0000,,59927,59927,0,0,2160,0,0,0,,True,audio_timer_interval_gt_2ms
1,1225635697,1225138224,1225.138224,AUDIO_TIMER_LATE,0xffff,0x0000,,59927,59927,0,0,2160,0,0,0,,True,audio_timer_interval_gt_2ms
1,1225635697,1225140384,1225.140384,AUDIO_TIMER_LATE,0xffff,0x0000,,59927,59927,0,0,2160,0,0,0,,True,audio_timer_interval_gt_2ms
1,1225635697,1225142544,1225.142544,AUDIO_TIMER_LATE,0xffff,0x0000,,59927,59927,0,0,2160,0,0,0,,True,audio_timer_interval_gt_2ms
1,1225635697,1225144705,1225.144705,AUDIO_TIMER_LATE,0xffff,0x0000,,59927,59927,0,0,2161,0,0,0,,True,audio_timer_interval_gt_2ms
1,1225635697,1225145806,1225.145806,AUDIO_SDU_GENERATED,0xffff,0x0000,23,59928,59928,0,0,20004,0,0,0,,False,
1,1225635697,1225146865,1225.146865,AUDIO_TIMER_LATE,0xffff,0x0000,,59928,59928,0,0,2160,0,0,0,,True,audio_timer_interval_gt_2ms
1,1225635697,1225149025,1225.149025,AUDIO_TIMER_LATE,0xffff,0x0000,,59928,59928,0,0,2160,0,0,0,,True,audio_timer_interval_gt_2ms
1,1225635697,1225151185,1225.151185,AUDIO_TIMER_LATE,0xffff,0x0000,,59928,59928,0,0,2160,0,0,0,,True,audio_timer_interval_gt_2ms
1,1225635697,1225153346,1225.153346,AUDIO_TIMER_LATE,0xffff,0x0000,,59928,59928,0,0,2161,0,0,0,,True,audio_timer_interval_gt_2ms
1,1225635697,1225155506,1225.155506,AUDIO_TIMER_LATE,0xffff,0x0000,,59928,59928,0,0,2160,0,0,0,,True,audio_timer_interval_gt_2ms
1,1225635697,1225157666,1225.157666,AUDIO_TIMER_LATE,0xffff,0x0000,,59928,59928,0,0,2160,0,0,0,,True,audio_timer_interval_gt_2ms
1,1225635697,1225159826,1225.159826,AUDIO_TIMER_LATE,0xffff,0x0000,,59928,59928,0,0,2160,0,0,0,,True,audio_timer_interval_gt_2ms
1,1225635697,1225161986,1225.161986,AUDIO_TIMER_LATE,0xffff,0x0000,,59928,59928,0,0,2160,0,0,0,,True,audio_timer_interval_gt_2ms
1,1225635697,1225165305,1225.165305,AUDIO_TIMER_LATE,0xffff,0x0000,,59928,59928,0,0,2159,0,0,0,,True,audio_timer_interval_gt_2ms
1,1225635697,1225165800,1225.165800,AUDIO_SDU_GENERATED,0xffff,0x0000,24,59929,59929,0,0,19994,0,0,0,,False,
1,1225635697,1225167465,1225.167465,AUDIO_TIMER_LATE,0xffff,0x0000,,59929,59929,0,0,2160,0,0,0,,True,audio_timer_interval_gt_2ms
1,1225635697,1225169625,1225.169625,AUDIO_TIMER_LATE,0xffff,0x0000,,59929,59929,0,0,2160,0,0,0,,True,audio_timer_interval_gt_2ms
1,1225635697,1225171786,1225.171786,AUDIO_TIMER_LATE,0xffff,0x0000,,59929,59929,0,0,2161,0,0,0,,True,audio_timer_interval_gt_2ms
1,1225635697,1225173947,1225.173947,AUDIO_TIMER_LATE,0xffff,0x0000,,59929,59929,0,0,2161,0,0,0,,True,audio_timer_interval_gt_2ms
1,1225635697,1225177266,1225.177266,AUDIO_TIMER_LATE,0xffff,0x0000,,59929,59929,0,0,2159,0,0,0,,True,audio_timer_interval_gt_2ms
1,1225635697,1225179427,1225.179427,AUDIO_TIMER_LATE,0xffff,0x0000,,59929,59929,0,0,2161,0,0,0,,True,audio_timer_interval_gt_2ms
1,1225635697,1225181589,1225.181589,AUDIO_TIMER_LATE,0xffff,0x0000,,59929,59929,0,0,2162,0,0,0,,True,audio_timer_interval_gt_2ms
1,1225635697,1225183749,1225.183749,AUDIO_TIMER_LATE,0xffff,0x0000,,59929,59929,0,0,2160,0,0,0,,True,audio_timer_interval_gt_2ms
1,1225635697,1225185803,1225.185803,AUDIO_SDU_GENERATED,0xffff,0x0000,25,59930,59930,0,0,20003,0,0,0,,False,
1,1225635697,1225185910,1225.185910,AUDIO_TIMER_LATE,0xffff,0x0000,,59930,59930,0,0,2160,0,0,0,,True,audio_timer_interval_gt_2ms
1,1225635697,1225189229,1225.189229,AUDIO_TIMER_LATE,0xffff,0x0000,,59930,59930,0,0,2159,0,0,0,,True,audio_timer_interval_gt_2ms
1,1225635697,1225191389,1225.191389,AUDIO_TIMER_LATE,0xffff,0x0000,,59930,59930,0,0,2160,0,0,0,,True,audio_timer_interval_gt_2ms
1,1225635697,1225193550,1225.193550,AUDIO_TIMER_LATE,0xffff,0x0000,,59930,59930,0,0,2161,0,0,0,,True,audio_timer_interval_gt_2ms
1,1225635697,1225195711,1225.195711,AUDIO_TIMER_LATE,0xffff,0x0000,,59930,59930,0,0,2161,0,0,0,,True,audio_timer_interval_gt_2ms
1,1225635697,1225197872,1225.197872,AUDIO_TIMER_LATE,0xffff,0x0000,,59930,59930,0,0,2161,0,0,0,,True,audio_timer_interval_gt_2ms
1,1225635697,1225200032,1225.200032,AUDIO_TIMER_LATE,0xffff,0x0000,,59930,59930,0,0,2160,0,0,0,,True,audio_timer_interval_gt_2ms
1,1225635697,1225202192,1225.202192,AUDIO_TIMER_LATE,0xffff,0x0000,,59930,59930,0,0,2160,0,0,0,,True,audio_timer_interval_gt_2ms
1,1225635697,1225204352,1225.204352,AUDIO_TIMER_LATE,0xffff,0x0000,,59930,59930,0,0,2160,0,0,0,,True,audio_timer_interval_gt_2ms
1,1225635697,1225205802,1225.205802,AUDIO_SDU_GENERATED,0xffff,0x0000,26,59931,59931,0,0,19999,0,0,0,,False,
1,1225635697,1225206513,1225.206513,AUDIO_TIMER_LATE,0xffff,0x0000,,59931,59931,0,0,2161,0,0,0,,True,audio_timer_interval_gt_2ms
1,1225635697,1225208674,1225.208674,AUDIO_TIMER_LATE,0xffff,0x0000,,59931,59931,0,0,2161,0,0,0,,True,audio_timer_interval_gt_2ms
1,1225635697,1225210834,1225.210834,AUDIO_TIMER_LATE,0xffff,0x0000,,59931,59931,0,0,2160,0,0,0,,True,audio_timer_interval_gt_2ms
1,1225635697,1225212995,1225.212995,AUDIO_TIMER_LATE,0xffff,0x0000,,59931,59931,0,0,2161,0,0,0,,True,audio_timer_interval_gt_2ms
1,1225635697,1225216314,1225.216314,AUDIO_TIMER_LATE,0xffff,0x0000,,59931,59931,0,0,2159,0,0,0,,True,audio_timer_interval_gt_2ms
1,1225635697,1225218474,1225.218474,AUDIO_TIMER_LATE,0xffff,0x0000,,59931,59931,0,0,2160,0,0,0,,True,audio_timer_interval_gt_2ms
1,1225635697,1225220635,1225.220635,AUDIO_TIMER_LATE,0xffff,0x0000,,59931,59931,0,0,2161,0,0,0,,True,audio_timer_interval_gt_2ms
1,1225635697,1225222796,1225.222796,AUDIO_TIMER_LATE,0xffff,0x0000,,59931,59931,0,0,2161,0,0,0,,True,audio_timer_interval_gt_2ms
1,1225635697,1225224956,1225.224956,AUDIO_TIMER_LATE,0xffff,0x0000,,59931,59931,0,0,2160,0,0,0,,True,audio_timer_interval_gt_2ms
1,1225635697,1225225803,1225.225803,AUDIO_SDU_GENERATED,0xffff,0x0000,27,59932,59932,0,0,20001,0,0,0,,False,
1,1225635697,1225228276,1225.228276,AUDIO_TIMER_LATE,0xffff,0x0000,,59932,59932,0,0,2159,0,0,0,,True,audio_timer_interval_gt_2ms
1,1225635697,1225230437,1225.230437,AUDIO_TIMER_LATE,0xffff,0x0000,,59932,59932,0,0,2161,0,0,0,,True,audio_timer_interval_gt_2ms
1,1225635697,1225232597,1225.232597,AUDIO_TIMER_LATE,0xffff,0x0000,,59932,59932,0,0,2160,0,0,0,,True,audio_timer_interval_gt_2ms
1,1225635697,1225234757,1225.234757,AUDIO_TIMER_LATE,0xffff,0x0000,,59932,59932,0,0,2160,0,0,0,,True,audio_timer_interval_gt_2ms
1,1225635697,1225236918,1225.236918,AUDIO_TIMER_LATE,0xffff,0x0000,,59932,59932,0,0,2161,0,0,0,,True,audio_timer_interval_gt_2ms
1,1225635697,1225240237,1225.240237,AUDIO_TIMER_LATE,0xffff,0x0000,,59932,59932,0,0,2159,0,0,0,,True,audio_timer_interval_gt_2ms
1,1225635697,1225242398,1225.242398,AUDIO_TIMER_LATE,0xffff,0x0000,,59932,59932,0,0,2161,0,0,0,,True,audio_timer_interval_gt_2ms
1,1225635697,1225244559,1225.244559,AUDIO_TIMER_LATE,0xffff,0x0000,,59932,59932,0,0,2161,0,0,0,,True,audio_timer_interval_gt_2ms
1,1225635697,1225245800,1225.245800,AUDIO_SDU_GENERATED,0xffff,0x0000,28,59933,59933,0,0,19997,0,0,0,,False,
1,1225635697,1225246720,1225.246720,AUDIO_TIMER_LATE,0xffff,0x0000,,59933,59933,0,0,2161,0,0,0,,True,audio_timer_interval_gt_2ms
1,1225635697,1225248881,1225.248881,AUDIO_TIMER_LATE,0xffff,0x0000,,59933,59933,0,0,2161,0,0,0,,True,audio_timer_interval_gt_2ms
1,1225635697,1225251041,1225.251041,AUDIO_TIMER_LATE,0xffff,0x0000,,59933,59933,0,0,2160,0,0,0,,True,audio_timer_interval_gt_2ms
1,1225635697,1225253201,1225.253201,AUDIO_TIMER_LATE,0xffff,0x0000,,59933,59933,0,0,2160,0,0,0,,True,audio_timer_interval_gt_2ms
1,1225635697,1225255361,1225.255361,AUDIO_TIMER_LATE,0xffff,0x0000,,59933,59933,0,0,2159,0,0,0,,True,audio_timer_interval_gt_2ms
1,1225635697,1225257521,1225.257521,AUDIO_TIMER_LATE,0xffff,0x0000,,59933,59933,0,0,2161,0,0,0,,True,audio_timer_interval_gt_2ms
1,1225635697,1225259681,1225.259681,AUDIO_TIMER_LATE,0xffff,0x0000,,59933,59933,0,0,2159,0,0,0,,True,audio_timer_interval_gt_2ms
1,1225635697,1225261841,1225.261841,AUDIO_TIMER_LATE,0xffff,0x0000,,59933,59933,0,0,2161,0,0,0,,True,audio_timer_interval_gt_2ms
1,1225635697,1225264002,1225.264002,AUDIO_TIMER_LATE,0xffff,0x0000,,59933,59933,0,0,2161,0,0,0,,True,audio_timer_interval_gt_2ms
1,1225635697,1225265804,1225.265804,AUDIO_SDU_GENERATED,0xffff,0x0000,29,59934,59934,0,0,20004,0,0,0,,False,
1,1225635697,1225266162,1225.266162,AUDIO_TIMER_LATE,0xffff,0x0000,,59934,59934,0,0,2160,0,0,0,,True,audio_timer_interval_gt_2ms
1,1225635697,1225268323,1225.268323,AUDIO_TIMER_LATE,0xffff,0x0000,,59934,59934,0,0,2161,0,0,0,,True,audio_timer_interval_gt_2ms
1,1225635697,1225270484,1225.270484,AUDIO_TIMER_LATE,0xffff,0x0000,,59934,59934,0,0,2161,0,0,0,,True,audio_timer_interval_gt_2ms
1,1225635697,1225272644,1225.272644,AUDIO_TIMER_LATE,0xffff,0x0000,,59934,59934,0,0,2160,0,0,0,,True,audio_timer_interval_gt_2ms
1,1225635697,1225274805,1225.274805,AUDIO_TIMER_LATE,0xffff,0x0000,,59934,59934,0,0,2161,0,0,0,,True,audio_timer_interval_gt_2ms
1,1225635697,1225276965,1225.276965,AUDIO_TIMER_LATE,0xffff,0x0000,,59934,59934,0,0,2160,0,0,0,,True,audio_timer_interval_gt_2ms
1,1225635697,1225280284,1225.280284,AUDIO_TIMER_LATE,0xffff,0x0000,,59934,59934,0,0,2159,0,0,0,,True,audio_timer_interval_gt_2ms
1,1225635697,1225282444,1225.282444,AUDIO_TIMER_LATE,0xffff,0x0000,,59934,59934,0,0,2160,0,0,0,,True,audio_timer_interval_gt_2ms
1,1225635697,1225284604,1225.284604,AUDIO_TIMER_LATE,0xffff,0x0000,,59934,59934,0,0,2160,0,0,0,,True,audio_timer_interval_gt_2ms
1,1225635697,1225285803,1225.285803,AUDIO_SDU_GENERATED,0xffff,0x0000,30,59935,59935,0,0,19999,0,0,0,,False,
1,1225635697,1225286765,1225.286765,AUDIO_TIMER_LATE,0xffff,0x0000,,59935,59935,0,0,2161,0,0,0,,True,audio_timer_interval_gt_2ms
1,1225635697,1225288926,1225.288926,AUDIO_TIMER_LATE,0xffff,0x0000,,59935,59935,0,0,2161,0,0,0,,True,audio_timer_interval_gt_2ms
1,1225635697,1225292246,1225.292246,AUDIO_TIMER_LATE,0xffff,0x0000,,59935,59935,0,0,2159,0,0,0,,True,audio_timer_interval_gt_2ms
1,1225635697,1225294407,1225.294407,AUDIO_TIMER_LATE,0xffff,0x0000,,59935,59935,0,0,2161,0,0,0,,True,audio_timer_interval_gt_2ms
1,1225635697,1225296568,1225.296568,AUDIO_TIMER_LATE,0xffff,0x0000,,59935,59935,0,0,2161,0,0,0,,True,audio_timer_interval_gt_2ms
1,1225635697,1225298729,1225.298729,AUDIO_TIMER_LATE,0xffff,0x0000,,59935,59935,0,0,2161,0,0,0,,True,audio_timer_interval_gt_2ms
1,1225635697,1225300890,1225.300890,AUDIO_TIMER_LATE,0xffff,0x0000,,59935,59935,0,0,2161,0,0,0,,True,audio_timer_interval_gt_2ms
1,1225635697,1225303050,1225.303050,AUDIO_TIMER_LATE,0xffff,0x0000,,59935,59935,0,0,2160,0,0,0,,True,audio_timer_interval_gt_2ms
1,1225635697,1225305210,1225.305210,AUDIO_TIMER_LATE,0xffff,0x0000,,59935,59935,0,0,2160,0,0,0,,True,audio_timer_interval_gt_2ms
1,1225635697,1225305800,1225.305800,AUDIO_SDU_GENERATED,0xffff,0x0000,31,59936,59936,0,0,19997,0,0,0,,False,
1,1225635697,1225307370,1225.307370,AUDIO_TIMER_LATE,0xffff,0x0000,,59936,59936,0,0,2160,0,0,0,,True,audio_timer_interval_gt_2ms
1,1225635697,1225309530,1225.309530,AUDIO_TIMER_LATE,0xffff,0x0000,,59936,59936,0,0,2160,0,0,0,,True,audio_timer_interval_gt_2ms
1,1225635697,1225311690,1225.311690,AUDIO_TIMER_LATE,0xffff,0x0000,,59936,59936,0,0,2160,0,0,0,,True,audio_timer_interval_gt_2ms
1,1225635697,1225313850,1225.313850,AUDIO_TIMER_LATE,0xffff,0x0000,,59936,59936,0,0,2160,0,0,0,,True,audio_timer_interval_gt_2ms
1,1225635697,1225316010,1225.316010,AUDIO_TIMER_LATE,0xffff,0x0000,,59936,59936,0,0,2160,0,0,0,,True,audio_timer_interval_gt_2ms
1,1225635697,1225318170,1225.318170,AUDIO_TIMER_LATE,0xffff,0x0000,,59936,59936,0,0,2160,0,0,0,,True,audio_timer_interval_gt_2ms
1,1225635697,1225320331,1225.320331,AUDIO_TIMER_LATE,0xffff,0x0000,,59936,59936,0,0,2161,0,0,0,,True,audio_timer_interval_gt_2ms
1,1225635697,1225322491,1225.322491,AUDIO_TIMER_LATE,0xffff,0x0000,,59936,59936,0,0,2160,0,0,0,,True,audio_timer_interval_gt_2ms
1,1225635697,1225324651,1225.324651,AUDIO_TIMER_LATE,0xffff,0x0000,,59936,59936,0,0,2159,0,0,0,,True,audio_timer_interval_gt_2ms
1,1225635697,1225325801,1225.325801,AUDIO_SDU_GENERATED,0xffff,0x0000,32,59937,59937,0,0,20001,0,0,0,,False,
1,1225635697,1225326811,1225.326811,AUDIO_TIMER_LATE,0xffff,0x0000,,59937,59937,0,0,2161,0,0,0,,True,audio_timer_interval_gt_2ms
1,1225635697,1225328972,1225.328972,AUDIO_TIMER_LATE,0xffff,0x0000,,59937,59937,0,0,2161,0,0,0,,True,audio_timer_interval_gt_2ms
1,1225635697,1225332291,1225.332291,AUDIO_TIMER_LATE,0xffff,0x0000,,59937,59937,0,0,2159,0,0,0,,True,audio_timer_interval_gt_2ms
1,1225635697,1225334452,1225.334452,AUDIO_TIMER_LATE,0xffff,0x0000,,59937,59937,0,0,2161,0,0,0,,True,audio_timer_interval_gt_2ms
1,1225635697,1225336612,1225.336612,AUDIO_TIMER_LATE,0xffff,0x0000,,59937,59937,0,0,2160,0,0,0,,True,audio_timer_interval_gt_2ms
1,1225635697,1225338772,1225.338772,AUDIO_TIMER_LATE,0xffff,0x0000,,59937,59937,0,0,2160,0,0,0,,True,audio_timer_interval_gt_2ms
1,1225635697,1225340933,1225.340933,AUDIO_TIMER_LATE,0xffff,0x0000,,59937,59937,0,0,2161,0,0,0,,True,audio_timer_interval_gt_2ms
1,1225635697,1225344253,1225.344253,AUDIO_TIMER_LATE,0xffff,0x0000,,59937,59937,0,0,2160,0,0,0,,True,audio_timer_interval_gt_2ms
1,1225635697,1225345801,1225.345801,AUDIO_SDU_GENERATED,0xffff,0x0000,33,59938,59938,0,0,20000,0,0,0,,False,
1,1225635697,1225346413,1225.346413,AUDIO_TIMER_LATE,0xffff,0x0000,,59938,59938,0,0,2159,0,0,0,,True,audio_timer_interval_gt_2ms
1,1225635697,1225348573,1225.348573,AUDIO_TIMER_LATE,0xffff,0x0000,,59938,59938,0,0,2161,0,0,0,,True,audio_timer_interval_gt_2ms
1,1225635697,1225350733,1225.350733,AUDIO_TIMER_LATE,0xffff,0x0000,,59938,59938,0,0,2160,0,0,0,,True,audio_timer_interval_gt_2ms
1,1225635697,1225352894,1225.352894,AUDIO_TIMER_LATE,0xffff,0x0000,,59938,59938,0,0,2161,0,0,0,,True,audio_timer_interval_gt_2ms
1,1225635697,1225355055,1225.355055,AUDIO_TIMER_LATE,0xffff,0x0000,,59938,59938,0,0,2160,0,0,0,,True,audio_timer_interval_gt_2ms
1,1225635697,1225357215,1225.357215,AUDIO_TIMER_LATE,0xffff,0x0000,,59938,59938,0,0,2161,0,0,0,,True,audio_timer_interval_gt_2ms
1,1225635697,1225359375,1225.359375,AUDIO_TIMER_LATE,0xffff,0x0000,,59938,59938,0,0,2160,0,0,0,,True,audio_timer_interval_gt_2ms
1,1225635697,1225361536,1225.361536,AUDIO_TIMER_LATE,0xffff,0x0000,,59938,59938,0,0,2161,0,0,0,,True,audio_timer_interval_gt_2ms
1,1225635697,1225363696,1225.363696,AUDIO_TIMER_LATE,0xffff,0x0000,,59938,59938,0,0,2160,0,0,0,,True,audio_timer_interval_gt_2ms
1,1225635697,1225365804,1225.365804,AUDIO_SDU_GENERATED,0xffff,0x0000,34,59939,59939,0,0,20003,0,0,0,,False,
1,1225635697,1225365856,1225.365856,AUDIO_TIMER_LATE,0xffff,0x0000,,59939,59939,0,0,2160,0,0,0,,True,audio_timer_interval_gt_2ms
1,1225635697,1225368017,1225.368017,AUDIO_TIMER_LATE,0xffff,0x0000,,59939,59939,0,0,2161,0,0,0,,True,audio_timer_interval_gt_2ms
1,1225635697,1225370179,1225.370179,AUDIO_TIMER_LATE,0xffff,0x0000,,59939,59939,0,0,2162,0,0,0,,True,audio_timer_interval_gt_2ms
1,1225635697,1225372339,1225.372339,AUDIO_TIMER_LATE,0xffff,0x0000,,59939,59939,0,0,2160,0,0,0,,True,audio_timer_interval_gt_2ms
1,1225635697,1225374499,1225.374499,AUDIO_TIMER_LATE,0xffff,0x0000,,59939,59939,0,0,2160,0,0,0,,True,audio_timer_interval_gt_2ms
1,1225635697,1225376659,1225.376659,AUDIO_TIMER_LATE,0xffff,0x0000,,59939,59939,0,0,2160,0,0,0,,True,audio_timer_interval_gt_2ms
1,1225635697,1225378820,1225.378820,AUDIO_TIMER_LATE,0xffff,0x0000,,59939,59939,0,0,2161,0,0,0,,True,audio_timer_interval_gt_2ms
1,1225635697,1225380981,1225.380981,AUDIO_TIMER_LATE,0xffff,0x0000,,59939,59939,0,0,2161,0,0,0,,True,audio_timer_interval_gt_2ms
1,1225635697,1225384301,1225.384301,AUDIO_TIMER_LATE,0xffff,0x0000,,59939,59939,0,0,2159,0,0,0,,True,audio_timer_interval_gt_2ms
1,1225635697,1225385800,1225.385800,AUDIO_SDU_GENERATED,0xffff,0x0000,35,59940,59940,0,0,19997,0,0,0,,False,
1,1225635697,1225386461,1225.386461,AUDIO_TIMER_LATE,0xffff,0x0000,,59940,59940,0,0,2160,0,0,0,,True,audio_timer_interval_gt_2ms
1,1225635697,1225388622,1225.388622,AUDIO_TIMER_LATE,0xffff,0x0000,,59940,59940,0,0,2161,0,0,0,,True,audio_timer_interval_gt_2ms
1,1225635697,1225390782,1225.390782,AUDIO_TIMER_LATE,0xffff,0x0000,,59940,59940,0,0,2160,0,0,0,,True,audio_timer_interval_gt_2ms
1,1225635697,1225392943,1225.392943,AUDIO_TIMER_LATE,0xffff,0x0000,,59940,59940,0,0,2161,0,0,0,,True,audio_timer_interval_gt_2ms
1,1225635697,1225396262,1225.396262,AUDIO_TIMER_LATE,0xffff,0x0000,,59940,59940,0,0,2159,0,0,0,,True,audio_timer_interval_gt_2ms
1,1225635697,1225398423,1225.398423,AUDIO_TIMER_LATE,0xffff,0x0000,,59940,59940,0,0,2160,0,0,0,,True,audio_timer_interval_gt_2ms
1,1225635697,1225400583,1225.400583,AUDIO_TIMER_LATE,0xffff,0x0000,,59940,59940,0,0,2161,0,0,0,,True,audio_timer_interval_gt_2ms
1,1225635697,1225402744,1225.402744,AUDIO_TIMER_LATE,0xffff,0x0000,,59940,59940,0,0,2161,0,0,0,,True,audio_timer_interval_gt_2ms
1,1225635697,1225404905,1225.404905,AUDIO_TIMER_LATE,0xffff,0x0000,,59940,59940,0,0,2161,0,0,0,,True,audio_timer_interval_gt_2ms
1,1225635697,1225405803,1225.405803,AUDIO_SDU_GENERATED,0xffff,0x0000,36,59941,59941,0,0,20002,0,0,0,,False,
1,1225635697,1225407065,1225.407065,AUDIO_TIMER_LATE,0xffff,0x0000,,59941,59941,0,0,2160,0,0,0,,True,audio_timer_interval_gt_2ms
1,1225635697,1225409225,1225.409225,AUDIO_TIMER_LATE,0xffff,0x0000,,59941,59941,0,0,2160,0,0,0,,True,audio_timer_interval_gt_2ms
1,1225635697,1225411385,1225.411385,AUDIO_TIMER_LATE,0xffff,0x0000,,59941,59941,0,0,2160,0,0,0,,True,audio_timer_interval_gt_2ms
1,1225635697,1225413545,1225.413545,AUDIO_TIMER_LATE,0xffff,0x0000,,59941,59941,0,0,2160,0,0,0,,True,audio_timer_interval_gt_2ms
1,1225635697,1225415705,1225.415705,AUDIO_TIMER_LATE,0xffff,0x0000,,59941,59941,0,0,2160,0,0,0,,True,audio_timer_interval_gt_2ms
1,1225635697,1225417866,1225.417866,AUDIO_TIMER_LATE,0xffff,0x0000,,59941,59941,0,0,2161,0,0,0,,True,audio_timer_interval_gt_2ms
1,1225635697,1225420026,1225.420026,AUDIO_TIMER_LATE,0xffff,0x0000,,59941,59941,0,0,2160,0,0,0,,True,audio_timer_interval_gt_2ms
1,1225635697,1225422186,1225.422186,AUDIO_TIMER_LATE,0xffff,0x0000,,59941,59941,0,0,2160,0,0,0,,True,audio_timer_interval_gt_2ms
1,1225635697,1225424346,1225.424346,AUDIO_TIMER_LATE,0xffff,0x0000,,59941,59941,0,0,2160,0,0,0,,True,audio_timer_interval_gt_2ms
1,1225635697,1225425802,1225.425802,AUDIO_SDU_GENERATED,0xffff,0x0000,37,59942,59942,0,0,19999,0,0,0,,False,
1,1225635697,1225426506,1225.426506,AUDIO_TIMER_LATE,0xffff,0x0000,,59942,59942,0,0,2160,0,0,0,,True,audio_timer_interval_gt_2ms
1,1225635697,1225428666,1225.428666,AUDIO_TIMER_LATE,0xffff,0x0000,,59942,59942,0,0,2160,0,0,0,,True,audio_timer_interval_gt_2ms
1,1225635697,1225430826,1225.430826,AUDIO_TIMER_LATE,0xffff,0x0000,,59942,59942,0,0,2160,0,0,0,,True,audio_timer_interval_gt_2ms
1,1225635697,1225432987,1225.432987,AUDIO_TIMER_LATE,0xffff,0x0000,,59942,59942,0,0,2161,0,0,0,,True,audio_timer_interval_gt_2ms
1,1225635697,1225436306,1225.436306,AUDIO_TIMER_LATE,0xffff,0x0000,,59942,59942,0,0,2159,0,0,0,,True,audio_timer_interval_gt_2ms
1,1225635697,1225438466,1225.438466,AUDIO_TIMER_LATE,0xffff,0x0000,,59942,59942,0,0,2160,0,0,0,,True,audio_timer_interval_gt_2ms
1,1225635697,1225440626,1225.440626,AUDIO_TIMER_LATE,0xffff,0x0000,,59942,59942,0,0,2160,0,0,0,,True,audio_timer_interval_gt_2ms
1,1225635697,1225442786,1225.442786,AUDIO_TIMER_LATE,0xffff,0x0000,,59942,59942,0,0,2160,0,0,0,,True,audio_timer_interval_gt_2ms
1,1225635697,1225444947,1225.444947,AUDIO_TIMER_LATE,0xffff,0x0000,,59942,59942,0,0,2161,0,0,0,,True,audio_timer_interval_gt_2ms
1,1225635697,1225445802,1225.445802,AUDIO_SDU_GENERATED,0xffff,0x0000,38,59943,59943,0,0,20000,0,0,0,,False,
1,1225635697,1225448266,1225.448266,AUDIO_TIMER_LATE,0xffff,0x0000,,59943,59943,0,0,2159,0,0,0,,True,audio_timer_interval_gt_2ms
1,1225635697,1225450427,1225.450427,AUDIO_TIMER_LATE,0xffff,0x0000,,59943,59943,0,0,2161,0,0,0,,True,audio_timer_interval_gt_2ms
1,1225635697,1225452588,1225.452588,AUDIO_TIMER_LATE,0xffff,0x0000,,59943,59943,0,0,2161,0,0,0,,True,audio_timer_interval_gt_2ms
1,1225635697,1225454748,1225.454748,AUDIO_TIMER_LATE,0xffff,0x0000,,59943,59943,0,0,2160,0,0,0,,True,audio_timer_interval_gt_2ms
1,1225635697,1225456909,1225.456909,AUDIO_TIMER_LATE,0xffff,0x0000,,59943,59943,0,0,2161,0,0,0,,True,audio_timer_interval_gt_2ms
1,1225635697,1225460229,1225.460229,AUDIO_TIMER_LATE,0xffff,0x0000,,59943,59943,0,0,2159,0,0,0,,True,audio_timer_interval_gt_2ms
1,1225635697,1225462390,1225.462390,AUDIO_TIMER_LATE,0xffff,0x0000,,59943,59943,0,0,2161,0,0,0,,True,audio_timer_interval_gt_2ms
1,1225635697,1225464550,1225.464550,AUDIO_TIMER_LATE,0xffff,0x0000,,59943,59943,0,0,2160,0,0,0,,True,audio_timer_interval_gt_2ms
1,1225635697,1225465804,1225.465804,AUDIO_SDU_GENERATED,0xffff,0x0000,39,59944,59944,0,0,20002,0,0,0,,False,
1,1225635697,1225466711,1225.466711,AUDIO_TIMER_LATE,0xffff,0x0000,,59944,59944,0,0,2161,0,0,0,,True,audio_timer_interval_gt_2ms
1,1225635697,1225468872,1225.468872,AUDIO_TIMER_LATE,0xffff,0x0000,,59944,59944,0,0,2161,0,0,0,,True,audio_timer_interval_gt_2ms
1,1225635697,1225471032,1225.471032,AUDIO_TIMER_LATE,0xffff,0x0000,,59944,59944,0,0,2160,0,0,0,,True,audio_timer_interval_gt_2ms
1,1225635697,1225473192,1225.473192,AUDIO_TIMER_LATE,0xffff,0x0000,,59944,59944,0,0,2160,0,0,0,,True,audio_timer_interval_gt_2ms
1,1225635697,1225475352,1225.475352,AUDIO_TIMER_LATE,0xffff,0x0000,,59944,59944,0,0,2160,0,0,0,,True,audio_timer_interval_gt_2ms
1,1225635697,1225477512,1225.477512,AUDIO_TIMER_LATE,0xffff,0x0000,,59944,59944,0,0,2160,0,0,0,,True,audio_timer_interval_gt_2ms
1,1225635697,1225479673,1225.479673,AUDIO_TIMER_LATE,0xffff,0x0000,,59944,59944,0,0,2161,0,0,0,,True,audio_timer_interval_gt_2ms
1,1225635697,1225481834,1225.481834,AUDIO_TIMER_LATE,0xffff,0x0000,,59944,59944,0,0,2161,0,0,0,,True,audio_timer_interval_gt_2ms
1,1225635697,1225483995,1225.483995,AUDIO_TIMER_LATE,0xffff,0x0000,,59944,59944,0,0,2161,0,0,0,,True,audio_timer_interval_gt_2ms
1,1225635697,1225485802,1225.485802,AUDIO_SDU_GENERATED,0xffff,0x0000,40,59945,59945,0,0,19998,0,0,0,,False,
1,1225635697,1225487314,1225.487314,AUDIO_TIMER_LATE,0xffff,0x0000,,59945,59945,0,0,2159,0,0,0,,True,audio_timer_interval_gt_2ms
1,1225635697,1225489474,1225.489474,AUDIO_TIMER_LATE,0xffff,0x0000,,59945,59945,0,0,2160,0,0,0,,True,audio_timer_interval_gt_2ms
1,1225635697,1225491634,1225.491634,AUDIO_TIMER_LATE,0xffff,0x0000,,59945,59945,0,0,2160,0,0,0,,True,audio_timer_interval_gt_2ms
1,1225635697,1225493795,1225.493795,AUDIO_TIMER_LATE,0xffff,0x0000,,59945,59945,0,0,2161,0,0,0,,True,audio_timer_interval_gt_2ms
1,1225635697,1225495956,1225.495956,AUDIO_TIMER_LATE,0xffff,0x0000,,59945,59945,0,0,2161,0,0,0,,True,audio_timer_interval_gt_2ms
1,1225635697,1225499275,1225.499275,AUDIO_TIMER_LATE,0xffff,0x0000,,59945,59945,0,0,2159,0,0,0,,True,audio_timer_interval_gt_2ms
1,1225635697,1225501435,1225.501435,AUDIO_TIMER_LATE,0xffff,0x0000,,59945,59945,0,0,2160,0,0,0,,True,audio_timer_interval_gt_2ms
1,1225635697,1225503595,1225.503595,AUDIO_TIMER_LATE,0xffff,0x0000,,59945,59945,0,0,2160,0,0,0,,True,audio_timer_interval_gt_2ms
1,1225635697,1225505755,1225.505755,AUDIO_TIMER_LATE,0xffff,0x0000,,59945,59945,0,0,2160,0,0,0,,True,audio_timer_interval_gt_2ms
1,1225635697,1225505798,1225.505798,AUDIO_SDU_GENERATED,0xffff,0x0000,41,59946,59946,0,0,19997,0,0,0,,False,
1,1225635697,1225507916,1225.507916,AUDIO_TIMER_LATE,0xffff,0x0000,,59946,59946,0,0,2161,0,0,0,,True,audio_timer_interval_gt_2ms
1,1225635697,1225511236,1225.511236,AUDIO_TIMER_LATE,0xffff,0x0000,,59946,59946,0,0,2160,0,0,0,,True,audio_timer_interval_gt_2ms
1,1225635697,1225513396,1225.513396,AUDIO_TIMER_LATE,0xffff,0x0000,,59946,59946,0,0,2160,0,0,0,,True,audio_timer_interval_gt_2ms
1,1225635697,1225515556,1225.515556,AUDIO_TIMER_LATE,0xffff,0x0000,,59946,59946,0,0,2159,0,0,0,,True,audio_timer_interval_gt_2ms
1,1225635697,1225517716,1225.517716,AUDIO_TIMER_LATE,0xffff,0x0000,,59946,59946,0,0,2161,0,0,0,,True,audio_timer_interval_gt_2ms
1,1225635697,1225519877,1225.519877,AUDIO_TIMER_LATE,0xffff,0x0000,,59946,59946,0,0,2161,0,0,0,,True,audio_timer_interval_gt_2ms
1,1225635697,1225522037,1225.522037,AUDIO_TIMER_LATE,0xffff,0x0000,,59946,59946,0,0,2160,0,0,0,,True,audio_timer_interval_gt_2ms
1,1225635697,1225524197,1225.524197,AUDIO_TIMER_LATE,0xffff,0x0000,,59946,59946,0,0,2160,0,0,0,,True,audio_timer_interval_gt_2ms
1,1225635697,1225525806,1225.525806,AUDIO_SDU_GENERATED,0xffff,0x0000,42,59947,59947,0,0,20007,0,0,0,,False,
1,1225635697,1225526357,1225.526357,AUDIO_TIMER_LATE,0xffff,0x0000,,59947,59947,0,0,2160,0,0,0,,True,audio_timer_interval_gt_2ms
1,1225635697,1225528518,1225.528518,AUDIO_TIMER_LATE,0xffff,0x0000,,59947,59947,0,0,2161,0,0,0,,True,audio_timer_interval_gt_2ms
1,1225635697,1225530679,1225.530679,AUDIO_TIMER_LATE,0xffff,0x0000,,59947,59947,0,0,2161,0,0,0,,True,audio_timer_interval_gt_2ms
1,1225635697,1225532839,1225.532839,AUDIO_TIMER_LATE,0xffff,0x0000,,59947,59947,0,0,2160,0,0,0,,True,audio_timer_interval_gt_2ms
1,1225635697,1225535000,1225.535000,AUDIO_TIMER_LATE,0xffff,0x0000,,59947,59947,0,0,2161,0,0,0,,True,audio_timer_interval_gt_2ms
1,1225635697,1225537160,1225.537160,AUDIO_TIMER_LATE,0xffff,0x0000,,59947,59947,0,0,2160,0,0,0,,True,audio_timer_interval_gt_2ms
1,1225635697,1225539321,1225.539321,AUDIO_TIMER_LATE,0xffff,0x0000,,59947,59947,0,0,2161,0,0,0,,True,audio_timer_interval_gt_2ms
1,1225635697,1225541481,1225.541481,AUDIO_TIMER_LATE,0xffff,0x0000,,59947,59947,0,0,2160,0,0,0,,True,audio_timer_interval_gt_2ms
1,1225635697,1225543641,1225.543641,AUDIO_TIMER_LATE,0xffff,0x0000,,59947,59947,0,0,2160,0,0,0,,True,audio_timer_interval_gt_2ms
1,1225635697,1225545801,1225.545801,AUDIO_SDU_GENERATED,0xffff,0x0000,43,59948,59948,0,0,19995,0,0,0,,False,
1,1225635697,1225545801,1225.545801,AUDIO_TIMER_LATE,0xffff,0x0000,,59948,59948,0,0,2160,0,0,0,,True,audio_timer_interval_gt_2ms
1,1225635697,1225547962,1225.547962,AUDIO_TIMER_LATE,0xffff,0x0000,,59948,59948,0,0,2161,0,0,0,,True,audio_timer_interval_gt_2ms
1,1225635697,1225551281,1225.551281,AUDIO_TIMER_LATE,0xffff,0x0000,,59948,59948,0,0,2159,0,0,0,,True,audio_timer_interval_gt_2ms
1,1225635697,1225553441,1225.553441,AUDIO_TIMER_LATE,0xffff,0x0000,,59948,59948,0,0,2160,0,0,0,,True,audio_timer_interval_gt_2ms
1,1225635697,1225555601,1225.555601,AUDIO_TIMER_LATE,0xffff,0x0000,,59948,59948,0,0,2160,0,0,0,,True,audio_timer_interval_gt_2ms
1,1225635697,1225557761,1225.557761,AUDIO_TIMER_LATE,0xffff,0x0000,,59948,59948,0,0,2160,0,0,0,,True,audio_timer_interval_gt_2ms
1,1225635697,1225559922,1225.559922,AUDIO_TIMER_LATE,0xffff,0x0000,,59948,59948,0,0,2161,0,0,0,,True,audio_timer_interval_gt_2ms
1,1225635697,1225563241,1225.563241,AUDIO_TIMER_LATE,0xffff,0x0000,,59948,59948,0,0,2159,0,0,0,,True,audio_timer_interval_gt_2ms
1,1225635697,1225565401,1225.565401,AUDIO_TIMER_LATE,0xffff,0x0000,,59948,59948,0,0,2160,0,0,0,,True,audio_timer_interval_gt_2ms
1,1225635697,1225565802,1225.565802,AUDIO_SDU_GENERATED,0xffff,0x0000,44,59949,59949,0,0,20001,0,0,0,,False,
1,1225635697,1225567563,1225.567563,AUDIO_TIMER_LATE,0xffff,0x0000,,59949,59949,0,0,2162,0,0,0,,True,audio_timer_interval_gt_2ms
1,1225635697,1225569723,1225.569723,AUDIO_TIMER_LATE,0xffff,0x0000,,59949,59949,0,0,2160,0,0,0,,True,audio_timer_interval_gt_2ms
1,1225635697,1225571884,1225.571884,AUDIO_TIMER_LATE,0xffff,0x0000,,59949,59949,0,0,2161,0,0,0,,True,audio_timer_interval_gt_2ms
1,1225635697,1225574044,1225.574044,AUDIO_TIMER_LATE,0xffff,0x0000,,59949,59949,0,0,2159,0,0,0,,True,audio_timer_interval_gt_2ms
1,1225635697,1225576204,1225.576204,AUDIO_TIMER_LATE,0xffff,0x0000,,59949,59949,0,0,2161,0,0,0,,True,audio_timer_interval_gt_2ms
1,1225635697,1225578364,1225.578364,AUDIO_TIMER_LATE,0xffff,0x0000,,59949,59949,0,0,2160,0,0,0,,True,audio_timer_interval_gt_2ms
1,1225635697,1225580524,1225.580524,AUDIO_TIMER_LATE,0xffff,0x0000,,59949,59949,0,0,2160,0,0,0,,True,audio_timer_interval_gt_2ms
1,1225635697,1225582684,1225.582684,AUDIO_TIMER_LATE,0xffff,0x0000,,59949,59949,0,0,2160,0,0,0,,True,audio_timer_interval_gt_2ms
1,1225635697,1225584845,1225.584845,AUDIO_TIMER_LATE,0xffff,0x0000,,59949,59949,0,0,2161,0,0,0,,True,audio_timer_interval_gt_2ms
1,1225635697,1225585803,1225.585803,AUDIO_SDU_GENERATED,0xffff,0x0000,45,59950,59950,0,0,20001,0,0,0,,False,
1,1225635697,1225587005,1225.587005,AUDIO_TIMER_LATE,0xffff,0x0000,,59950,59950,0,0,2160,0,0,0,,True,audio_timer_interval_gt_2ms
1,1225635697,1225589165,1225.589165,AUDIO_TIMER_LATE,0xffff,0x0000,,59950,59950,0,0,2160,0,0,0,,True,audio_timer_interval_gt_2ms
1,1225635697,1225591325,1225.591325,AUDIO_TIMER_LATE,0xffff,0x0000,,59950,59950,0,0,2160,0,0,0,,True,audio_timer_interval_gt_2ms
1,1225635697,1225593485,1225.593485,AUDIO_TIMER_LATE,0xffff,0x0000,,59950,59950,0,0,2160,0,0,0,,True,audio_timer_interval_gt_2ms
1,1225635697,1225595645,1225.595645,AUDIO_TIMER_LATE,0xffff,0x0000,,59950,59950,0,0,2160,0,0,0,,True,audio_timer_interval_gt_2ms
1,1225635697,1225597806,1225.597806,AUDIO_TIMER_LATE,0xffff,0x0000,,59950,59950,0,0,2161,0,0,0,,True,audio_timer_interval_gt_2ms
1,1225635697,1225599967,1225.599967,AUDIO_TIMER_LATE,0xffff,0x0000,,59950,59950,0,0,2161,0,0,0,,True,audio_timer_interval_gt_2ms
1,1225635697,1225603286,1225.603286,AUDIO_TIMER_LATE,0xffff,0x0000,,59950,59950,0,0,2159,0,0,0,,True,audio_timer_interval_gt_2ms
1,1225635697,1225605447,1225.605447,AUDIO_TIMER_LATE,0xffff,0x0000,,59950,59950,0,0,2161,0,0,0,,True,audio_timer_interval_gt_2ms
1,1225635697,1225605801,1225.605801,AUDIO_SDU_GENERATED,0xffff,0x0000,46,59951,59951,0,0,19998,0,0,0,,False,
1,1225635697,1225607607,1225.607607,AUDIO_TIMER_LATE,0xffff,0x0000,,59951,59951,0,0,2160,0,0,0,,True,audio_timer_interval_gt_2ms
1,1225635697,1225609768,1225.609768,AUDIO_TIMER_LATE,0xffff,0x0000,,59951,59951,0,0,2161,0,0,0,,True,audio_timer_interval_gt_2ms
1,1225635697,1225611929,1225.611929,AUDIO_TIMER_LATE,0xffff,0x0000,,59951,59951,0,0,2161,0,0,0,,True,audio_timer_interval_gt_2ms
1,1225635697,1225615249,1225.615249,AUDIO_TIMER_LATE,0xffff,0x0000,,59951,59951,0,0,2159,0,0,0,,True,audio_timer_interval_gt_2ms
1,1225635697,1225617410,1225.617410,AUDIO_TIMER_LATE,0xffff,0x0000,,59951,59951,0,0,2161,0,0,0,,True,audio_timer_interval_gt_2ms
1,1225635697,1225619571,1225.619571,AUDIO_TIMER_LATE,0xffff,0x0000,,59951,59951,0,0,2161,0,0,0,,True,audio_timer_interval_gt_2ms
1,1225635697,1225621731,1225.621731,AUDIO_TIMER_LATE,0xffff,0x0000,,59951,59951,0,0,2160,0,0,0,,True,audio_timer_interval_gt_2ms
1,1225635697,1225623892,1225.623892,AUDIO_TIMER_LATE,0xffff,0x0000,,59951,59951,0,0,2161,0,0,0,,True,audio_timer_interval_gt_2ms
1,1225635697,1225625801,1225.625801,AUDIO_SDU_GENERATED,0xffff,0x0000,47,59952,59952,0,0,20000,0,0,0,,False,
1,1225635697,1225626052,1225.626052,AUDIO_TIMER_LATE,0xffff,0x0000,,59952,59952,0,0,2160,0,0,0,,True,audio_timer_interval_gt_2ms
1,1225635697,1225628212,1225.628212,AUDIO_TIMER_LATE,0xffff,0x0000,,59952,59952,0,0,2160,0,0,0,,True,audio_timer_interval_gt_2ms
1,1225635697,1225630372,1225.630372,AUDIO_TIMER_LATE,0xffff,0x0000,,59952,59952,0,0,2160,0,0,0,,True,audio_timer_interval_gt_2ms
1,1225635697,1225632533,1225.632533,AUDIO_TIMER_LATE,0xffff,0x0000,,59952,59952,0,0,2161,0,0,0,,True,audio_timer_interval_gt_2ms
1,1225635697,1225634694,1225.634694,AUDIO_TIMER_LATE,0xffff,0x0000,,59952,59952,0,0,2161,0,0,0,,True,audio_timer_interval_gt_2ms
1,1225635697,1225635697,1225.635697,BLE_DISCONNECT,0x0040,0x0041,243,59952,59892,60,0,0,2048,1146826,1224488870,status=0x00;reason=0x08;last_send_age_us=1146826;last_send_timestamp_us=1224488871,True,ble_disconnect;ring_full
