timestamp_us,timestamp_s,sdu_generated_count,l2cap_send_attempt_count,l2cap_send_success_count,l2cap_send_error_count,can_send_wait_last_us,can_send_wait_max_us,packet_sent_wait_max_us,audio_busy_current_duration_us,audio_busy_max_duration_us,ring_fill_current,ring_fill_min,ring_fill_max,ring_underrun_count,ring_overrun_count,sequence_generated,sequence_sent,sequence_skip_count,audio_timer_gap_max_us,audio_timer_late_count,usb_pcm_underrun_count,trace_dropped,hci_write_count,hci_write_error_count,hci_write_last_us,hci_write_max_us,cyw43_lock_wait_last_us,cyw43_lock_wait_max_us,cyw43_lock_hold_last_us,cyw43_lock_hold_max_us,btstack_run_loop_gap_last_us,btstack_run_loop_gap_max_us,hci_to_packet_sent_last_us,hci_to_packet_sent_max_us,rssi_sample_count,rssi_request_skipped_count,rssi_slot0_dbm,rssi_slot1_dbm,rssi_slot0_age_us,rssi_slot1_age_us,tx_stale_drop_count,tx_stale_drop_frames
2940497592,2940.497592,145826,145794,145794,0,5,8,49166,0,49174,0,0,11,0,0,161,161,32,75064,1,0,367971,226122,0,244,283,0,3,61,828522,2166,75064,21,24,5811,0,-79,-2147483648,64295,4294967295,0,0
2940747593,2940.747593,145839,145807,145807,0,6,8,49166,0,49174,0,0,11,0,0,174,174,32,75064,1,0,367977,226142,0,244,283,0,3,61,828522,2165,75064,22,24,5811,0,-79,-2147483648,314296,4294967295,0,0
2940997593,2940.997593,145851,145819,145819,0,6,8,49166,0,49174,0,0,11,0,0,186,186,32,75064,1,0,367977,226161,0,244,283,1,3,60,828522,1168,75064,22,24,5812,0,-79,-2147483648,63671,4294967295,0,0
2941247593,2941.247593,145864,145832,145832,0,6,8,49166,0,49174,0,0,11,0,0,199,199,32,75064,1,0,367977,226180,0,245,283,0,3,60,828522,2164,75064,21,24,5812,0,-79,-2147483648,313671,4294967295,0,0
2941497594,2941.497594,145876,145844,145844,0,6,8,49166,0,49174,0,0,11,0,0,211,211,32,75064,1,0,367977,226200,0,138,283,1,3,60,828522,2167,75064,22,24,5813,0,-82,-2147483648,63592,4294967295,0,0
2941747594,2941.747594,145889,145857,145857,0,6,8,49166,0,49174,0,0,11,0,0,224,224,32,75064,1,0,367977,226219,0,244,283,1,3,60,828522,2164,75064,22,24,5813,0,-82,-2147483648,313592,4294967295,0,0
2941997594,2941.997594,145901,145869,145869,0,6,8,49166,0,49174,0,0,11,0,0,236,236,32,75064,1,0,367977,226238,0,244,283,1,3,60,828522,2167,75064,22,24,5814,0,-83,-2147483648,63548,4294967295,0,0
2942247595,2942.247595,145914,145882,145882,0,6,8,49166,0,49174,0,0,11,0,0,249,249,32,75064,1,0,367977,226257,0,244,283,1,3,60,828522,2164,75064,22,24,5814,0,-83,-2147483648,313549,4294967295,0,0
2942497597,2942.497597,145926,145894,145894,0,6,8,49166,0,49174,0,0,11,0,0,5,5,32,75064,1,0,367977,226277,0,138,283,1,3,61,828522,2167,75064,22,24,5815,0,-77,-2147483648,62887,4294967295,0,0
2942747599,2942.747599,145939,145907,145907,0,6,8,49166,0,49174,0,0,11,0,0,18,18,32,75064,1,0,367977,226296,0,244,283,1,3,60,828522,2164,75064,22,24,5815,0,-77,-2147483648,312889,4294967295,0,0
2942997601,2942.997601,145951,145919,145919,0,5,8,49166,0,49174,0,0,11,0,0,30,30,32,75064,1,0,367977,226315,0,138,283,1,3,1,828522,2167,75064,22,24,5816,0,-83,-2147483648,62510,4294967295,0,0
2943247602,2943.247602,145964,145932,145932,0,6,8,49166,0,49174,0,0,11,0,0,43,43,32,75064,1,0,367977,226334,0,279,283,0,3,60,828522,2164,75064,22,24,5816,0,-83,-2147483648,312511,4294967295,0,0
2943497604,2943.497604,145976,145944,145944,0,6,8,49166,0,49174,0,0,11,0,0,55,55,32,75064,1,0,367977,226353,0,244,283,1,3,60,828522,2167,75064,21,24,5817,0,-78,-2147483648,61273,4294967295,0,0
2943747606,2943.747606,145989,145957,145957,0,6,8,49166,0,49174,0,0,11,0,0,68,68,32,75064,1,0,367977,226373,0,245,283,1,3,61,828522,1164,75064,21,24,5817,0,-78,-2147483648,311275,4294967295,0,0
2943997606,2943.997606,146001,145969,145969,0,6,8,49166,0,49174,0,0,11,0,0,80,80,32,75064,1,0,367977,226392,0,245,283,0,3,61,828522,1167,75064,21,24,5818,0,-79,-2147483648,61130,4294967295,0,0
2944247606,2944.247606,146014,145982,145982,0,6,8,49166,0,49174,0,0,11,0,0,93,93,32,75064,1,0,367977,226411,0,244,283,1,3,60,828522,2164,75064,22,24,5818,0,-79,-2147483648,311130,4294967295,0,0
2944497607,2944.497607,146026,145994,145994,0,6,8,49166,0,49174,0,0,11,0,0,105,105,32,75064,1,0,367977,226431,0,138,283,1,3,60,828522,2167,75064,21,24,5819,0,-84,-2147483648,60625,4294967295,0,0
2944747608,2944.747608,146039,146007,146007,0,6,8,49166,0,49174,0,0,11,0,0,118,118,32,75064,1,0,367977,226449,0,244,283,1,3,2,828522,2164,75064,22,24,5819,0,-84,-2147483648,310626,4294967295,0,0
2944997608,2944.997608,146051,146019,146019,0,5,8,49166,0,49174,0,0,11,0,0,130,130,32,75064,1,0,367977,226469,0,138,283,1,3,2,828522,2167,75064,22,24,5820,0,-78,-2147483648,59362,4294967295,0,0
2945247609,2945.247609,146064,146032,146032,0,6,8,49166,0,49174,0,0,11,0,0,143,143,32,75064,1,0,367977,226488,0,245,283,1,3,60,828522,2164,75064,21,24,5820,0,-78,-2147483648,309363,4294967295,0,0
2945497611,2945.497611,146076,146044,146044,0,6,8,49166,0,49174,0,0,11,0,0,155,155,32,75064,1,0,367977,226508,0,138,283,1,3,60,828522,2167,75064,22,24,5821,0,-83,-2147483648,58551,4294967295,0,0
2945747612,2945.747612,146089,146057,146057,0,6,8,49166,0,49174,0,0,11,0,0,168,168,32,75064,1,0,367977,226526,0,244,283,1,3,60,828522,1164,75064,22,24,5821,0,-83,-2147483648,308552,4294967295,0,0
2945997612,2945.997612,146101,146069,146069,0,6,8,49166,0,49174,0,0,11,0,0,180,180,32,75064,1,0,367977,226546,0,244,283,1,3,60,828522,2167,75064,22,24,5822,0,-77,-2147483648,46097,4294967295,0,0
2946247613,2946.247613,146114,146082,146082,0,6,8,49166,0,49174,0,0,11,0,0,193,193,32,75064,1,0,367977,226565,0,244,283,1,3,60,828522,1164,75064,22,24,5822,0,-77,-2147483648,296098,4294967295,0,0
2946497615,2946.497615,146126,146094,146094,0,6,8,49166,0,49174,0,0,11,0,0,205,205,32,75064,1,0,367977,226584,0,244,283,1,3,60,828522,2167,75064,22,24,5823,0,-76,-2147483648,45136,4294967295,0,0
2946747617,2946.747617,146139,146107,146107,0,6,8,49166,0,49174,0,0,11,0,0,218,218,32,75064,1,0,367977,226603,0,244,283,1,3,60,828522,2164,75064,22,24,5823,0,-76,-2147483648,295138,4294967295,0,0
2946997618,2946.997618,146151,146119,146119,0,6,8,49166,0,49174,0,0,11,0,0,230,230,32,75064,1,0,367977,226623,0,244,283,1,3,60,828522,2167,75064,22,24,5824,0,-82,-2147483648,43714,4294967295,0,0
2947247618,2947.247618,146164,146132,146132,0,6,8,49166,0,49174,0,0,11,0,0,243,243,32,75064,1,0,367977,226641,0,244,283,1,3,60,828522,2164,75064,21,24,5824,0,-82,-2147483648,293714,4294967295,0,0
2947497618,2947.497618,146176,146144,146144,0,6,8,49166,0,49174,0,0,11,0,0,255,255,32,75064,1,0,367977,226662,0,138,283,1,3,60,828522,2167,75064,22,24,5825,0,-78,-2147483648,41530,4294967295,0,0
2947747618,2947.747618,146189,146157,146157,0,6,8,49166,0,49174,0,0,11,0,0,12,12,32,75064,1,0,367977,226680,0,244,283,1,3,60,828522,2164,75064,22,24,5825,0,-78,-2147483648,291530,4294967295,0,0
2947997620,2947.997620,146201,146169,146169,0,6,8,49166,0,49174,0,0,11,0,0,24,24,32,75064,1,0,367977,226700,0,245,283,1,3,60,828522,2167,75064,21,24,5826,0,-78,-2147483648,39611,4294967295,0,0
2948247622,2948.247622,146214,146182,146182,0,6,8,49166,0,49174,0,0,11,0,0,37,37,32,75064,1,0,367977,226719,0,244,283,1,3,60,828522,2164,75064,21,24,5826,0,-78,-2147483648,289613,4294967295,0,0
2948497622,2948.497622,146226,146194,146194,0,6,8,49166,0,49174,0,0,11,0,0,49,49,32,75064,1,0,367977,226739,0,138,283,1,3,61,828522,1167,75064,22,24,5827,0,-76,-2147483648,38350,4294967295,0,0
2948747623,2948.747623,146239,146207,146207,0,6,8,49166,0,49174,0,0,11,0,0,62,62,32,75064,1,0,367977,226758,0,244,283,1,3,60,828522,2164,75064,22,24,5827,0,-76,-2147483648,288351,4294967295,0,0
2948997623,2948.997623,146251,146219,146219,0,6,8,49166,0,49174,0,0,11,0,0,74,74,32,75064,1,0,367977,226777,0,244,283,0,3,61,828522,2168,75064,22,24,5828,0,-79,-2147483648,25009,4294967295,0,0
2949247623,2949.247623,146264,146232,146232,0,6,8,49166,0,49174,0,0,11,0,0,87,87,32,75064,1,0,367977,226796,0,244,283,1,3,60,828522,1164,75064,22,24,5828,0,-79,-2147483648,275009,4294967295,0,0
2949497623,2949.497623,146276,146244,146244,0,6,8,49166,0,49174,0,0,11,0,0,99,99,32,75064,1,0,367977,226816,0,137,283,1,3,60,828522,1167,75064,22,24,5829,0,-75,-2147483648,22845,4294967295,0,0
2949747625,2949.747625,146289,146257,146257,0,6,8,49166,0,49174,0,0,11,0,0,112,112,32,75064,1,0,367977,226835,0,244,283,1,3,60,828522,2164,75064,22,24,5829,0,-75,-2147483648,272847,4294967295,0,0
2949997625,2949.997625,146301,146269,146269,0,5,8,49166,0,49174,0,0,11,0,0,124,124,32,75064,1,0,367977,226854,0,279,283,0,3,60,828522,1167,75064,22,24,5830,0,-74,-2147483648,22835,4294967295,0,0
2950247625,2950.247625,146314,146282,146282,0,5,8,49166,0,49174,0,0,11,0,0,137,137,32,75064,1,0,367977,226873,0,244,283,1,3,60,828522,2164,75064,22,24,5830,0,-74,-2147483648,272835,4294967295,0,0
2950497627,2950.497627,146326,146294,146294,0,6,8,49166,0,49174,0,0,11,0,0,149,149,32,75064,1,0,367977,226893,0,138,283,1,3,60,828522,1168,75064,22,24,5831,0,-79,-2147483648,20795,4294967295,0,0
2950747627,2950.747627,146339,146307,146307,0,6,8,49166,0,49174,0,0,11,0,0,162,162,32,75064,1,0,367977,226911,0,244,283,1,3,60,828522,2164,75064,22,24,5831,0,-79,-2147483648,270795,4294967295,0,0
2950997627,2950.997627,146351,146319,146319,0,6,8,49166,0,49174,0,0,11,0,0,174,174,32,75064,1,0,367977,226931,0,244,283,1,3,60,828522,2167,75064,22,24,5832,0,-79,-2147483648,20756,4294967295,0,0
2951247629,2951.247629,146364,146332,146332,0,6,8,49166,0,49174,0,0,11,0,0,187,187,32,75064,1,0,367977,226950,0,244,283,1,3,60,828522,2164,75064,22,24,5832,0,-79,-2147483648,270758,4294967295,0,0
2951497630,2951.497630,146376,146344,146344,0,5,8,49166,0,49174,0,0,11,0,0,199,199,32,75064,1,0,367977,226970,0,138,283,0,3,61,828522,1167,75064,21,24,5833,0,-80,-2147483648,19780,4294967295,0,0
2951747632,2951.747632,146389,146357,146357,0,6,8,49166,0,49174,0,0,11,0,0,212,212,32,75064,1,0,367977,226989,0,244,283,1,3,60,828522,2164,75064,22,24,5833,0,-80,-2147483648,269782,4294967295,0,0
2951997633,2951.997633,146401,146369,146369,0,6,8,49166,0,49174,0,0,11,0,0,224,224,32,75064,1,0,367977,227008,0,244,283,1,3,61,828522,2167,75064,22,24,5834,0,-74,-2147483648,19157,4294967295,0,0
2952247634,2952.247634,146414,146382,146382,0,5,8,49166,0,49174,0,0,11,0,0,237,237,32,75064,1,0,367977,227027,0,245,283,1,3,60,828522,2164,75064,21,24,5834,0,-74,-2147483648,269158,4294967295,0,0
2952497634,2952.497634,146426,146394,146394,0,6,8,49166,0,49174,0,0,11,0,0,249,249,32,75064,1,0,367977,227047,0,138,283,1,3,60,828522,2167,75064,22,24,5835,0,-74,-2147483648,18723,4294967295,0,0
2952747635,2952.747635,146439,146407,146407,0,6,8,49166,0,49174,0,0,11,0,0,6,6,32,75064,1,0,367977,227066,0,244,283,1,3,60,828522,2165,75064,22,24,5835,0,-74,-2147483648,268724,4294967295,0,0
2952997635,2952.997635,146451,146419,146419,0,6,8,49166,0,49174,0,0,11,0,0,18,18,32,75064,1,0,367977,227085,0,244,283,1,3,60,828522,2167,75064,22,24,5836,0,-74,-2147483648,18525,4294967295,0,0
2953247637,2953.247637,146464,146432,146432,0,6,8,49166,0,49174,0,0,11,0,0,31,31,32,75064,1,0,367977,227104,0,245,283,1,3,60,828522,2164,75064,21,24,5836,0,-74,-2147483648,268527,4294967295,0,0
2953497638,2953.497638,146476,146444,146444,0,6,8,49166,0,49174,0,0,11,0,0,43,43,32,75064,1,0,367977,227124,0,138,283,1,3,60,828522,2167,75064,22,24,5837,0,-75,-2147483648,5216,4294967295,0,0
2953747640,2953.747640,146489,146457,146457,0,6,8,49166,0,49174,0,0,11,0,0,56,56,32,75064,1,0,367977,227143,0,245,283,1,3,60,828522,1164,75064,21,24,5837,0,-75,-2147483648,255218,4294967295,0,0
2953997641,2953.997641,146501,146469,146469,0,6,8,49166,0,49174,0,0,11,0,0,68,68,32,75064,1,0,367977,227162,0,138,283,1,3,60,828522,2206,75064,21,24,5838,0,-80,-2147483648,3033,4294967295,0,0
2954247641,2954.247641,146514,146482,146482,0,6,8,49166,0,49174,0,0,11,0,0,81,81,32,75064,1,0,367977,227181,0,244,283,0,3,61,828522,2164,75064,22,24,5838,0,-80,-2147483648,253033,4294967295,0,0
2954497642,2954.497642,146526,146494,146494,0,6,8,49166,0,49174,0,0,11,0,0,93,93,32,75064,1,0,367977,227201,0,138,283,1,3,60,828522,2120,75064,21,24,5839,0,-79,-2147483648,1486,4294967295,0,0
2954747642,2954.747642,146539,146507,146507,0,5,8,49166,0,49174,0,0,11,0,0,106,106,32,75064,1,0,367977,227220,0,244,283,1,3,60,828522,2164,75064,22,24,5839,0,-79,-2147483648,251486,4294967295,0,0
2954997642,2954.997642,146551,146519,146519,0,6,8,49166,0,49174,0,0,11,0,0,118,118,32,75064,1,0,367977,227239,0,138,283,1,3,2,828522,2129,75064,22,24,5840,0,-76,-2147483648,1190,4294967295,0,0
2955247644,2955.247644,146564,146532,146532,0,6,8,49166,0,49174,0,0,11,0,0,131,131,32,75064,1,0,367977,227258,0,244,283,0,3,61,828522,2165,75064,21,24,5840,0,-76,-2147483648,251192,4294967295,0,0
2955497646,2955.497646,146576,146544,146544,0,6,8,49166,0,49174,0,0,11,0,0,143,143,32,75064,1,0,367977,227278,0,138,283,0,3,2,828522,2167,75064,22,24,5840,0,-76,-2147483648,501194,4294967295,0,0
2955747647,2955.747647,146589,146557,146557,0,6,8,49166,0,49174,0,0,11,0,0,156,156,32,75064,1,0,367977,227297,0,244,283,1,3,60,828522,2164,75064,22,24,5841,0,-74,-2147483648,249838,4294967295,0,0
2955997649,2955.997649,146601,146569,146569,0,6,8,49166,0,49174,0,0,11,0,0,168,168,32,75064,1,0,367977,227315,0,280,283,1,3,60,828522,2167,75064,21,24,5841,0,-74,-2147483648,499840,4294967295,0,0
2956247651,2956.247651,146614,146582,146582,0,6,8,49166,0,49174,0,0,11,0,0,181,181,32,75064,1,0,367977,227335,0,245,283,1,3,60,828522,2164,75064,22,24,5842,0,-74,-2147483648,248692,4294967295,0,0
2956497652,2956.497652,146626,146594,146594,0,6,8,49166,0,49174,0,0,11,0,0,193,193,32,75064,1,0,367977,227354,0,139,283,1,3,60,828522,2167,75064,22,24,5842,0,-74,-2147483648,498693,4294967295,0,0
2956747652,2956.747652,146639,146607,146607,0,6,8,49166,0,49174,0,0,11,0,0,206,206,32,75064,1,0,367977,227374,0,245,283,1,3,60,828522,2164,75064,22,24,5843,0,-78,-2147483648,247568,4294967295,0,0
2956997653,2956.997653,146651,146619,146619,0,5,8,49166,0,49174,0,0,11,0,0,218,218,32,75064,1,0,367977,227392,0,245,283,1,3,60,828522,2167,75064,21,24,5843,0,-78,-2147483648,497569,4294967295,0,0
2957247654,2957.247654,146664,146632,146632,0,6,8,49166,0,49174,0,0,11,0,0,231,231,32,75064,1,0,367977,227412,0,244,283,1,3,60,828522,2164,75064,22,24,5844,0,-76,-2147483648,236339,4294967295,0,0
2957497654,2957.497654,146676,146644,146644,0,6,8,49166,0,49174,0,0,11,0,0,243,243,32,75064,1,0,367977,227431,0,138,283,1,3,60,828522,2167,75064,22,24,5844,0,-76,-2147483648,486339,4294967295,0,0
2957747655,2957.747655,146689,146657,146657,0,6,8,49166,0,49174,0,0,11,0,0,0,0,32,75064,1,0,367977,227451,0,244,283,1,3,60,828522,2164,75064,22,24,5845,0,-76,-2147483648,235467,4294967295,0,0
2957997655,2957.997655,146701,146669,146669,0,6,8,49166,0,49174,0,0,11,0,0,12,12,32,75064,1,0,367977,227469,0,244,283,1,3,60,828522,2167,75064,22,24,5845,0,-76,-2147483648,485467,4294967295,0,0
2958247656,2958.247656,146714,146682,146682,0,6,8,49166,0,49174,0,0,11,0,0,25,25,32,75064,1,0,367977,227489,0,280,283,0,3,61,828522,2165,75064,22,24,5846,0,-77,-2147483648,233836,4294967295,0,0
2958497657,2958.497657,146726,146694,146694,0,6,8,49166,0,49174,0,0,11,0,0,37,37,32,75064,1,0,367977,227508,0,138,283,0,3,61,828522,2167,75064,22,24,5846,0,-77,-2147483648,483837,4294967295,0,0
2958747657,2958.747657,146739,146707,146707,0,6,8,49166,0,49174,0,0,11,0,0,50,50,32,75064,1,0,367977,227528,0,245,283,1,3,60,828522,2164,75064,21,24,5847,0,-85,-2147483648,232873,4294967295,0,0
2958997658,2958.997658,146751,146719,146719,0,6,8,49166,0,49174,0,0,11,0,0,62,62,32,75064,1,0,367977,227546,0,245,283,1,3,60,828522,2167,75064,22,24,5847,0,-85,-2147483648,482874,4294967295,0,0
2959247658,2959.247658,146764,146732,146732,0,6,8,49166,0,49174,0,0,11,0,0,75,75,32,75064,1,0,367977,227566,0,245,283,1,3,60,828522,2164,75064,21,24,5848,0,-78,-2147483648,232107,4294967295,0,0
2959497660,2959.497660,146776,146744,146744,0,6,8,49166,0,49174,0,0,11,0,0,87,87,32,75064,1,0,367977,227585,0,138,283,1,3,60,828522,2167,75064,21,24,5848,0,-78,-2147483648,482109,4294967295,0,0
2959747662,2959.747662,146789,146757,146757,0,6,8,49166,0,49174,0,0,11,0,0,100,100,32,75064,1,0,367977,227605,0,244,283,1,3,60,828522,2164,75064,22,24,5849,0,-84,-2147483648,230151,4294967295,0,0
2959997662,2959.997662,146801,146769,146769,0,6,8,49166,0,49174,0,0,11,0,0,112,112,32,75064,1,0,367977,227623,0,245,283,0,3,61,828522,2167,75064,21,24,5849,0,-84,-2147483648,480151,4294967295,0,0
2960247664,2960.247664,146814,146782,146782,0,6,8,49166,0,49174,0,0,11,0,0,125,125,32,75064,1,0,367977,227643,0,244,283,1,3,60,828522,2164,75064,22,24,5850,0,-77,-2147483648,230040,4294967295,0,0
2960497664,2960.497664,146826,146794,146794,0,6,8,49166,0,49174,0,0,11,0,0,137,137,32,75064,1,0,367977,227661,0,137,283,1,3,60,828522,2167,75064,21,24,5850,0,-77,-2147483648,480040,4294967295,0,0
2960747664,2960.747664,146839,146807,146807,0,6,8,49166,0,49174,0,0,11,0,0,150,150,32,75064,1,0,367977,227682,0,244,283,1,3,60,828522,2165,75064,22,24,5851,0,-75,-2147483648,229902,4294967295,0,0
2960997664,2960.997664,146851,146819,146819,0,6,8,49166,0,49174,0,0,11,0,0,162,162,32,75064,1,0,367977,227700,0,245,283,1,3,60,828522,2167,75064,22,24,5851,0,-75,-2147483648,479902,4294967295,0,0
2961247664,2961.247664,146864,146832,146832,0,6,8,49166,0,49174,0,0,11,0,0,175,175,32,75064,1,0,367977,227720,0,244,283,1,3,1,828522,2164,75064,22,24,5852,0,-80,-2147483648,229028,4294967295,0,0
2961497664,2961.497664,146876,146844,146844,0,6,8,49166,0,49174,0,0,11,0,0,187,187,32,75064,1,0,367977,227739,0,137,283,1,3,60,828522,2167,75064,21,24,5852,0,-80,-2147483648,479028,4294967295,0,0
2961747666,2961.747666,146889,146857,146857,0,6,8,49166,0,49174,0,0,11,0,0,200,200,32,75064,1,0,367977,227759,0,245,283,1,3,60,828522,2164,75064,21,24,5853,0,-83,-2147483648,228741,4294967295,0,0
2961997668,2961.997668,146901,146869,146869,0,6,8,49166,0,49174,0,0,11,0,0,212,212,32,75064,1,0,367977,227777,0,244,283,0,3,61,828522,1167,75064,21,24,5853,0,-83,-2147483648,478743,4294967295,0,0
2962247668,2962.247668,146914,146882,146882,0,6,8,49166,0,49174,0,0,11,0,0,225,225,32,75064,1,0,367977,227797,0,244,283,1,3,60,828522,2164,75064,21,24,5854,0,-77,-2147483648,216903,4294967295,0,0
2962497668,2962.497668,146926,146894,146894,0,6,8,49166,0,49174,0,0,11,0,0,237,237,32,75064,1,0,367977,227816,0,138,283,1,3,60,828522,2167,75064,22,24,5854,0,-77,-2147483648,466903,4294967295,0,0
2962747668,2962.747668,146939,146907,146907,0,6,8,49166,0,49174,0,0,11,0,0,250,250,32,75064,1,0,367977,227836,0,244,283,1,3,60,828522,2164,75064,22,24,5855,0,-77,-2147483648,215783,4294967295,0,0
2962997670,2962.997670,146951,146919,146919,0,6,8,49166,0,49174,0,0,11,0,0,6,6,32,75064,1,0,367977,227854,0,244,283,1,3,2,828522,2167,75064,22,24,5855,0,-77,-2147483648,465785,4294967295,0,0
2963247670,2963.247670,146964,146932,146932,0,6,8,49166,0,49174,0,0,11,0,0,19,19,32,75064,1,0,367977,227874,0,245,283,1,3,60,828522,2164,75064,21,24,5856,0,-79,-2147483648,215614,4294967295,0,0
2963497670,2963.497670,146976,146944,146944,0,6,8,49166,0,49174,0,0,11,0,0,31,31,32,75064,1,0,367977,227893,0,138,283,1,3,60,828522,2167,75064,21,24,5856,0,-79,-2147483648,465614,4294967295,0,0
2963747671,2963.747671,146989,146957,146957,0,5,8,49166,0,49174,0,0,11,0,0,44,44,32,75064,1,0,367977,227913,0,138,283,0,3,2,828522,2164,75064,22,24,5857,0,-76,-2147483648,214009,4294967295,0,0
2963997672,2963.997672,147001,146969,146969,0,6,8,49166,0,49174,0,0,11,0,0,56,56,32,75064,1,0,367977,227931,0,244,283,1,3,60,828522,2167,75064,22,24,5857,0,-76,-2147483648,464010,4294967295,0,0
2964247672,2964.247672,147014,146982,146982,0,6,8,49166,0,49174,0,0,11,0,0,69,69,32,75064,1,0,367977,227951,0,245,283,1,3,60,828522,2164,75064,21,24,5858,0,-74,-2147483648,212799,4294967295,0,0
2964497672,2964.497672,147026,146994,146994,0,6,8,49166,0,49174,0,0,11,0,0,81,81,32,75064,1,0,367977,227970,0,138,283,1,3,60,828522,2167,75064,22,24,5858,0,-74,-2147483648,462799,4294967295,0,0
2964747674,2964.747674,147039,147007,147007,0,6,8,49166,0,49174,0,0,11,0,0,94,94,32,75064,1,0,367977,227989,0,244,283,1,3,60,828522,2164,75064,22,24,5859,0,-80,-2147483648,211867,4294967295,0,0
2964997674,2964.997674,147051,147019,147019,0,6,8,49166,0,49174,0,0,11,0,0,106,106,32,75064,1,0,367977,228008,0,244,283,1,3,61,828522,2167,75064,22,24,5859,0,-80,-2147483648,461867,4294967295,0,0
2965247676,2965.247676,147064,147032,147032,0,6,8,49166,0,49174,0,0,11,0,0,119,119,32,75064,1,0,367977,228028,0,245,283,0,3,2,828522,1164,75064,21,24,5860,0,-76,-2147483648,210354,4294967295,0,0
2965497678,2965.497678,147076,147044,147044,0,6,8,49166,0,49174,0,0,11,0,0,131,131,32,75064,1,0,367977,228047,0,138,283,1,3,60,828522,2167,75064,21,24,5860,0,-76,-2147483648,460356,4294967295,0,0
2965747678,2965.747678,147089,147057,147057,0,6,8,49166,0,49174,0,0,11,0,0,144,144,32,75064,1,0,367977,228067,0,138,283,1,3,2,828522,2164,75064,22,24,5861,0,-75,-2147483648,210250,4294967295,0,0
2965997679,2965.997679,147101,147069,147069,0,6,8,49166,0,49174,0,0,11,0,0,156,156,32,75064,1,0,367977,228085,0,244,283,1,3,61,828522,2167,75064,22,24,5861,0,-75,-2147483648,460251,4294967295,0,0
2966247679,2966.247679,147114,147082,147082,0,6,8,49166,0,49174,0,0,11,0,0,169,169,32,75064,1,0,367977,228105,0,245,283,1,3,60,828522,2164,75064,21,24,5862,0,-75,-2147483648,208974,4294967295,0,0
2966497681,2966.497681,147126,147094,147094,0,6,8,49166,0,49174,0,0,11,0,0,181,181,32,75064,1,0,367977,228124,0,138,283,1,3,60,828522,2167,75064,21,24,5862,0,-75,-2147483648,458976,4294967295,0,0
2966747682,2966.747682,147139,147107,147107,0,6,8,49166,0,49174,0,0,11,0,0,194,194,32,75064,1,0,367977,228144,0,244,283,1,3,60,828522,2164,75064,22,24,5863,0,-75,-2147483648,196346,4294967295,0,0
2966997682,2966.997682,147151,147119,147119,0,6,8,49166,0,49174,0,0,11,0,0,206,206,32,75064,1,0,367977,228162,0,244,283,1,3,60,828522,2167,75064,22,24,5863,0,-75,-2147483648,446346,4294967295,0,0
2967247683,2967.247683,147164,147132,147132,0,6,8,49166,0,49174,0,0,11,0,0,219,219,32,75064,1,0,367977,228182,0,244,283,1,3,60,828522,2164,75064,22,24,5864,0,-75,-2147483648,194707,4294967295,0,0
2967497683,2967.497683,147176,147144,147144,0,6,8,49166,0,49174,0,0,11,0,0,231,231,32,75064,1,0,367977,228201,0,138,283,1,3,61,828522,2167,75064,21,24,5864,0,-75,-2147483648,444707,4294967295,0,0
2967747683,2967.747683,147189,147157,147157,0,6,8,49166,0,49174,0,0,11,0,0,244,244,32,75064,1,0,367977,228221,0,244,283,1,3,60,828522,1164,75064,21,24,5865,0,-82,-2147483648,194534,4294967295,0,0
2967997684,2967.997684,147201,147169,147169,0,6,8,49166,0,49174,0,0,11,0,0,0,0,32,75064,1,0,367977,228239,0,244,283,1,3,60,828522,2167,75064,22,24,5865,0,-82,-2147483648,444535,4294967295,0,0
2968247684,2968.247684,147214,147182,147182,0,6,8,49166,0,49174,0,0,11,0,0,13,13,32,75064,1,0,367977,228259,0,244,283,0,3,265,828522,2164,75064,22,24,5866,0,-80,-2147483648,193692,4294967295,0,0
2968497686,2968.497686,147226,147194,147194,0,6,8,49166,0,49174,0,0,11,0,0,25,25,32,75064,1,0,367977,228278,0,138,283,1,3,61,828522,2167,75064,22,24,5866,0,-80,-2147483648,443694,4294967295,0,0
2968747686,2968.747686,147239,147207,147207,0,6,8,49166,0,49174,0,0,11,0,0,38,38,32,75064,1,0,367977,228298,0,138,283,1,3,2,828522,2164,75064,22,24,5867,0,-77,-2147483648,192147,4294967295,0,0
2968997687,2968.997687,147251,147219,147219,0,6,8,49166,0,49174,0,0,11,0,0,50,50,32,75064,1,0,367977,228316,0,244,283,1,3,60,828522,2167,75064,22,24,5867,0,-77,-2147483648,442148,4294967295,0,0
2969247688,2969.247688,147264,147232,147232,0,6,8,49166,0,49174,0,0,11,0,0,63,63,32,75064,1,0,367977,228336,0,244,283,1,3,265,828522,2164,75064,21,24,5868,0,-74,-2147483648,190426,4294967295,0,0
2969497689,2969.497689,147276,147244,147244,0,6,8,49166,0,49174,0,0,11,0,0,75,75,32,75064,1,0,367977,228354,0,244,283,0,3,60,828522,2167,75064,22,24,5868,0,-74,-2147483648,440427,4294967295,0,0
2969747690,2969.747690,147289,147257,147257,0,6,8,49166,0,49174,0,0,11,0,0,88,88,32,75064,1,0,367977,228375,0,138,283,1,3,263,828522,2164,75064,22,24,5869,0,-74,-2147483648,188512,4294967295,0,0
2969997691,2969.997691,147301,147269,147269,0,6,8,49166,0,49174,0,0,11,0,0,100,100,32,75064,1,0,367977,228393,0,138,283,1,3,61,828522,2167,75064,22,24,5869,0,-74,-2147483648,438513,4294967295,0,0
2970247691,2970.247691,147314,147282,147282,0,6,8,49166,0,49174,0,0,11,0,0,113,113,32,75064,1,0,367977,228413,0,138,283,1,3,2,828522,1164,75064,22,24,5870,0,-75,-2147483648,176025,4294967295,0,0
2970497691,2970.497691,147326,147294,147294,0,6,8,49166,0,49174,0,0,11,0,0,125,125,32,75064,1,0,367977,228432,0,138,283,1,3,60,828522,2167,75064,22,24,5870,0,-75,-2147483648,426025,4294967295,0,0
2970747691,2970.747691,147339,147307,147307,0,6,8,49166,0,49174,0,0,11,0,0,138,138,32,75064,1,0,367977,228452,0,137,283,1,3,262,828522,2164,75064,22,24,5871,0,-76,-2147483648,173995,4294967295,0,0
2970997693,2970.997693,147351,147319,147319,0,6,8,49166,0,49174,0,0,11,0,0,150,150,32,75064,1,0,367977,228470,0,139,283,1,3,60,828522,2168,75064,22,24,5871,0,-76,-2147483648,423997,4294967295,0,0
2971247693,2971.247693,147364,147332,147332,0,6,8,49166,0,49174,0,0,11,0,0,163,163,32,75064,1,0,367977,228490,0,244,283,1,3,1,828522,2164,75064,22,24,5872,0,-76,-2147483648,172909,4294967295,0,0
2971497695,2971.497695,147376,147344,147344,0,6,8,49166,0,49174,0,0,11,0,0,175,175,32,75064,1,0,367977,228509,0,138,283,1,3,60,828522,2168,75064,21,24,5872,0,-76,-2147483648,422911,4294967295,0,0
2971747696,2971.747696,147389,147357,147357,0,6,8,49166,0,49174,0,0,11,0,0,188,188,32,75064,1,0,367977,228529,0,244,283,0,3,61,828522,2164,75064,22,24,5873,0,-75,-2147483648,172133,4294967295,0,0
2971997698,2971.997698,147401,147369,147369,0,6,8,49166,0,49174,0,0,11,0,0,200,200,32,75064,1,0,367977,228547,0,279,283,1,3,60,828522,2167,75064,22,24,5873,0,-75,-2147483648,422135,4294967295,0,0
2972247699,2972.247699,147414,147382,147382,0,6,8,49166,0,49174,0,0,11,0,0,213,213,32,75064,1,0,367977,228567,0,244,283,1,3,1,828522,2164,75064,21,24,5874,0,-75,-2147483648,171628,4294967295,0,0
2972497700,2972.497700,147426,147394,147394,0,6,8,49166,0,49174,0,0,11,0,0,225,225,32,75064,1,0,367977,228586,0,138,283,1,3,61,828522,2167,75064,21,24,5874,0,-75,-2147483648,421629,4294967295,0,0
2972747702,2972.747702,147439,147407,147407,0,6,8,49166,0,49174,0,0,11,0,0,238,238,32,75064,1,0,367977,228606,0,244,283,1,3,60,828522,2164,75064,22,24,5875,0,-80,-2147483648,169530,4294967295,0,0
2972997704,2972.997704,147451,147419,147419,0,5,8,49166,0,49174,0,0,11,0,0,250,250,32,75064,1,0,367977,228624,0,244,283,1,3,60,828522,2167,75064,22,24,5875,0,-80,-2147483648,419532,4294967295,0,0
2973247706,2973.247706,147464,147432,147432,0,6,8,49166,0,49174,0,0,11,0,0,7,7,32,75064,1,0,367977,228645,0,138,283,0,3,2,828522,2586,75064,21,24,5876,0,-77,-2147483648,168481,4294967295,0,0
2973497708,2973.497708,147476,147444,147444,0,6,8,49166,0,49174,0,0,11,0,0,19,19,32,75064,1,0,367977,228663,0,138,283,0,3,61,828522,2168,75064,22,24,5876,0,-77,-2147483648,418483,4294967295,0,0
2973747710,2973.747710,147489,147457,147457,0,6,8,49166,0,49174,0,0,11,0,0,32,32,32,75064,1,0,367977,228683,0,244,283,1,3,60,828522,2164,75064,22,24,5877,0,-77,-2147483648,167613,4294967295,0,0
2973997710,2973.997710,147501,147469,147469,0,6,8,49166,0,49174,0,0,11,0,0,44,44,32,75064,1,0,367977,228701,0,244,283,1,3,60,828522,1167,75064,22,24,5877,0,-77,-2147483648,417613,4294967295,0,0
2974247710,2974.247710,147514,147482,147482,0,5,8,49166,0,49174,0,0,11,0,0,57,57,32,75064,1,0,367977,228721,0,245,283,1,3,264,828522,2164,75064,21,24,5878,0,-82,-2147483648,157109,4294967295,0,0
2974497711,2974.497711,147526,147494,147494,0,6,8,49166,0,49174,0,0,11,0,0,69,69,32,75064,1,0,367977,228740,0,138,283,1,3,60,828522,2167,75064,22,24,5878,0,-82,-2147483648,407110,4294967295,0,0
2974747711,2974.747711,147539,147507,147507,0,6,8,49166,0,49174,0,0,11,0,0,82,82,32,75064,1,0,367977,228760,0,244,283,1,3,60,828522,2164,75064,22,24,5879,0,-75,-2147483648,155187,4294967295,0,0
2974997712,2974.997712,147551,147519,147519,0,6,8,49166,0,49174,0,0,11,0,0,94,94,32,75064,1,0,367977,228778,0,244,283,1,3,60,828522,2167,75064,22,24,5879,0,-75,-2147483648,405188,4294967295,0,0
2975247713,2975.247713,147564,147532,147532,0,6,8,49166,0,49174,0,0,11,0,0,107,107,32,75064,1,0,367977,228798,0,244,283,0,3,265,828522,2165,75064,22,24,5880,0,-77,-2147483648,155036,4294967295,0,0
2975497715,2975.497715,147576,147544,147544,0,6,8,49166,0,49174,0,0,11,0,0,119,119,32,75064,1,0,367977,228817,0,138,283,1,3,61,828522,1167,75064,22,24,5880,0,-77,-2147483648,405038,4294967295,0,0
2975747715,2975.747715,147589,147557,147557,0,6,8,49166,0,49174,0,0,11,0,0,132,132,32,75064,1,0,367977,228837,0,280,283,1,3,60,828522,2164,75064,21,24,5881,0,-75,-2147483648,154285,4294967295,0,0
2975997717,2975.997717,147601,147569,147569,0,6,8,49166,0,49174,0,0,11,0,0,144,144,32,75064,1,0,367977,228855,0,245,283,1,3,60,828522,2167,75064,21,24,5881,0,-75,-2147483648,404287,4294967295,0,0
2976247718,2976.247718,147614,147582,147582,0,6,8,49166,0,49174,0,0,11,0,0,157,157,32,75064,1,0,367977,228875,0,244,283,1,3,265,828522,2164,75064,22,24,5882,0,-83,-2147483648,152286,4294967295,0,0
2976497718,2976.497718,147626,147594,147594,0,6,8,49166,0,49174,0,0,11,0,0,169,169,32,75064,1,0,367977,228894,0,138,283,1,3,60,828522,2167,75064,22,24,5882,0,-83,-2147483648,402286,4294967295,0,0
2976747720,2976.747720,147639,147607,147607,0,6,8,49166,0,49174,0,0,11,0,0,182,182,32,75064,1,0,367977,228914,0,244,283,1,3,60,828522,2164,75064,22,24,5883,0,-80,-2147483648,150831,4294967295,0,0
2976997721,2976.997721,147651,147619,147619,0,6,8,49166,0,49174,0,0,11,0,0,194,194,32,75064,1,0,367977,228932,0,244,283,1,3,60,828522,1167,75064,22,24,5883,0,-80,-2147483648,400832,4294967295,0,0
2977247723,2977.247723,147664,147632,147632,0,6,8,49166,0,49174,0,0,11,0,0,207,207,32,75064,1,0,367977,228953,0,138,283,0,3,2,828522,2164,75064,21,24,5884,0,-76,-2147483648,150021,4294967295,0,0
2977497725,2977.497725,147676,147644,147644,0,6,8,49166,0,49174,0,0,11,0,0,219,219,32,75064,1,0,367977,228971,0,138,283,1,3,60,828522,2167,75064,22,24,5884,0,-76,-2147483648,400023,4294967295,0,0
2977747725,2977.747725,147689,147657,147657,0,6,8,49166,0,49174,0,0,11,0,0,232,232,32,75064,1,0,367977,228991,0,244,283,1,3,60,828522,2164,75064,22,24,5885,0,-77,-2147483648,148082,4294967295,0,0
2977997726,2977.997726,147701,147669,147669,0,5,8,49166,0,49174,0,0,11,0,0,244,244,32,75064,1,0,367977,229009,0,280,283,1,3,60,828522,2167,75064,22,24,5885,0,-77,-2147483648,398083,4294967295,0,0
2978247727,2978.247727,147714,147682,147682,0,6,8,49166,0,49174,0,0,11,0,0,1,1,32,75064,1,0,367977,229030,0,138,283,1,3,1,828522,2164,75064,22,24,5886,0,-75,-2147483648,136386,4294967295,0,0
2978497727,2978.497727,147726,147694,147694,0,6,8,49166,0,49174,0,0,11,0,0,13,13,32,75064,1,0,367977,229048,0,139,283,1,3,61,828522,1167,75064,21,24,5886,0,-75,-2147483648,386386,4294967295,0,0
2978747728,2978.747728,147739,147707,147707,0,6,8,49166,0,49174,0,0,11,0,0,26,26,32,75064,1,0,367977,229068,0,244,283,1,3,60,828522,2164,75064,22,24,5887,0,-75,-2147483648,134696,4294967295,0,0
2978997730,2978.997730,147751,147719,147719,0,6,8,49166,0,49174,0,0,11,0,0,38,38,32,75064,1,0,367977,229086,0,244,283,1,3,60,828522,2167,75064,21,24,5887,0,-75,-2147483648,384698,4294967295,0,0
2979247732,2979.247732,147764,147732,147732,0,6,8,49166,0,49174,0,0,11,0,0,51,51,32,75064,1,0,367977,229107,0,138,283,1,3,60,828522,2164,75064,22,24,5888,0,-78,-2147483648,134076,4294967295,0,0
2979497732,2979.497732,147776,147744,147744,0,6,8,49166,0,49174,0,0,11,0,0,63,63,32,75064,1,0,367977,229125,0,138,283,0,3,60,828522,2167,75064,22,24,5888,0,-78,-2147483648,384076,4294967295,0,0
2979747732,2979.747732,147789,147757,147757,0,5,8,49166,0,49174,0,0,11,0,0,76,76,32,75064,1,0,367977,229145,0,244,283,1,3,60,828522,2164,75064,22,24,5889,0,-77,-2147483648,133378,4294967295,0,0
2979997732,2979.997732,147801,147769,147769,0,6,8,49166,0,49174,0,0,11,0,0,88,88,32,75064,1,0,367977,229163,0,244,283,0,3,60,828522,2167,75064,22,24,5889,0,-77,-2147483648,383378,4294967295,0,0
2980247732,2980.247732,147814,147782,147782,0,6,8,49166,0,49174,0,0,11,0,0,101,101,32,75064,1,0,367977,229184,0,138,283,1,3,60,828522,2164,75064,22,24,5890,0,-77,-2147483648,132018,4294967295,0,0
2980497732,2980.497732,147826,147794,147794,0,6,8,49166,0,49174,0,0,11,0,0,113,113,32,75064,1,0,367977,229202,0,138,283,1,3,60,828522,2167,75064,22,24,5890,0,-77,-2147483648,382018,4294967295,0,0
2980747734,2980.747734,147839,147807,147807,0,6,8,49166,0,49174,0,0,11,0,0,126,126,32,75064,1,0,367977,229222,0,244,283,1,3,61,828522,2164,75064,22,24,5891,0,-74,-2147483648,132004,4294967295,0,0
2980997735,2980.997735,147851,147819,147819,0,6,8,49166,0,49174,0,0,11,0,0,138,138,32,75064,1,0,367977,229240,0,244,283,1,3,60,828522,2167,75064,22,24,5891,0,-74,-2147483648,382005,4294967295,0,0
2981247736,2981.247736,147864,147832,147832,0,6,8,49166,0,49174,0,0,11,0,0,151,151,32,75064,1,0,367977,229261,0,138,283,1,3,60,828522,2164,75064,22,24,5892,0,-75,-2147483648,131072,4294967295,0,0
2981497737,2981.497737,147876,147844,147844,0,6,8,49166,0,49174,0,0,11,0,0,163,163,32,75064,1,0,367977,229279,0,138,283,1,3,60,828522,2167,75064,22,24,5892,0,-75,-2147483648,381073,4294967295,0,0
2981747739,2981.747739,147889,147857,147857,0,6,8,49166,0,49174,0,0,11,0,0,176,176,32,75064,1,0,367977,229299,0,244,283,1,3,60,828522,1164,75064,22,24,5893,0,-80,-2147483648,129547,4294967295,0,0
2981997739,2981.997739,147901,147869,147869,0,6,8,49166,0,49174,0,0,11,0,0,188,188,32,75064,1,0,367977,229317,0,244,283,1,3,60,828522,2167,75064,22,24,5893,0,-80,-2147483648,379547,4294967295,0,0
2982247739,2982.247739,147914,147882,147882,0,6,8,49166,0,49174,0,0,11,0,0,201,201,32,75064,1,0,367977,229338,0,138,283,1,3,60,828522,2164,75064,22,24,5894,0,-81,-2147483648,128869,4294967295,0,0
2982497741,2982.497741,147926,147894,147894,0,6,8,49166,0,49174,0,0,11,0,0,213,213,32,75064,1,0,367977,229356,0,139,283,1,3,60,828522,2167,75064,22,24,5894,0,-81,-2147483648,378871,4294967295,0,0
2982747742,2982.747742,147939,147907,147907,0,6,8,49166,0,49174,0,0,11,0,0,226,226,32,75064,1,0,367977,229376,0,244,283,1,3,60,828522,1164,75064,22,24,5895,0,-77,-2147483648,128794,4294967295,0,0
2982997742,2982.997742,147951,147919,147919,0,6,8,49166,0,49174,0,0,11,0,0,238,238,32,75064,1,0,367977,229394,0,244,283,0,3,61,828522,2167,75064,22,24,5895,0,-77,-2147483648,378794,4294967295,0,0
2983247744,2983.247744,147964,147932,147932,0,6,8,49166,0,49174,0,0,11,0,0,251,251,32,75064,1,0,367977,229415,0,138,283,0,3,61,828522,2460,75064,21,24,5896,0,-75,-2147483648,127952,4294967295,0,0
2983497744,2983.497744,147976,147944,147944,0,6,8,49166,0,49174,0,0,11,0,0,7,7,32,75064,1,0,367977,229433,0,139,283,1,3,60,828522,2167,75064,22,24,5896,0,-75,-2147483648,377952,4294967295,0,0
2983747745,2983.747745,147989,147957,147957,0,5,8,49166,0,49174,0,0,11,0,0,20,20,32,75064,1,0,367977,229453,0,245,283,1,3,60,828522,2164,75064,21,24,5897,0,-76,-2147483648,116109,4294967295,0,0
2983997746,2983.997746,148001,147969,147969,0,6,8,49166,0,49174,0,0,11,0,0,32,32,32,75064,1,0,367977,229471,0,245,283,1,3,2,828522,2167,75064,21,24,5897,0,-76,-2147483648,366110,4294967295,0,0
2984247748,2984.247748,148014,147982,147982,0,6,8,49166,0,49174,0,0,11,0,0,45,45,32,75064,1,0,367977,229492,0,138,283,1,3,60,828522,1606,75064,22,24,5898,0,-75,-2147483648,114283,4294967295,0,0
2984497748,2984.497748,148026,147994,147994,0,6,8,49166,0,49174,0,0,11,0,0,57,57,32,75064,1,0,367977,229510,0,138,283,1,3,60,828522,2167,75064,22,24,5898,0,-75,-2147483648,364283,4294967295,0,0
2984747748,2984.747748,148039,148007,148007,0,6,8,49166,0,49174,0,0,11,0,0,70,70,32,75064,1,0,367977,229530,0,244,283,1,3,60,828522,2164,75064,22,24,5899,0,-75,-2147483648,112219,4294967295,0,0
2984997749,2984.997749,148051,148019,148019,0,5,8,49166,0,49174,0,0,11,0,0,82,82,32,75064,1,0,367977,229548,0,244,283,1,3,60,828522,2167,75064,22,24,5899,0,-75,-2147483648,362220,4294967295,0,0
2985247749,2985.247749,148064,148032,148032,0,6,8,49166,0,49174,0,0,11,0,0,95,95,32,75064,1,0,367977,229569,0,138,283,1,3,60,828522,2164,75064,21,24,5900,0,-82,-2147483648,111226,4294967295,0,0
2985497751,2985.497751,148076,148044,148044,0,6,8,49166,0,49174,0,0,11,0,0,107,107,32,75064,1,0,367977,229587,0,138,283,0,3,61,828522,2167,75064,22,24,5900,0,-82,-2147483648,361228,4294967295,0,0
2985747753,2985.747753,148089,148057,148057,0,6,8,49166,0,49174,0,0,11,0,0,120,120,32,75064,1,0,367977,229607,0,244,283,1,3,60,828522,2164,75064,22,24,5901,0,-76,-2147483648,109959,4294967295,0,0
2985997755,2985.997755,148101,148069,148069,0,6,8,49166,0,49174,0,0,11,0,0,132,132,32,75064,1,0,367977,229625,0,244,283,1,3,61,828522,1167,75064,22,24,5901,0,-76,-2147483648,359961,4294967295,0,0
2986247755,2986.247755,148114,148082,148082,0,6,8,49166,0,49174,0,0,11,0,0,145,145,32,75064,1,0,367977,229646,0,138,283,1,3,2,828522,2604,75064,21,24,5902,0,-77,-2147483648,109050,4294967295,0,0
2986497757,2986.497757,148126,148094,148094,0,6,8,49166,0,49174,0,0,11,0,0,157,157,32,75064,1,0,367977,229664,0,138,283,1,3,60,828522,2167,75064,22,24,5902,0,-77,-2147483648,359052,4294967295,0,0
2986747758,2986.747758,148139,148107,148107,0,5,8,49166,0,49174,0,0,11,0,0,170,170,32,75064,1,0,367977,229684,0,245,283,1,3,60,828522,2164,75064,21,24,5903,0,-79,-2147483648,107980,4294967295,0,0
2986997760,2986.997760,148151,148119,148119,0,6,8,49166,0,49174,0,0,11,0,0,182,182,32,75064,1,0,367977,229702,0,244,283,1,3,60,828522,2167,75064,22,24,5903,0,-79,-2147483648,357982,4294967295,0,0
2987247760,2987.247760,148164,148132,148132,0,6,8,49166,0,49174,0,0,11,0,0,195,195,32,75064,1,0,367977,229723,0,138,283,1,3,2,828522,2164,75064,22,24,5904,0,-75,-2147483648,95251,4294967295,0,0
2987497761,2987.497761,148176,148144,148144,0,6,8,49166,0,49174,0,0,11,0,0,207,207,32,75064,1,0,367977,229741,0,138,283,1,3,60,828522,2167,75064,22,24,5904,0,-75,-2147483648,345252,4294967295,0,0
2987747763,2987.747763,148189,148157,148157,0,6,8,49166,0,49174,0,0,11,0,0,220,220,32,75064,1,0,367977,229761,0,244,283,1,3,60,828522,2164,75064,22,24,5905,0,-83,-2147483648,94383,4294967295,0,0
2987997764,2987.997764,148201,148169,148169,0,6,8,49166,0,49174,0,0,11,0,0,232,232,32,75064,1,0,367977,229779,0,244,283,1,3,60,828522,2167,75064,22,24,5905,0,-83,-2147483648,344384,4294967295,0,0
2988247764,2988.247764,148214,148182,148182,0,6,8,49166,0,49174,0,0,11,0,0,245,245,32,75064,1,0,367977,229800,0,138,283,1,3,60,828522,1505,75064,22,24,5906,0,-83,-2147483648,93144,4294967295,0,0
2988497764,2988.497764,148226,148194,148194,0,6,8,49166,0,49174,0,0,11,0,0,1,1,32,75064,1,0,367977,229818,0,138,283,1,3,60,828522,2167,75064,22,24,5906,0,-83,-2147483648,343144,4294967295,0,0
2988747766,2988.747766,148239,148207,148207,0,6,8,49166,0,49174,0,0,11,0,0,14,14,32,75064,1,0,367977,229838,0,244,283,1,3,2,828522,2164,75064,22,24,5907,0,-78,-2147483648,92884,4294967295,0,0
2988997767,2988.997767,148251,148219,148219,0,5,8,49166,0,49174,0,0,11,0,0,26,26,32,75064,1,0,367977,229856,0,244,283,0,3,2,828522,2167,75064,22,24,5907,0,-78,-2147483648,342885,4294967295,0,0
2989247768,2989.247768,148264,148232,148232,0,6,8,49166,0,49174,0,0,11,0,0,39,39,32,75064,1,0,367977,229877,0,138,283,1,3,1,828522,1812,75064,21,24,5908,0,-77,-2147483648,91944,4294967295,0,0
2989497768,2989.497768,148276,148244,148244,0,6,8,49166,0,49174,0,0,11,0,0,51,51,32,75064,1,0,367977,229895,0,138,283,1,3,60,828522,2167,75064,21,24,5908,0,-77,-2147483648,341944,4294967295,0,0
2989747769,2989.747769,148289,148257,148257,0,6,8,49166,0,49174,0,0,11,0,0,64,64,32,75064,1,0,367977,229915,0,245,283,1,3,2,828522,2164,75064,21,24,5909,0,-75,-2147483648,91202,4294967295,0,0
2989997771,2989.997771,148301,148269,148269,0,6,8,49166,0,49174,0,0,11,0,0,76,76,32,75064,1,0,367977,229933,0,244,283,1,3,60,828522,2167,75064,22,24,5909,0,-75,-2147483648,341204,4294967295,0,0
2990247773,2990.247773,148314,148282,148282,0,6,8,49166,0,49174,0,0,11,0,0,89,89,32,75064,1,0,367977,229954,0,138,283,1,3,1,828522,1523,75064,22,24,5910,0,-82,-2147483648,89811,4294967295,0,0
2990497773,2990.497773,148326,148294,148294,0,6,8,49166,0,49174,0,0,11,0,0,101,101,32,75064,1,0,367977,229972,0,138,283,0,3,61,828522,2167,75064,21,24,5910,0,-82,-2147483648,339811,4294967295,0,0
2990747775,2990.747775,148339,148307,148307,0,6,8,49166,0,49174,0,0,11,0,0,114,114,32,75064,1,0,367977,229992,0,244,283,1,3,60,828522,2164,75064,22,24,5911,0,-83,-2147483648,88605,4294967295,0,0
2990997776,2990.997776,148351,148319,148319,0,6,8,49166,0,49174,0,0,11,0,0,126,126,32,75064,1,0,367977,230010,0,138,283,1,3,60,828522,2167,75064,21,24,5911,0,-83,-2147483648,338606,4294967295,0,0
2991247778,2991.247778,148364,148332,148332,0,6,8,49166,0,49174,0,0,11,0,0,139,139,32,75064,1,0,367977,230031,0,138,283,0,3,60,828522,2588,75064,22,24,5912,0,-82,-2147483648,76765,4294967295,0,0
2991497778,2991.497778,148376,148344,148344,0,6,8,49166,0,49174,0,0,11,0,0,151,151,32,75064,1,0,367977,230049,0,138,283,1,3,60,828522,2167,75064,22,24,5912,0,-82,-2147483648,326765,4294967295,0,0
2991747780,2991.747780,148389,148357,148357,0,6,8,49166,0,49174,0,0,11,0,0,164,164,32,75064,1,0,367977,230069,0,245,283,0,3,61,828522,2164,75064,21,24,5913,0,-82,-2147483648,75729,4294967295,0,0
2991997782,2991.997782,148401,148369,148369,0,6,8,49166,0,49174,0,0,11,0,0,176,176,32,75064,1,0,367977,230087,0,244,283,1,3,60,828522,2167,75064,22,24,5913,0,-82,-2147483648,325731,4294967295,0,0
2992247783,2992.247783,148414,148382,148382,0,6,8,49166,0,49174,0,0,11,0,0,189,189,32,75064,1,0,367977,230108,0,138,283,0,3,61,828522,1457,75064,21,24,5914,0,-76,-2147483648,75145,4294967295,0,0
2992497784,2992.497784,148426,148394,148394,0,6,8,49166,0,49174,0,0,11,0,0,201,201,32,75064,1,0,367977,230126,0,138,283,1,3,60,828522,2167,75064,22,24,5914,0,-76,-2147483648,325146,4294967295,0,0
2992747786,2992.747786,148439,148407,148407,0,6,8,49166,0,49174,0,0,11,0,0,214,214,32,75064,1,0,367977,230146,0,244,283,1,3,60,828522,2164,75064,22,24,5915,0,-75,-2147483648,73928,4294967295,0,0
2992997786,2992.997786,148451,148419,148419,0,5,8,49166,0,49174,0,0,11,0,0,226,226,32,75064,1,0,367977,230164,0,245,283,1,3,60,828522,2167,75064,21,24,5915,0,-75,-2147483648,323928,4294967295,0,0
2993247788,2993.247788,148464,148432,148432,0,6,8,49166,0,49174,0,0,11,0,0,239,239,32,75064,1,0,367977,230184,0,280,283,1,3,1,828522,2164,75064,21,24,5916,0,-96,-2147483648,72518,4294967295,0,0
2993497788,2993.497788,148476,148444,148444,0,6,8,49166,0,49174,0,0,11,0,0,251,251,32,75064,1,0,367977,230203,0,138,283,1,3,60,828522,2167,75064,22,24,5916,0,-96,-2147483648,322518,4294967295,0,0
2993747790,2993.747790,148489,148457,148457,0,6,8,49166,0,49174,0,0,11,0,0,8,8,32,75064,1,0,367977,230223,0,245,283,1,3,60,828522,2164,75064,21,24,5917,0,-96,-2147483648,70796,4294967295,0,0
2993997790,2993.997790,148501,148469,148469,0,6,8,49166,0,49174,0,0,11,0,0,20,20,32,75064,1,0,367977,230241,0,245,283,1,3,60,828522,1168,75064,21,24,5917,0,-96,-2147483648,320796,4294967295,0,0
2994247792,2994.247792,148514,148482,148482,0,5,8,49166,0,49174,0,0,11,0,0,33,33,32,75064,1,0,367977,230262,0,138,283,0,3,2,828522,1775,75064,21,24,5918,0,-76,-2147483648,70682,4294967295,0,0
2994497794,2994.497794,148526,148494,148494,0,6,8,49166,0,49174,0,0,11,0,0,45,45,32,75064,1,0,367977,230280,0,138,283,1,3,60,828522,2167,75064,21,24,5918,0,-76,-2147483648,320684,4294967295,0,0
2994747796,2994.747796,148539,148507,148507,0,6,8,49166,0,49174,0,0,11,0,0,58,58,32,75064,1,0,367977,230300,0,244,283,1,3,60,828522,2164,75064,22,24,5919,0,-73,-2147483648,68955,4294967295,0,0
2994997797,2994.997797,148551,148519,148519,0,6,8,49166,0,49174,0,0,11,0,0,70,70,32,75064,1,0,367977,230318,0,244,283,1,3,60,828522,2167,75064,22,24,5919,0,-73,-2147483648,318956,4294967295,0,0
2995247798,2995.247798,148564,148532,148532,0,6,8,49166,0,49174,0,0,11,0,0,83,83,32,75064,1,0,367977,230339,0,138,283,1,3,1,828522,2056,75064,22,24,5920,0,-72,-2147483648,68151,4294967295,0,0
2995497799,2995.497799,148576,148544,148544,0,5,8,49166,0,49174,0,0,11,0,0,95,95,32,75064,1,0,367977,230357,0,138,283,1,3,60,828522,1167,75064,22,24,5920,0,-72,-2147483648,318152,4294967295,0,0
2995747800,2995.747800,148589,148557,148557,0,6,8,49166,0,49174,0,0,11,0,0,108,108,32,75064,1,0,367977,230377,0,245,283,1,3,60,828522,2164,75064,21,24,5921,0,-75,-2147483648,68073,4294967295,0,0
2995997800,2995.997800,148601,148569,148569,0,6,8,49166,0,49174,0,0,11,0,0,120,120,32,75064,1,0,367977,230395,0,244,283,1,3,60,828522,2167,75064,22,24,5921,0,-75,-2147483648,318073,4294967295,0,0
2996247801,2996.247801,148614,148582,148582,0,6,8,49166,0,49174,0,0,11,0,0,133,133,32,75064,1,0,367977,230415,0,244,283,1,3,60,828522,2164,75064,22,24,5922,0,-71,-2147483648,56898,4294967295,0,0
2996497801,2996.497801,148626,148594,148594,0,6,8,49166,0,49174,0,0,11,0,0,145,145,32,75064,1,0,367977,230434,0,137,283,1,3,60,828522,1167,75064,21,24,5922,0,-71,-2147483648,306898,4294967295,0,0
2996747801,2996.747801,148639,148607,148607,0,6,8,49166,0,49174,0,0,11,0,0,158,158,32,75064,1,0,367977,230454,0,244,283,1,3,60,828522,2164,75064,22,24,5923,0,-74,-2147483648,56670,4294967295,0,0
2996997802,2996.997802,148651,148619,148619,0,6,8,49166,0,49174,0,0,11,0,0,170,170,32,75064,1,0,367977,230472,0,244,283,1,3,60,828522,2167,75064,22,24,5923,0,-74,-2147483648,306671,4294967295,0,0
2997247802,2997.247802,148664,148632,148632,0,6,8,49166,0,49174,0,0,11,0,0,183,183,32,75064,1,0,367977,230493,0,140,283,1,3,60,828522,2145,75064,22,24,5924,0,-72,-2147483648,54575,4294967295,0,0
2997497803,2997.497803,148676,148644,148644,0,6,8,49166,0,49174,0,0,11,0,0,195,195,32,75064,1,0,367977,230510,0,244,283,1,3,2,828522,2167,75064,21,24,5924,0,-72,-2147483648,304576,4294967295,0,0
2997747804,2997.747804,148689,148657,148657,0,6,8,49166,0,49174,0,0,11,0,0,208,208,32,75064,1,0,367977,230531,0,138,283,1,3,60,828522,2190,75064,22,24,5925,0,-72,-2147483648,54037,4294967295,0,0
2997997804,2997.997804,148701,148669,148669,0,6,8,49166,0,49174,0,0,11,0,0,220,220,32,75064,1,0,367977,230549,0,244,283,1,3,60,828522,2167,75064,22,24,5925,0,-72,-2147483648,304037,4294967295,0,0
2998247804,2998.247804,148714,148682,148682,0,6,8,49166,0,49174,0,0,11,0,0,233,233,32,75064,1,0,367977,230569,0,244,283,1,3,60,828522,2164,75064,22,24,5926,0,-72,-2147483648,52617,4294967295,0,0
2998497805,2998.497805,148726,148694,148694,0,6,8,49166,0,49174,0,0,11,0,0,245,245,32,75064,1,0,367977,230587,0,244,283,1,3,60,828522,2167,75064,22,24,5926,0,-72,-2147483648,302618,4294967295,0,0
2998747805,2998.747805,148739,148707,148707,0,6,8,49166,0,49174,0,0,11,0,0,2,2,32,75064,1,0,367977,230608,0,244,283,1,3,60,828522,2164,75064,21,24,5927,0,-71,-2147483648,51926,4294967295,0,0
2998997806,2998.997806,148751,148719,148719,0,6,8,49166,0,49174,0,0,11,0,0,14,14,32,75064,1,0,367977,230626,0,244,283,1,3,60,828522,2167,75064,22,24,5927,0,-71,-2147483648,301927,4294967295,0,0
2999247806,2999.247806,148764,148732,148732,0,5,8,49166,0,49174,0,0,11,0,0,27,27,32,75064,1,0,367977,230647,0,138,283,0,3,61,828522,2588,75064,21,24,5928,0,-74,-2147483648,51419,4294967295,0,0
2999497807,2999.497807,148776,148744,148744,0,6,8,49166,0,49174,0,0,11,0,0,39,39,32,75064,1,0,367977,230665,0,138,283,1,3,60,828522,1167,75064,22,24,5928,0,-74,-2147483648,301420,4294967295,0,0
2999747807,2999.747807,148789,148757,148757,0,6,8,49166,0,49174,0,0,11,0,0,52,52,32,75064,1,0,367977,230685,0,244,283,1,3,60,828522,2164,75064,22,24,5929,0,-73,-2147483648,50299,4294967295,0,0
2999997808,2999.997808,148801,148769,148769,0,6,8,49166,0,49174,0,0,11,0,0,64,64,32,75064,1,0,367977,230703,0,245,283,1,3,60,828522,2167,75064,22,24,5929,0,-73,-2147483648,300300,4294967295,0,0
3000247808,3000.247808,148814,148782,148782,0,6,8,49166,0,49174,0,0,11,0,0,77,77,32,75064,1,0,367977,230724,0,138,283,1,3,2,828522,1506,75064,22,24,5930,0,-78,-2147483648,50011,4294967295,0,0
3000497808,3000.497808,148826,148794,148794,0,6,8,49166,0,49174,0,0,11,0,0,89,89,32,75064,1,0,367977,230742,0,138,283,1,3,60,828522,2167,75064,22,24,5930,0,-78,-2147483648,300011,4294967295,0,0
3000747810,3000.747810,148839,148807,148807,0,6,8,49166,0,49174,0,0,11,0,0,102,102,32,75064,1,0,367977,230762,0,245,283,1,3,1,828522,2164,75064,21,24,5931,0,-80,-2147483648,49758,4294967295,0,0
3000997812,3000.997812,148851,148819,148819,0,6,8,49166,0,49174,0,0,11,0,0,114,114,32,75064,1,0,367977,230780,0,245,283,1,3,60,828522,2167,75064,21,24,5931,0,-80,-2147483648,299760,4294967295,0,0
3001247812,3001.247812,148864,148832,148832,0,6,8,49166,0,49174,0,0,11,0,0,127,127,32,75064,1,0,367977,230799,0,138,283,0,3,61,828522,2431,75064,22,24,5932,0,-80,-2147483648,48941,4294967295,0,0
3001497814,3001.497814,148876,148844,148844,0,6,8,49166,0,49174,0,0,11,0,0,139,139,32,75064,1,0,367977,230819,0,138,283,0,3,61,828522,2167,75064,22,24,5932,0,-80,-2147483648,298943,4294967295,0,0
3001747815,3001.747815,148889,148857,148857,0,5,8,49166,0,49174,0,0,11,0,0,152,152,32,75064,1,0,367977,230839,0,244,283,1,3,60,828522,2164,75064,22,24,5933,0,-92,-2147483648,47680,4294967295,0,0
3001997817,3001.997817,148901,148869,148869,0,6,8,49166,0,49174,0,0,11,0,0,164,164,32,75064,1,0,367977,230857,0,137,283,1,3,2,828522,2168,75064,22,24,5933,0,-92,-2147483648,297682,4294967295,0,0
3002247817,3002.247817,148914,148882,148882,0,6,8,49166,0,49174,0,0,11,0,0,177,177,32,75064,1,0,367977,230877,0,244,283,1,3,60,828522,2164,75064,22,24,5934,0,-87,-2147483648,36352,4294967295,0,0
3002497818,3002.497818,148926,148894,148894,0,6,8,49166,0,49174,0,0,11,0,0,189,189,32,75064,1,0,367977,230896,0,137,283,1,3,60,828522,2167,75064,22,24,5934,0,-87,-2147483648,286353,4294967295,0,0
3002747820,3002.747820,148939,148907,148907,0,6,8,49166,0,49174,0,0,11,0,0,202,202,32,75064,1,0,367977,230916,0,244,283,1,3,2,828522,2164,75064,22,24,5935,0,-89,-2147483648,35606,4294967295,0,0
3002997821,3002.997821,148951,148919,148919,0,6,8,49166,0,49174,0,0,11,0,0,214,214,32,75064,1,0,367977,230934,0,244,283,1,3,60,828522,2167,75064,22,24,5935,0,-89,-2147483648,285607,4294967295,0,0
3003247822,3003.247822,148964,148932,148932,0,6,8,49166,0,49174,0,0,11,0,0,227,227,32,75064,1,0,367977,230955,0,139,283,1,3,60,828522,1662,75064,22,24,5936,0,-83,-2147483648,34948,4294967295,0,0
3003497824,3003.497824,148976,148944,148944,0,6,8,49166,0,49174,0,0,11,0,0,239,239,32,75064,1,0,367977,230973,0,138,283,1,3,60,828522,2167,75064,22,24,5936,0,-83,-2147483648,284950,4294967295,0,0
3003747825,3003.747825,148989,148957,148957,0,6,8,49166,0,49174,0,0,11,0,0,252,252,32,75064,1,0,367977,230993,0,244,283,1,3,60,828522,1164,75064,22,24,5937,0,-81,-2147483648,34221,4294967295,0,0
3003997825,3003.997825,149001,148969,148969,0,6,8,49166,0,49174,0,0,11,0,0,8,8,32,75064,1,0,367977,231011,0,244,283,1,3,60,828522,2167,75064,21,24,5937,0,-81,-2147483648,284221,4294967295,0,0
3004247826,3004.247826,149014,148982,148982,0,6,8,49166,0,49174,0,0,11,0,0,21,21,32,75064,1,0,367977,231030,0,244,283,1,3,1,828522,2164,75064,22,24,5938,0,-81,-2147483648,32277,4294967295,0,0
3004497826,3004.497826,149026,148994,148994,0,6,8,49166,0,49174,0,0,11,0,0,33,33,32,75064,1,0,367977,231050,0,138,283,1,3,60,828522,2167,75064,21,24,5938,0,-81,-2147483648,282277,4294967295,0,0
3004747828,3004.747828,149039,149007,149007,0,6,8,49166,0,49174,0,0,11,0,0,46,46,32,75064,1,0,367977,231070,0,279,283,0,3,61,828522,2164,75064,22,24,5939,0,-85,-2147483648,32118,4294967295,0,0
3004997830,3004.997830,149051,149019,149019,0,6,8,49166,0,49174,0,0,11,0,0,58,58,32,75064,1,0,367977,231088,0,244,283,1,3,60,828522,2168,75064,22,24,5939,0,-85,-2147483648,282120,4294967295,0,0
3005247831,3005.247831,149064,149032,149032,0,6,8,49166,0,49174,0,0,11,0,0,71,71,32,75064,1,0,367977,231107,0,244,283,0,3,61,828522,2164,75064,22,24,5940,0,-85,-2147483648,30641,4294967295,0,0
3005497832,3005.497832,149076,149044,149044,0,6,8,49166,0,49174,0,0,11,0,0,83,83,32,75064,1,0,367977,231127,0,138,283,1,3,60,828522,2167,75064,22,24,5940,0,-85,-2147483648,280642,4294967295,0,0
3005747833,3005.747833,149089,149057,149057,0,6,8,49166,0,49174,0,0,11,0,0,96,96,32,75064,1,0,367977,231147,0,244,283,1,3,60,828522,2164,75064,22,24,5941,0,-82,-2147483648,28971,4294967295,0,0
3005997833,3005.997833,149101,149069,149069,0,6,8,49166,0,49174,0,0,11,0,0,108,108,32,75064,1,0,367977,231165,0,244,283,1,3,2,828522,2167,75064,22,24,5941,0,-82,-2147483648,278971,4294967295,0,0
3006247835,3006.247835,149114,149082,149082,0,6,8,49166,0,49174,0,0,11,0,0,121,121,32,75064,1,0,367977,231185,0,137,283,1,3,60,828522,2770,75064,22,24,5942,0,-84,-2147483648,17129,4294967295,0,0
3006497835,3006.497835,149126,149094,149094,0,6,8,49166,0,49174,0,0,11,0,0,133,133,32,75064,1,0,367977,231203,0,138,283,1,3,60,828522,2167,75064,22,24,5942,0,-84,-2147483648,267129,4294967295,0,0
3006747837,3006.747837,149139,149107,149107,0,5,8,49166,0,49174,0,0,11,0,0,146,146,32,75064,1,0,367977,231224,0,245,283,1,3,60,828522,2164,75064,22,24,5943,0,-82,-2147483648,16477,4294967295,0,0
3006997839,3006.997839,149151,149119,149119,0,6,8,49166,0,49174,0,0,11,0,0,158,158,32,75064,1,0,367977,231242,0,138,283,1,3,61,828522,2167,75064,22,24,5943,0,-82,-2147483648,266479,4294967295,0,0
3007247841,3007.247841,149164,149132,149132,0,6,8,49166,0,49174,0,0,11,0,0,171,171,32,75064,1,0,367977,231262,0,138,283,1,3,60,828522,2250,75064,22,24,5944,0,-79,-2147483648,14506,4294967295,0,0
3007497843,3007.497843,149176,149144,149144,0,6,8,49166,0,49174,0,0,11,0,0,183,183,32,75064,1,0,367977,231279,0,138,283,1,3,60,828522,2167,75064,22,24,5944,0,-79,-2147483648,264508,4294967295,0,0
3007747844,3007.747844,149189,149157,149157,0,5,8,49166,0,49174,0,0,11,0,0,196,196,32,75064,1,0,367977,231301,0,245,283,0,3,61,828522,2164,75064,21,24,5945,0,-81,-2147483648,14243,4294967295,0,0
3007997844,3007.997844,149201,149169,149169,0,6,8,49166,0,49174,0,0,11,0,0,208,208,32,75064,1,0,367977,231319,0,244,283,1,3,2,828522,2167,75064,22,24,5945,0,-81,-2147483648,264243,4294967295,0,0
3008247846,3008.247846,149214,149182,149182,0,6,8,49166,0,49174,0,0,11,0,0,221,221,32,75064,1,0,367977,231338,0,244,283,1,3,60,828522,2164,75064,22,24,5946,0,-84,-2147483648,13250,4294967295,0,0
3008497848,3008.497848,149226,149194,149194,0,6,8,49166,0,49174,0,0,11,0,0,233,233,32,75064,1,0,367977,231357,0,138,283,1,3,60,828522,2167,75064,22,24,5946,0,-84,-2147483648,263252,4294967295,0,0
3008747848,3008.747848,149239,149207,149207,0,6,8,49166,0,49174,0,0,11,0,0,246,246,32,75064,1,0,367977,231378,0,244,283,1,3,60,828522,2164,75064,22,24,5947,0,-80,-2147483648,13021,4294967295,0,0
3008997848,3008.997848,149251,149219,149219,0,5,8,49166,0,49174,0,0,11,0,0,2,2,32,75064,1,0,367977,231396,0,244,283,1,3,60,828522,2167,75064,22,24,5947,0,-80,-2147483648,263021,4294967295,0,0
3009247848,3009.247848,149264,149232,149232,0,6,8,49166,0,49174,0,0,11,0,0,15,15,32,75064,1,0,367977,231416,0,279,283,1,3,60,828522,1164,75064,22,24,5948,0,-81,-2147483648,11019,4294967295,0,0
3009497849,3009.497849,149276,149244,149244,0,6,8,49166,0,49174,0,0,11,0,0,27,27,32,75064,1,0,367977,231434,0,244,283,0,3,61,828522,2168,75064,21,24,5948,0,-81,-2147483648,261020,4294967295,0,0
3009747849,3009.747849,149289,149257,149257,0,6,8,49166,0,49174,0,0,11,0,0,40,40,32,75064,1,0,367977,231455,0,245,283,1,3,60,828522,2164,75064,21,24,5949,0,-84,-2147483648,9507,4294967295,0,0
3009997851,3009.997851,149301,149269,149269,0,6,8,49166,0,49174,0,0,11,0,0,52,52,32,75064,1,0,367977,231473,0,244,283,1,3,60,828522,2167,75064,21,24,5949,0,-84,-2147483648,259509,4294967295,0,0
3010247853,3010.247853,149314,149282,149282,0,6,8,49166,0,49174,0,0,11,0,0,65,65,32,75064,1,0,367977,231493,0,138,283,0,3,61,828522,2156,75064,21,24,5950,0,-85,-2147483648,7933,4294967295,0,0
3010497854,3010.497854,149326,149294,149294,0,6,8,49166,0,49174,0,0,11,0,0,77,77,32,75064,1,0,367977,231511,0,138,283,1,3,60,828522,2167,75064,22,24,5950,0,-85,-2147483648,257934,4294967295,0,0
3010747855,3010.747855,149339,149307,149307,0,6,8,49166,0,49174,0,0,11,0,0,90,90,32,75064,1,0,367977,231531,0,245,283,1,3,60,828522,2164,75064,21,24,5950,0,-85,-2147483648,507935,4294967295,0,0
3010997857,3010.997857,149351,149319,149319,0,6,8,49166,0,49174,0,0,11,0,0,102,102,32,75064,1,0,367977,231550,0,244,283,1,3,60,828522,2167,75064,22,24,5951,0,-98,-2147483648,246205,4294967295,0,0
3011247858,3011.247858,149364,149332,149332,0,6,8,49166,0,49174,0,0,11,0,0,115,115,32,75064,1,0,367977,231570,0,138,283,1,3,60,828522,1540,75064,22,24,5951,0,-98,-2147483648,496206,4294967295,0,0
3011497859,3011.497859,149376,149344,149344,0,6,8,49166,0,49174,0,0,11,0,0,127,127,32,75064,1,0,367977,231588,0,244,283,1,3,60,828522,2167,75064,22,24,5952,0,-78,-2147483648,244967,4294967295,0,0
3011747860,3011.747860,149389,149357,149357,0,6,8,49166,0,49174,0,0,11,0,0,140,140,32,75064,1,0,367977,231608,0,244,283,1,3,61,828522,2164,75064,22,24,5952,0,-78,-2147483648,494968,4294967295,0,0
3011997860,3011.997860,149401,149369,149369,0,6,8,49166,0,49174,0,0,11,0,0,152,152,32,75064,1,0,367977,231627,0,244,283,1,3,61,828522,1167,75064,22,24,5953,0,-77,-2147483648,242941,4294967295,0,0
3012247862,3012.247862,149414,149382,149382,0,6,8,49166,0,49174,0,0,11,0,0,165,165,32,75064,1,0,367977,231646,0,244,283,1,3,60,828522,2164,75064,22,24,5953,0,-77,-2147483648,492943,4294967295,0,0
3012497863,3012.497863,149426,149394,149394,0,6,8,49166,0,49174,0,0,11,0,0,177,177,32,75064,1,0,367977,231665,0,244,283,1,3,60,828522,2167,75064,22,24,5954,0,-80,-2147483648,241250,4294967295,0,0
3012747863,3012.747863,149439,149407,149407,0,6,8,49166,0,49174,0,0,11,0,0,190,190,32,75064,1,0,367977,231685,0,244,283,1,3,60,828522,2164,75064,22,24,5954,0,-80,-2147483648,491250,4294967295,0,0
3012997864,3012.997864,149451,149419,149419,0,5,8,49166,0,49174,0,0,11,0,0,202,202,32,75064,1,0,367977,231704,0,244,283,1,3,2,828522,2167,75064,22,24,5955,0,-79,-2147483648,240252,4294967295,0,0
3013247864,3013.247864,149464,149432,149432,0,6,8,49166,0,49174,0,0,11,0,0,215,215,32,75064,1,0,367977,231724,0,138,283,0,3,61,828522,2004,75064,22,24,5955,0,-79,-2147483648,490252,4294967295,0,0
3013497866,3013.497866,149476,149444,149444,0,6,8,49166,0,49174,0,0,11,0,0,227,227,32,75064,1,0,367977,231743,0,137,283,1,3,60,828522,2167,75064,22,24,5956,0,-76,-2147483648,240091,4294967295,0,0
3013747868,3013.747868,149489,149457,149457,0,6,8,49166,0,49174,0,0,11,0,0,240,240,32,75064,1,0,367977,231762,0,244,283,1,3,60,828522,2164,75064,22,24,5956,0,-76,-2147483648,490093,4294967295,0,0
3013997868,3013.997868,149501,149469,149469,0,5,8,49166,0,49174,0,0,11,0,0,252,252,32,75064,1,0,367977,231781,0,245,283,0,3,60,828522,2167,75064,21,24,5957,0,-79,-2147483648,239183,4294967295,0,0
3014247869,3014.247869,149514,149482,149482,0,6,8,49166,0,49174,0,0,11,0,0,9,9,32,75064,1,0,367977,231800,0,244,283,1,3,61,828522,2164,75064,22,24,5957,0,-79,-2147483648,489184,4294967295,0,0
3014497869,3014.497869,149526,149494,149494,0,6,8,49166,0,49174,0,0,11,0,0,21,21,32,75064,1,0,367977,231820,0,137,283,1,3,60,828522,2168,75064,21,24,5958,0,-77,-2147483648,238681,4294967295,0,0
3014747871,3014.747871,149539,149507,149507,0,5,8,49166,0,49174,0,0,11,0,0,34,34,32,75064,1,0,367977,231839,0,245,283,1,3,1,828522,2164,75064,21,24,5958,0,-77,-2147483648,488683,4294967295,0,0
3014997872,3014.997872,149551,149519,149519,0,6,8,49166,0,49174,0,0,11,0,0,46,46,32,75064,1,0,367977,231858,0,244,283,1,3,60,828522,2167,75064,22,24,5959,0,-74,-2147483648,238194,4294967295,0,0
3015247873,3015.247873,149564,149532,149532,0,6,8,49166,0,49174,0,0,11,0,0,59,59,32,75064,1,0,367977,231878,0,138,283,1,3,61,828522,1543,75064,21,24,5959,0,-74,-2147483648,488195,4294967295,0,0
3015497875,3015.497875,149576,149544,149544,0,6,8,49166,0,49174,0,0,11,0,0,71,71,32,75064,1,0,367977,231897,0,138,283,1,3,60,828522,2167,75064,22,24,5960,0,-79,-2147483648,226611,4294967295,0,0
3015747875,3015.747875,149589,149557,149557,0,6,8,49166,0,49174,0,0,11,0,0,84,84,32,75064,1,0,367977,231916,0,244,283,1,3,60,828522,2164,75064,22,24,5960,0,-79,-2147483648,476611,4294967295,0,0
3015997877,3015.997877,149601,149569,149569,0,6,8,49166,0,49174,0,0,11,0,0,96,96,32,75064,1,0,367977,231935,0,280,283,1,3,60,828522,2167,75064,21,24,5961,0,-76,-2147483648,225099,4294967295,0,0
3016247877,3016.247877,149614,149582,149582,0,6,8,49166,0,49174,0,0,11,0,0,109,109,32,75064,1,0,367977,231954,0,244,283,1,3,60,828522,2164,75064,22,24,5961,0,-76,-2147483648,475099,4294967295,0,0
3016497877,3016.497877,149626,149594,149594,0,6,8,49166,0,49174,0,0,11,0,0,121,121,32,75064,1,0,367977,231973,0,138,283,1,3,60,828522,2167,75064,22,24,5962,0,-75,-2147483648,224834,4294967295,0,0
3016747877,3016.747877,149639,149607,149607,0,6,8,49166,0,49174,0,0,11,0,0,134,134,32,75064,1,0,367977,231993,0,245,283,1,3,2,828522,2164,75064,21,24,5962,0,-75,-2147483648,474834,4294967295,0,0
3016997879,3016.997879,149651,149619,149619,0,6,8,49166,0,49174,0,0,11,0,0,146,146,32,75064,1,0,367977,232012,0,244,283,1,3,60,828522,2167,75064,22,24,5963,0,-78,-2147483648,223255,4294967295,0,0
3017247881,3017.247881,149664,149632,149632,0,6,8,49166,0,49174,0,0,11,0,0,159,159,32,75064,1,0,367977,232031,0,244,283,1,3,60,828522,2164,75064,22,24,5963,0,-78,-2147483648,473257,4294967295,0,0
3017497883,3017.497883,149676,149644,149644,0,6,8,49166,0,49174,0,0,11,0,0,171,171,32,75064,1,0,367977,232051,0,138,283,1,3,60,828522,2167,75064,22,24,5964,0,-76,-2147483648,221716,4294967295,0,0
3017747884,3017.747884,149689,149657,149657,0,6,8,49166,0,49174,0,0,11,0,0,184,184,32,75064,1,0,367977,232070,0,245,283,1,3,60,828522,2164,75064,21,24,5964,0,-76,-2147483648,471717,4294967295,0,0
3017997884,3017.997884,149701,149669,149669,0,6,8,49166,0,49174,0,0,11,0,0,196,196,32,75064,1,0,367977,232089,0,244,283,1,3,60,828522,2167,75064,22,24,5965,0,-81,-2147483648,220175,4294967295,0,0
3018247885,3018.247885,149714,149682,149682,0,6,8,49166,0,49174,0,0,11,0,0,209,209,32,75064,1,0,367977,232109,0,137,283,1,3,60,828522,1547,75064,22,24,5965,0,-81,-2147483648,470176,4294967295,0,0
3018497885,3018.497885,149726,149694,149694,0,6,8,49166,0,49174,0,0,11,0,0,221,221,32,75064,1,0,367977,232128,0,138,283,1,3,60,828522,2167,75064,21,24,5966,0,-80,-2147483648,218906,4294967295,0,0
3018747886,3018.747886,149739,149707,149707,0,6,8,49166,0,49174,0,0,11,0,0,234,234,32,75064,1,0,367977,232147,0,244,283,1,3,60,828522,2164,75064,22,24,5966,0,-80,-2147483648,468907,4294967295,0,0
3018997887,3018.997887,149751,149719,149719,0,6,8,49166,0,49174,0,0,11,0,0,246,246,32,75064,1,0,367977,232166,0,244,283,1,3,60,828522,2167,75064,22,24,5967,0,-75,-2147483648,218127,4294967295,0,0
3019247889,3019.247889,149764,149732,149732,0,6,8,49166,0,49174,0,0,11,0,0,3,3,32,75064,1,0,367977,232186,0,138,283,1,3,60,828522,1579,75064,22,24,5967,0,-75,-2147483648,468129,4294967295,0,0
3019497890,3019.497890,149776,149744,149744,0,6,8,49166,0,49174,0,0,11,0,0,15,15,32,75064,1,0,367977,232205,0,138,283,1,3,60,828522,2167,75064,22,24,5968,0,-81,-2147483648,218080,4294967295,0,0
3019747890,3019.747890,149789,149757,149757,0,5,8,49166,0,49174,0,0,11,0,0,28,28,32,75064,1,0,367977,232224,0,245,283,1,3,60,828522,2164,75064,22,24,5968,0,-81,-2147483648,468080,4294967295,0,0
3019997890,3019.997890,149801,149769,149769,0,5,8,49166,0,49174,0,0,11,0,0,40,40,32,75064,1,0,367977,232243,0,245,283,1,3,60,828522,2167,75064,21,24,5969,0,-79,-2147483648,217791,4294967295,0,0
3020247891,3020.247891,149814,149782,149782,0,6,8,49166,0,49174,0,0,11,0,0,53,53,32,75064,1,0,367977,232263,0,138,283,1,3,61,828522,1606,75064,22,24,5969,0,-79,-2147483648,467792,4294967295,0,0
3020497893,3020.497893,149826,149794,149794,0,6,8,49166,0,49174,0,0,11,0,0,65,65,32,75064,1,0,367977,232282,0,138,283,1,3,60,828522,2167,75064,22,24,5970,0,-81,-2147483648,206314,4294967295,0,0
3020747894,3020.747894,149839,149807,149807,0,6,8,49166,0,49174,0,0,11,0,0,78,78,32,75064,1,0,367977,232301,0,244,283,1,3,60,828522,2164,75064,21,24,5970,0,-81,-2147483648,456315,4294967295,0,0
3020997894,3020.997894,149851,149819,149819,0,6,8,49166,0,49174,0,0,11,0,0,90,90,32,75064,1,0,367977,232320,0,244,283,1,3,60,828522,2167,75064,22,24,5971,0,-79,-2147483648,205292,4294967295,0,0
3021247895,3021.247895,149864,149832,149832,0,6,8,49166,0,49174,0,0,11,0,0,103,103,32,75064,1,0,367977,232340,0,139,283,1,3,60,828522,1586,75064,22,24,5971,0,-79,-2147483648,455293,4294967295,0,0
3021497897,3021.497897,149876,149844,149844,0,6,8,49166,0,49174,0,0,11,0,0,115,115,32,75064,1,0,367977,232358,0,244,283,1,3,60,828522,2168,75064,22,24,5972,0,-76,-2147483648,203718,4294967295,0,0
3021747899,3021.747899,149889,149857,149857,0,6,8,49166,0,49174,0,0,11,0,0,128,128,32,75064,1,0,367977,232378,0,245,283,1,3,60,828522,2164,75064,21,24,5972,0,-76,-2147483648,453720,4294967295,0,0
3021997900,3021.997900,149901,149869,149869,0,6,8,49166,0,49174,0,0,11,0,0,140,140,32,75064,1,0,367977,232397,0,280,283,1,3,60,828522,2167,75064,21,24,5973,0,-79,-2147483648,203149,4294967295,0,0
3022247901,3022.247901,149914,149882,149882,0,6,8,49166,0,49174,0,0,11,0,0,153,153,32,75064,1,0,367977,232417,0,138,283,0,3,61,828522,1930,75064,21,24,5973,0,-79,-2147483648,453150,4294967295,0,0
3022497901,3022.497901,149926,149894,149894,0,5,8,49166,0,49174,0,0,11,0,0,165,165,32,75064,1,0,367977,232436,0,137,283,1,3,60,828522,2167,75064,21,24,5974,0,-73,-2147483648,202068,4294967295,0,0
3022747901,3022.747901,149939,149907,149907,0,6,8,49166,0,49174,0,0,11,0,0,178,178,32,75064,1,0,367977,232455,0,244,283,1,3,60,828522,1164,75064,22,24,5974,0,-73,-2147483648,452068,4294967295,0,0
3022997901,3022.997901,149951,149919,149919,0,6,8,49166,0,49174,0,0,11,0,0,190,190,32,75064,1,0,367977,232474,0,244,283,1,3,60,828522,2167,75064,22,24,5975,0,-76,-2147483648,200968,4294967295,0,0
3023247901,3023.247901,149964,149932,149932,0,6,8,49166,0,49174,0,0,11,0,0,203,203,32,75064,1,0,367977,232494,0,138,283,1,3,60,828522,2164,75064,22,24,5975,0,-76,-2147483648,450968,4294967295,0,0
3023497903,3023.497903,149976,149944,149944,0,6,8,49166,0,49174,0,0,11,0,0,215,215,32,75064,1,0,367977,232513,0,138,283,1,3,60,828522,2167,75064,22,24,5976,0,-76,-2147483648,200956,4294967295,0,0
3023747903,3023.747903,149989,149957,149957,0,6,8,49166,0,49174,0,0,11,0,0,228,228,32,75064,1,0,367977,232532,0,244,283,0,3,61,828522,2165,75064,22,24,5976,0,-76,-2147483648,450956,4294967295,0,0
3023997904,3023.997904,150001,149969,149969,0,6,8,49166,0,49174,0,0,11,0,0,240,240,32,75064,1,0,367977,232551,0,245,283,1,3,60,828522,2167,75064,21,24,5977,0,-75,-2147483648,199236,4294967295,0,0
3024247905,3024.247905,150014,149982,149982,0,6,8,49166,0,49174,0,0,11,0,0,253,253,32,75064,1,0,367977,232571,0,138,283,0,3,61,828522,1945,75064,22,24,5977,0,-75,-2147483648,449237,4294967295,0,0
3024497906,3024.497906,150026,149994,149994,0,6,8,49166,0,49174,0,0,11,0,0,9,9,32,75064,1,0,367977,232589,0,244,283,1,3,60,828522,2167,75064,22,24,5978,0,-77,-2147483648,198301,4294967295,0,0
3024747906,3024.747906,150039,150007,150007,0,6,8,49166,0,49174,0,0,11,0,0,22,22,32,75064,1,0,367977,232609,0,244,283,1,3,60,828522,2164,75064,21,24,5978,0,-77,-2147483648,448301,4294967295,0,0
3024997908,3024.997908,150051,150019,150019,0,6,8,49166,0,49174,0,0,11,0,0,34,34,32,75064,1,0,367977,232628,0,244,283,1,3,60,828522,2167,75064,22,24,5979,0,-77,-2147483648,197850,4294967295,0,0
3025247910,3025.247910,150064,150032,150032,0,6,8,49166,0,49174,0,0,11,0,0,47,47,32,75064,1,0,367977,232648,0,138,283,0,3,61,828522,1439,75064,21,24,5979,0,-77,-2147483648,447852,4294967295,0,0
3025497911,3025.497911,150076,150044,150044,0,5,8,49166,0,49174,0,0,11,0,0,59,59,32,75064,1,0,367977,232666,0,244,283,1,3,60,828522,2168,75064,22,24,5980,0,-77,-2147483648,197674,4294967295,0,0
3025747911,3025.747911,150089,150057,150057,0,5,8,49166,0,49174,0,0,11,0,0,72,72,32,75064,1,0,367977,232686,0,244,283,1,3,60,828522,2164,75064,22,24,5980,0,-77,-2147483648,447674,4294967295,0,0
3025997912,3025.997912,150101,150069,150069,0,6,8,49166,0,49174,0,0,11,0,0,84,84,32,75064,1,0,367977,232705,0,244,283,1,3,60,828522,2168,75064,22,24,5981,0,-80,-2147483648,186339,4294967295,0,0
3026247912,3026.247912,150114,150082,150082,0,6,8,49166,0,49174,0,0,11,0,0,97,97,32,75064,1,0,367977,232725,0,140,283,1,3,60,828522,2149,75064,22,24,5981,0,-80,-2147483648,436339,4294967295,0,0
3026497913,3026.497913,150126,150094,150094,0,6,8,49166,0,49174,0,0,11,0,0,109,109,32,75064,1,0,367977,232744,0,140,283,1,3,60,828522,2167,75064,21,24,5982,0,-75,-2147483648,186017,4294967295,0,0
3026747914,3026.747914,150139,150107,150107,0,6,8,49166,0,49174,0,0,11,0,0,122,122,32,75064,1,0,367977,232763,0,279,283,1,3,60,828522,2164,75064,22,24,5982,0,-75,-2147483648,436018,4294967295,0,0
3026997916,3026.997916,150151,150119,150119,0,6,8,49166,0,49174,0,0,11,0,0,134,134,32,75064,1,0,367977,232782,0,244,283,1,3,60,828522,2167,75064,22,24,5983,0,-82,-2147483648,185407,4294967295,0,0
3027247916,3027.247916,150164,150132,150132,0,6,8,49166,0,49174,0,0,11,0,0,147,147,32,75064,1,0,367977,232802,0,138,283,1,3,60,828522,1612,75064,22,24,5983,0,-82,-2147483648,435407,4294967295,0,0
3027497918,3027.497918,150176,150144,150144,0,6,8,49166,0,49174,0,0,11,0,0,159,159,32,75064,1,0,367977,232821,0,138,283,1,3,60,828522,2167,75064,22,24,5984,0,-77,-2147483648,183538,4294967295,0,0
3027747919,3027.747919,150189,150157,150157,0,5,8,49166,0,49174,0,0,11,0,0,172,172,32,75064,1,0,367977,232839,0,244,283,1,3,60,828522,2164,75064,21,24,5984,0,-77,-2147483648,433539,4294967295,0,0
3027997920,3027.997920,150201,150169,150169,0,6,8,49166,0,49174,0,0,11,0,0,184,184,32,75064,1,0,367977,232859,0,244,283,1,3,2,828522,2167,75064,22,24,5985,0,-75,-2147483648,183192,4294967295,0,0
3028247921,3028.247921,150214,150182,150182,0,6,8,49166,0,49174,0,0,11,0,0,197,197,32,75064,1,0,367977,232879,0,138,283,1,3,61,828522,2457,75064,22,24,5985,0,-75,-2147483648,433193,4294967295,0,0
3028497922,3028.497922,150226,150194,150194,0,6,8,49166,0,49174,0,0,11,0,0,209,209,32,75064,1,0,367977,232897,0,244,283,1,3,60,828522,1167,75064,22,24,5986,0,-81,-2147483648,181949,4294967295,0,0
3028747924,3028.747924,150239,150207,150207,0,6,8,49166,0,49174,0,0,11,0,0,222,222,32,75064,1,0,367977,232917,0,245,283,1,3,60,828522,2164,75064,21,24,5986,0,-81,-2147483648,431951,4294967295,0,0
3028997926,3028.997926,150251,150219,150219,0,5,8,49166,0,49174,0,0,11,0,0,234,234,32,75064,1,0,367977,232936,0,244,283,1,3,2,828522,2167,75064,22,24,5987,0,-76,-2147483648,181053,4294967295,0,0
3029247926,3029.247926,150264,150232,150232,0,6,8,49166,0,49174,0,0,11,0,0,247,247,32,75064,1,0,367977,232956,0,138,283,0,3,61,828522,1580,75064,22,24,5987,0,-76,-2147483648,431053,4294967295,0,0
3029497926,3029.497926,150276,150244,150244,0,6,8,49166,0,49174,0,0,11,0,0,3,3,32,75064,1,0,367977,232975,0,138,283,1,3,60,828522,2167,75064,21,24,5988,0,-76,-2147483648,180420,4294967295,0,0
3029747926,3029.747926,150289,150257,150257,0,6,8,49166,0,49174,0,0,11,0,0,16,16,32,75064,1,0,367977,232994,0,244,283,1,3,60,828522,1164,75064,22,24,5988,0,-76,-2147483648,430420,4294967295,0,0
3029997926,3029.997926,150301,150269,150269,0,6,8,49166,0,49174,0,0,11,0,0,28,28,32,75064,1,0,367977,233013,0,244,283,1,3,60,828522,2167,75064,21,24,5989,0,-79,-2147483648,179704,4294967295,0,0
3030247927,3030.247927,150314,150282,150282,0,6,8,49166,0,49174,0,0,11,0,0,41,41,32,75064,1,0,367977,233033,0,138,283,0,3,61,828522,1979,75064,22,24,5989,0,-79,-2147483648,429705,4294967295,0,0
3030497928,3030.497928,150326,150294,150294,0,6,8,49166,0,49174,0,0,11,0,0,53,53,32,75064,1,0,367977,233052,0,138,283,1,3,60,828522,2167,75064,21,24,5990,0,-76,-2147483648,179445,4294967295,0,0
3030747929,3030.747929,150339,150307,150307,0,6,8,49166,0,49174,0,0,11,0,0,66,66,32,75064,1,0,367977,233071,0,138,283,1,3,61,828522,2147,75064,22,24,5990,0,-76,-2147483648,429446,4294967295,0,0
3030997930,3030.997930,150351,150319,150319,0,6,8,49166,0,49174,0,0,11,0,0,78,78,32,75064,1,0,367977,233090,0,244,283,1,3,60,828522,2168,75064,22,24,5991,0,-80,-2147483648,177893,4294967295,0,0
3031247932,3031.247932,150364,150332,150332,0,6,8,49166,0,49174,0,0,11,0,0,91,91,32,75064,1,0,367977,233110,0,138,283,1,3,60,828522,1410,75064,22,24,5991,0,-80,-2147483648,427895,4294967295,0,0
3031497933,3031.497933,150376,150344,150344,0,6,8,49166,0,49174,0,0,11,0,0,103,103,32,75064,1,0,367977,233129,0,138,283,1,3,60,828522,2167,75064,22,24,5992,0,-77,-2147483648,164775,4294967295,0,0
3031747934,3031.747934,150389,150357,150357,0,6,8,49166,0,49174,0,0,11,0,0,116,116,32,75064,1,0,367977,233147,0,244,283,1,3,60,828522,1164,75064,22,24,5992,0,-77,-2147483648,414776,4294967295,0,0
3031997936,3031.997936,150401,150369,150369,0,5,8,49166,0,49174,0,0,11,0,0,128,128,32,75064,1,0,367977,233167,0,244,283,1,3,60,828522,2167,75064,22,24,5993,0,-75,-2147483648,164360,4294967295,0,0
3032247937,3032.247937,150414,150382,150382,0,6,8,49166,0,49174,0,0,11,0,0,141,141,32,75064,1,0,367977,233187,0,138,283,1,3,60,828522,1440,75064,22,24,5993,0,-75,-2147483648,414361,4294967295,0,0
3032497939,3032.497939,150426,150394,150394,0,6,8,49166,0,49174,0,0,11,0,0,153,153,32,75064,1,0,367977,233206,0,138,283,1,3,1,828522,2167,75064,22,24,5994,0,-79,-2147483648,163399,4294967295,0,0
3032747939,3032.747939,150439,150407,150407,0,6,8,49166,0,49174,0,0,11,0,0,166,166,32,75064,1,0,367977,233225,0,244,283,1,3,60,828522,2164,75064,22,24,5994,0,-79,-2147483648,413399,4294967295,0,0
3032997939,3032.997939,150451,150419,150419,0,6,8,49166,0,49174,0,0,11,0,0,178,178,32,75064,1,0,367977,233244,0,244,283,1,3,60,828522,2167,75064,22,24,5995,0,-75,-2147483648,162652,4294967295,0,0
3033247940,3033.247940,150464,150432,150432,0,6,8,49166,0,49174,0,0,11,0,0,191,191,32,75064,1,0,367977,233264,0,138,283,1,3,60,828522,1409,75064,21,24,5995,0,-75,-2147483648,412653,4294967295,0,0
3033497942,3033.497942,150476,150444,150444,0,6,8,49166,0,49174,0,0,11,0,0,203,203,32,75064,1,0,367977,233283,0,138,283,1,3,60,828522,2167,75064,22,24,5996,0,-80,-2147483648,160650,4294967295,0,0
3033747942,3033.747942,150489,150457,150457,0,6,8,49166,0,49174,0,0,11,0,0,216,216,32,75064,1,0,367977,233302,0,245,283,1,3,60,828522,2164,75064,21,24,5996,0,-80,-2147483648,410650,4294967295,0,0
3033997942,3033.997942,150501,150469,150469,0,6,8,49166,0,49174,0,0,11,0,0,228,228,32,75064,1,0,367977,233321,0,137,283,1,3,60,828522,2167,75064,22,24,5997,0,-77,-2147483648,159987,4294967295,0,0
3034247942,3034.247942,150514,150482,150482,0,6,8,49166,0,49174,0,0,11,0,0,241,241,32,75064,1,0,367977,233341,0,138,283,1,3,60,828522,2307,75064,22,24,5997,0,-77,-2147483648,409987,4294967295,0,0
3034497942,3034.497942,150526,150494,150494,0,6,8,49166,0,49174,0,0,11,0,0,253,253,32,75064,1,0,367977,233360,0,138,283,1,3,60,828522,2167,75064,22,24,5998,0,-76,-2147483648,158567,4294967295,0,0
3034747942,3034.747942,150539,150507,150507,0,6,8,49166,0,49174,0,0,11,0,0,10,10,32,75064,1,0,367977,233379,0,244,283,0,3,61,828522,2164,75064,21,24,5998,0,-76,-2147483648,408567,4294967295,0,0
3034997942,3034.997942,150551,150519,150519,0,6,8,49166,0,49174,0,0,11,0,0,22,22,32,75064,1,0,367977,233398,0,244,283,1,3,60,828522,2167,75064,22,24,5999,0,-81,-2147483648,157732,4294967295,0,0
3035247943,3035.247943,150564,150532,150532,0,6,8,49166,0,49174,0,0,11,0,0,35,35,32,75064,1,0,367977,233418,0,138,283,1,3,61,828522,2282,75064,21,24,5999,0,-81,-2147483648,407733,4294967295,0,0
3035497944,3035.497944,150576,150544,150544,0,6,8,49166,0,49174,0,0,11,0,0,47,47,32,75064,1,0,367977,233437,0,138,283,1,3,60,828522,2167,75064,22,24,6000,0,-75,-2147483648,146492,4294967295,0,0
3035747944,3035.747944,150589,150557,150557,0,6,8,49166,0,49174,0,0,11,0,0,60,60,32,75064,1,0,367977,233455,0,244,283,1,3,60,828522,2164,75064,22,24,6000,0,-75,-2147483648,396492,4294967295,0,0
3035997945,3035.997945,150601,150569,150569,0,6,8,49166,0,49174,0,0,11,0,0,72,72,32,75064,1,0,367977,233475,0,244,283,1,3,60,828522,1167,75064,21,24,6001,0,-82,-2147483648,146262,4294967295,0,0
3036247946,3036.247946,150614,150582,150582,0,6,8,49166,0,49174,0,0,11,0,0,85,85,32,75064,1,0,367977,233495,0,138,283,1,3,60,828522,2652,75064,22,24,6001,0,-82,-2147483648,396263,4294967295,0,0
3036497948,3036.497948,150626,150594,150594,0,6,8,49166,0,49174,0,0,11,0,0,97,97,32,75064,1,0,367977,233514,0,138,283,1,3,60,828522,2168,75064,21,24,6002,0,-78,-2147483648,144421,4294967295,0,0
3036747950,3036.747950,150639,150607,150607,0,6,8,49166,0,49174,0,0,11,0,0,110,110,32,75064,1,0,367977,233533,0,245,283,1,3,60,828522,2164,75064,21,24,6002,0,-78,-2147483648,394423,4294967295,0,0
3036997951,3036.997951,150651,150619,150619,0,6,8,49166,0,49174,0,0,11,0,0,122,122,32,75064,1,0,367977,233552,0,244,283,1,3,60,828522,1167,75064,22,24,6003,0,-76,-2147483648,143608,4294967295,0,0
3037247952,3037.247952,150664,150632,150632,0,6,8,49166,0,49174,0,0,11,0,0,135,135,32,75064,1,0,367977,233572,0,138,283,0,3,61,828522,2611,75064,21,24,6003,0,-76,-2147483648,393609,4294967295,0,0
3037497952,3037.497952,150676,150644,150644,0,6,8,49166,0,49174,0,0,11,0,0,147,147,32,75064,1,0,367977,233591,0,138,283,1,3,60,828522,1167,75064,21,24,6004,0,-81,-2147483648,141963,4294967295,0,0
3037747952,3037.747952,150689,150657,150657,0,5,8,49166,0,49174,0,0,11,0,0,160,160,32,75064,1,0,367977,233610,0,245,283,1,3,60,828522,2164,75064,21,24,6004,0,-81,-2147483648,391963,4294967295,0,0
3037997952,3037.997952,150701,150669,150669,0,6,8,49166,0,49174,0,0,11,0,0,172,172,32,75064,1,0,367977,233629,0,138,283,1,3,60,828522,2167,75064,22,24,6005,0,-82,-2147483648,141973,4294967295,0,0
3038247952,3038.247952,150714,150682,150682,0,6,8,49166,0,49174,0,0,11,0,0,185,185,32,75064,1,0,367977,233649,0,138,283,1,3,60,828522,2346,75064,21,24,6005,0,-82,-2147483648,391973,4294967295,0,0
3038497952,3038.497952,150726,150694,150694,0,6,8,49166,0,49174,0,0,11,0,0,197,197,32,75064,1,0,367977,233668,0,138,283,1,3,60,828522,2167,75064,22,24,6006,0,-80,-2147483648,140895,4294967295,0,0
3038747952,3038.747952,150739,150707,150707,0,6,8,49166,0,49174,0,0,11,0,0,210,210,32,75064,1,0,367977,233687,0,138,283,1,3,60,828522,1215,75064,21,24,6006,0,-80,-2147483648,390895,4294967295,0,0
3038997954,3038.997954,150751,150719,150719,0,6,8,49166,0,49174,0,0,11,0,0,222,222,32,75064,1,0,367977,233706,0,244,283,0,3,60,828522,2167,75064,22,24,6007,0,-80,-2147483648,140910,4294967295,0,0
3039247954,3039.247954,150764,150732,150732,0,6,8,49166,0,49174,0,0,11,0,0,235,235,32,75064,1,0,367977,233726,0,138,283,0,3,60,828522,2597,75064,22,24,6007,0,-80,-2147483648,390910,4294967295,0,0
3039497956,3039.497956,150776,150744,150744,0,6,8,49166,0,49174,0,0,11,0,0,247,247,32,75064,1,0,367977,233745,0,138,283,1,3,60,828522,1167,75064,21,24,6008,0,-78,-2147483648,140122,4294967295,0,0
3039747957,3039.747957,150789,150757,150757,0,6,8,49166,0,49174,0,0,11,0,0,4,4,32,75064,1,0,367977,233764,0,245,283,1,3,60,828522,2164,75064,22,24,6008,0,-78,-2147483648,390123,4294967295,0,0
3039997958,3039.997958,150801,150769,150769,0,6,8,49166,0,49174,0,0,11,0,0,16,16,32,75064,1,0,367977,233783,0,245,283,1,3,60,828522,2167,75064,21,24,6009,0,-77,-2147483648,138191,4294967295,0,0
3040247959,3040.247959,150814,150782,150782,0,6,8,49166,0,49174,0,0,11,0,0,29,29,32,75064,1,0,367977,233803,0,138,283,1,3,60,828522,1751,75064,22,24,6009,0,-77,-2147483648,388192,4294967295,0,0
3040497959,3040.497959,150826,150794,150794,0,5,8,49166,0,49174,0,0,11,0,0,41,41,32,75064,1,0,367977,233822,0,138,283,1,3,60,828522,2167,75064,21,24,6010,0,-78,-2147483648,126897,4294967295,0,0
3040747960,3040.747960,150839,150807,150807,0,6,8,49166,0,49174,0,0,11,0,0,54,54,32,75064,1,0,367977,233841,0,244,283,1,3,60,828522,2164,75064,22,24,6010,0,-78,-2147483648,376898,4294967295,0,0
3040997960,3040.997960,150851,150819,150819,0,6,8,49166,0,49174,0,0,11,0,0,66,66,32,75064,1,0,367977,233860,0,245,283,1,3,60,828522,2167,75064,21,24,6011,0,-79,-2147483648,126637,4294967295,0,0
3041247960,3041.247960,150864,150832,150832,0,6,8,49166,0,49174,0,0,11,0,0,79,79,32,75064,1,0,367977,233880,0,138,283,1,3,60,828522,1456,75064,21,24,6011,0,-79,-2147483648,376637,4294967295,0,0
3041497962,3041.497962,150876,150844,150844,0,6,8,49166,0,49174,0,0,11,0,0,91,91,32,75064,1,0,367977,233899,0,137,283,1,3,60,828522,2167,75064,22,24,6012,0,-79,-2147483648,124641,4294967295,0,0
3041747963,3041.747963,150889,150857,150857,0,6,8,49166,0,49174,0,0,11,0,0,104,104,32,75064,1,0,367977,233918,0,280,283,1,3,60,828522,2164,75064,22,24,6012,0,-79,-2147483648,374642,4294967295,0,0
3041997965,3041.997965,150901,150869,150869,0,6,8,49166,0,49174,0,0,11,0,0,116,116,32,75064,1,0,367977,233937,0,138,283,1,3,60,828522,2167,75064,21,24,6013,0,-83,-2147483648,123610,4294967295,0,0
3042247967,3042.247967,150914,150882,150882,0,6,8,49166,0,49174,0,0,11,0,0,129,129,32,75064,1,0,367977,233957,0,138,283,1,3,60,828522,1733,75064,22,24,6013,0,-83,-2147483648,373612,4294967295,0,0
3042497967,3042.497967,150926,150894,150894,0,6,8,49166,0,49174,0,0,11,0,0,141,141,32,75064,1,0,367977,233976,0,138,283,1,3,60,828522,2167,75064,22,24,6014,0,-78,-2147483648,123107,4294967295,0,0
3042747969,3042.747969,150939,150907,150907,0,6,8,49166,0,49174,0,0,11,0,0,154,154,32,75064,1,0,367977,233995,0,244,283,1,3,60,828522,2164,75064,21,24,6014,0,-78,-2147483648,373109,4294967295,0,0
3042997971,3042.997971,150951,150919,150919,0,6,8,49166,0,49174,0,0,11,0,0,166,166,32,75064,1,0,367977,234014,0,244,283,1,3,60,828522,2167,75064,22,24,6015,0,-73,-2147483648,122606,4294967295,0,0
3043247972,3043.247972,150964,150932,150932,0,6,8,49166,0,49174,0,0,11,0,0,179,179,32,75064,1,0,367977,234034,0,138,283,1,3,1,828522,2597,75064,22,24,6015,0,-73,-2147483648,372607,4294967295,0,0
3043497972,3043.497972,150976,150944,150944,0,6,8,49166,0,49174,0,0,11,0,0,191,191,32,75064,1,0,367977,234053,0,138,283,1,3,60,828522,2167,75064,21,24,6016,0,-81,-2147483648,121558,4294967295,0,0
3043747974,3043.747974,150989,150957,150957,0,6,8,49166,0,49174,0,0,11,0,0,204,204,32,75064,1,0,367977,234072,0,245,283,1,3,60,828522,2164,75064,21,24,6016,0,-81,-2147483648,371560,4294967295,0,0
3043997975,3043.997975,151001,150969,150969,0,6,8,49166,0,49174,0,0,11,0,0,216,216,32,75064,1,0,367977,234091,0,280,283,1,3,60,828522,2167,75064,22,24,6017,0,-75,-2147483648,120680,4294967295,0,0
3044247975,3044.247975,151014,150982,150982,0,6,8,49166,0,49174,0,0,11,0,0,229,229,32,75064,1,0,367977,234111,0,138,283,0,3,60,828522,1576,75064,22,24,6017,0,-75,-2147483648,370680,4294967295,0,0
3044497975,3044.497975,151026,150994,150994,0,6,8,49166,0,49174,0,0,11,0,0,241,241,32,75064,1,0,367977,234130,0,138,283,1,3,60,828522,2167,75064,22,24,6018,0,-75,-2147483648,118464,4294967295,0,0
3044747975,3044.747975,151039,151007,151007,0,5,8,49166,0,49174,0,0,11,0,0,254,254,32,75064,1,0,367977,234149,0,244,283,1,3,60,828522,2164,75064,22,24,6018,0,-75,-2147483648,368464,4294967295,0,0
3044997976,3044.997976,151051,151019,151019,0,6,8,49166,0,49174,0,0,11,0,0,10,10,32,75064,1,0,367977,234168,0,244,283,1,3,60,828522,2167,75064,22,24,6019,0,-83,-2147483648,118384,4294967295,0,0
3045247978,3045.247978,151064,151032,151032,0,6,8,49166,0,49174,0,0,11,0,0,23,23,32,75064,1,0,367977,234188,0,138,283,1,3,60,828522,1574,75064,22,24,6019,0,-83,-2147483648,368386,4294967295,0,0
3045497978,3045.497978,151076,151044,151044,0,6,8,49166,0,49174,0,0,11,0,0,35,35,32,75064,1,0,367977,234207,0,139,283,1,3,60,828522,2167,75064,22,24,6020,0,-76,-2147483648,107578,4294967295,0,0
3045747979,3045.747979,151089,151057,151057,0,5,8,49166,0,49174,0,0,11,0,0,48,48,32,75064,1,0,367977,234226,0,244,283,1,3,60,828522,2164,75064,22,24,6020,0,-76,-2147483648,357579,4294967295,0,0
3045997979,3045.997979,151101,151069,151069,0,6,8,49166,0,49174,0,0,11,0,0,60,60,32,75064,1,0,367977,234245,0,244,283,0,3,61,828522,2168,75064,22,24,6021,0,-79,-2147483648,104019,4294967295,0,0
3046247979,3046.247979,151114,151082,151082,0,5,8,49166,0,49174,0,0,11,0,0,73,73,32,75064,1,0,367977,234265,0,138,283,1,3,60,828522,1919,75064,21,24,6021,0,-79,-2147483648,354019,4294967295,0,0
3046497979,3046.497979,151126,151094,151094,0,6,8,49166,0,49174,0,0,11,0,0,85,85,32,75064,1,0,367977,234284,0,138,283,1,3,60,828522,2167,75064,22,24,6022,0,-83,-2147483648,102748,4294967295,0,0
3046747980,3046.747980,151139,151107,151107,0,6,8,49166,0,49174,0,0,11,0,0,98,98,32,75064,1,0,367977,234303,0,244,283,1,3,60,828522,2164,75064,21,24,6022,0,-83,-2147483648,352749,4294967295,0,0
3046997981,3046.997981,151151,151119,151119,0,6,8,49166,0,49174,0,0,11,0,0,110,110,32,75064,1,0,367977,234322,0,244,283,1,3,61,828522,2167,75064,22,24,6023,0,-84,-2147483648,102704,4294967295,0,0
3047247982,3047.247982,151164,151132,151132,0,6,8,49166,0,49174,0,0,11,0,0,123,123,32,75064,1,0,367977,234342,0,138,283,0,3,60,828522,1757,75064,21,24,6023,0,-84,-2147483648,352705,4294967295,0,0
3047497983,3047.497983,151176,151144,151144,0,6,8,49166,0,49174,0,0,11,0,0,135,135,32,75064,1,0,367977,234361,0,138,283,0,3,61,828522,2168,75064,22,24,6024,0,-81,-2147483648,101160,4294967295,0,0
3047747983,3047.747983,151189,151157,151157,0,6,8,49166,0,49174,0,0,11,0,0,148,148,32,75064,1,0,367977,234380,0,244,283,1,3,60,828522,2164,75064,21,24,6024,0,-81,-2147483648,351160,4294967295,0,0
3047997983,3047.997983,151201,151169,151169,0,6,8,49166,0,49174,0,0,11,0,0,160,160,32,75064,1,0,367977,234399,0,138,283,1,3,60,828522,2167,75064,21,24,6025,0,-81,-2147483648,101053,4294967295,0,0
3048247983,3048.247983,151214,151182,151182,0,6,8,49166,0,49174,0,0,11,0,0,173,173,32,75064,1,0,367977,234419,0,138,283,1,3,60,828522,2092,75064,22,24,6025,0,-81,-2147483648,351053,4294967295,0,0
3048497984,3048.497984,151226,151194,151194,0,6,8,49166,0,49174,0,0,11,0,0,185,185,32,75064,1,0,367977,234438,0,138,283,1,3,60,828522,2167,75064,21,24,6026,0,-83,-2147483648,98989,4294967295,0,0
3048747986,3048.747986,151239,151207,151207,0,6,8,49166,0,49174,0,0,11,0,0,198,198,32,75064,1,0,367977,234457,0,138,283,1,3,60,828522,2286,75064,21,24,6026,0,-83,-2147483648,348991,4294967295,0,0
3048997987,3048.997987,151251,151219,151219,0,6,8,49166,0,49174,0,0,11,0,0,210,210,32,75064,1,0,367977,234476,0,244,283,1,3,60,828522,2167,75064,22,24,6027,0,-84,-2147483648,98881,4294967295,0,0
3049247989,3049.247989,151264,151232,151232,0,6,8,49166,0,49174,0,0,11,0,0,223,223,32,75064,1,0,367977,234496,0,138,283,1,3,60,828522,1763,75064,22,24,6027,0,-84,-2147483648,348883,4294967295,0,0
3049497991,3049.497991,151276,151244,151244,0,6,8,49166,0,49174,0,0,11,0,0,235,235,32,75064,1,0,367977,234515,0,138,283,1,3,60,828522,2167,75064,22,24,6028,0,-80,-2147483648,87650,4294967295,0,0
3049747991,3049.747991,151289,151257,151257,0,5,8,49166,0,49174,0,0,11,0,0,248,248,32,75064,1,0,367977,234534,0,245,283,1,3,60,828522,2164,75064,21,24,6028,0,-80,-2147483648,337650,4294967295,0,0
3049997992,3049.997992,151301,151269,151269,0,6,8,49166,0,49174,0,0,11,0,0,4,4,32,75064,1,0,367977,234553,0,244,283,1,3,60,828522,2167,75064,22,24,6029,0,-80,-2147483648,86410,4294967295,0,0
3050247992,3050.247992,151314,151282,151282,0,6,8,49166,0,49174,0,0,11,0,0,17,17,32,75064,1,0,367977,234573,0,138,283,1,3,60,828522,1456,75064,22,24,6029,0,-80,-2147483648,336410,4294967295,0,0
3050497992,3050.497992,151326,151294,151294,0,6,8,49166,0,49174,0,0,11,0,0,29,29,32,75064,1,0,367977,234592,0,138,283,1,3,2,828522,2167,75064,21,24,6030,0,-82,-2147483648,86090,4294967295,0,0
3050747992,3050.747992,151339,151307,151307,0,6,8,49166,0,49174,0,0,11,0,0,42,42,32,75064,1,0,367977,234611,0,244,283,1,3,60,828522,2165,75064,22,24,6030,0,-82,-2147483648,336090,4294967295,0,0
3050997993,3050.997993,151351,151319,151319,0,6,8,49166,0,49174,0,0,11,0,0,54,54,32,75064,1,0,367977,234630,0,279,283,0,3,60,828522,2167,75064,22,24,6031,0,-79,-2147483648,84179,4294967295,0,0
3051247993,3051.247993,151364,151332,151332,0,6,8,49166,0,49174,0,0,11,0,0,67,67,32,75064,1,0,367977,234650,0,138,283,0,3,61,828522,2647,75064,22,24,6031,0,-79,-2147483648,334179,4294967295,0,0
3051497994,3051.497994,151376,151344,151344,0,6,8,49166,0,49174,0,0,11,0,0,79,79,32,75064,1,0,367977,234669,0,138,283,1,3,60,828522,2167,75064,21,24,6032,0,-78,-2147483648,82394,4294967295,0,0
3051747994,3051.747994,151389,151357,151357,0,6,8,49166,0,49174,0,0,11,0,0,92,92,32,75064,1,0,367977,234688,0,244,283,1,3,60,828522,2164,75064,22,24,6032,0,-78,-2147483648,332394,4294967295,0,0
3051997995,3051.997995,151401,151369,151369,0,6,8,49166,0,49174,0,0,11,0,0,104,104,32,75064,1,0,367977,234707,0,138,283,0,3,61,828522,2168,75064,21,24,6033,0,-79,-2147483648,81807,4294967295,0,0
3052247996,3052.247996,151414,151382,151382,0,6,8,49166,0,49174,0,0,11,0,0,117,117,32,75064,1,0,367977,234727,0,138,283,1,3,60,828522,2165,75064,21,24,6033,0,-79,-2147483648,331808,4294967295,0,0
3052497996,3052.497996,151426,151394,151394,0,6,8,49166,0,49174,0,0,11,0,0,129,129,32,75064,1,0,367977,234746,0,138,283,1,3,60,828522,1167,75064,21,24,6034,0,-84,-2147483648,80917,4294967295,0,0
3052747998,3052.747998,151439,151407,151407,0,6,8,49166,0,49174,0,0,11,0,0,142,142,32,75064,1,0,367977,234765,0,245,283,1,3,60,828522,2174,75064,21,24,6034,0,-84,-2147483648,330919,4294967295,0,0
3052998000,3052.998000,151451,151419,151419,0,6,8,49166,0,49174,0,0,11,0,0,154,154,32,75064,1,0,367977,234784,0,138,283,1,3,60,828522,2167,75064,22,24,6035,0,-78,-2147483648,80505,4294967295,0,0
3053248000,3053.248000,151464,151432,151432,0,6,8,49166,0,49174,0,0,11,0,0,167,167,32,75064,1,0,367977,234804,0,138,283,0,3,61,828522,1401,75064,22,24,6035,0,-78,-2147483648,330505,4294967295,0,0
3053498000,3053.498000,151476,151444,151444,0,6,8,49166,0,49174,0,0,11,0,0,179,179,32,75064,1,0,367977,234823,0,138,283,1,3,60,828522,1167,75064,22,24,6036,0,-80,-2147483648,78721,4294967295,0,0
3053748001,3053.748001,151489,151457,151457,0,6,8,49166,0,49174,0,0,11,0,0,192,192,32,75064,1,0,367977,234842,0,244,283,1,3,60,828522,2164,75064,21,24,6036,0,-80,-2147483648,328722,4294967295,0,0
3053998003,3053.998003,151501,151469,151469,0,5,8,49166,0,49174,0,0,11,0,0,204,204,32,75064,1,0,367977,234861,0,245,283,1,3,60,828522,2168,75064,21,24,6037,0,-77,-2147483648,78710,4294967295,0,0
3054248003,3054.248003,151514,151482,151482,0,6,8,49166,0,49174,0,0,11,0,0,217,217,32,75064,1,0,367977,234880,0,245,283,1,3,61,828522,1605,75064,22,24,6037,0,-77,-2147483648,328710,4294967295,0,0
3054498004,3054.498004,151526,151494,151494,0,6,8,49166,0,49174,0,0,11,0,0,229,229,32,75064,1,0,367977,234899,0,244,283,1,3,60,828522,2167,75064,22,24,6038,0,-78,-2147483648,77781,4294967295,0,0
3054748005,3054.748005,151539,151507,151507,0,6,8,49166,0,49174,0,0,11,0,0,242,242,32,75064,1,0,367977,234919,0,244,283,1,3,60,828522,2164,75064,22,24,6038,0,-78,-2147483648,327782,4294967295,0,0
3054998007,3054.998007,151551,151519,151519,0,6,8,49166,0,49174,0,0,11,0,0,254,254,32,75064,1,0,367977,234938,0,244,283,1,3,61,828522,1167,75064,22,24,6039,0,-76,-2147483648,65105,4294967295,0,0
3055248009,3055.248009,151564,151532,151532,0,6,8,49166,0,49174,0,0,11,0,0,11,11,32,75064,1,0,367977,234958,0,138,283,0,3,61,828522,2359,75064,21,24,6039,0,-76,-2147483648,315107,4294967295,0,0
3055498010,3055.498010,151576,151544,151544,0,6,8,49166,0,49174,0,0,11,0,0,23,23,32,75064,1,0,367977,234977,0,138,283,1,3,60,828522,1167,75064,22,24,6040,0,-76,-2147483648,64660,4294967295,0,0
3055748012,3055.748012,151589,151557,151557,0,6,8,49166,0,49174,0,0,11,0,0,36,36,32,75064,1,0,367977,234996,0,245,283,1,3,60,828522,2164,75064,21,24,6040,0,-76,-2147483648,314662,4294967295,0,0
3055998013,3055.998013,151601,151569,151569,0,6,8,49166,0,49174,0,0,11,0,0,48,48,32,75064,1,0,367977,235015,0,244,283,0,3,61,828522,2167,75064,22,24,6041,0,-76,-2147483648,63946,4294967295,0,0
3056248014,3056.248014,151614,151582,151582,0,6,8,49166,0,49174,0,0,11,0,0,61,61,32,75064,1,0,367977,235035,0,138,283,0,3,61,828522,1682,75064,22,24,6041,0,-76,-2147483648,313947,4294967295,0,0
3056498016,3056.498016,151626,151594,151594,0,6,8,49166,0,49174,0,0,11,0,0,73,73,32,75064,1,0,367977,235054,0,138,283,1,3,60,828522,2167,75064,22,24,6042,0,-76,-2147483648,63747,4294967295,0,0
3056748018,3056.748018,151639,151607,151607,0,6,8,49166,0,49174,0,0,11,0,0,86,86,32,75064,1,0,367977,235073,0,138,283,1,3,60,828522,1683,75064,22,24,6042,0,-76,-2147483648,313749,4294967295,0,0
3056998020,3056.998020,151651,151619,151619,0,6,8,49166,0,49174,0,0,11,0,0,98,98,32,75064,1,0,367977,235092,0,245,283,1,3,60,828522,2167,75064,21,24,6043,0,-76,-2147483648,63278,4294967295,0,0
3057248020,3057.248020,151664,151632,151632,0,6,8,49166,0,49174,0,0,11,0,0,111,111,32,75064,1,0,367977,235111,0,244,283,1,3,60,828522,2421,75064,22,24,6043,0,-76,-2147483648,313278,4294967295,0,0
3057498022,3057.498022,151676,151644,151644,0,6,8,49166,0,49174,0,0,11,0,0,123,123,32,75064,1,0,367977,235130,0,244,283,0,3,60,828522,2167,75064,22,24,6044,0,-81,-2147483648,61241,4294967295,0,0
3057748022,3057.748022,151689,151657,151657,0,6,8,49166,0,49174,0,0,11,0,0,136,136,32,75064,1,0,367977,235150,0,138,283,1,3,60,828522,2425,75064,21,24,6044,0,-81,-2147483648,311241,4294967295,0,0
3057998024,3057.998024,151701,151669,151669,0,6,8,49166,0,49174,0,0,11,0,0,148,148,32,75064,1,0,367977,235169,0,244,283,1,3,60,828522,2167,75064,22,24,6045,0,-76,-2147483648,59146,4294967295,0,0
3058248026,3058.248026,151714,151682,151682,0,6,8,49166,0,49174,0,0,11,0,0,161,161,32,75064,1,0,367977,235189,0,138,283,1,3,60,828522,2456,75064,22,24,6045,0,-76,-2147483648,309148,4294967295,0,0
3058498026,3058.498026,151726,151694,151694,0,6,8,49166,0,49174,0,0,11,0,0,173,173,32,75064,1,0,367977,235207,0,244,283,1,3,60,828522,1167,75064,21,24,6046,0,-76,-2147483648,58165,4294967295,0,0
3058748027,3058.748027,151739,151707,151707,0,6,8,49166,0,49174,0,0,11,0,0,186,186,32,75064,1,0,367977,235227,0,138,283,1,3,60,828522,2164,75064,22,24,6046,0,-76,-2147483648,308166,4294967295,0,0
3058998027,3058.998027,151751,151719,151719,0,6,8,49166,0,49174,0,0,11,0,0,198,198,32,75064,1,0,367977,235246,0,244,283,1,3,60,828522,1167,75064,22,24,6047,0,-81,-2147483648,47964,4294967295,0,0
3059248027,3059.248027,151764,151732,151732,0,6,8,49166,0,49174,0,0,11,0,0,211,211,32,75064,1,0,367977,235266,0,138,283,1,3,60,828522,1580,75064,21,24,6047,0,-81,-2147483648,297964,4294967295,0,0
3059498028,3059.498028,151776,151744,151744,0,6,8,49166,0,49174,0,0,11,0,0,223,223,32,75064,1,0,367977,235285,0,137,283,1,3,60,828522,2167,75064,21,24,6048,0,-76,-2147483648,46297,4294967295,0,0
3059748029,3059.748029,151789,151757,151757,0,6,8,49166,0,49174,0,0,11,0,0,236,236,32,75064,1,0,367977,235304,0,244,283,1,3,60,828522,2164,75064,22,24,6048,0,-76,-2147483648,296298,4294967295,0,0
3059998030,3059.998030,151801,151769,151769,0,6,8,49166,0,49174,0,0,11,0,0,248,248,32,75064,1,0,367977,235323,0,244,283,1,3,60,828522,2167,75064,22,24,6049,0,-78,-2147483648,45749,4294967295,0,0
3060248030,3060.248030,151814,151782,151782,0,6,8,49166,0,49174,0,0,11,0,0,5,5,32,75064,1,0,367977,235343,0,139,283,1,3,1,828522,2455,75064,22,24,6049,0,-78,-2147483648,295749,4294967295,0,0
3060498030,3060.498030,151826,151794,151794,0,6,8,49166,0,49174,0,0,11,0,0,17,17,32,75064,1,0,367977,235362,0,138,283,1,3,60,828522,1167,75064,21,24,6050,0,-79,-2147483648,45255,4294967295,0,0
3060748030,3060.748030,151839,151807,151807,0,6,8,49166,0,49174,0,0,11,0,0,30,30,32,75064,1,0,367977,235381,0,244,283,1,3,60,828522,2164,75064,22,24,6050,0,-79,-2147483648,295255,4294967295,0,0
3060998031,3060.998031,151851,151819,151819,0,6,8,49166,0,49174,0,0,11,0,0,42,42,32,75064,1,0,367977,235400,0,245,283,1,3,60,828522,2167,75064,21,24,6051,0,-80,-2147483648,43218,4294967295,0,0
3061248033,3061.248033,151864,151832,151832,0,6,8,49166,0,49174,0,0,11,0,0,55,55,32,75064,1,0,367977,235420,0,139,283,1,3,2,828522,2887,75064,22,24,6051,0,-80,-2147483648,293220,4294967295,0,0
3061498033,3061.498033,151876,151844,151844,0,6,8,49166,0,49174,0,0,11,0,0,67,67,32,75064,1,0,367977,235439,0,138,283,1,3,61,828522,2167,75064,21,24,6052,0,-79,-2147483648,41979,4294967295,0,0
3061748033,3061.748033,151889,151857,151857,0,6,8,49166,0,49174,0,0,11,0,0,80,80,32,75064,1,0,367977,235458,0,244,283,1,3,60,828522,2170,75064,22,24,6052,0,-79,-2147483648,291979,4294967295,0,0
3061998035,3061.998035,151901,151869,151869,0,6,8,49166,0,49174,0,0,11,0,0,92,92,32,75064,1,0,367977,235477,0,244,283,0,3,61,828522,2167,75064,22,24,6053,0,-80,-2147483648,41113,4294967295,0,0
3062248036,3062.248036,151914,151882,151882,0,6,8,49166,0,49174,0,0,11,0,0,105,105,32,75064,1,0,367977,235496,0,244,283,0,3,60,828522,2164,75064,22,24,6053,0,-80,-2147483648,291114,4294967295,0,0
3062498036,3062.498036,151926,151894,151894,0,6,8,49166,0,49174,0,0,11,0,0,117,117,32,75064,1,0,367977,235516,0,140,283,1,3,60,828522,1167,75064,22,24,6054,0,-79,-2147483648,39875,4294967295,0,0
3062748038,3062.748038,151939,151907,151907,0,6,8,49166,0,49174,0,0,11,0,0,130,130,32,75064,1,0,367977,235535,0,244,283,1,3,60,828522,2164,75064,22,24,6054,0,-79,-2147483648,289877,4294967295,0,0
3062998040,3062.998040,151951,151919,151919,0,6,8,49166,0,49174,0,0,11,0,0,142,142,32,75064,1,0,367977,235554,0,244,283,1,3,60,828522,1167,75064,22,24,6055,0,-80,-2147483648,39610,4294967295,0,0
3063248040,3063.248040,151964,151932,151932,0,6,8,49166,0,49174,0,0,11,0,0,155,155,32,75064,1,0,367977,235574,0,138,283,1,3,60,828522,2170,75064,22,24,6055,0,-80,-2147483648,289610,4294967295,0,0
3063498042,3063.498042,151976,151944,151944,0,6,8,49166,0,49174,0,0,11,0,0,167,167,32,75064,1,0,367977,235593,0,138,283,1,3,60,828522,2167,75064,22,24,6056,0,-78,-2147483648,26278,4294967295,0,0
3063748042,3063.748042,151989,151957,151957,0,6,8,49166,0,49174,0,0,11,0,0,180,180,32,75064,1,0,367977,235612,0,280,283,1,3,60,828522,2164,75064,22,24,6056,0,-78,-2147483648,276278,4294967295,0,0
3063998042,3063.998042,152001,151969,151969,0,6,8,49166,0,49174,0,0,11,0,0,192,192,32,75064,1,0,367977,235631,0,244,283,1,3,60,828522,2167,75064,22,24,6057,0,-80,-2147483648,24545,4294967295,0,0
3064248044,3064.248044,152014,151982,151982,0,6,8,49166,0,49174,0,0,11,0,0,205,205,32,75064,1,0,367977,235651,0,138,283,1,3,60,828522,1419,75064,21,24,6057,0,-80,-2147483648,274547,4294967295,0,0
3064498045,3064.498045,152026,151994,151994,0,6,8,49166,0,49174,0,0,11,0,0,217,217,32,75064,1,0,367977,235669,0,244,283,0,3,61,828522,2168,75064,22,24,6058,0,-78,-2147483648,23889,4294967295,0,0
3064748046,3064.748046,152039,152007,152007,0,6,8,49166,0,49174,0,0,11,0,0,230,230,32,75064,1,0,367977,235689,0,244,283,1,3,60,828522,2164,75064,22,24,6058,0,-78,-2147483648,273890,4294967295,0,0
3064998047,3064.998047,152051,152019,152019,0,6,8,49166,0,49174,0,0,11,0,0,242,242,32,75064,1,0,367977,235708,0,138,283,1,3,60,828522,1167,75064,22,24,6059,0,-78,-2147483648,22590,4294967295,0,0
3065248047,3065.248047,152064,152032,152032,0,6,8,49166,0,49174,0,0,11,0,0,255,255,32,75064,1,0,367977,235728,0,139,283,1,3,60,828522,2454,75064,22,24,6059,0,-78,-2147483648,272590,4294967295,0,0
3065498048,3065.498048,152076,152044,152044,0,6,8,49166,0,49174,0,0,11,0,0,11,11,32,75064,1,0,367977,235747,0,138,283,1,3,60,828522,2167,75064,22,24,6060,0,-79,-2147483648,21542,4294967295,0,0
3065748050,3065.748050,152089,152057,152057,0,6,8,49166,0,49174,0,0,11,0,0,24,24,32,75064,1,0,367977,235766,0,245,283,1,3,60,828522,2164,75064,21,24,6060,0,-79,-2147483648,271544,4294967295,0,0
3065998050,3065.998050,152101,152069,152069,0,6,8,49166,0,49174,0,0,11,0,0,36,36,32,75064,1,0,367977,235785,0,280,283,1,3,60,828522,1167,75064,21,24,6061,0,-77,-2147483648,20933,4294967295,0,0
3066248052,3066.248052,152114,152082,152082,0,6,8,49166,0,49174,0,0,11,0,0,49,49,32,75064,1,0,367977,235805,0,138,283,1,3,60,828522,2455,75064,22,24,6061,0,-77,-2147483648,270935,4294967295,0,0
3066498053,3066.498053,152126,152094,152094,0,6,8,49166,0,49174,0,0,11,0,0,61,61,32,75064,1,0,367977,235824,0,138,283,1,3,60,828522,2167,75064,22,24,6062,0,-83,-2147483648,19488,4294967295,0,0
3066748053,3066.748053,152139,152107,152107,0,5,8,49166,0,49174,0,0,11,0,0,74,74,32,75064,1,0,367977,235843,0,245,283,1,3,60,828522,2164,75064,21,24,6062,0,-83,-2147483648,269488,4294967295,0,0
3066998055,3066.998055,152151,152119,152119,0,6,8,49166,0,49174,0,0,11,0,0,86,86,32,75064,1,0,367977,235862,0,244,283,1,3,60,828522,2168,75064,22,24,6063,0,-78,-2147483648,19444,4294967295,0,0
3067248056,3067.248056,152164,152132,152132,0,6,8,49166,0,49174,0,0,11,0,0,99,99,32,75064,1,0,367977,235882,0,138,283,1,3,60,828522,1443,75064,22,24,6063,0,-78,-2147483648,269445,4294967295,0,0
3067498056,3067.498056,152176,152144,152144,0,6,8,49166,0,49174,0,0,11,0,0,111,111,32,75064,1,0,367977,235901,0,138,283,1,3,61,828522,2167,75064,22,24,6064,0,-78,-2147483648,18735,4294967295,0,0
3067748056,3067.748056,152189,152157,152157,0,5,8,49166,0,49174,0,0,11,0,0,124,124,32,75064,1,0,367977,235920,0,244,283,1,3,60,828522,2164,75064,22,24,6064,0,-78,-2147483648,268735,4294967295,0,0
3067998058,3067.998058,152201,152169,152169,0,6,8,49166,0,49174,0,0,11,0,0,136,136,32,75064,1,0,367977,235939,0,138,283,1,3,60,828522,2167,75064,22,24,6065,0,-78,-2147483648,7428,4294967295,0,0
3068248059,3068.248059,152214,152182,152182,0,6,8,49166,0,49174,0,0,11,0,0,149,149,32,75064,1,0,367977,235959,0,138,283,0,3,61,828522,2456,75064,22,24,6065,0,-78,-2147483648,257429,4294967295,0,0
3068498061,3068.498061,152226,152194,152194,0,6,8,49166,0,49174,0,0,11,0,0,161,161,32,75064,1,0,367977,235978,0,138,283,1,3,60,828522,2167,75064,22,24,6066,0,-78,-2147483648,5367,4294967295,0,0
3068748061,3068.748061,152239,152207,152207,0,5,8,49166,0,49174,0,0,11,0,0,174,174,32,75064,1,0,367977,235997,0,138,283,1,3,60,828522,1164,75064,22,24,6066,0,-78,-2147483648,255367,4294967295,0,0
3068998063,3068.998063,152251,152219,152219,0,6,8,49166,0,49174,0,0,11,0,0,186,186,32,75064,1,0,367977,236016,0,138,283,1,3,60,828522,1167,75064,22,24,6067,0,-90,-2147483648,3279,4294967295,0,0
3069248063,3069.248063,152264,152232,152232,0,6,8,49166,0,49174,0,0,11,0,0,199,199,32,75064,1,0,367977,236035,0,244,283,1,3,60,828522,2164,75064,22,24,6067,0,-90,-2147483648,253279,4294967295,0,0
3069498065,3069.498065,152276,152244,152244,0,6,8,49166,0,49174,0,0,11,0,0,211,211,32,75064,1,0,367977,236054,0,138,283,1,3,60,828522,2127,75064,22,24,6068,0,-76,-2147483648,2403,4294967295,0,0
3069748067,3069.748067,152289,152257,152257,0,6,8,49166,0,49174,0,0,11,0,0,224,224,32,75064,1,0,367977,236074,0,138,283,0,3,61,828522,1678,75064,22,24,6068,0,-76,-2147483648,252405,4294967295,0,0
3069998068,3069.998068,152301,152269,152269,0,5,8,49166,0,49174,0,0,11,0,0,236,236,32,75064,1,0,367977,236093,0,138,283,0,3,2,828522,2116,75064,22,24,6069,0,-76,-2147483648,1197,4294967295,0,0
3070248070,3070.248070,152314,152282,152282,0,6,8,49166,0,49174,0,0,11,0,0,249,249,32,75064,1,0,367977,236112,0,244,283,1,3,60,828522,1164,75064,22,24,6069,0,-76,-2147483648,251199,4294967295,0,0
3070498072,3070.498072,152326,152294,152294,0,6,8,49166,0,49174,0,0,11,0,0,5,5,32,75064,1,0,367977,236131,0,138,283,0,3,2,828522,2167,75064,22,24,6070,0,-76,-2147483648,56,4294967295,0,0
3070748074,3070.748074,152339,152307,152307,0,6,8,49166,0,49174,0,0,11,0,0,18,18,32,75064,1,0,367977,236151,0,244,283,1,3,60,828522,2164,75064,22,24,6070,0,-76,-2147483648,250058,4294967295,0,0
3070998074,3070.998074,152351,152319,152319,0,6,8,49166,0,49174,0,0,11,0,0,30,30,32,75064,1,0,367977,236170,0,138,283,1,3,153,828522,2167,75064,22,24,6070,0,-76,-2147483648,500058,4294967295,0,0
3071248076,3071.248076,152364,152332,152332,0,6,8,49166,0,49174,0,0,11,0,0,43,43,32,75064,1,0,367977,236189,0,244,283,1,3,2,828522,2271,75064,22,24,6071,0,-77,-2147483648,249152,4294967295,0,0
3071498078,3071.498078,152376,152344,152344,0,6,8,49166,0,49174,0,0,11,0,0,55,55,32,75064,1,0,367977,236207,0,244,283,1,3,60,828522,2167,75064,22,24,6071,0,-77,-2147483648,499154,4294967295,0,0
3071748080,3071.748080,152389,152357,152357,0,5,8,49166,0,49174,0,0,11,0,0,68,68,32,75064,1,0,367977,236228,0,245,283,1,3,60,828522,1164,75064,21,24,6072,0,-78,-2147483648,247904,4294967295,0,0
3071998082,3071.998082,152401,152369,152369,0,6,8,49166,0,49174,0,0,11,0,0,80,80,32,75064,1,0,367977,236246,0,138,283,1,3,60,828522,2167,75064,22,24,6072,0,-78,-2147483648,497906,4294967295,0,0
3072248083,3072.248083,152414,152382,152382,0,6,8,49166,0,49174,0,0,11,0,0,93,93,32,75064,1,0,367977,236267,0,138,283,1,3,60,828522,2458,75064,22,24,6073,0,-79,-2147483648,235102,4294967295,0,0
3072498085,3072.498085,152426,152394,152394,0,6,8,49166,0,49174,0,0,11,0,0,105,105,32,75064,1,0,367977,236284,0,244,283,0,3,61,828522,2168,75064,22,24,6073,0,-79,-2147483648,485104,4294967295,0,0
3072748085,3072.748085,152439,152407,152407,0,6,8,49166,0,49174,0,0,11,0,0,118,118,32,75064,1,0,367977,236305,0,244,283,1,3,60,828522,2164,75064,22,24,6074,0,-78,-2147483648,233861,4294967295,0,0
3072998086,3072.998086,152451,152419,152419,0,6,8,49166,0,49174,0,0,11,0,0,130,130,32,75064,1,0,367977,236323,0,279,283,1,3,60,828522,2167,75064,22,24,6074,0,-78,-2147483648,483862,4294967295,0,0
3073248086,3073.248086,152464,152432,152432,0,6,8,49166,0,49174,0,0,11,0,0,143,143,32,75064,1,0,367977,236344,0,138,283,1,3,60,828522,1164,75064,21,24,6075,0,-79,-2147483648,231737,4294967295,0,0
3073498086,3073.498086,152476,152444,152444,0,6,8,49166,0,49174,0,0,11,0,0,155,155,32,75064,1,0,367977,236362,0,138,283,0,3,61,828522,2167,75064,22,24,6075,0,-79,-2147483648,481737,4294967295,0,0
3073748087,3073.748087,152489,152457,152457,0,6,8,49166,0,49174,0,0,11,0,0,168,168,32,75064,1,0,367977,236382,0,244,283,1,3,60,828522,2164,75064,22,24,6076,0,-77,-2147483648,231626,4294967295,0,0
3073998087,3073.998087,152501,152469,152469,0,5,8,49166,0,49174,0,0,11,0,0,180,180,32,75064,1,0,367977,236400,0,244,283,1,3,61,828522,2167,75064,22,24,6076,0,-77,-2147483648,481626,4294967295,0,0
3074248089,3074.248089,152514,152482,152482,0,6,8,49166,0,49174,0,0,11,0,0,193,193,32,75064,1,0,367977,236420,0,244,283,1,3,60,828522,2391,75064,22,24,6077,0,-76,-2147483648,231611,4294967295,0,0
3074498091,3074.498091,152526,152494,152494,0,6,8,49166,0,49174,0,0,11,0,0,205,205,32,75064,1,0,367977,236438,0,244,283,1,3,2,828522,2167,75064,22,24,6077,0,-76,-2147483648,481613,4294967295,0,0
3074748093,3074.748093,152539,152507,152507,0,6,8,49166,0,49174,0,0,11,0,0,218,218,32,75064,1,0,367977,236459,0,244,283,1,3,60,828522,2164,75064,22,24,6078,0,-76,-2147483648,231104,4294967295,0,0
3074998094,3074.998094,152551,152519,152519,0,6,8,49166,0,49174,0,0,11,0,0,230,230,32,75064,1,0,367977,236477,0,244,283,1,3,60,828522,2167,75064,22,24,6078,0,-76,-2147483648,481105,4294967295,0,0
3075248094,3075.248094,152564,152532,152532,0,6,8,49166,0,49174,0,0,11,0,0,243,243,32,75064,1,0,367977,236498,0,138,283,1,3,60,828522,2456,75064,21,24,6079,0,-76,-2147483648,229593,4294967295,0,0
3075498096,3075.498096,152576,152544,152544,0,6,8,49166,0,49174,0,0,11,0,0,255,255,32,75064,1,0,367977,236516,0,138,283,1,3,60,828522,1167,75064,21,24,6079,0,-76,-2147483648,479595,4294967295,0,0
3075748096,3075.748096,152589,152557,152557,0,6,8,49166,0,49174,0,0,11,0,0,12,12,32,75064,1,0,367977,236536,0,138,283,1,3,60,828522,1682,75064,22,24,6080,0,-76,-2147483648,229265,4294967295,0,0
3075998097,3075.998097,152601,152569,152569,0,6,8,49166,0,49174,0,0,11,0,0,24,24,32,75064,1,0,367977,236554,0,138,283,1,3,60,828522,1167,75064,22,24,6080,0,-76,-2147483648,479266,4294967295,0,0
3076248099,3076.248099,152614,152582,152582,0,6,8,49166,0,49174,0,0,11,0,0,37,37,32,75064,1,0,367977,236575,0,138,283,1,3,60,828522,2164,75064,22,24,6081,0,-76,-2147483648,217068,4294967295,0,0
3076498099,3076.498099,152626,152594,152594,0,6,8,49166,0,49174,0,0,11,0,0,49,49,32,75064,1,0,367977,236593,0,138,283,0,3,61,828522,2168,75064,22,24,6081,0,-76,-2147483648,467068,4294967295,0,0
3076748101,3076.748101,152639,152607,152607,0,5,8,49166,0,49174,0,0,11,0,0,62,62,32,75064,1,0,367977,236613,0,245,283,1,3,60,828522,1591,75064,21,24,6082,0,-76,-2147483648,215984,4294967295,0,0
3076998101,3076.998101,152651,152619,152619,0,6,8,49166,0,49174,0,0,11,0,0,74,74,32,75064,1,0,367977,236631,0,138,283,1,3,60,828522,2167,75064,21,24,6082,0,-76,-2147483648,465984,4294967295,0,0
3077248101,3077.248101,152664,152632,152632,0,6,8,49166,0,49174,0,0,11,0,0,87,87,32,75064,1,0,367977,236651,0,244,283,1,3,60,828522,2310,75064,22,24,6083,0,-79,-2147483648,215720,4294967295,0,0
3077498102,3077.498102,152676,152644,152644,0,6,8,49166,0,49174,0,0,11,0,0,99,99,32,75064,1,0,367977,236670,0,138,283,1,3,60,828522,2167,75064,22,24,6083,0,-79,-2147483648,465721,4294967295,0,0
3077748103,3077.748103,152689,152657,152657,0,5,8,49166,0,49174,0,0,11,0,0,112,112,32,75064,1,0,367977,236690,0,138,283,1,3,60,828522,2164,75064,21,24,6084,0,-77,-2147483648,215609,4294967295,0,0
3077998104,3077.998104,152701,152669,152669,0,6,8,49166,0,49174,0,0,11,0,0,124,124,32,75064,1,0,367977,236708,0,138,283,1,3,60,828522,2167,75064,22,24,6084,0,-77,-2147483648,465610,4294967295,0,0
3078248104,3078.248104,152714,152682,152682,0,6,8,49166,0,49174,0,0,11,0,0,137,137,32,75064,1,0,367977,236728,0,244,283,1,3,60,828522,2164,75064,22,24,6085,0,-77,-2147483648,214927,4294967295,0,0
3078498104,3078.498104,152726,152694,152694,0,6,8,49166,0,49174,0,0,11,0,0,149,149,32,75064,1,0,367977,236747,0,138,283,1,3,60,828522,2167,75064,22,24,6085,0,-77,-2147483648,464927,4294967295,0,0
3078748105,3078.748105,152739,152707,152707,0,6,8,49166,0,49174,0,0,11,0,0,162,162,32,75064,1,0,367977,236767,0,138,283,1,3,60,828522,2161,75064,22,24,6086,0,-79,-2147483648,213742,4294967295,0,0
3078998106,3078.998106,152751,152719,152719,0,6,8,49166,0,49174,0,0,11,0,0,174,174,32,75064,1,0,367977,236785,0,244,283,1,3,60,828522,2167,75064,22,24,6086,0,-79,-2147483648,463743,4294967295,0,0
3079248107,3079.248107,152764,152732,152732,0,6,8,49166,0,49174,0,0,11,0,0,187,187,32,75064,1,0,367977,236806,0,138,283,1,3,60,828522,2456,75064,22,24,6087,0,-77,-2147483648,213112,4294967295,0,0
3079498107,3079.498107,152776,152744,152744,0,6,8,49166,0,49174,0,0,11,0,0,199,199,32,75064,1,0,367977,236823,0,244,283,0,3,60,828522,2167,75064,22,24,6087,0,-77,-2147483648,463112,4294967295,0,0
3079748107,3079.748107,152789,152757,152757,0,5,8,49166,0,49174,0,0,11,0,0,212,212,32,75064,1,0,367977,236844,0,245,283,1,3,60,828522,2164,75064,21,24,6088,0,-76,-2147483648,211755,4294967295,0,0
3079998108,3079.998108,152801,152769,152769,0,5,8,49166,0,49174,0,0,11,0,0,224,224,32,75064,1,0,367977,236862,0,245,283,1,3,60,828522,2167,75064,21,24,6088,0,-76,-2147483648,461756,4294967295,0,0
3080248110,3080.248110,152814,152782,152782,0,6,8,49166,0,49174,0,0,11,0,0,237,237,32,75064,1,0,367977,236882,0,244,283,1,3,60,828522,2164,75064,22,24,6089,0,-80,-2147483648,209880,4294967295,0,0
3080498110,3080.498110,152826,152794,152794,0,6,8,49166,0,49174,0,0,11,0,0,249,249,32,75064,1,0,367977,236901,0,138,283,1,3,60,828522,2167,75064,22,24,6089,0,-80,-2147483648,459880,4294967295,0,0
3080748112,3080.748112,152839,152807,152807,0,6,8,49166,0,49174,0,0,11,0,0,6,6,32,75064,1,0,367977,236921,0,245,283,1,3,60,828522,2164,75064,22,24,6090,0,-79,-2147483648,208162,4294967295,0,0
3080998113,3080.998113,152851,152819,152819,0,6,8,49166,0,49174,0,0,11,0,0,18,18,32,75064,1,0,367977,236939,0,138,283,1,3,60,828522,2167,75064,22,24,6090,0,-79,-2147483648,458163,4294967295,0,0
3081248114,3081.248114,152864,152832,152832,0,6,8,49166,0,49174,0,0,11,0,0,31,31,32,75064,1,0,367977,236960,0,138,283,1,3,60,828522,2674,75064,21,24,6091,0,-76,-2147483648,208027,4294967295,0,0
3081498114,3081.498114,152876,152844,152844,0,6,8,49166,0,49174,0,0,11,0,0,43,43,32,75064,1,0,367977,236978,0,138,283,1,3,60,828522,2167,75064,21,24,6091,0,-76,-2147483648,458027,4294967295,0,0
3081748114,3081.748114,152889,152857,152857,0,5,8,49166,0,49174,0,0,11,0,0,56,56,32,75064,1,0,367977,236998,0,245,283,1,3,60,828522,2164,75064,21,24,6092,0,-76,-2147483648,198065,4294967295,0,0
3081998115,3081.998115,152901,152869,152869,0,6,8,49166,0,49174,0,0,11,0,0,68,68,32,75064,1,0,367977,237016,0,138,283,1,3,2,828522,2167,75064,21,24,6092,0,-76,-2147483648,448066,4294967295,0,0
3082248117,3082.248117,152914,152882,152882,0,6,8,49166,0,49174,0,0,11,0,0,81,81,32,75064,1,0,367977,237037,0,138,283,1,3,60,828522,2680,75064,22,24,6093,0,-77,-2147483648,196126,4294967295,0,0
3082498118,3082.498118,152926,152894,152894,0,6,8,49166,0,49174,0,0,11,0,0,93,93,32,75064,1,0,367977,237055,0,138,283,1,3,60,828522,2167,75064,21,24,6093,0,-77,-2147483648,446127,4294967295,0,0
3082748119,3082.748119,152939,152907,152907,0,6,8,49166,0,49174,0,0,11,0,0,106,106,32,75064,1,0,367977,237075,0,244,283,1,3,60,828522,2164,75064,22,24,6094,0,-75,-2147483648,195094,4294967295,0,0
3082998121,3082.998121,152951,152919,152919,0,6,8,49166,0,49174,0,0,11,0,0,118,118,32,75064,1,0,367977,237093,0,244,283,1,3,60,828522,2167,75064,22,24,6094,0,-75,-2147483648,445096,4294967295,0,0
3083248123,3083.248123,152964,152932,152932,0,6,8,49166,0,49174,0,0,11,0,0,131,131,32,75064,1,0,367977,237114,0,138,283,1,3,60,828522,2678,75064,21,24,6095,0,-80,-2147483648,193946,4294967295,0,0
3083498125,3083.498125,152976,152944,152944,0,6,8,49166,0,49174,0,0,11,0,0,143,143,32,75064,1,0,367977,237132,0,138,283,0,3,61,828522,2168,75064,21,24,6095,0,-80,-2147483648,443948,4294967295,0,0
3083748125,3083.748125,152989,152957,152957,0,6,8,49166,0,49174,0,0,11,0,0,156,156,32,75064,1,0,367977,237152,0,245,283,1,3,60,828522,2164,75064,22,24,6096,0,-80,-2147483648,192781,4294967295,0,0
3083998127,3083.998127,153001,152969,152969,0,6,8,49166,0,49174,0,0,11,0,0,168,168,32,75064,1,0,367977,237170,0,244,283,1,3,60,828522,2167,75064,22,24,6096,0,-80,-2147483648,442783,4294967295,0,0
3084248129,3084.248129,153014,152982,152982,0,6,8,49166,0,49174,0,0,11,0,0,181,181,32,75064,1,0,367977,237191,0,138,283,1,3,60,828522,2164,75064,22,24,6097,0,-78,-2147483648,191822,4294967295,0,0
3084498131,3084.498131,153026,152994,152994,0,6,8,49166,0,49174,0,0,11,0,0,193,193,32,75064,1,0,367977,237209,0,139,283,1,3,60,828522,2167,75064,21,24,6097,0,-78,-2147483648,441824,4294967295,0,0
3084748131,3084.748131,153039,153007,153007,0,6,8,49166,0,49174,0,0,11,0,0,206,206,32,75064,1,0,367977,237229,0,244,283,1,3,60,828522,2164,75064,22,24,6098,0,-78,-2147483648,191430,4294967295,0,0
3084998133,3084.998133,153051,153019,153019,0,6,8,49166,0,49174,0,0,11,0,0,218,218,32,75064,1,0,367977,237247,0,244,283,1,3,60,828522,2167,75064,22,24,6098,0,-78,-2147483648,441432,4294967295,0,0
3085248133,3085.248133,153064,153032,153032,0,6,8,49166,0,49174,0,0,11,0,0,231,231,32,75064,1,0,367977,237267,0,244,283,1,3,60,828522,1164,75064,22,24,6099,0,-78,-2147483648,190689,4294967295,0,0
3085498133,3085.498133,153076,153044,153044,0,6,8,49166,0,49174,0,0,11,0,0,243,243,32,75064,1,0,367977,237285,0,244,283,1,3,60,828522,2167,75064,22,24,6099,0,-78,-2147483648,440689,4294967295,0,0
3085748135,3085.748135,153089,153057,153057,0,6,8,49166,0,49174,0,0,11,0,0,0,0,32,75064,1,0,367977,237306,0,138,283,1,3,60,828522,1164,75064,21,24,6100,0,-82,-2147483648,190613,4294967295,0,0
3085998135,3085.998135,153101,153069,153069,0,6,8,49166,0,49174,0,0,11,0,0,12,12,32,75064,1,0,367977,237324,0,138,283,1,3,1,828522,1167,75064,22,24,6100,0,-82,-2147483648,440613,4294967295,0,0
3086248137,3086.248137,153114,153082,153082,0,6,8,49166,0,49174,0,0,11,0,0,25,25,32,75064,1,0,367977,237345,0,138,283,1,3,60,828522,2164,75064,22,24,6101,0,-75,-2147483648,188269,4294967295,0,0
3086498137,3086.498137,153126,153094,153094,0,6,8,49166,0,49174,0,0,11,0,0,37,37,32,75064,1,0,367977,237362,0,244,283,1,3,61,828522,2167,75064,22,24,6101,0,-75,-2147483648,438269,4294967295,0,0
3086748137,3086.748137,153139,153107,153107,0,6,8,49166,0,49174,0,0,11,0,0,50,50,32,75064,1,0,367977,237383,0,245,283,1,3,60,828522,2164,75064,21,24,6102,0,-83,-2147483648,176920,4294967295,0,0
3086998137,3086.998137,153151,153119,153119,0,6,8,49166,0,49174,0,0,11,0,0,62,62,32,75064,1,0,367977,237401,0,244,283,1,3,60,828522,2167,75064,22,24,6102,0,-83,-2147483648,426920,4294967295,0,0
3087248137,3087.248137,153164,153132,153132,0,6,8,49166,0,49174,0,0,11,0,0,75,75,32,75064,1,0,367977,237421,0,244,283,1,3,60,828522,2164,75064,22,24,6103,0,-83,-2147483648,174879,4294967295,0,0
3087498139,3087.498139,153176,153144,153144,0,6,8,49166,0,49174,0,0,11,0,0,87,87,32,75064,1,0,367977,237439,0,244,283,1,3,60,828522,2167,75064,22,24,6103,0,-83,-2147483648,424881,4294967295,0,0
3087748139,3087.748139,153189,153157,153157,0,6,8,49166,0,49174,0,0,11,0,0,100,100,32,75064,1,0,367977,237460,0,138,283,1,3,60,828522,2164,75064,22,24,6104,0,-76,-2147483648,174167,4294967295,0,0
3087998140,3087.998140,153201,153169,153169,0,6,8,49166,0,49174,0,0,11,0,0,112,112,32,75064,1,0,367977,237478,0,138,283,0,3,60,828522,2167,75064,21,24,6104,0,-76,-2147483648,424168,4294967295,0,0
3088248140,3088.248140,153214,153182,153182,0,6,8,49166,0,49174,0,0,11,0,0,125,125,32,75064,1,0,367977,237499,0,138,283,1,3,60,828522,2538,75064,22,24,6105,0,-83,-2147483648,172346,4294967295,0,0
3088498140,3088.498140,153226,153194,153194,0,6,8,49166,0,49174,0,0,11,0,0,137,137,32,75064,1,0,367977,237516,0,244,283,1,3,60,828522,2167,75064,22,24,6105,0,-83,-2147483648,422346,4294967295,0,0
3088748142,3088.748142,153239,153207,153207,0,6,8,49166,0,49174,0,0,11,0,0,150,150,32,75064,1,0,367977,237537,0,138,283,1,3,60,828522,1164,75064,22,24,6106,0,-85,-2147483648,170777,4294967295,0,0
3088998142,3088.998142,153251,153219,153219,0,5,8,49166,0,49174,0,0,11,0,0,162,162,32,75064,1,0,367977,237555,0,138,283,1,3,61,828522,2167,75064,21,24,6106,0,-85,-2147483648,420777,4294967295,0,0
3089248142,3089.248142,153264,153232,153232,0,6,8,49166,0,49174,0,0,11,0,0,175,175,32,75064,1,0,367977,237575,0,245,283,1,3,60,828522,2164,75064,21,24,6107,0,-82,-2147483648,169778,4294967295,0,0
3089498143,3089.498143,153276,153244,153244,0,6,8,49166,0,49174,0,0,11,0,0,187,187,32,75064,1,0,367977,237594,0,138,283,1,3,60,828522,2167,75064,22,24,6107,0,-82,-2147483648,419779,4294967295,0,0
3089748145,3089.748145,153289,153257,153257,0,5,8,49166,0,49174,0,0,11,0,0,200,200,32,75064,1,0,367977,237614,0,137,283,1,3,60,828522,2680,75064,21,24,6108,0,-84,-2147483648,168370,4294967295,0,0
3089998147,3089.998147,153301,153269,153269,0,6,8,49166,0,49174,0,0,11,0,0,212,212,32,75064,1,0,367977,237632,0,138,283,1,3,60,828522,2167,75064,22,24,6108,0,-84,-2147483648,418372,4294967295,0,0
3090248149,3090.248149,153314,153282,153282,0,6,8,49166,0,49174,0,0,11,0,0,225,225,32,75064,1,0,367977,237652,0,244,283,1,3,60,828522,2385,75064,22,24,6109,0,-82,-2147483648,157155,4294967295,0,0
3090498150,3090.498150,153326,153294,153294,0,6,8,49166,0,49174,0,0,11,0,0,237,237,32,75064,1,0,367977,237670,0,244,283,1,3,60,828522,2167,75064,22,24,6109,0,-82,-2147483648,407156,4294967295,0,0
3090748152,3090.748152,153339,153307,153307,0,6,8,49166,0,49174,0,0,11,0,0,250,250,32,75064,1,0,367977,237691,0,138,283,1,3,60,828522,2402,75064,21,24,6110,0,-83,-2147483648,155274,4294967295,0,0
3090998153,3090.998153,153351,153319,153319,0,6,8,49166,0,49174,0,0,11,0,0,6,6,32,75064,1,0,367977,237709,0,244,283,1,3,60,828522,2167,75064,22,24,6110,0,-83,-2147483648,405275,4294967295,0,0
3091248153,3091.248153,153364,153332,153332,0,6,8,49166,0,49174,0,0,11,0,0,19,19,32,75064,1,0,367977,237730,0,138,283,1,3,60,828522,2164,75064,22,24,6111,0,-78,-2147483648,154927,4294967295,0,0
3091498153,3091.498153,153376,153344,153344,0,6,8,49166,0,49174,0,0,11,0,0,31,31,32,75064,1,0,367977,237747,0,244,283,1,3,61,828522,2167,75064,22,24,6111,0,-78,-2147483648,404927,4294967295,0,0
3091748153,3091.748153,153389,153357,153357,0,6,8,49166,0,49174,0,0,11,0,0,44,44,32,75064,1,0,367977,237768,0,244,283,1,3,60,828522,2164,75064,22,24,6112,0,-82,-2147483648,153989,4294967295,0,0
3091998155,3091.998155,153401,153369,153369,0,6,8,49166,0,49174,0,0,11,0,0,56,56,32,75064,1,0,367977,237786,0,244,283,1,3,60,828522,2167,75064,22,24,6112,0,-82,-2147483648,403991,4294967295,0,0
3092248156,3092.248156,153414,153382,153382,0,6,8,49166,0,49174,0,0,11,0,0,69,69,32,75064,1,0,367977,237807,0,137,283,1,3,60,828522,2164,75064,22,24,6113,0,-83,-2147483648,152022,4294967295,0,0
3092498156,3092.498156,153426,153394,153394,0,6,8,49166,0,49174,0,0,11,0,0,81,81,32,75064,1,0,367977,237825,0,137,283,1,3,60,828522,2167,75064,22,24,6113,0,-83,-2147483648,402022,4294967295,0,0
3092748157,3092.748157,153439,153407,153407,0,6,8,49166,0,49174,0,0,11,0,0,94,94,32,75064,1,0,367977,237845,0,279,283,1,3,60,828522,2164,75064,22,24,6114,0,-81,-2147483648,150874,4294967295,0,0
3092998157,3092.998157,153451,153419,153419,0,6,8,49166,0,49174,0,0,11,0,0,106,106,32,75064,1,0,367977,237861,0,244,283,1,3,60,828522,2167,75064,21,24,6114,0,-81,-2147483648,400874,4294967295,0,0
3093248157,3093.248157,153464,153432,153432,0,6,8,49166,0,49174,0,0,11,0,0,119,119,32,75064,1,0,367977,237883,0,244,283,1,3,60,828522,2164,75064,21,24,6115,0,-78,-2147483648,148847,4294967295,0,0
3093498157,3093.498157,153476,153444,153444,0,5,8,49166,0,49174,0,0,11,0,0,131,131,32,75064,1,0,367977,237901,0,245,283,1,3,60,828522,2167,75064,22,24,6115,0,-78,-2147483648,398847,4294967295,0,0
3093748159,3093.748159,153489,153457,153457,0,5,8,49166,0,49174,0,0,11,0,0,144,144,32,75064,1,0,367977,237920,0,244,283,1,3,60,828522,1164,75064,22,24,6116,0,-79,-2147483648,135867,4294967295,0,0
3093998159,3093.998159,153501,153469,153469,0,6,8,49166,0,49174,0,0,11,0,0,156,156,32,75064,1,0,367977,237939,0,244,283,1,3,60,828522,2167,75064,22,24,6116,0,-79,-2147483648,385867,4294967295,0,0
3094248160,3094.248160,153514,153482,153482,0,6,8,49166,0,49174,0,0,11,0,0,169,169,32,75064,1,0,367977,237961,0,138,283,1,3,60,828522,2164,75064,22,24,6117,0,-79,-2147483648,134443,4294967295,0,0
3094498160,3094.498160,153526,153494,153494,0,6,8,49166,0,49174,0,0,11,0,0,181,181,32,75064,1,0,367977,237978,0,138,283,0,3,60,828522,2167,75064,21,24,6117,0,-79,-2147483648,384443,4294967295,0,0
3094748162,3094.748162,153539,153507,153507,0,6,8,49166,0,49174,0,0,11,0,0,194,194,32,75064,1,0,367977,237998,0,244,283,1,3,60,828522,2164,75064,22,24,6118,0,-78,-2147483648,132506,4294967295,0,0
3094998164,3094.998164,153551,153519,153519,0,6,8,49166,0,49174,0,0,11,0,0,206,206,32,75064,1,0,367977,238017,0,280,283,1,3,60,828522,2167,75064,21,24,6118,0,-78,-2147483648,382508,4294967295,0,0
3095248164,3095.248164,153564,153532,153532,0,6,8,49166,0,49174,0,0,11,0,0,219,219,32,75064,1,0,367977,238037,0,244,283,1,3,60,828522,2160,75064,22,24,6119,0,-77,-2147483648,132031,4294967295,0,0
3095498164,3095.498164,153576,153544,153544,0,6,8,49166,0,49174,0,0,11,0,0,231,231,32,75064,1,0,367977,238055,0,138,283,1,3,60,828522,2167,75064,22,24,6119,0,-77,-2147483648,382031,4294967295,0,0
3095748165,3095.748165,153589,153557,153557,0,6,8,49166,0,49174,0,0,11,0,0,244,244,32,75064,1,0,367977,238075,0,244,283,1,3,60,828522,2164,75064,22,24,6120,0,-77,-2147483648,130977,4294967295,0,0
3095998166,3095.998166,153601,153569,153569,0,6,8,49166,0,49174,0,0,11,0,0,0,0,32,75064,1,0,367977,238091,0,245,283,1,3,60,828522,2167,75064,21,24,6120,0,-77,-2147483648,380978,4294967295,0,0
3096248167,3096.248167,153614,153582,153582,0,6,8,49166,0,49174,0,0,11,0,0,13,13,32,75064,1,0,367977,238114,0,244,283,1,3,60,828522,2164,75064,21,24,6121,0,-76,-2147483648,129564,4294967295,0,0
3096498169,3096.498169,153626,153594,153594,0,6,8,49166,0,49174,0,0,11,0,0,25,25,32,75064,1,0,367977,238132,0,244,283,1,3,61,828522,2167,75064,22,24,6121,0,-76,-2147483648,379566,4294967295,0,0
3096748169,3096.748169,153639,153607,153607,0,6,8,49166,0,49174,0,0,11,0,0,38,38,32,75064,1,0,367977,238153,0,244,283,1,3,60,828522,2164,75064,22,24,6122,0,-76,-2147483648,128511,4294967295,0,0
3096998170,3096.998170,153651,153619,153619,0,6,8,49166,0,49174,0,0,11,0,0,50,50,32,75064,1,0,367977,238170,0,244,283,1,3,60,828522,2167,75064,22,24,6122,0,-76,-2147483648,378512,4294967295,0,0
3097248170,3097.248170,153664,153632,153632,0,6,8,49166,0,49174,0,0,11,0,0,63,63,32,75064,1,0,367977,238191,0,244,283,1,3,60,828522,2325,75064,22,24,6123,0,-75,-2147483648,117298,4294967295,0,0
3097498171,3097.498171,153676,153644,153644,0,6,8,49166,0,49174,0,0,11,0,0,75,75,32,75064,1,0,367977,238210,0,138,283,1,3,60,828522,2167,75064,22,24,6123,0,-75,-2147483648,367299,4294967295,0,0
3097748173,3097.748173,153689,153657,153657,0,5,8,49166,0,49174,0,0,11,0,0,88,88,32,75064,1,0,367977,238229,0,138,283,1,3,60,828522,1164,75064,21,24,6124,0,-76,-2147483648,115406,4294967295,0,0
3097998175,3097.998175,153701,153669,153669,0,6,8,49166,0,49174,0,0,11,0,0,100,100,32,75064,1,0,367977,238248,0,138,283,1,3,60,828522,2167,75064,22,24,6124,0,-76,-2147483648,365408,4294967295,0,0
3098248176,3098.248176,153714,153682,153682,0,6,8,49166,0,49174,0,0,11,0,0,113,113,32,75064,1,0,367977,238268,0,139,283,1,3,60,828522,2164,75064,22,24,6125,0,-78,-2147483648,115108,4294967295,0,0
3098498177,3098.498177,153726,153694,153694,0,6,8,49166,0,49174,0,0,11,0,0,125,125,32,75064,1,0,367977,238287,0,138,283,1,3,61,828522,2167,75064,21,24,6125,0,-78,-2147483648,365109,4294967295,0,0
3098748179,3098.748179,153739,153707,153707,0,6,8,49166,0,49174,0,0,11,0,0,138,138,32,75064,1,0,367977,238305,0,244,283,1,3,60,828522,1164,75064,22,24,6126,0,-75,-2147483648,115206,4294967295,0,0
3098998180,3098.998180,153751,153719,153719,0,5,8,49166,0,49174,0,0,11,0,0,150,150,32,75064,1,0,367977,238323,0,138,283,0,3,61,828522,2168,75064,21,24,6126,0,-75,-2147483648,365207,4294967295,0,0
3099248182,3099.248182,153764,153732,153732,0,6,8,49166,0,49174,0,0,11,0,0,163,163,32,75064,1,0,367977,238346,0,138,283,0,3,61,828522,2165,75064,21,24,6127,0,-77,-2147483648,113237,4294967295,0,0
3099498183,3099.498183,153776,153744,153744,0,6,8,49166,0,49174,0,0,11,0,0,175,175,32,75064,1,0,367977,238363,0,280,283,0,3,60,828522,2168,75064,21,24,6127,0,-77,-2147483648,363238,4294967295,0,0
3099748184,3099.748184,153789,153757,153757,0,5,8,49166,0,49174,0,0,11,0,0,188,188,32,75064,1,0,367977,238384,0,138,283,1,3,60,828522,2164,75064,22,24,6128,0,-78,-2147483648,113033,4294967295,0,0
3099998185,3099.998185,153801,153769,153769,0,6,8,49166,0,49174,0,0,11,0,0,200,200,32,75064,1,0,367977,238402,0,138,283,1,3,60,828522,1167,75064,22,24,6128,0,-78,-2147483648,363034,4294967295,0,0
3100248187,3100.248187,153814,153782,153782,0,6,8,49166,0,49174,0,0,11,0,0,213,213,32,75064,1,0,367977,238422,0,244,283,1,3,60,828522,1164,75064,22,24,6129,0,-76,-2147483648,111009,4294967295,0,0
3100498189,3100.498189,153826,153794,153794,0,6,8,49166,0,49174,0,0,11,0,0,225,225,32,75064,1,0,367977,238440,0,244,283,1,3,60,828522,2167,75064,22,24,6129,0,-76,-2147483648,361011,4294967295,0,0
3100748190,3100.748190,153839,153807,153807,0,6,8,49166,0,49174,0,0,11,0,0,238,238,32,75064,1,0,367977,238460,0,245,283,1,3,60,828522,2164,75064,21,24,6130,0,-78,-2147483648,110778,4294967295,0,0
3100998190,3100.998190,153851,153819,153819,0,6,8,49166,0,49174,0,0,11,0,0,250,250,32,75064,1,0,367977,238479,0,138,283,1,3,60,828522,2167,75064,22,24,6130,0,-78,-2147483648,360778,4294967295,0,0
3101248192,3101.248192,153864,153832,153832,0,6,8,49166,0,49174,0,0,11,0,0,7,7,32,75064,1,0,367977,238499,0,244,283,1,3,60,828522,2311,75064,22,24,6131,0,-78,-2147483648,108611,4294967295,0,0
3101498193,3101.498193,153876,153844,153844,0,6,8,49166,0,49174,0,0,11,0,0,19,19,32,75064,1,0,367977,238518,0,138,283,1,3,60,828522,2167,75064,22,24,6131,0,-78,-2147483648,358612,4294967295,0,0
3101748193,3101.748193,153889,153857,153857,0,6,8,49166,0,49174,0,0,11,0,0,32,32,32,75064,1,0,367977,238538,0,244,283,1,3,60,828522,2164,75064,22,24,6132,0,-82,-2147483648,95468,4294967295,0,0
3101998195,3101.998195,153901,153869,153869,0,6,8,49166,0,49174,0,0,11,0,0,44,44,32,75064,1,0,367977,238556,0,244,283,1,3,60,828522,1167,75064,22,24,6132,0,-82,-2147483648,345470,4294967295,0,0
3102248196,3102.248196,153914,153882,153882,0,6,8,49166,0,49174,0,0,11,0,0,57,57,32,75064,1,0,367977,238577,0,138,283,1,3,60,828522,2164,75064,21,24,6133,0,-81,-2147483648,93899,4294967295,0,0
3102498198,3102.498198,153926,153894,153894,0,6,8,49166,0,49174,0,0,11,0,0,69,69,32,75064,1,0,367977,238595,0,138,283,1,3,60,828522,2167,75064,22,24,6133,0,-81,-2147483648,343901,4294967295,0,0
3102748200,3102.748200,153939,153907,153907,0,6,8,49166,0,49174,0,0,11,0,0,82,82,32,75064,1,0,367977,238615,0,245,283,1,3,61,828522,2165,75064,21,24,6134,0,-82,-2147483648,94333,4294967295,0,0
3102998201,3102.998201,153951,153919,153919,0,6,8,49166,0,49174,0,0,11,0,0,94,94,32,75064,1,0,367977,238633,0,138,283,1,3,60,828522,2168,75064,22,24,6134,0,-82,-2147483648,344334,4294967295,0,0
3103248203,3103.248203,153964,153932,153932,0,6,8,49166,0,49174,0,0,11,0,0,107,107,32,75064,1,0,367977,238654,0,138,283,1,3,60,828522,2164,75064,21,24,6135,0,-76,-2147483648,92274,4294967295,0,0
3103498203,3103.498203,153976,153944,153944,0,6,8,49166,0,49174,0,0,11,0,0,119,119,32,75064,1,0,367977,238672,0,138,283,0,3,61,828522,2167,75064,22,24,6135,0,-76,-2147483648,342274,4294967295,0,0
3103748205,3103.748205,153989,153957,153957,0,6,8,49166,0,49174,0,0,11,0,0,132,132,32,75064,1,0,367977,238690,0,245,283,1,3,60,828522,2164,75064,21,24,6136,0,-75,-2147483648,92169,4294967295,0,0
3103998206,3103.998206,154001,153969,153969,0,6,8,49166,0,49174,0,0,11,0,0,144,144,32,75064,1,0,367977,238710,0,244,283,1,3,60,828522,2167,75064,22,24,6136,0,-75,-2147483648,342170,4294967295,0,0
3104248206,3104.248206,154014,153982,153982,0,6,8,49166,0,49174,0,0,11,0,0,157,157,32,75064,1,0,367977,238730,0,244,283,1,3,60,828522,2315,75064,22,24,6137,0,-76,-2147483648,91111,4294967295,0,0
3104498208,3104.498208,154026,153994,153994,0,6,8,49166,0,49174,0,0,11,0,0,169,169,32,75064,1,0,367977,238747,0,244,283,1,3,60,828522,2167,75064,22,24,6137,0,-76,-2147483648,341113,4294967295,0,0
3104748208,3104.748208,154039,154007,154007,0,6,8,49166,0,49174,0,0,11,0,0,182,182,32,75064,1,0,367977,238769,0,138,283,1,3,60,828522,2238,75064,22,24,6138,0,-76,-2147483648,88701,4294967295,0,0
3104998208,3104.998208,154051,154019,154019,0,6,8,49166,0,49174,0,0,11,0,0,194,194,32,75064,1,0,367977,238787,0,138,283,1,3,60,828522,2167,75064,21,24,6138,0,-76,-2147483648,338701,4294967295,0,0
3105248209,3105.248209,154064,154032,154032,0,6,8,49166,0,49174,0,0,11,0,0,207,207,32,75064,1,0,367977,238805,0,137,283,1,3,60,828522,2451,75064,22,24,6139,0,-75,-2147483648,77604,4294967295,0,0
3105498209,3105.498209,154076,154044,154044,0,6,8,49166,0,49174,0,0,11,0,0,219,219,32,75064,1,0,367977,238825,0,245,283,1,3,60,828522,2167,75064,21,24,6139,0,-75,-2147483648,327604,4294967295,0,0
3105748211,3105.748211,154089,154057,154057,0,6,8,49166,0,49174,0,0,11,0,0,232,232,32,75064,1,0,367977,238846,0,139,283,1,3,60,828522,2164,75064,22,24,6140,0,-75,-2147483648,76642,4294967295,0,0
3105998211,3105.998211,154101,154069,154069,0,6,8,49166,0,49174,0,0,11,0,0,244,244,32,75064,1,0,367977,238863,0,138,283,1,3,60,828522,2167,75064,21,24,6140,0,-75,-2147483648,326642,4294967295,0,0
3106248212,3106.248212,154114,154082,154082,0,6,8,49166,0,49174,0,0,11,0,0,1,1,32,75064,1,0,367977,238884,0,244,283,1,3,2,828522,1164,75064,22,24,6141,0,-74,-2147483648,75983,4294967295,0,0
3106498212,3106.498212,154126,154094,154094,0,6,8,49166,0,49174,0,0,11,0,0,13,13,32,75064,1,0,367977,238903,0,138,283,0,3,60,828522,1167,75064,22,24,6141,0,-74,-2147483648,325983,4294967295,0,0
3106748212,3106.748212,154139,154107,154107,0,6,8,49166,0,49174,0,0,11,0,0,26,26,32,75064,1,0,367977,238923,0,138,283,1,3,60,828522,2164,75064,22,24,6142,0,-76,-2147483648,75324,4294967295,0,0
3106998212,3106.998212,154151,154119,154119,0,6,8,49166,0,49174,0,0,11,0,0,38,38,32,75064,1,0,367977,238941,0,245,283,1,3,60,828522,2167,75064,21,24,6142,0,-76,-2147483648,325324,4294967295,0,0
3107248213,3107.248213,154164,154132,154132,0,6,8,49166,0,49174,0,0,11,0,0,51,51,32,75064,1,0,367977,238961,0,244,283,1,3,60,828522,2164,75064,22,24,6143,0,-76,-2147483648,74239,4294967295,0,0
3107498213,3107.498213,154176,154144,154144,0,6,8,49166,0,49174,0,0,11,0,0,63,63,32,75064,1,0,367977,238980,0,140,283,1,3,60,828522,1167,75064,22,24,6143,0,-76,-2147483648,324239,4294967295,0,0
3107748213,3107.748213,154189,154157,154157,0,6,8,49166,0,49174,0,0,11,0,0,76,76,32,75064,1,0,367977,239000,0,138,283,1,3,60,828522,1669,75064,21,24,6144,0,-76,-2147483648,72902,4294967295,0,0
3107998213,3107.998213,154201,154169,154169,0,6,8,49166,0,49174,0,0,11,0,0,88,88,32,75064,1,0,367977,239018,0,140,283,1,3,60,828522,2168,75064,22,24,6144,0,-76,-2147483648,322902,4294967295,0,0
3108248214,3108.248214,154214,154182,154182,0,6,8,49166,0,49174,0,0,11,0,0,101,101,32,75064,1,0,367977,239038,0,244,283,1,3,61,828522,2164,75064,22,24,6145,0,-75,-2147483648,71028,4294967295,0,0
3108498214,3108.498214,154226,154194,154194,0,6,8,49166,0,49174,0,0,11,0,0,113,113,32,75064,1,0,367977,239057,0,138,283,1,3,60,828522,2167,75064,21,24,6145,0,-75,-2147483648,321028,4294967295,0,0
3108748214,3108.748214,154239,154207,154207,0,6,8,49166,0,49174,0,0,11,0,0,126,126,32,75064,1,0,367977,239077,0,138,283,1,3,60,828522,2164,75064,22,24,6146,0,-76,-2147483648,70976,4294967295,0,0
3108998216,3108.998216,154251,154219,154219,0,6,8,49166,0,49174,0,0,11,0,0,138,138,32,75064,1,0,367977,239095,0,138,283,1,3,60,828522,2167,75064,21,24,6146,0,-76,-2147483648,320978,4294967295,0,0
3109248218,3109.248218,154264,154232,154232,0,6,8,49166,0,49174,0,0,11,0,0,151,151,32,75064,1,0,367977,239115,0,244,283,1,3,60,828522,2317,75064,22,24,6147,0,-75,-2147483648,69204,4294967295,0,0
3109498218,3109.498218,154276,154244,154244,0,6,8,49166,0,49174,0,0,11,0,0,163,163,32,75064,1,0,367977,239133,0,244,283,1,3,60,828522,2167,75064,21,24,6147,0,-75,-2147483648,319204,4294967295,0,0
3109748218,3109.748218,154289,154257,154257,0,5,8,49166,0,49174,0,0,11,0,0,176,176,32,75064,1,0,367977,239154,0,138,283,1,3,60,828522,2164,75064,21,24,6148,0,-74,-2147483648,68820,4294967295,0,0
3109998219,3109.998219,154301,154269,154269,0,6,8,49166,0,49174,0,0,11,0,0,188,188,32,75064,1,0,367977,239172,0,138,283,1,3,61,828522,2167,75064,22,24,6148,0,-74,-2147483648,318821,4294967295,0,0
3110248221,3110.248221,154314,154282,154282,0,6,8,49166,0,49174,0,0,11,0,0,201,201,32,75064,1,0,367977,239192,0,279,283,1,3,61,828522,2164,75064,22,24,6149,0,-75,-2147483648,68009,4294967295,0,0
3110498223,3110.498223,154326,154294,154294,0,6,8,49166,0,49174,0,0,11,0,0,213,213,32,75064,1,0,367977,239210,0,244,283,0,3,61,828522,2167,75064,22,24,6149,0,-75,-2147483648,318011,4294967295,0,0
3110748223,3110.748223,154339,154307,154307,0,6,8,49166,0,49174,0,0,11,0,0,226,226,32,75064,1,0,367977,239231,0,244,283,1,3,1,828522,1164,75064,22,24,6150,0,-74,-2147483648,57560,4294967295,0,0
3110998224,3110.998224,154351,154319,154319,0,6,8,49166,0,49174,0,0,11,0,0,238,238,32,75064,1,0,367977,239249,0,138,283,1,3,60,828522,2167,75064,22,24,6150,0,-74,-2147483648,307561,4294967295,0,0
3111248226,3111.248226,154364,154332,154332,0,6,8,49166,0,49174,0,0,11,0,0,251,251,32,75064,1,0,367977,239269,0,244,283,1,3,60,828522,2368,75064,22,24,6151,0,-75,-2147483648,56467,4294967295,0,0
3111498227,3111.498227,154376,154344,154344,0,6,8,49166,0,49174,0,0,11,0,0,7,7,32,75064,1,0,367977,239287,0,245,283,1,3,60,828522,2168,75064,21,24,6151,0,-75,-2147483648,306468,4294967295,0,0
3111748227,3111.748227,154389,154357,154357,0,6,8,49166,0,49174,0,0,11,0,0,20,20,32,75064,1,0,367977,239308,0,138,283,1,3,60,828522,1317,75064,21,24,6152,0,-77,-2147483648,54781,4294967295,0,0
3111998227,3111.998227,154401,154369,154369,0,6,8,49166,0,49174,0,0,11,0,0,32,32,32,75064,1,0,367977,239326,0,138,283,1,3,60,828522,2167,75064,22,24,6152,0,-77,-2147483648,304781,4294967295,0,0
3112248227,3112.248227,154414,154382,154382,0,6,8,49166,0,49174,0,0,11,0,0,45,45,32,75064,1,0,367977,239346,0,244,283,1,3,60,828522,2396,75064,22,24,6153,0,-77,-2147483648,53347,4294967295,0,0
3112498229,3112.498229,154426,154394,154394,0,6,8,49166,0,49174,0,0,11,0,0,57,57,32,75064,1,0,367977,239364,0,244,283,1,3,60,828522,2167,75064,22,24,6153,0,-77,-2147483648,303349,4294967295,0,0
3112748231,3112.748231,154439,154407,154407,0,5,8,49166,0,49174,0,0,11,0,0,70,70,32,75064,1,0,367977,239385,0,245,283,0,3,61,828522,2162,75064,21,24,6154,0,-76,-2147483648,51780,4294967295,0,0
3112998233,3112.998233,154451,154419,154419,0,6,8,49166,0,49174,0,0,11,0,0,82,82,32,75064,1,0,367977,239403,0,138,283,1,3,2,828522,2167,75064,22,24,6154,0,-76,-2147483648,301782,4294967295,0,0
3113248233,3113.248233,154464,154432,154432,0,6,8,49166,0,49174,0,0,11,0,0,95,95,32,75064,1,0,367977,239423,0,244,283,1,3,60,828522,2309,75064,21,24,6155,0,-77,-2147483648,51314,4294967295,0,0
3113498234,3113.498234,154476,154444,154444,0,6,8,49166,0,49174,0,0,11,0,0,107,107,32,75064,1,0,367977,239441,0,244,283,1,3,2,828522,1167,75064,22,24,6155,0,-77,-2147483648,301315,4294967295,0,0
3113748236,3113.748236,154489,154457,154457,0,6,8,49166,0,49174,0,0,11,0,0,120,120,32,75064,1,0,367977,239462,0,138,283,1,3,61,828522,1678,75064,22,24,6156,0,-75,-2147483648,51172,4294967295,0,0
3113998237,3113.998237,154501,154469,154469,0,5,8,49166,0,49174,0,0,11,0,0,132,132,32,75064,1,0,367977,239480,0,138,283,1,3,2,828522,2167,75064,22,24,6156,0,-75,-2147483648,301173,4294967295,0,0
3114248239,3114.248239,154514,154482,154482,0,6,8,49166,0,49174,0,0,11,0,0,145,145,32,75064,1,0,367977,239500,0,244,283,1,3,60,828522,2191,75064,22,24,6157,0,-76,-2147483648,49888,4294967295,0,0
3114498240,3114.498240,154526,154494,154494,0,6,8,49166,0,49174,0,0,11,0,0,157,157,32,75064,1,0,367977,239518,0,244,283,1,3,60,828522,2167,75064,22,24,6157,0,-76,-2147483648,299889,4294967295,0,0
3114748241,3114.748241,154539,154507,154507,0,6,8,49166,0,49174,0,0,11,0,0,170,170,32,75064,1,0,367977,239539,0,138,283,1,3,61,828522,1673,75064,21,24,6158,0,-77,-2147483648,49025,4294967295,0,0
3114998242,3114.998242,154551,154519,154519,0,5,8,49166,0,49174,0,0,11,0,0,182,182,32,75064,1,0,367977,239557,0,139,283,1,3,60,828522,2167,75064,22,24,6158,0,-77,-2147483648,299026,4294967295,0,0
3115248242,3115.248242,154564,154532,154532,0,6,8,49166,0,49174,0,0,11,0,0,195,195,32,75064,1,0,367977,239578,0,138,283,1,3,60,828522,2164,75064,22,24,6159,0,-75,-2147483648,47737,4294967295,0,0
3115498244,3115.498244,154576,154544,154544,0,6,8,49166,0,49174,0,0,11,0,0,207,207,32,75064,1,0,367977,239595,0,244,283,1,3,60,828522,1167,75064,22,24,6159,0,-75,-2147483648,297739,4294967295,0,0
3115748245,3115.748245,154589,154557,154557,0,6,8,49166,0,49174,0,0,11,0,0,220,220,32,75064,1,0,367977,239616,0,139,283,1,3,60,828522,1672,75064,22,24,6160,0,-76,-2147483648,35619,4294967295,0,0
3115998245,3115.998245,154601,154569,154569,0,5,8,49166,0,49174,0,0,11,0,0,232,232,32,75064,1,0,367977,239634,0,244,283,1,3,60,828522,2167,75064,22,24,6160,0,-76,-2147483648,285619,4294967295,0,0
3116248245,3116.248245,154614,154582,154582,0,6,8,49166,0,49174,0,0,11,0,0,245,245,32,75064,1,0,367977,239654,0,244,283,1,3,60,828522,2164,75064,22,24,6161,0,-76,-2147483648,33511,4294967295,0,0
3116498246,3116.498246,154626,154594,154594,0,6,8,49166,0,49174,0,0,11,0,0,1,1,32,75064,1,0,367977,239672,0,244,283,1,3,60,828522,2167,75064,22,24,6161,0,-76,-2147483648,283512,4294967295,0,0
3116748248,3116.748248,154639,154607,154607,0,6,8,49166,0,49174,0,0,11,0,0,14,14,32,75064,1,0,367977,239693,0,138,283,0,3,61,828522,2160,75064,22,24,6162,0,-78,-2147483648,33474,4294967295,0,0
3116998250,3116.998250,154651,154619,154619,0,6,8,49166,0,49174,0,0,11,0,0,26,26,32,75064,1,0,367977,239711,0,138,283,1,3,60,828522,1167,75064,21,24,6162,0,-78,-2147483648,283476,4294967295,0,0
3117248252,3117.248252,154664,154632,154632,0,6,8,49166,0,49174,0,0,11,0,0,39,39,32,75064,1,0,367977,239731,0,244,283,1,3,60,828522,2164,75064,22,24,6163,0,-75,-2147483648,32607,4294967295,0,0
3117498253,3117.498253,154676,154644,154644,0,6,8,49166,0,49174,0,0,11,0,0,51,51,32,75064,1,0,367977,239749,0,244,283,1,3,60,828522,1167,75064,22,24,6163,0,-75,-2147483648,282608,4294967295,0,0
3117748264,3117.748264,154689,154657,154657,0,6,8,49166,0,49174,0,0,11,0,0,64,64,32,75064,1,0,367977,239770,0,138,283,1,3,2,828522,1683,75064,22,24,6164,0,-77,-2147483648,32513,4294967295,0,0
3117998352,3117.998352,154701,154669,154669,0,6,8,49166,0,49174,0,0,11,0,0,76,76,32,75064,1,0,367977,239788,0,138,283,1,3,60,828522,1167,75064,22,24,6164,0,-77,-2147483648,282601,4294967295,0,0
3118248353,3118.248353,154714,154682,154682,0,6,8,49166,0,49174,0,0,11,0,0,89,89,32,75064,1,0,367977,239808,0,244,283,1,3,60,828522,2164,75064,22,24,6165,0,-73,-2147483648,31727,4294967295,0,0
3118498355,3118.498355,154726,154694,154694,0,6,8,49166,0,49174,0,0,11,0,0,101,101,32,75064,1,0,367977,239826,0,244,283,1,3,60,828522,2167,75064,22,24,6165,0,-73,-2147483648,281729,4294967295,0,0
3118748355,3118.748355,154739,154707,154707,0,5,8,49166,0,49174,0,0,11,0,0,114,114,32,75064,1,0,367977,239847,0,139,283,1,3,60,828522,2160,75064,21,24,6166,0,-74,-2147483648,30460,4294967295,0,0
3118998357,3118.998357,154751,154719,154719,0,6,8,49166,0,49174,0,0,11,0,0,126,126,32,75064,1,0,367977,239865,0,138,283,1,3,60,828522,1167,75064,22,24,6166,0,-74,-2147483648,280462,4294967295,0,0
3119248359,3119.248359,154764,154732,154732,0,6,8,49166,0,49174,0,0,11,0,0,139,139,32,75064,1,0,367977,239885,0,244,283,1,3,60,828522,2164,75064,22,24,6167,0,-76,-2147483648,28529,4294967295,0,0
3119498359,3119.498359,154776,154744,154744,0,6,8,49166,0,49174,0,0,11,0,0,151,151,32,75064,1,0,367977,239903,0,244,283,1,3,60,828522,2167,75064,22,24,6167,0,-76,-2147483648,278529,4294967295,0,0
3119748359,3119.748359,154789,154757,154757,0,6,8,49166,0,49174,0,0,11,0,0,164,164,32,75064,1,0,367977,239924,0,138,283,1,3,60,828522,2164,75064,22,24,6168,0,-74,-2147483648,28043,4294967295,0,0
3119998359,3119.998359,154801,154769,154769,0,6,8,49166,0,49174,0,0,11,0,0,176,176,32,75064,1,0,367977,239942,0,138,283,1,3,60,828522,2167,75064,22,24,6168,0,-74,-2147483648,278043,4294967295,0,0
3120248360,3120.248360,154814,154782,154782,0,6,8,49166,0,49174,0,0,11,0,0,189,189,32,75064,1,0,367977,239962,0,245,283,1,3,60,828522,2164,75064,21,24,6169,0,-77,-2147483648,16941,4294967295,0,0
3120498362,3120.498362,154826,154794,154794,0,6,8,49166,0,49174,0,0,11,0,0,201,201,32,75064,1,0,367977,239980,0,244,283,1,3,60,828522,2167,75064,22,24,6169,0,-77,-2147483648,266943,4294967295,0,0
3120748362,3120.748362,154839,154807,154807,0,6,8,49166,0,49174,0,0,11,0,0,214,214,32,75064,1,0,367977,240001,0,138,283,1,3,60,828522,2673,75064,22,24,6170,0,-77,-2147483648,15085,4294967295,0,0
3120998363,3120.998363,154851,154819,154819,0,6,8,49166,0,49174,0,0,11,0,0,226,226,32,75064,1,0,367977,240019,0,138,283,1,3,60,828522,2167,75064,22,24,6170,0,-77,-2147483648,265086,4294967295,0,0
3121248363,3121.248363,154864,154832,154832,0,6,8,49166,0,49174,0,0,11,0,0,239,239,32,75064,1,0,367977,240039,0,244,283,1,3,60,828522,2164,75064,22,24,6171,0,-74,-2147483648,14917,4294967295,0,0
3121498363,3121.498363,154876,154844,154844,0,6,8,49166,0,49174,0,0,11,0,0,251,251,32,75064,1,0,367977,240057,0,280,283,1,3,60,828522,2167,75064,21,24,6171,0,-74,-2147483648,264917,4294967295,0,0
3121748364,3121.748364,154889,154857,154857,0,6,8,49166,0,49174,0,0,11,0,0,8,8,32,75064,1,0,367977,240078,0,138,283,1,3,60,828522,1164,75064,22,24,6172,0,-78,-2147483648,12823,4294967295,0,0
3121998366,3121.998366,154901,154869,154869,0,6,8,49166,0,49174,0,0,11,0,0,20,20,32,75064,1,0,367977,240096,0,137,283,1,3,60,828522,2167,75064,22,24,6172,0,-78,-2147483648,262825,4294967295,0,0
3122248366,3122.248366,154914,154882,154882,0,6,8,49166,0,49174,0,0,11,0,0,33,33,32,75064,1,0,367977,240116,0,244,283,1,3,60,828522,2164,75064,22,24,6173,0,-75,-2147483648,11768,4294967295,0,0
3122498366,3122.498366,154926,154894,154894,0,6,8,49166,0,49174,0,0,11,0,0,45,45,32,75064,1,0,367977,240134,0,244,283,1,3,60,828522,2167,75064,22,24,6173,0,-75,-2147483648,261768,4294967295,0,0
3122748368,3122.748368,154939,154907,154907,0,6,8,49166,0,49174,0,0,11,0,0,58,58,32,75064,1,0,367977,240155,0,138,283,1,3,60,828522,1164,75064,21,24,6174,0,-78,-2147483648,10679,4294967295,0,0
3122998369,3122.998369,154951,154919,154919,0,6,8,49166,0,49174,0,0,11,0,0,70,70,32,75064,1,0,367977,240173,0,137,283,1,3,60,828522,2167,75064,21,24,6174,0,-78,-2147483648,260680,4294967295,0,0
3123248371,3123.248371,154964,154932,154932,0,6,8,49166,0,49174,0,0,11,0,0,83,83,32,75064,1,0,367977,240193,0,244,283,1,3,60,828522,2164,75064,22,24,6175,0,-78,-2147483648,10670,4294967295,0,0
3123498372,3123.498372,154976,154944,154944,0,6,8,49166,0,49174,0,0,11,0,0,95,95,32,75064,1,0,367977,240211,0,245,283,1,3,60,828522,2167,75064,21,24,6175,0,-78,-2147483648,260671,4294967295,0,0
3123748374,3123.748374,154989,154957,154957,0,5,8,49166,0,49174,0,0,11,0,0,108,108,32,75064,1,0,367977,240232,0,137,283,1,3,60,828522,2674,75064,21,24,6176,0,-76,-2147483648,8702,4294967295,0,0
3123998375,3123.998375,155001,154969,154969,0,6,8,49166,0,49174,0,0,11,0,0,120,120,32,75064,1,0,367977,240250,0,138,283,1,3,60,828522,2167,75064,22,24,6176,0,-76,-2147483648,258703,4294967295,0,0
3124248377,3124.248377,155014,154982,154982,0,5,8,49166,0,49174,0,0,11,0,0,133,133,32,75064,1,0,367977,240270,0,245,283,1,3,60,828522,2164,75064,21,24,6177,0,-80,-2147483648,8247,4294967295,0,0
3124498379,3124.498379,155026,154994,154994,0,6,8,49166,0,49174,0,0,11,0,0,145,145,32,75064,1,0,367977,240288,0,244,283,1,3,60,828522,2167,75064,22,24,6177,0,-80,-2147483648,258249,4294967295,0,0
3124748381,3124.748381,155039,155007,155007,0,6,8,49166,0,49174,0,0,11,0,0,158,158,32,75064,1,0,367977,240308,0,138,283,1,3,60,828522,2164,75064,22,24,6177,0,-80,-2147483648,508251,4294967295,0,0
3124998382,3124.998382,155051,155019,155019,0,6,8,49166,0,49174,0,0,11,0,0,170,170,32,75064,1,0,367977,240327,0,137,283,1,3,60,828522,2167,75064,21,24,6178,0,-78,-2147483648,247241,4294967295,0,0
3125248382,3125.248382,155064,155032,155032,0,6,8,49166,0,49174,0,0,11,0,0,183,183,32,75064,1,0,367977,240346,0,245,283,1,3,60,828522,2164,75064,21,24,6178,0,-78,-2147483648,497241,4294967295,0,0
3125498383,3125.498383,155076,155044,155044,0,6,8,49166,0,49174,0,0,11,0,0,195,195,32,75064,1,0,367977,240365,0,244,283,1,3,60,828522,2167,75064,22,24,6179,0,-79,-2147483648,246152,4294967295,0,0
3125748385,3125.748385,155089,155057,155057,0,6,8,49166,0,49174,0,0,11,0,0,208,208,32,75064,1,0,367977,240385,0,138,283,1,3,60,828522,2164,75064,22,24,6179,0,-79,-2147483648,496154,4294967295,0,0
3125998387,3125.998387,155101,155069,155069,0,6,8,49166,0,49174,0,0,11,0,0,220,220,32,75064,1,0,367977,240404,0,138,283,1,3,60,828522,2167,75064,22,24,6180,0,-84,-2147483648,246143,4294967295,0,0
3126248388,3126.248388,155114,155082,155082,0,6,8,49166,0,49174,0,0,11,0,0,233,233,32,75064,1,0,367977,240423,0,245,283,1,3,60,828522,2164,75064,21,24,6180,0,-84,-2147483648,496144,4294967295,0,0
3126498390,3126.498390,155126,155094,155094,0,6,8,49166,0,49174,0,0,11,0,0,245,245,32,75064,1,0,367977,240442,0,244,283,1,3,60,828522,2167,75064,22,24,6181,0,-80,-2147483648,245179,4294967295,0,0
3126748391,3126.748391,155139,155107,155107,0,6,8,49166,0,49174,0,0,11,0,0,2,2,32,75064,1,0,367977,240462,0,138,283,1,3,60,828522,2674,75064,21,24,6181,0,-80,-2147483648,495180,4294967295,0,0
3126998392,3126.998392,155151,155119,155119,0,6,8,49166,0,49174,0,0,11,0,0,14,14,32,75064,1,0,367977,240481,0,138,283,1,3,61,828522,2167,75064,22,24,6182,0,-83,-2147483648,245166,4294967295,0,0
3127248393,3127.248393,155164,155132,155132,0,6,8,49166,0,49174,0,0,11,0,0,27,27,32,75064,1,0,367977,240500,0,244,283,1,3,60,828522,2164,75064,22,24,6182,0,-83,-2147483648,495167,4294967295,0,0
3127498394,3127.498394,155176,155144,155144,0,6,8,49166,0,49174,0,0,11,0,0,39,39,32,75064,1,0,367977,240519,0,279,283,1,3,60,828522,2167,75064,22,24,6183,0,-82,-2147483648,244264,4294967295,0,0
3127748394,3127.748394,155189,155157,155157,0,6,8,49166,0,49174,0,0,11,0,0,52,52,32,75064,1,0,367977,240539,0,138,283,0,3,61,828522,2165,75064,22,24,6183,0,-82,-2147483648,494264,4294967295,0,0
3127998395,3127.998395,155201,155169,155169,0,6,8,49166,0,49174,0,0,11,0,0,64,64,32,75064,1,0,367977,240558,0,138,283,1,3,60,828522,2167,75064,22,24,6184,0,-81,-2147483648,243053,4294967295,0,0
3128248395,3128.248395,155214,155182,155182,0,6,8,49166,0,49174,0,0,11,0,0,77,77,32,75064,1,0,367977,240577,0,244,283,1,3,60,828522,2164,75064,22,24,6184,0,-81,-2147483648,493053,4294967295,0,0
3128498396,3128.498396,155226,155194,155194,0,6,8,49166,0,49174,0,0,11,0,0,89,89,32,75064,1,0,367977,240596,0,244,283,1,3,60,828522,2167,75064,22,24,6185,0,-77,-2147483648,242090,4294967295,0,0
3128748398,3128.748398,155239,155207,155207,0,6,8,49166,0,49174,0,0,11,0,0,102,102,32,75064,1,0,367977,240616,0,138,283,1,3,60,828522,2164,75064,22,24,6185,0,-77,-2147483648,492092,4294967295,0,0
3128998399,3128.998399,155251,155219,155219,0,5,8,49166,0,49174,0,0,11,0,0,114,114,32,75064,1,0,367977,240635,0,138,283,1,3,60,828522,2168,75064,21,24,6186,0,-87,-2147483648,240918,4294967295,0,0
3129248399,3129.248399,155264,155232,155232,0,6,8,49166,0,49174,0,0,11,0,0,127,127,32,75064,1,0,367977,240654,0,244,283,0,3,61,828522,2165,75064,22,24,6186,0,-87,-2147483648,490918,4294967295,0,0
3129498399,3129.498399,155276,155244,155244,0,6,8,49166,0,49174,0,0,11,0,0,139,139,32,75064,1,0,367977,240673,0,244,283,1,3,60,828522,2167,75064,22,24,6187,0,-77,-2147483648,239778,4294967295,0,0
3129748401,3129.748401,155289,155257,155257,0,6,8,49166,0,49174,0,0,11,0,0,152,152,32,75064,1,0,367977,240693,0,138,283,0,3,61,828522,2165,75064,22,24,6187,0,-77,-2147483648,489780,4294967295,0,0
3129998401,3129.998401,155301,155269,155269,0,6,8,49166,0,49174,0,0,11,0,0,164,164,32,75064,1,0,367977,240712,0,138,283,1,3,60,828522,2167,75064,22,24,6188,0,-81,-2147483648,239763,4294967295,0,0
3130248403,3130.248403,155314,155282,155282,0,6,8,49166,0,49174,0,0,11,0,0,177,177,32,75064,1,0,367977,240731,0,244,283,1,3,60,828522,2164,75064,22,24,6188,0,-81,-2147483648,489765,4294967295,0,0
3130498404,3130.498404,155326,155294,155294,0,6,8,49166,0,49174,0,0,11,0,0,189,189,32,75064,1,0,367977,240750,0,244,283,1,3,60,828522,2167,75064,22,24,6189,0,-78,-2147483648,227636,4294967295,0,0
3130748404,3130.748404,155339,155307,155307,0,5,8,49166,0,49174,0,0,11,0,0,202,202,32,75064,1,0,367977,240770,0,138,283,1,3,60,828522,2164,75064,21,24,6189,0,-78,-2147483648,477636,4294967295,0,0
3130998405,3130.998405,155351,155319,155319,0,5,8,49166,0,49174,0,0,11,0,0,214,214,32,75064,1,0,367977,240789,0,138,283,1,3,60,828522,2167,75064,21,24,6190,0,-80,-2147483648,226517,4294967295,0,0
3131248405,3131.248405,155364,155332,155332,0,6,8,49166,0,49174,0,0,11,0,0,227,227,32,75064,1,0,367977,240808,0,244,283,1,3,60,828522,2164,75064,22,24,6190,0,-80,-2147483648,476517,4294967295,0,0
3131498405,3131.498405,155376,155344,155344,0,6,8,49166,0,49174,0,0,11,0,0,239,239,32,75064,1,0,367977,240827,0,244,283,1,3,61,828522,2167,75064,22,24,6191,0,-79,-2147483648,226502,4294967295,0,0
3131748406,3131.748406,155389,155357,155357,0,6,8,49166,0,49174,0,0,11,0,0,252,252,32,75064,1,0,367977,240847,0,138,283,1,3,60,828522,2164,75064,22,24,6191,0,-79,-2147483648,476503,4294967295,0,0
3131998407,3131.998407,155401,155369,155369,0,6,8,49166,0,49174,0,0,11,0,0,8,8,32,75064,1,0,367977,240866,0,138,283,1,3,60,828522,2167,75064,22,24,6192,0,-75,-2147483648,225413,4294967295,0,0
3132248408,3132.248408,155414,155382,155382,0,6,8,49166,0,49174,0,0,11,0,0,21,21,32,75064,1,0,367977,240885,0,280,283,1,3,60,828522,2164,75064,21,24,6192,0,-75,-2147483648,475414,4294967295,0,0
3132498410,3132.498410,155426,155394,155394,0,6,8,49166,0,49174,0,0,11,0,0,33,33,32,75064,1,0,367977,240904,0,244,283,1,3,60,828522,2167,75064,22,24,6193,0,-79,-2147483648,225403,4294967295,0,0
3132748410,3132.748410,155439,155407,155407,0,5,8,49166,0,49174,0,0,11,0,0,46,46,32,75064,1,0,367977,240924,0,138,283,1,3,60,828522,2160,75064,21,24,6193,0,-79,-2147483648,475403,4294967295,0,0
3132998410,3132.998410,155451,155419,155419,0,6,8,49166,0,49174,0,0,11,0,0,58,58,32,75064,1,0,367977,240943,0,138,283,1,3,60,828522,2167,75064,22,24,6194,0,-79,-2147483648,224367,4294967295,0,0
3133248410,3133.248410,155464,155432,155432,0,6,8,49166,0,49174,0,0,11,0,0,71,71,32,75064,1,0,367977,240962,0,244,283,1,3,60,828522,2164,75064,22,24,6194,0,-79,-2147483648,474367,4294967295,0,0
3133498411,3133.498411,155476,155444,155444,0,6,8,49166,0,49174,0,0,11,0,0,83,83,32,75064,1,0,367977,240981,0,244,283,1,3,60,828522,2167,75064,21,24,6195,0,-80,-2147483648,224301,4294967295,0,0
3133748413,3133.748413,155489,155457,155457,0,6,8,49166,0,49174,0,0,11,0,0,96,96,32,75064,1,0,367977,241001,0,138,283,1,3,60,828522,2164,75064,22,24,6195,0,-80,-2147483648,474303,4294967295,0,0
3133998413,3133.998413,155501,155469,155469,0,5,8,49166,0,49174,0,0,11,0,0,108,108,32,75064,1,0,367977,241020,0,138,283,1,3,60,828522,2167,75064,21,24,6196,0,-78,-2147483648,222449,4294967295,0,0
3134248413,3134.248413,155514,155482,155482,0,6,8,49166,0,49174,0,0,11,0,0,121,121,32,75064,1,0,367977,241039,0,244,283,1,3,60,828522,2164,75064,22,24,6196,0,-78,-2147483648,472449,4294967295,0,0
3134498414,3134.498414,155526,155494,155494,0,6,8,49166,0,49174,0,0,11,0,0,133,133,32,75064,1,0,367977,241058,0,244,283,1,3,60,828522,2167,75064,22,24,6197,0,-76,-2147483648,221119,4294967295,0,0
3134748415,3134.748415,155539,155507,155507,0,6,8,49166,0,49174,0,0,11,0,0,146,146,32,75064,1,0,367977,241078,0,138,283,1,3,60,828522,2164,75064,22,24,6197,0,-76,-2147483648,471120,4294967295,0,0
3134998415,3134.998415,155551,155519,155519,0,6,8,49166,0,49174,0,0,11,0,0,158,158,32,75064,1,0,367977,241097,0,138,283,1,3,60,828522,2167,75064,21,24,6198,0,-77,-2147483648,218714,4294967295,0,0
3135248417,3135.248417,155564,155532,155532,0,6,8,49166,0,49174,0,0,11,0,0,171,171,32,75064,1,0,367977,241116,0,244,283,1,3,61,828522,2164,75064,22,24,6198,0,-77,-2147483648,468716,4294967295,0,0
3135498417,3135.498417,155576,155544,155544,0,6,8,49166,0,49174,0,0,11,0,0,183,183,32,75064,1,0,367977,241135,0,244,283,1,3,2,828522,2167,75064,21,24,6199,0,-79,-2147483648,206737,4294967295,0,0
3135748418,3135.748418,155589,155557,155557,0,6,8,49166,0,49174,0,0,11,0,0,196,196,32,75064,1,0,367977,241155,0,138,283,1,3,60,828522,2161,75064,21,24,6199,0,-79,-2147483648,456738,4294967295,0,0
3135998418,3135.998418,155601,155569,155569,0,6,8,49166,0,49174,0,0,11,0,0,208,208,32,75064,1,0,367977,241174,0,138,283,1,3,2,828522,2167,75064,22,24,6200,0,-76,-2147483648,206707,4294967295,0,0
3136248420,3136.248420,155614,155582,155582,0,6,8,49166,0,49174,0,0,11,0,0,221,221,32,75064,1,0,367977,241193,0,244,283,1,3,2,828522,2164,75064,22,24,6200,0,-76,-2147483648,456709,4294967295,0,0
3136498422,3136.498422,155626,155594,155594,0,6,8,49166,0,49174,0,0,11,0,0,233,233,32,75064,1,0,367977,241212,0,244,283,1,3,60,828522,2167,75064,22,24,6201,0,-79,-2147483648,206660,4294967295,0,0
3136748422,3136.748422,155639,155607,155607,0,6,8,49166,0,49174,0,0,11,0,0,246,246,32,75064,1,0,367977,241232,0,138,283,1,3,60,828522,2164,75064,21,24,6201,0,-79,-2147483648,456660,4294967295,0,0
3136998422,3136.998422,155651,155619,155619,0,6,8,49166,0,49174,0,0,11,0,0,2,2,32,75064,1,0,367977,241251,0,138,283,1,3,2,828522,2167,75064,22,24,6202,0,-75,-2147483648,204471,4294967295,0,0
3137248422,3137.248422,155664,155632,155632,0,6,8,49166,0,49174,0,0,11,0,0,15,15,32,75064,1,0,367977,241270,0,244,283,1,3,60,828522,2164,75064,22,24,6202,0,-75,-2147483648,454471,4294967295,0,0
3137498423,3137.498423,155676,155644,155644,0,6,8,49166,0,49174,0,0,11,0,0,27,27,32,75064,1,0,367977,241289,0,244,283,1,3,60,828522,2167,75064,22,24,6203,0,-79,-2147483648,202371,4294967295,0,0
3137748424,3137.748424,155689,155657,155657,0,6,8,49166,0,49174,0,0,11,0,0,40,40,32,75064,1,0,367977,241309,0,138,283,1,3,60,828522,2164,75064,22,24,6203,0,-79,-2147483648,452372,4294967295,0,0
3137998426,3137.998426,155701,155669,155669,0,5,8,49166,0,49174,0,0,11,0,0,52,52,32,75064,1,0,367977,241328,0,138,283,0,3,60,828522,2167,75064,21,24,6204,0,-80,-2147483648,201420,4294967295,0,0
3138248428,3138.248428,155714,155682,155682,0,6,8,49166,0,49174,0,0,11,0,0,65,65,32,75064,1,0,367977,241347,0,244,283,1,3,60,828522,2164,75064,22,24,6204,0,-80,-2147483648,451422,4294967295,0,0
3138498428,3138.498428,155726,155694,155694,0,6,8,49166,0,49174,0,0,11,0,0,77,77,32,75064,1,0,367977,241366,0,244,283,1,3,61,828522,2167,75064,21,24,6205,0,-80,-2147483648,200167,4294967295,0,0
3138748429,3138.748429,155739,155707,155707,0,6,8,49166,0,49174,0,0,11,0,0,90,90,32,75064,1,0,367977,241386,0,138,283,1,3,61,828522,2160,75064,22,24,6205,0,-80,-2147483648,450168,4294967295,0,0
3138998430,3138.998430,155751,155719,155719,0,6,8,49166,0,49174,0,0,11,0,0,102,102,32,75064,1,0,367977,241405,0,138,283,1,3,60,828522,2167,75064,21,24,6206,0,-80,-2147483648,200165,4294967295,0,0
3139248432,3139.248432,155764,155732,155732,0,6,8,49166,0,49174,0,0,11,0,0,115,115,32,75064,1,0,367977,241424,0,244,283,1,3,1,828522,2164,75064,22,24,6206,0,-80,-2147483648,450167,4294967295,0,0
3139498434,3139.498434,155776,155744,155744,0,6,8,49166,0,49174,0,0,11,0,0,127,127,32,75064,1,0,367977,241443,0,244,283,1,3,60,828522,2167,75064,21,24,6207,0,-81,-2147483648,198357,4294967295,0,0
3139748436,3139.748436,155789,155757,155757,0,6,8,49166,0,49174,0,0,11,0,0,140,140,32,75064,1,0,367977,241463,0,138,283,1,3,2,828522,2160,75064,22,24,6207,0,-81,-2147483648,448359,4294967295,0,0
3139998438,3139.998438,155801,155769,155769,0,5,8,49166,0,49174,0,0,11,0,0,152,152,32,75064,1,0,367977,241482,0,138,283,1,3,61,828522,2167,75064,22,24,6208,0,-80,-2147483648,198029,4294967295,0,0
3140248438,3140.248438,155814,155782,155782,0,6,8,49166,0,49174,0,0,11,0,0,165,165,32,75064,1,0,367977,241501,0,244,283,1,3,1,828522,2165,75064,22,24,6208,0,-80,-2147483648,448029,4294967295,0,0
3140498439,3140.498439,155826,155794,155794,0,6,8,49166,0,49174,0,0,11,0,0,177,177,32,75064,1,0,367977,241520,0,244,283,1,3,60,828522,2167,75064,21,24,6209,0,-80,-2147483648,186829,4294967295,0,0
3140748440,3140.748440,155839,155807,155807,0,5,8,49166,0,49174,0,0,11,0,0,190,190,32,75064,1,0,367977,241540,0,138,283,1,3,2,828522,2164,75064,21,24,6209,0,-80,-2147483648,436830,4294967295,0,0
3140998441,3140.998441,155851,155819,155819,0,6,8,49166,0,49174,0,0,11,0,0,202,202,32,75064,1,0,367977,241559,0,138,283,1,3,60,828522,2167,75064,22,24,6210,0,-82,-2147483648,184694,4294967295,0,0
3141248441,3141.248441,155864,155832,155832,0,6,8,49166,0,49174,0,0,11,0,0,215,215,32,75064,1,0,367977,241578,0,245,283,0,3,61,828522,2164,75064,21,24,6210,0,-82,-2147483648,434694,4294967295,0,0
3141498442,3141.498442,155876,155844,155844,0,6,8,49166,0,49174,0,0,11,0,0,227,227,32,75064,1,0,367977,241597,0,244,283,1,3,60,828522,2167,75064,22,24,6211,0,-80,-2147483648,184681,4294967295,0,0
3141748442,3141.748442,155889,155857,155857,0,6,8,49166,0,49174,0,0,11,0,0,240,240,32,75064,1,0,367977,241617,0,138,283,1,3,2,828522,2164,75064,22,24,6211,0,-80,-2147483648,434681,4294967295,0,0
3141998443,3141.998443,155901,155869,155869,0,5,8,49166,0,49174,0,0,11,0,0,252,252,32,75064,1,0,367977,241636,0,138,283,1,3,60,828522,1167,75064,22,24,6212,0,-80,-2147483648,183783,4294967295,0,0
3142248445,3142.248445,155914,155882,155882,0,6,8,49166,0,49174,0,0,11,0,0,9,9,32,75064,1,0,367977,241655,0,244,283,1,3,60,828522,2164,75064,22,24,6212,0,-80,-2147483648,433785,4294967295,0,0
3142498445,3142.498445,155926,155894,155894,0,6,8,49166,0,49174,0,0,11,0,0,21,21,32,75064,1,0,367977,241674,0,244,283,1,3,60,828522,2167,75064,22,24,6213,0,-81,-2147483648,183679,4294967295,0,0
3142748446,3142.748446,155939,155907,155907,0,6,8,49166,0,49174,0,0,11,0,0,34,34,32,75064,1,0,367977,241694,0,138,283,1,3,60,828522,2164,75064,22,24,6213,0,-81,-2147483648,433680,4294967295,0,0
3142998448,3142.998448,155951,155919,155919,0,6,8,49166,0,49174,0,0,11,0,0,46,46,32,75064,1,0,367977,241713,0,138,283,1,3,60,828522,1167,75064,22,24,6214,0,-80,-2147483648,181582,4294967295,0,0
3143248450,3143.248450,155964,155932,155932,0,6,8,49166,0,49174,0,0,11,0,0,59,59,32,75064,1,0,367977,241732,0,244,283,1,3,60,828522,2164,75064,22,24,6214,0,-80,-2147483648,431584,4294967295,0,0
3143498450,3143.498450,155976,155944,155944,0,5,8,49166,0,49174,0,0,11,0,0,71,71,32,75064,1,0,367977,241751,0,245,283,1,3,60,828522,2168,75064,22,24,6215,0,-82,-2147483648,181492,4294967295,0,0
3143748452,3143.748452,155989,155957,155957,0,6,8,49166,0,49174,0,0,11,0,0,84,84,32,75064,1,0,367977,241771,0,138,283,0,3,61,828522,2164,75064,21,24,6215,0,-82,-2147483648,431494,4294967295,0,0
3143998452,3143.998452,156001,155969,155969,0,6,8,49166,0,49174,0,0,11,0,0,96,96,32,75064,1,0,367977,241790,0,138,283,0,3,61,828522,1167,75064,22,24,6216,0,-80,-2147483648,179513,4294967295,0,0
3144248453,3144.248453,156014,155982,155982,0,6,8,49166,0,49174,0,0,11,0,0,109,109,32,75064,1,0,367977,241809,0,244,283,1,3,60,828522,1164,75064,22,24,6216,0,-80,-2147483648,429514,4294967295,0,0
3144498455,3144.498455,156026,155994,155994,0,6,8,49166,0,49174,0,0,11,0,0,121,121,32,75064,1,0,367977,241828,0,244,283,1,3,60,828522,2167,75064,21,24,6217,0,-80,-2147483648,178561,4294967295,0,0
3144748455,3144.748455,156039,156007,156007,0,5,8,49166,0,49174,0,0,11,0,0,134,134,32,75064,1,0,367977,241848,0,138,283,1,3,60,828522,2164,75064,21,24,6217,0,-80,-2147483648,428561,4294967295,0,0
3144998456,3144.998456,156051,156019,156019,0,6,8,49166,0,49174,0,0,11,0,0,146,146,32,75064,1,0,367977,241867,0,138,283,1,3,60,828522,2167,75064,21,24,6218,0,-81,-2147483648,165969,4294967295,0,0
3145248456,3145.248456,156064,156032,156032,0,6,8,49166,0,49174,0,0,11,0,0,159,159,32,75064,1,0,367977,241886,0,244,283,1,3,60,828522,1164,75064,21,24,6218,0,-81,-2147483648,415969,4294967295,0,0
3145498457,3145.498457,156076,156044,156044,0,6,8,49166,0,49174,0,0,11,0,0,171,171,32,75064,1,0,367977,241905,0,137,283,1,3,60,828522,2167,75064,22,24,6219,0,-80,-2147483648,164877,4294967295,0,0
3145748459,3145.748459,156089,156057,156057,0,6,8,49166,0,49174,0,0,11,0,0,184,184,32,75064,1,0,367977,241925,0,138,283,0,3,60,828522,2164,75064,22,24,6219,0,-80,-2147483648,414879,4294967295,0,0
3145998459,3145.998459,156101,156069,156069,0,6,8,49166,0,49174,0,0,11,0,0,196,196,32,75064,1,0,367977,241944,0,138,283,1,3,60,828522,1167,75064,21,24,6220,0,-82,-2147483648,163982,4294967295,0,0
3146248461,3146.248461,156114,156082,156082,0,6,8,49166,0,49174,0,0,11,0,0,209,209,32,75064,1,0,367977,241963,0,244,283,1,3,60,828522,1164,75064,22,24,6220,0,-82,-2147483648,413984,4294967295,0,0
3146498463,3146.498463,156126,156094,156094,0,6,8,49166,0,49174,0,0,11,0,0,221,221,32,75064,1,0,367977,241982,0,138,283,1,3,60,828522,2167,75064,22,24,6221,0,-78,-2147483648,162743,4294967295,0,0
3146748465,3146.748465,156139,156107,156107,0,5,8,49166,0,49174,0,0,11,0,0,234,234,32,75064,1,0,367977,242001,0,245,283,1,3,60,828522,2164,75064,21,24,6221,0,-78,-2147483648,412745,4294967295,0,0
3146998466,3146.998466,156151,156119,156119,0,6,8,49166,0,49174,0,0,11,0,0,246,246,32,75064,1,0,367977,242021,0,138,283,1,3,60,828522,2167,75064,21,24,6222,0,-80,-2147483648,161694,4294967295,0,0
3147248467,3147.248467,156164,156132,156132,0,6,8,49166,0,49174,0,0,11,0,0,3,3,32,75064,1,0,367977,242040,0,280,283,1,3,60,828522,1164,75064,22,24,6222,0,-80,-2147483648,411695,4294967295,0,0
3147498467,3147.498467,156176,156144,156144,0,6,8,49166,0,49174,0,0,11,0,0,15,15,32,75064,1,0,367977,242058,0,244,283,1,3,60,828522,2168,75064,22,24,6223,0,-80,-2147483648,159257,4294967295,0,0
3147748467,3147.748467,156189,156157,156157,0,6,8,49166,0,49174,0,0,11,0,0,28,28,32,75064,1,0,367977,242079,0,138,283,0,3,61,828522,1164,75064,22,24,6223,0,-80,-2147483648,409257,4294967295,0,0
3147998469,3147.998469,156201,156169,156169,0,6,8,49166,0,49174,0,0,11,0,0,40,40,32,75064,1,0,367977,242098,0,138,283,1,3,60,828522,2167,75064,22,24,6224,0,-78,-2147483648,159269,4294967295,0,0
3148248469,3148.248469,156214,156182,156182,0,6,8,49166,0,49174,0,0,11,0,0,53,53,32,75064,1,0,367977,242117,0,245,283,1,3,60,828522,2164,75064,21,24,6224,0,-78,-2147483648,409269,4294967295,0,0
3148498470,3148.498470,156226,156194,156194,0,6,8,49166,0,49174,0,0,11,0,0,65,65,32,75064,1,0,367977,242136,0,244,283,1,3,60,828522,2167,75064,22,24,6225,0,-79,-2147483648,158772,4294967295,0,0
3148748472,3148.748472,156239,156207,156207,0,5,8,49166,0,49174,0,0,11,0,0,78,78,32,75064,1,0,367977,242156,0,138,283,1,3,60,828522,2164,75064,22,24,6225,0,-79,-2147483648,408774,4294967295,0,0
3148998472,3148.998472,156251,156219,156219,0,6,8,49166,0,49174,0,0,11,0,0,90,90,32,75064,1,0,367977,242175,0,138,283,1,3,60,828522,2167,75064,22,24,6226,0,-81,-2147483648,146286,4294967295,0,0
3149248473,3149.248473,156264,156232,156232,0,6,8,49166,0,49174,0,0,11,0,0,103,103,32,75064,1,0,367977,242194,0,244,283,0,3,61,828522,2164,75064,22,24,6226,0,-81,-2147483648,396287,4294967295,0,0
3149498474,3149.498474,156276,156244,156244,0,6,8,49166,0,49174,0,0,11,0,0,115,115,32,75064,1,0,367977,242213,0,245,283,1,3,60,828522,2167,75064,22,24,6227,0,-77,-2147483648,145105,4294967295,0,0
3149748474,3149.748474,156289,156257,156257,0,6,8,49166,0,49174,0,0,11,0,0,128,128,32,75064,1,0,367977,242233,0,138,283,1,3,60,828522,2165,75064,22,24,6227,0,-77,-2147483648,395105,4294967295,0,0
3149998475,3149.998475,156301,156269,156269,0,6,8,49166,0,49174,0,0,11,0,0,140,140,32,75064,1,0,367977,242252,0,138,283,1,3,60,828522,2167,75064,22,24,6228,0,-78,-2147483648,144202,4294967295,0,0
3150248476,3150.248476,156314,156282,156282,0,6,8,49166,0,49174,0,0,11,0,0,153,153,32,75064,1,0,367977,242271,0,244,283,1,3,60,828522,2164,75064,22,24,6228,0,-78,-2147483648,394203,4294967295,0,0
3150498478,3150.498478,156326,156294,156294,0,6,8,49166,0,49174,0,0,11,0,0,165,165,32,75064,1,0,367977,242290,0,244,283,1,3,61,828522,2167,75064,22,24,6229,0,-79,-2147483648,144009,4294967295,0,0
3150748479,3150.748479,156339,156307,156307,0,6,8,49166,0,49174,0,0,11,0,0,178,178,32,75064,1,0,367977,242310,0,138,283,1,3,60,828522,2164,75064,21,24,6229,0,-79,-2147483648,394010,4294967295,0,0
3150998481,3150.998481,156351,156319,156319,0,6,8,49166,0,49174,0,0,11,0,0,190,190,32,75064,1,0,367977,242329,0,138,283,1,3,60,828522,2167,75064,21,24,6230,0,-78,-2147483648,141915,4294967295,0,0
3151248483,3151.248483,156364,156332,156332,0,6,8,49166,0,49174,0,0,11,0,0,203,203,32,75064,1,0,367977,242348,0,244,283,1,3,60,828522,2164,75064,21,24,6230,0,-78,-2147483648,391917,4294967295,0,0
3151498485,3151.498485,156376,156344,156344,0,6,8,49166,0,49174,0,0,11,0,0,215,215,32,75064,1,0,367977,242367,0,244,283,1,3,60,828522,2167,75064,22,24,6231,0,-79,-2147483648,141875,4294967295,0,0
3151748486,3151.748486,156389,156357,156357,0,6,8,49166,0,49174,0,0,11,0,0,228,228,32,75064,1,0,367977,242387,0,138,283,1,3,60,828522,2165,75064,21,24,6231,0,-79,-2147483648,391876,4294967295,0,0
3151998488,3151.998488,156401,156369,156369,0,6,8,49166,0,49174,0,0,11,0,0,240,240,32,75064,1,0,367977,242406,0,138,283,1,3,60,828522,2167,75064,21,24,6232,0,-79,-2147483648,140753,4294967295,0,0
3152248490,3152.248490,156414,156382,156382,0,6,8,49166,0,49174,0,0,11,0,0,253,253,32,75064,1,0,367977,242425,0,244,283,1,3,60,828522,2164,75064,22,24,6232,0,-79,-2147483648,390755,4294967295,0,0
3152498490,3152.498490,156426,156394,156394,0,6,8,49166,0,49174,0,0,11,0,0,9,9,32,75064,1,0,367977,242444,0,244,283,1,3,60,828522,2167,75064,21,24,6233,0,-77,-2147483648,139464,4294967295,0,0
3152748491,3152.748491,156439,156407,156407,0,6,8,49166,0,49174,0,0,11,0,0,22,22,32,75064,1,0,367977,242464,0,138,283,1,3,60,828522,2164,75064,22,24,6233,0,-77,-2147483648,389465,4294967295,0,0
3152998492,3152.998492,156451,156419,156419,0,5,8,49166,0,49174,0,0,11,0,0,34,34,32,75064,1,0,367977,242483,0,138,283,1,3,60,828522,2167,75064,22,24,6234,0,-79,-2147483648,138932,4294967295,0,0
3153248494,3153.248494,156464,156432,156432,0,6,8,49166,0,49174,0,0,11,0,0,47,47,32,75064,1,0,367977,242502,0,245,283,1,3,60,828522,2164,75064,21,24,6234,0,-79,-2147483648,388934,4294967295,0,0
3153498496,3153.498496,156476,156444,156444,0,6,8,49166,0,49174,0,0,11,0,0,59,59,32,75064,1,0,367977,242521,0,244,283,1,3,60,828522,2167,75064,22,24,6235,0,-76,-2147483648,138932,4294967295,0,0
3153748498,3153.748498,156489,156457,156457,0,5,8,49166,0,49174,0,0,11,0,0,72,72,32,75064,1,0,367977,242541,0,138,283,1,3,60,828522,2164,75064,21,24,6235,0,-76,-2147483648,388934,4294967295,0,0
3153998498,3153.998498,156501,156469,156469,0,6,8,49166,0,49174,0,0,11,0,0,84,84,32,75064,1,0,367977,242559,0,245,283,1,3,60,828522,2168,75064,21,24,6236,0,-78,-2147483648,127498,4294967295,0,0
3154248498,3154.248498,156514,156482,156482,0,6,8,49166,0,49174,0,0,11,0,0,97,97,32,75064,1,0,367977,242579,0,280,283,1,3,60,828522,2164,75064,21,24,6236,0,-78,-2147483648,377498,4294967295,0,0
3154498499,3154.498499,156526,156494,156494,0,6,8,49166,0,49174,0,0,11,0,0,109,109,32,75064,1,0,367977,242598,0,245,283,1,3,60,828522,2168,75064,21,24,6237,0,-80,-2147483648,126409,4294967295,0,0
3154748499,3154.748499,156539,156507,156507,0,6,8,49166,0,49174,0,0,11,0,0,122,122,32,75064,1,0,367977,242618,0,138,283,1,3,60,828522,2164,75064,22,24,6237,0,-80,-2147483648,376409,4294967295,0,0
3154998500,3154.998500,156551,156519,156519,0,6,8,49166,0,49174,0,0,11,0,0,134,134,32,75064,1,0,367977,242637,0,138,283,1,3,60,828522,2167,75064,22,24,6238,0,-77,-2147483648,126366,4294967295,0,0
3155248501,3155.248501,156564,156532,156532,0,6,8,49166,0,49174,0,0,11,0,0,147,147,32,75064,1,0,367977,242656,0,245,283,1,3,60,828522,2164,75064,21,24,6238,0,-77,-2147483648,376367,4294967295,0,0
3155498503,3155.498503,156576,156544,156544,0,6,8,49166,0,49174,0,0,11,0,0,159,159,32,75064,1,0,367977,242675,0,244,283,1,3,61,828522,2167,75064,22,24,6239,0,-79,-2147483648,125276,4294967295,0,0
3155748505,3155.748505,156589,156557,156557,0,6,8,49166,0,49174,0,0,11,0,0,172,172,32,75064,1,0,367977,242695,0,138,283,0,3,61,828522,2165,75064,22,24,6239,0,-79,-2147483648,375278,4294967295,0,0
3155998507,3155.998507,156601,156569,156569,0,6,8,49166,0,49174,0,0,11,0,0,184,184,32,75064,1,0,367977,242714,0,138,283,0,3,61,828522,2169,75064,22,24,6240,0,-76,-2147483648,125268,4294967295,0,0
3156248508,3156.248508,156614,156582,156582,0,6,8,49166,0,49174,0,0,11,0,0,197,197,32,75064,1,0,367977,242733,0,244,283,1,3,60,828522,2164,75064,22,24,6240,0,-76,-2147483648,375269,4294967295,0,0
3156498510,3156.498510,156626,156594,156594,0,6,8,49166,0,49174,0,0,11,0,0,209,209,32,75064,1,0,367977,242752,0,279,283,1,3,60,828522,2167,75064,22,24,6241,0,-78,-2147483648,124274,4294967295,0,0
3156748510,3156.748510,156639,156607,156607,0,6,8,49166,0,49174,0,0,11,0,0,222,222,32,75064,1,0,367977,242772,0,138,283,1,3,60,828522,2164,75064,21,24,6241,0,-78,-2147483648,374274,4294967295,0,0
3156998511,3156.998511,156651,156619,156619,0,6,8,49166,0,49174,0,0,11,0,0,234,234,32,75064,1,0,367977,242791,0,138,283,1,3,60,828522,2167,75064,22,24,6242,0,-79,-2147483648,123188,4294967295,0,0
3157248511,3157.248511,156664,156632,156632,0,6,8,49166,0,49174,0,0,11,0,0,247,247,32,75064,1,0,367977,242810,0,244,283,1,3,60,828522,2164,75064,21,24,6242,0,-79,-2147483648,373188,4294967295,0,0
3157498513,3157.498513,156676,156644,156644,0,6,8,49166,0,49174,0,0,11,0,0,3,3,32,75064,1,0,367977,242829,0,244,283,1,3,60,828522,2168,75064,21,24,6243,0,-76,-2147483648,120980,4294967295,0,0
3157748515,3157.748515,156689,156657,156657,0,6,8,49166,0,49174,0,0,11,0,0,16,16,32,75064,1,0,367977,242849,0,138,283,1,3,60,828522,2164,75064,21,24,6243,0,-76,-2147483648,370982,4294967295,0,0
3157998515,3157.998515,156701,156669,156669,0,6,8,49166,0,49174,0,0,11,0,0,28,28,32,75064,1,0,367977,242867,0,244,283,1,3,1,828522,2167,75064,22,24,6244,0,-77,-2147483648,120720,4294967295,0,0
3158248515,3158.248515,156714,156682,156682,0,6,8,49166,0,49174,0,0,11,0,0,41,41,32,75064,1,0,367977,242887,0,245,283,1,3,60,828522,2164,75064,21,24,6244,0,-77,-2147483648,370720,4294967295,0,0
3158498516,3158.498516,156726,156694,156694,0,6,8,49166,0,49174,0,0,11,0,0,53,53,32,75064,1,0,367977,242906,0,245,283,1,3,60,828522,2167,75064,21,24,6245,0,-78,-2147483648,120187,4294967295,0,0
3158748518,3158.748518,156739,156707,156707,0,6,8,49166,0,49174,0,0,11,0,0,66,66,32,75064,1,0,367977,242926,0,138,283,1,3,60,828522,2164,75064,21,24,6245,0,-78,-2147483648,370189,4294967295,0,0
3158998519,3158.998519,156751,156719,156719,0,6,8,49166,0,49174,0,0,11,0,0,78,78,32,75064,1,0,367977,242945,0,138,283,1,3,60,828522,2167,75064,21,24,6246,0,-76,-2147483648,119144,4294967295,0,0
3159248521,3159.248521,156764,156732,156732,0,6,8,49166,0,49174,0,0,11,0,0,91,91,32,75064,1,0,367977,242964,0,245,283,1,3,60,828522,2164,75064,21,24,6246,0,-76,-2147483648,369146,4294967295,0,0
3159498522,3159.498522,156776,156744,156744,0,6,8,49166,0,49174,0,0,11,0,0,103,103,32,75064,1,0,367977,242983,0,244,283,1,3,60,828522,2167,75064,22,24,6247,0,-78,-2147483648,106549,4294967295,0,0
3159748522,3159.748522,156789,156757,156757,0,5,8,49166,0,49174,0,0,11,0,0,116,116,32,75064,1,0,367977,243003,0,138,283,1,3,60,828522,2164,75064,21,24,6247,0,-78,-2147483648,356549,4294967295,0,0
3159998524,3159.998524,156801,156769,156769,0,6,8,49166,0,49174,0,0,11,0,0,128,128,32,75064,1,0,367977,243022,0,138,283,1,3,60,828522,2167,75064,22,24,6248,0,-77,-2147483648,106080,4294967295,0,0
3160248525,3160.248525,156814,156782,156782,0,6,8,49166,0,49174,0,0,11,0,0,141,141,32,75064,1,0,367977,243041,0,244,283,1,3,60,828522,2164,75064,22,24,6248,0,-77,-2147483648,356081,4294967295,0,0
3160498527,3160.498527,156826,156794,156794,0,6,8,49166,0,49174,0,0,11,0,0,153,153,32,75064,1,0,367977,243060,0,244,283,1,3,2,828522,2167,75064,22,24,6249,0,-80,-2147483648,105418,4294967295,0,0
3160748528,3160.748528,156839,156807,156807,0,6,8,49166,0,49174,0,0,11,0,0,166,166,32,75064,1,0,367977,243080,0,137,283,1,3,60,828522,2164,75064,22,24,6249,0,-80,-2147483648,355419,4294967295,0,0
3160998530,3160.998530,156851,156819,156819,0,6,8,49166,0,49174,0,0,11,0,0,178,178,32,75064,1,0,367977,243099,0,138,283,1,3,60,828522,1167,75064,22,24,6250,0,-78,-2147483648,104487,4294967295,0,0
3161248532,3161.248532,156864,156832,156832,0,6,8,49166,0,49174,0,0,11,0,0,191,191,32,75064,1,0,367977,243118,0,244,283,1,3,60,828522,2164,75064,22,24,6250,0,-78,-2147483648,354489,4294967295,0,0
3161498532,3161.498532,156876,156844,156844,0,6,8,49166,0,49174,0,0,11,0,0,203,203,32,75064,1,0,367977,243137,0,244,283,1,3,60,828522,2167,75064,21,24,6251,0,-78,-2147483648,103307,4294967295,0,0
3161748534,3161.748534,156889,156857,156857,0,6,8,49166,0,49174,0,0,11,0,0,216,216,32,75064,1,0,367977,243157,0,138,283,1,3,60,828522,2164,75064,22,24,6251,0,-78,-2147483648,353309,4294967295,0,0
3161998536,3161.998536,156901,156869,156869,0,6,8,49166,0,49174,0,0,11,0,0,228,228,32,75064,1,0,367977,243175,0,244,283,1,3,60,828522,2167,75064,21,24,6252,0,-79,-2147483648,102345,4294967295,0,0
3162248536,3162.248536,156914,156882,156882,0,6,8,49166,0,49174,0,0,11,0,0,241,241,32,75064,1,0,367977,243195,0,244,283,0,3,61,828522,2164,75064,22,24,6252,0,-79,-2147483648,352345,4294967295,0,0
3162498536,3162.498536,156926,156894,156894,0,6,8,49166,0,49174,0,0,11,0,0,253,253,32,75064,1,0,367977,243214,0,245,283,1,3,60,828522,2167,75064,21,24,6253,0,-78,-2147483648,101577,4294967295,0,0
3162748538,3162.748538,156939,156907,156907,0,6,8,49166,0,49174,0,0,11,0,0,10,10,32,75064,1,0,367977,243234,0,140,283,1,3,60,828522,2164,75064,22,24,6253,0,-78,-2147483648,351579,4294967295,0,0
3162998539,3162.998539,156951,156919,156919,0,5,8,49166,0,49174,0,0,11,0,0,22,22,32,75064,1,0,367977,243253,0,138,283,1,3,60,828522,1167,75064,22,24,6254,0,-81,-2147483648,100978,4294967295,0,0
3163248540,3163.248540,156964,156932,156932,0,6,8,49166,0,49174,0,0,11,0,0,35,35,32,75064,1,0,367977,243272,0,244,283,1,3,60,828522,2164,75064,22,24,6254,0,-81,-2147483648,350979,4294967295,0,0
3163498540,3163.498540,156976,156944,156944,0,6,8,49166,0,49174,0,0,11,0,0,47,47,32,75064,1,0,367977,243291,0,244,283,1,3,60,828522,2167,75064,22,24,6255,0,-79,-2147483648,99905,4294967295,0,0
3163748541,3163.748541,156989,156957,156957,0,6,8,49166,0,49174,0,0,11,0,0,60,60,32,75064,1,0,367977,243311,0,137,283,0,3,61,828522,2165,75064,22,24,6255,0,-79,-2147483648,349906,4294967295,0,0
3163998541,3163.998541,157001,156969,156969,0,6,8,49166,0,49174,0,0,11,0,0,72,72,32,75064,1,0,367977,243330,0,138,283,1,3,60,828522,2167,75064,21,24,6256,0,-83,-2147483648,87065,4294967295,0,0
3164248542,3164.248542,157014,156982,156982,0,6,8,49166,0,49174,0,0,11,0,0,85,85,32,75064,1,0,367977,243349,0,138,283,1,3,60,828522,2164,75064,22,24,6256,0,-83,-2147483648,337066,4294967295,0,0
3164498544,3164.498544,157026,156994,156994,0,6,8,49166,0,49174,0,0,11,0,0,97,97,32,75064,1,0,367977,243368,0,244,283,1,3,60,828522,2167,75064,22,24,6257,0,-79,-2147483648,85634,4294967295,0,0
3164748546,3164.748546,157039,157007,157007,0,6,8,49166,0,49174,0,0,11,0,0,110,110,32,75064,1,0,367977,243388,0,138,283,1,3,61,828522,2164,75064,22,24,6257,0,-79,-2147483648,335636,4294967295,0,0
3164998547,3164.998547,157051,157019,157019,0,6,8,49166,0,49174,0,0,11,0,0,122,122,32,75064,1,0,367977,243407,0,138,283,1,3,60,828522,1167,75064,22,24,6258,0,-79,-2147483648,84591,4294967295,0,0
3165248547,3165.248547,157064,157032,157032,0,6,8,49166,0,49174,0,0,11,0,0,135,135,32,75064,1,0,367977,243425,0,244,283,1,3,60,828522,2164,75064,21,24,6258,0,-79,-2147483648,334591,4294967295,0,0
3165498548,3165.498548,157076,157044,157044,0,6,8,49166,0,49174,0,0,11,0,0,147,147,32,75064,1,0,367977,243445,0,244,283,1,3,61,828522,2167,75064,22,24,6259,0,-81,-2147483648,83502,4294967295,0,0
3165748548,3165.748548,157089,157057,157057,0,6,8,49166,0,49174,0,0,11,0,0,160,160,32,75064,1,0,367977,243465,0,137,283,1,3,60,828522,2164,75064,22,24,6259,0,-81,-2147483648,333502,4294967295,0,0
3165998549,3165.998549,157101,157069,157069,0,5,8,49166,0,49174,0,0,11,0,0,172,172,32,75064,1,0,367977,243483,0,245,283,1,3,60,828522,2167,75064,21,24,6260,0,-80,-2147483648,83458,4294967295,0,0
3166248549,3166.248549,157114,157082,157082,0,6,8,49166,0,49174,0,0,11,0,0,185,185,32,75064,1,0,367977,243503,0,244,283,1,3,60,828522,2164,75064,22,24,6260,0,-80,-2147483648,333458,4294967295,0,0
3166498551,3166.498551,157126,157094,157094,0,6,8,49166,0,49174,0,0,11,0,0,197,197,32,75064,1,0,367977,243522,0,245,283,1,3,60,828522,2168,75064,21,24,6261,0,-83,-2147483648,81318,4294967295,0,0
3166748553,3166.748553,157139,157107,157107,0,6,8,49166,0,49174,0,0,11,0,0,210,210,32,75064,1,0,367977,243542,0,138,283,1,3,2,828522,2164,75064,22,24,6261,0,-83,-2147483648,331320,4294967295,0,0
3166998554,3166.998554,157151,157119,157119,0,6,8,49166,0,49174,0,0,11,0,0,222,222,32,75064,1,0,367977,243561,0,138,283,1,3,60,828522,2167,75064,22,24,6262,0,-84,-2147483648,81319,4294967295,0,0
3167248556,3167.248556,157164,157132,157132,0,6,8,49166,0,49174,0,0,11,0,0,235,235,32,75064,1,0,367977,243580,0,244,283,1,3,60,828522,2164,75064,22,24,6262,0,-84,-2147483648,331321,4294967295,0,0
3167498556,3167.498556,157176,157144,157144,0,6,8,49166,0,49174,0,0,11,0,0,247,247,32,75064,1,0,367977,243599,0,244,283,1,3,60,828522,2167,75064,22,24,6263,0,-76,-2147483648,79682,4294967295,0,0
3167748556,3167.748556,157189,157157,157157,0,6,8,49166,0,49174,0,0,11,0,0,4,4,32,75064,1,0,367977,243619,0,138,283,1,3,60,828522,1164,75064,22,24,6263,0,-76,-2147483648,329682,4294967295,0,0
3167998558,3167.998558,157201,157169,157169,0,6,8,49166,0,49174,0,0,11,0,0,16,16,32,75064,1,0,367977,243638,0,138,283,0,3,60,828522,2167,75064,22,24,6264,0,-79,-2147483648,78627,4294967295,0,0
3168248560,3168.248560,157214,157182,157182,0,6,8,49166,0,49174,0,0,11,0,0,29,29,32,75064,1,0,367977,243657,0,138,283,1,3,60,828522,2164,75064,21,24,6264,0,-79,-2147483648,328629,4294967295,0,0
3168498561,3168.498561,157226,157194,157194,0,6,8,49166,0,49174,0,0,11,0,0,41,41,32,75064,1,0,367977,243676,0,244,283,1,3,60,828522,2168,75064,22,24,6265,0,-79,-2147483648,67950,4294967295,0,0
3168748562,3168.748562,157239,157207,157207,0,6,8,49166,0,49174,0,0,11,0,0,54,54,32,75064,1,0,367977,243696,0,138,283,1,3,60,828522,2164,75064,22,24,6265,0,-79,-2147483648,317951,4294967295,0,0
3168998562,3168.998562,157251,157219,157219,0,6,8,49166,0,49174,0,0,11,0,0,66,66,32,75064,1,0,367977,243715,0,138,283,1,3,60,828522,2167,75064,22,24,6266,0,-78,-2147483648,66589,4294967295,0,0
3169248564,3169.248564,157264,157232,157232,0,6,8,49166,0,49174,0,0,11,0,0,79,79,32,75064,1,0,367977,243734,0,138,283,1,3,60,828522,2164,75064,22,24,6266,0,-78,-2147483648,316591,4294967295,0,0
3169498566,3169.498566,157276,157244,157244,0,6,8,49166,0,49174,0,0,11,0,0,91,91,32,75064,1,0,367977,243753,0,244,283,0,3,60,828522,2167,75064,22,24,6267,0,-79,-2147483648,65232,4294967295,0,0
3169748567,3169.748567,157289,157257,157257,0,6,8,49166,0,49174,0,0,11,0,0,104,104,32,75064,1,0,367977,243773,0,138,283,1,3,60,828522,2164,75064,22,24,6267,0,-79,-2147483648,315233,4294967295,0,0
3169998569,3169.998569,157301,157269,157269,0,5,8,49166,0,49174,0,0,11,0,0,116,116,32,75064,1,0,367977,243792,0,138,283,1,3,60,828522,2167,75064,22,24,6268,0,-77,-2147483648,65205,4294967295,0,0
3170248569,3170.248569,157314,157282,157282,0,6,8,49166,0,49174,0,0,11,0,0,129,129,32,75064,1,0,367977,243811,0,244,283,1,3,60,828522,2164,75064,21,24,6268,0,-77,-2147483648,315205,4294967295,0,0
3170498571,3170.498571,157326,157294,157294,0,6,8,49166,0,49174,0,0,11,0,0,141,141,32,75064,1,0,367977,243830,0,244,283,1,3,60,828522,2167,75064,22,24,6269,0,-82,-2147483648,65107,4294967295,0,0
3170748572,3170.748572,157339,157307,157307,0,6,8,49166,0,49174,0,0,11,0,0,154,154,32,75064,1,0,367977,243850,0,138,283,0,3,61,828522,2164,75064,22,24,6269,0,-82,-2147483648,315108,4294967295,0,0
3170998572,3170.998572,157351,157319,157319,0,5,8,49166,0,49174,0,0,11,0,0,166,166,32,75064,1,0,367977,243869,0,138,283,1,3,60,828522,2167,75064,22,24,6270,0,-79,-2147483648,63899,4294967295,0,0
3171248574,3171.248574,157364,157332,157332,0,6,8,49166,0,49174,0,0,11,0,0,179,179,32,75064,1,0,367977,243888,0,244,283,1,3,60,828522,2164,75064,22,24,6270,0,-79,-2147483648,313901,4294967295,0,0
3171498575,3171.498575,157376,157344,157344,0,6,8,49166,0,49174,0,0,11,0,0,191,191,32,75064,1,0,367977,243907,0,280,283,1,3,60,828522,2167,75064,22,24,6271,0,-80,-2147483648,63336,4294967295,0,0
3171748577,3171.748577,157389,157357,157357,0,6,8,49166,0,49174,0,0,11,0,0,204,204,32,75064,1,0,367977,243927,0,139,283,1,3,60,828522,2164,75064,22,24,6271,0,-80,-2147483648,313338,4294967295,0,0
3171998579,3171.998579,157401,157369,157369,0,5,8,49166,0,49174,0,0,11,0,0,216,216,32,75064,1,0,367977,243946,0,138,283,1,3,60,828522,2167,75064,21,24,6272,0,-79,-2147483648,63228,4294967295,0,0
3172248581,3172.248581,157414,157382,157382,0,6,8,49166,0,49174,0,0,11,0,0,229,229,32,75064,1,0,367977,243965,0,244,283,1,3,60,828522,2164,75064,21,24,6272,0,-79,-2147483648,313230,4294967295,0,0
3172498582,3172.498582,157426,157394,157394,0,6,8,49166,0,49174,0,0,11,0,0,241,241,32,75064,1,0,367977,243984,0,244,283,1,3,60,828522,2167,75064,22,24,6273,0,-78,-2147483648,61567,4294967295,0,0
3172748584,3172.748584,157439,157407,157407,0,6,8,49166,0,49174,0,0,11,0,0,254,254,32,75064,1,0,367977,244004,0,138,283,1,3,60,828522,2164,75064,22,24,6273,0,-78,-2147483648,311569,4294967295,0,0
3172998584,3172.998584,157451,157419,157419,0,6,8,49166,0,49174,0,0,11,0,0,10,10,32,75064,1,0,367977,244023,0,138,283,1,3,60,828522,2167,75064,22,24,6274,0,-80,-2147483648,60758,4294967295,0,0
3173248584,3173.248584,157464,157432,157432,0,6,8,49166,0,49174,0,0,11,0,0,23,23,32,75064,1,0,367977,244042,0,138,283,1,3,60,828522,2164,75064,22,24,6274,0,-80,-2147483648,310758,4294967295,0,0
3173498586,3173.498586,157476,157444,157444,0,6,8,49166,0,49174,0,0,11,0,0,35,35,32,75064,1,0,367977,244061,0,244,283,1,3,60,828522,2167,75064,22,24,6275,0,-78,-2147483648,58857,4294967295,0,0
3173748587,3173.748587,157489,157457,157457,0,6,8,49166,0,49174,0,0,11,0,0,48,48,32,75064,1,0,367977,244081,0,138,283,1,3,60,828522,2164,75064,21,24,6275,0,-78,-2147483648,308858,4294967295,0,0
3173998589,3173.998589,157501,157469,157469,0,6,8,49166,0,49174,0,0,11,0,0,60,60,32,75064,1,0,367977,244100,0,138,283,1,3,60,828522,2167,75064,22,24,6276,0,-80,-2147483648,58713,4294967295,0,0
3174248590,3174.248590,157514,157482,157482,0,6,8,49166,0,49174,0,0,11,0,0,73,73,32,75064,1,0,367977,244119,0,244,283,1,3,60,828522,2164,75064,22,24,6276,0,-80,-2147483648,308714,4294967295,0,0
3174498591,3174.498591,157526,157494,157494,0,6,8,49166,0,49174,0,0,11,0,0,85,85,32,75064,1,0,367977,244138,0,244,283,1,3,60,828522,1167,75064,22,24,6277,0,-77,-2147483648,46406,4294967295,0,0
3174748593,3174.748593,157539,157507,157507,0,6,8,49166,0,49174,0,0,11,0,0,98,98,32,75064,1,0,367977,244158,0,138,283,1,3,60,828522,2164,75064,21,24,6277,0,-77,-2147483648,296408,4294967295,0,0
3174998593,3174.998593,157551,157519,157519,0,6,8,49166,0,49174,0,0,11,0,0,110,110,32,75064,1,0,367977,244177,0,138,283,1,3,60,828522,1167,75064,22,24,6278,0,-80,-2147483648,44985,4294967295,0,0
3175248593,3175.248593,157564,157532,157532,0,6,8,49166,0,49174,0,0,11,0,0,123,123,32,75064,1,0,367977,244196,0,244,283,1,3,60,828522,2164,75064,22,24,6278,0,-80,-2147483648,294985,4294967295,0,0
3175498593,3175.498593,157576,157544,157544,0,6,8,49166,0,49174,0,0,11,0,0,135,135,32,75064,1,0,367977,244215,0,244,283,1,3,60,828522,2167,75064,21,24,6279,0,-82,-2147483648,42890,4294967295,0,0
3175748595,3175.748595,157589,157557,157557,0,6,8,49166,0,49174,0,0,11,0,0,148,148,32,75064,1,0,367977,244235,0,138,283,1,3,60,828522,2164,75064,22,24,6279,0,-82,-2147483648,292892,4294967295,0,0
3175998595,3175.998595,157601,157569,157569,0,5,8,49166,0,49174,0,0,11,0,0,160,160,32,75064,1,0,367977,244253,0,244,283,1,3,60,828522,2167,75064,22,24,6280,0,-81,-2147483648,42878,4294967295,0,0
3176248595,3176.248595,157614,157582,157582,0,6,8,49166,0,49174,0,0,11,0,0,173,173,32,75064,1,0,367977,244273,0,138,283,1,3,60,828522,2164,75064,21,24,6280,0,-81,-2147483648,292878,4294967295,0,0
3176498596,3176.498596,157626,157594,157594,0,6,8,49166,0,49174,0,0,11,0,0,185,185,32,75064,1,0,367977,244291,0,244,283,1,3,60,828522,1167,75064,22,24,6281,0,-77,-2147483648,42657,4294967295,0,0
3176748596,3176.748596,157639,157607,157607,0,6,8,49166,0,49174,0,0,11,0,0,198,198,32,75064,1,0,367977,244312,0,138,283,0,3,61,828522,2165,75064,21,24,6281,0,-77,-2147483648,292657,4294967295,0,0
3176998597,3176.998597,157651,157619,157619,0,6,8,49166,0,49174,0,0,11,0,0,210,210,32,75064,1,0,367977,244331,0,138,283,1,3,60,828522,2167,75064,21,24,6282,0,-81,-2147483648,42148,4294967295,0,0
3177248599,3177.248599,157664,157632,157632,0,6,8,49166,0,49174,0,0,11,0,0,223,223,32,75064,1,0,367977,244350,0,244,283,1,3,60,828522,2164,75064,22,24,6282,0,-81,-2147483648,292150,4294967295,0,0
3177498601,3177.498601,157676,157644,157644,0,6,8,49166,0,49174,0,0,11,0,0,235,235,32,75064,1,0,367977,244369,0,244,283,1,3,60,828522,2167,75064,21,24,6283,0,-83,-2147483648,40941,4294967295,0,0
3177748602,3177.748602,157689,157657,157657,0,6,8,49166,0,49174,0,0,11,0,0,248,248,32,75064,1,0,367977,244389,0,138,283,1,3,60,828522,2164,75064,21,24,6283,0,-83,-2147483648,290942,4294967295,0,0
3177998602,3177.998602,157701,157669,157669,0,6,8,49166,0,49174,0,0,11,0,0,4,4,32,75064,1,0,367977,244408,0,138,283,1,3,60,828522,2167,75064,21,24,6284,0,-79,-2147483648,40472,4294967295,0,0
3178248603,3178.248603,157714,157682,157682,0,6,8,49166,0,49174,0,0,11,0,0,17,17,32,75064,1,0,367977,244427,0,244,283,1,3,60,828522,2164,75064,22,24,6284,0,-79,-2147483648,290473,4294967295,0,0
3178498605,3178.498605,157726,157694,157694,0,6,8,49166,0,49174,0,0,11,0,0,29,29,32,75064,1,0,367977,244446,0,279,283,1,3,60,828522,2167,75064,22,24,6285,0,-85,-2147483648,40275,4294967295,0,0
3178748605,3178.748605,157739,157707,157707,0,6,8,49166,0,49174,0,0,11,0,0,42,42,32,75064,1,0,367977,244466,0,138,283,1,3,60,828522,1164,75064,22,24,6285,0,-85,-2147483648,290275,4294967295,0,0
3178998607,3178.998607,157751,157719,157719,0,6,8,49166,0,49174,0,0,11,0,0,54,54,32,75064,1,0,367977,244485,0,138,283,1,3,60,828522,2168,75064,21,24,6286,0,-84,-2147483648,38843,4294967295,0,0
3179248608,3179.248608,157764,157732,157732,0,6,8,49166,0,49174,0,0,11,0,0,67,67,32,75064,1,0,367977,244504,0,244,283,1,3,60,828522,1164,75064,22,24,6286,0,-84,-2147483648,288844,4294967295,0,0
3179498609,3179.498609,157776,157744,157744,0,6,8,49166,0,49174,0,0,11,0,0,79,79,32,75064,1,0,367977,244523,0,244,283,1,3,60,828522,2167,75064,22,24,6287,0,-85,-2147483648,27335,4294967295,0,0
3179748610,3179.748610,157789,157757,157757,0,6,8,49166,0,49174,0,0,11,0,0,92,92,32,75064,1,0,367977,244543,0,138,283,1,3,60,828522,1164,75064,22,24,6287,0,-85,-2147483648,277336,4294967295,0,0
3179998611,3179.998611,157801,157769,157769,0,6,8,49166,0,49174,0,0,11,0,0,104,104,32,75064,1,0,367977,244562,0,138,283,1,3,60,828522,2167,75064,21,24,6288,0,-88,-2147483648,26097,4294967295,0,0
3180248612,3180.248612,157814,157782,157782,0,6,8,49166,0,49174,0,0,11,0,0,117,117,32,75064,1,0,367977,244581,0,244,283,1,3,60,828522,2164,75064,22,24,6288,0,-88,-2147483648,276098,4294967295,0,0
3180498613,3180.498613,157826,157794,157794,0,6,8,49166,0,49174,0,0,11,0,0,129,129,32,75064,1,0,367977,244600,0,245,283,1,3,60,828522,2167,75064,21,24,6289,0,-81,-2147483648,24763,4294967295,0,0
3180748614,3180.748614,157839,157807,157807,0,5,8,49166,0,49174,0,0,11,0,0,142,142,32,75064,1,0,367977,244620,0,138,283,1,3,60,828522,2164,75064,21,24,6289,0,-81,-2147483648,274764,4294967295,0,0
3180998614,3180.998614,157851,157819,157819,0,6,8,49166,0,49174,0,0,11,0,0,154,154,32,75064,1,0,367977,244639,0,138,283,1,3,60,828522,2167,75064,21,24,6290,0,-82,-2147483648,22838,4294967295,0,0
3181248616,3181.248616,157864,157832,157832,0,6,8,49166,0,49174,0,0,11,0,0,167,167,32,75064,1,0,367977,244658,0,244,283,1,3,60,828522,2164,75064,21,24,6290,0,-82,-2147483648,272840,4294967295,0,0
3181498617,3181.498617,157876,157844,157844,0,6,8,49166,0,49174,0,0,11,0,0,179,179,32,75064,1,0,367977,244677,0,244,283,1,3,60,828522,2167,75064,22,24,6291,0,-81,-2147483648,21847,4294967295,0,0
3181748619,3181.748619,157889,157857,157857,0,6,8,49166,0,49174,0,0,11,0,0,192,192,32,75064,1,0,367977,244697,0,138,283,1,3,60,828522,2164,75064,22,24,6291,0,-81,-2147483648,271849,4294967295,0,0
3181998621,3181.998621,157901,157869,157869,0,6,8,49166,0,49174,0,0,11,0,0,204,204,32,75064,1,0,367977,244716,0,138,283,1,3,60,828522,2167,75064,22,24,6292,0,-84,-2147483648,20277,4294967295,0,0
3182248622,3182.248622,157914,157882,157882,0,6,8,49166,0,49174,0,0,11,0,0,217,217,32,75064,1,0,367977,244735,0,244,283,1,3,60,828522,1164,75064,22,24,6292,0,-84,-2147483648,270278,4294967295,0,0
3182498623,3182.498623,157926,157894,157894,0,6,8,49166,0,49174,0,0,11,0,0,229,229,32,75064,1,0,367977,244754,0,244,283,1,3,61,828522,2167,75064,22,24,6293,0,-77,-2147483648,18995,4294967295,0,0
3182748624,3182.748624,157939,157907,157907,0,6,8,49166,0,49174,0,0,11,0,0,242,242,32,75064,1,0,367977,244774,0,138,283,1,3,60,828522,2164,75064,22,24,6293,0,-77,-2147483648,268996,4294967295,0,0
3182998625,3182.998625,157951,157919,157919,0,6,8,49166,0,49174,0,0,11,0,0,254,254,32,75064,1,0,367977,244793,0,138,283,1,3,60,828522,2167,75064,22,24,6294,0,-81,-2147483648,7457,4294967295,0,0
3183248625,3183.248625,157964,157932,157932,0,6,8,49166,0,49174,0,0,11,0,0,11,11,32,75064,1,0,367977,244812,0,244,283,1,3,60,828522,2164,75064,22,24,6294,0,-81,-2147483648,257457,4294967295,0,0
3183498626,3183.498626,157976,157944,157944,0,6,8,49166,0,49174,0,0,11,0,0,23,23,32,75064,1,0,367977,244831,0,138,283,1,3,60,828522,2167,75064,22,24,6295,0,-79,-2147483648,5839,4294967295,0,0
3183748626,3183.748626,157989,157957,157957,0,6,8,49166,0,49174,0,0,11,0,0,36,36,32,75064,1,0,367977,244851,0,138,283,1,3,2,828522,2164,75064,21,24,6295,0,-79,-2147483648,255839,4294967295,0,0
3183998628,3183.998628,158001,157969,157969,0,5,8,49166,0,49174,0,0,11,0,0,48,48,32,75064,1,0,367977,244870,0,138,283,1,3,60,828522,2167,75064,22,24,6296,0,-81,-2147483648,5313,4294967295,0,0
3184248629,3184.248629,158014,157982,157982,0,6,8,49166,0,49174,0,0,11,0,0,61,61,32,75064,1,0,367977,244889,0,244,283,1,3,60,828522,2164,75064,21,24,6296,0,-81,-2147483648,255314,4294967295,0,0
3184498629,3184.498629,158026,157994,157994,0,6,8,49166,0,49174,0,0,11,0,0,73,73,32,75064,1,0,367977,244908,0,138,283,1,3,60,828522,2167,75064,22,24,6297,0,-80,-2147483648,4930,4294967295,0,0
3184748629,3184.748629,158039,158007,158007,0,5,8,49166,0,49174,0,0,11,0,0,86,86,32,75064,1,0,367977,244926,0,244,283,1,3,60,828522,1164,75064,22,24,6297,0,-80,-2147483648,254930,4294967295,0,0
3184998629,3184.998629,158051,158019,158019,0,6,8,49166,0,49174,0,0,11,0,0,98,98,32,75064,1,0,367977,244947,0,138,283,1,3,60,828522,2168,75064,21,24,6298,0,-79,-2147483648,4181,4294967295,0,0
3185248629,3185.248629,158064,158032,158032,0,6,8,49166,0,49174,0,0,11,0,0,111,111,32,75064,1,0,367977,244966,0,244,283,0,3,61,828522,2165,75064,22,24,6298,0,-79,-2147483648,254181,4294967295,0,0
3185498629,3185.498629,158076,158044,158044,0,6,8,49166,0,49174,0,0,11,0,0,123,123,32,75064,1,0,367977,244985,0,138,283,1,3,60,828522,2157,75064,22,24,6299,0,-79,-2147483648,2041,4294967295,0,0
3185748631,3185.748631,158089,158057,158057,0,6,8,49166,0,49174,0,0,11,0,0,136,136,32,75064,1,0,367977,245005,0,138,283,1,3,60,828522,2161,75064,21,24,6299,0,-79,-2147483648,252043,4294967295,0,0
3185998632,3185.998632,158101,158069,158069,0,6,8,49166,0,49174,0,0,11,0,0,148,148,32,75064,1,0,367977,245024,0,138,283,0,3,61,828522,2160,75064,22,24,6300,0,-80,-2147483648,1529,4294967295,0,0
3186248634,3186.248634,158114,158082,158082,0,6,8,49166,0,49174,0,0,11,0,0,161,161,32,75064,1,0,367977,245042,0,244,283,1,3,60,828522,2164,75064,22,24,6300,0,-80,-2147483648,251531,4294967295,0,0
3186498635,3186.498635,158126,158094,158094,0,6,8,49166,0,49174,0,0,11,0,0,173,173,32,75064,1,0,367977,245062,0,138,283,1,3,61,828522,2167,75064,22,24,6300,0,-80,-2147483648,501532,4294967295,0,0
3186748636,3186.748636,158139,158107,158107,0,6,8,49166,0,49174,0,0,11,0,0,186,186,32,75064,1,0,367977,245082,0,138,283,0,3,61,828522,2165,75064,21,24,6301,0,-80,-2147483648,249494,4294967295,0,0
3186998637,3186.998637,158151,158119,158119,0,6,8,49166,0,49174,0,0,11,0,0,198,198,32,75064,1,0,367977,245098,0,244,283,1,3,60,828522,2167,75064,22,24,6301,0,-80,-2147483648,499495,4294967295,0,0
3187248638,3187.248638,158164,158132,158132,0,6,8,49166,0,49174,0,0,11,0,0,211,211,32,75064,1,0,367977,245119,0,244,283,1,3,60,828522,2164,75064,22,24,6302,0,-80,-2147483648,237344,4294967295,0,0
3187498640,3187.498640,158176,158144,158144,0,6,8,49166,0,49174,0,0,11,0,0,223,223,32,75064,1,0,367977,245138,0,244,283,1,3,60,828522,2167,75064,22,24,6302,0,-80,-2147483648,487346,4294967295,0,0
3187748640,3187.748640,158189,158157,158157,0,5,8,49166,0,49174,0,0,11,0,0,236,236,32,75064,1,0,367977,245157,0,138,283,1,3,60,828522,1164,75064,21,24,6303,0,-84,-2147483648,237058,4294967295,0,0
3187998641,3187.998641,158201,158169,158169,0,5,8,49166,0,49174,0,0,11,0,0,248,248,32,75064,1,0,367977,245177,0,137,283,1,3,60,828522,2167,75064,21,24,6303,0,-84,-2147483648,487059,4294967295,0,0
3188248641,3188.248641,158214,158182,158182,0,6,8,49166,0,49174,0,0,11,0,0,5,5,32,75064,1,0,367977,245196,0,244,283,1,3,60,828522,2164,75064,21,24,6304,0,-82,-2147483648,236480,4294967295,0,0
3188498642,3188.498642,158226,158194,158194,0,6,8,49166,0,49174,0,0,11,0,0,17,17,32,75064,1,0,367977,245213,0,244,283,1,3,60,828522,2167,75064,22,24,6304,0,-82,-2147483648,486481,4294967295,0,0
3188748644,3188.748644,158239,158207,158207,0,6,8,49166,0,49174,0,0,11,0,0,30,30,32,75064,1,0,367977,245236,0,138,283,1,3,60,828522,2165,75064,22,24,6305,0,-81,-2147483648,236045,4294967295,0,0
3188998646,3188.998646,158251,158219,158219,0,6,8,49166,0,49174,0,0,11,0,0,42,42,32,75064,1,0,367977,245254,0,138,283,1,3,60,828522,2167,75064,22,24,6305,0,-81,-2147483648,486047,4294967295,0,0
3189248646,3189.248646,158264,158232,158232,0,6,8,49166,0,49174,0,0,11,0,0,55,55,32,75064,1,0,367977,245272,0,245,283,1,3,60,828522,1164,75064,21,24,6306,0,-80,-2147483648,234500,4294967295,0,0
3189498647,3189.498647,158276,158244,158244,0,6,8,49166,0,49174,0,0,11,0,0,67,67,32,75064,1,0,367977,245290,0,244,283,1,3,2,828522,2168,75064,21,24,6306,0,-80,-2147483648,484501,4294967295,0,0
3189748647,3189.748647,158289,158257,158257,0,6,8,49166,0,49174,0,0,11,0,0,80,80,32,75064,1,0,367977,245313,0,138,283,1,3,60,828522,2164,75064,22,24,6307,0,-83,-2147483648,232155,4294967295,0,0
3189998647,3189.998647,158301,158269,158269,0,6,8,49166,0,49174,0,0,11,0,0,92,92,32,75064,1,0,367977,245329,0,244,283,1,3,60,828522,2167,75064,22,24,6307,0,-83,-2147483648,482155,4294967295,0,0
3190248649,3190.248649,158314,158282,158282,0,6,8,49166,0,49174,0,0,11,0,0,105,105,32,75064,1,0,367977,245349,0,244,283,1,3,60,828522,2164,75064,22,24,6308,0,-79,-2147483648,230545,4294967295,0,0
3190498650,3190.498650,158326,158294,158294,0,6,8,49166,0,49174,0,0,11,0,0,117,117,32,75064,1,0,367977,245369,0,244,283,1,3,60,828522,2167,75064,22,24,6308,0,-79,-2147483648,480546,4294967295,0,0
3190748650,3190.748650,158339,158307,158307,0,6,8,49166,0,49174,0,0,11,0,0,130,130,32,75064,1,0,367977,245390,0,138,283,1,3,60,828522,2164,75064,22,24,6309,0,-82,-2147483648,228827,4294967295,0,0
3190998650,3190.998650,158351,158319,158319,0,6,8,49166,0,49174,0,0,11,0,0,142,142,32,75064,1,0,367977,245408,0,244,283,1,3,60,828522,2167,75064,22,24,6309,0,-82,-2147483648,478827,4294967295,0,0
3191248650,3191.248650,158364,158332,158332,0,6,8,49166,0,49174,0,0,11,0,0,155,155,32,75064,1,0,367977,245428,0,138,283,1,3,60,828522,1164,75064,22,24,6310,0,-79,-2147483648,215936,4294967295,0,0
3191498651,3191.498651,158376,158344,158344,0,6,8,49166,0,49174,0,0,11,0,0,167,167,32,75064,1,0,367977,245446,0,138,283,1,3,60,828522,2167,75064,21,24,6310,0,-79,-2147483648,465937,4294967295,0,0
3191748653,3191.748653,158389,158357,158357,0,6,8,49166,0,49174,0,0,11,0,0,180,180,32,75064,1,0,367977,245466,0,244,283,1,3,60,828522,2164,75064,21,24,6311,0,-78,-2147483648,214527,4294967295,0,0
3191998654,3191.998654,158401,158369,158369,0,6,8,49166,0,49174,0,0,11,0,0,192,192,32,75064,1,0,367977,245485,0,138,283,1,3,60,828522,2167,75064,22,24,6311,0,-78,-2147483648,464528,4294967295,0,0
3192248654,3192.248654,158414,158382,158382,0,6,8,49166,0,49174,0,0,11,0,0,205,205,32,75064,1,0,367977,245505,0,244,283,1,3,60,828522,2164,75064,21,24,6312,0,-79,-2147483648,212866,4294967295,0,0
3192498655,3192.498655,158426,158394,158394,0,6,8,49166,0,49174,0,0,11,0,0,217,217,32,75064,1,0,367977,245522,0,244,283,1,3,60,828522,1167,75064,22,24,6312,0,-79,-2147483648,462867,4294967295,0,0
3192748657,3192.748657,158439,158407,158407,0,6,8,49166,0,49174,0,0,11,0,0,230,230,32,75064,1,0,367977,245544,0,140,283,1,3,60,828522,2164,75064,22,24,6313,0,-78,-2147483648,212851,4294967295,0,0
3192998657,3192.998657,158451,158419,158419,0,6,8,49166,0,49174,0,0,11,0,0,242,242,32,75064,1,0,367977,245561,0,247,283,1,3,60,828522,2167,75064,21,24,6313,0,-78,-2147483648,462851,4294967295,0,0
3193248659,3193.248659,158464,158432,158432,0,6,8,49166,0,49174,0,0,11,0,0,255,255,32,75064,1,0,367977,245582,0,244,283,1,3,60,828522,2164,75064,22,24,6314,0,-80,-2147483648,211642,4294967295,0,0
3193498661,3193.498661,158476,158444,158444,0,6,8,49166,0,49174,0,0,11,0,0,11,11,32,75064,1,0,367977,245600,0,280,283,1,3,60,828522,2167,75064,21,24,6314,0,-80,-2147483648,461644,4294967295,0,0
3193748661,3193.748661,158489,158457,158457,0,5,8,49166,0,49174,0,0,11,0,0,24,24,32,75064,1,0,367977,245621,0,244,283,1,3,60,828522,2164,75064,22,24,6315,0,-79,-2147483648,211323,4294967295,0,0
3193998662,3193.998662,158501,158469,158469,0,6,8,49166,0,49174,0,0,11,0,0,36,36,32,75064,1,0,367977,245639,0,138,283,1,3,60,828522,2167,75064,22,24,6315,0,-79,-2147483648,461324,4294967295,0,0
3194248663,3194.248663,158514,158482,158482,0,6,8,49166,0,49174,0,0,11,0,0,49,49,32,75064,1,0,367977,245659,0,244,283,1,3,60,828522,2164,75064,22,24,6316,0,-78,-2147483648,209658,4294967295,0,0
3194498663,3194.498663,158526,158494,158494,0,6,8,49166,0,49174,0,0,11,0,0,61,61,32,75064,1,0,367977,245677,0,244,283,1,3,60,828522,2167,75064,22,24,6316,0,-78,-2147483648,459658,4294967295,0,0
3194748663,3194.748663,158539,158507,158507,0,6,8,49166,0,49174,0,0,11,0,0,74,74,32,75064,1,0,367977,245698,0,139,283,1,3,60,828522,2164,75064,22,24,6317,0,-79,-2147483648,209350,4294967295,0,0
3194998665,3194.998665,158551,158519,158519,0,6,8,49166,0,49174,0,0,11,0,0,86,86,32,75064,1,0,367977,245716,0,138,283,1,3,60,828522,2167,75064,21,24,6317,0,-79,-2147483648,459352,4294967295,0,0
3195248667,3195.248667,158564,158532,158532,0,6,8,49166,0,49174,0,0,11,0,0,99,99,32,75064,1,0,367977,245736,0,244,283,1,3,60,828522,2164,75064,21,24,6318,0,-79,-2147483648,209340,4294967295,0,0
3195498668,3195.498668,158576,158544,158544,0,6,8,49166,0,49174,0,0,11,0,0,111,111,32,75064,1,0,367977,245754,0,244,283,0,3,61,828522,2168,75064,22,24,6318,0,-79,-2147483648,459341,4294967295,0,0
3195748668,3195.748668,158589,158557,158557,0,6,8,49166,0,49174,0,0,11,0,0,124,124,32,75064,1,0,367977,245775,0,138,283,1,3,60,828522,2164,75064,22,24,6319,0,-80,-2147483648,197102,4294967295,0,0
3195998670,3195.998670,158601,158569,158569,0,6,8,49166,0,49174,0,0,11,0,0,136,136,32,75064,1,0,367977,245793,0,244,283,1,3,60,828522,2167,75064,22,24,6319,0,-80,-2147483648,447104,4294967295,0,0
3196248670,3196.248670,158614,158582,158582,0,6,8,49166,0,49174,0,0,11,0,0,149,149,32,75064,1,0,367977,245813,0,244,283,1,3,60,828522,2164,75064,22,24,6320,0,-79,-2147483648,196075,4294967295,0,0
3196498672,3196.498672,158626,158594,158594,0,6,8,49166,0,49174,0,0,11,0,0,161,161,32,75064,1,0,367977,245831,0,244,283,1,3,60,828522,2167,75064,22,24,6320,0,-79,-2147483648,446077,4294967295,0,0
3196748672,3196.748672,158639,158607,158607,0,6,8,49166,0,49174,0,0,11,0,0,174,174,32,75064,1,0,367977,245852,0,138,283,1,3,60,828522,2164,75064,22,24,6321,0,-80,-2147483648,194444,4294967295,0,0
3196998673,3196.998673,158651,158619,158619,0,6,8,49166,0,49174,0,0,11,0,0,186,186,32,75064,1,0,367977,245870,0,138,283,1,3,60,828522,2167,75064,22,24,6321,0,-80,-2147483648,444445,4294967295,0,0
3197248675,3197.248675,158664,158632,158632,0,6,8,49166,0,49174,0,0,11,0,0,199,199,32,75064,1,0,367977,245890,0,244,283,1,3,60,828522,2164,75064,22,24,6322,0,-79,-2147483648,193022,4294967295,0,0
3197498676,3197.498676,158676,158644,158644,0,6,8,49166,0,49174,0,0,11,0,0,211,211,32,75064,1,0,367977,245908,0,245,283,1,3,60,828522,2167,75064,21,24,6322,0,-79,-2147483648,443023,4294967295,0,0
3197748677,3197.748677,158689,158657,158657,0,6,8,49166,0,49174,0,0,11,0,0,224,224,32,75064,1,0,367977,245929,0,245,283,1,3,60,828522,2164,75064,21,24,6323,0,-78,-2147483648,191078,4294967295,0,0
3197998677,3197.998677,158701,158669,158669,0,6,8,49166,0,49174,0,0,11,0,0,236,236,32,75064,1,0,367977,245947,0,138,283,1,3,60,828522,2167,75064,22,24,6323,0,-78,-2147483648,441078,4294967295,0,0
3198248678,3198.248678,158714,158682,158682,0,6,8,49166,0,49174,0,0,11,0,0,249,249,32,75064,1,0,367977,245967,0,279,283,1,3,60,828522,2164,75064,22,24,6324,0,-77,-2147483648,190771,4294967295,0,0
3198498678,3198.498678,158726,158694,158694,0,6,8,49166,0,49174,0,0,11,0,0,5,5,32,75064,1,0,367977,245985,0,244,283,1,3,60,828522,2167,75064,21,24,6324,0,-77,-2147483648,440771,4294967295,0,0
3198748680,3198.748680,158739,158707,158707,0,6,8,49166,0,49174,0,0,11,0,0,18,18,32,75064,1,0,367977,246006,0,138,283,1,3,60,828522,2164,75064,22,24,6325,0,-79,-2147483648,190157,4294967295,0,0
3198998682,3198.998682,158751,158719,158719,0,6,8,49166,0,49174,0,0,11,0,0,30,30,32,75064,1,0,367977,246024,0,140,283,1,3,60,828522,2167,75064,21,24,6325,0,-79,-2147483648,440159,4294967295,0,0
3199248682,3199.248682,158764,158732,158732,0,6,8,49166,0,49174,0,0,11,0,0,43,43,32,75064,1,0,367977,246044,0,244,283,1,3,60,828522,2164,75064,21,24,6326,0,-78,-2147483648,188874,4294967295,0,0
3199498684,3199.498684,158776,158744,158744,0,6,8,49166,0,49174,0,0,11,0,0,55,55,32,75064,1,0,367977,246062,0,244,283,0,3,60,828522,2167,75064,22,24,6326,0,-78,-2147483648,438876,4294967295,0,0
3199748684,3199.748684,158789,158757,158757,0,6,8,49166,0,49174,0,0,11,0,0,68,68,32,75064,1,0,367977,246083,0,138,283,0,3,61,828522,2165,75064,22,24,6327,0,-81,-2147483648,176288,4294967295,0,0
3199998686,3199.998686,158801,158769,158769,0,6,8,49166,0,49174,0,0,11,0,0,80,80,32,75064,1,0,367977,246101,0,139,283,0,3,61,828522,2167,75064,22,24,6327,0,-81,-2147483648,426290,4294967295,0,0
3200248688,3200.248688,158814,158782,158782,0,6,8,49166,0,49174,0,0,11,0,0,93,93,32,75064,1,0,367977,246121,0,244,283,1,3,60,828522,2164,75064,22,24,6328,0,-79,-2147483648,175026,4294967295,0,0
3200498689,3200.498689,158826,158794,158794,0,6,8,49166,0,49174,0,0,11,0,0,105,105,32,75064,1,0,367977,246139,0,279,283,1,3,60,828522,2167,75064,22,24,6328,0,-79,-2147483648,425027,4294967295,0,0
3200748690,3200.748690,158839,158807,158807,0,6,8,49166,0,49174,0,0,11,0,0,118,118,32,75064,1,0,367977,246160,0,139,283,1,3,60,828522,2164,75064,21,24,6329,0,-77,-2147483648,174974,4294967295,0,0
3200998690,3200.998690,158851,158819,158819,0,6,8,49166,0,49174,0,0,11,0,0,130,130,32,75064,1,0,367977,246177,0,244,283,1,3,61,828522,2167,75064,22,24,6329,0,-77,-2147483648,424974,4294967295,0,0
3201248691,3201.248691,158864,158832,158832,0,6,8,49166,0,49174,0,0,11,0,0,143,143,32,75064,1,0,367977,246198,0,245,283,1,3,60,828522,2164,75064,21,24,6330,0,-77,-2147483648,173190,4294967295,0,0
3201498691,3201.498691,158876,158844,158844,0,6,8,49166,0,49174,0,0,11,0,0,155,155,32,75064,1,0,367977,246216,0,244,283,1,3,60,828522,2167,75064,22,24,6330,0,-77,-2147483648,423190,4294967295,0,0
3201748692,3201.748692,158889,158857,158857,0,5,8,49166,0,49174,0,0,11,0,0,168,168,32,75064,1,0,367977,246237,0,246,283,1,3,60,828522,2164,75064,22,24,6331,0,-76,-2147483648,171714,4294967295,0,0
3201998692,3201.998692,158901,158869,158869,0,6,8,49166,0,49174,0,0,11,0,0,180,180,32,75064,1,0,367977,246255,0,245,283,0,3,61,828522,2167,75064,21,24,6331,0,-76,-2147483648,421714,4294967295,0,0
3202248692,3202.248692,158914,158882,158882,0,6,8,49166,0,49174,0,0,11,0,0,193,193,32,75064,1,0,367977,246275,0,244,283,1,3,60,828522,2164,75064,22,24,6332,0,-78,-2147483648,170215,4294967295,0,0
3202498693,3202.498693,158926,158894,158894,0,6,8,49166,0,49174,0,0,11,0,0,205,205,32,75064,1,0,367977,246293,0,244,283,1,3,1,828522,2167,75064,22,24,6332,0,-78,-2147483648,420216,4294967295,0,0
3202748694,3202.748694,158939,158907,158907,0,6,8,49166,0,49174,0,0,11,0,0,218,218,32,75064,1,0,367977,246313,0,244,283,1,3,60,828522,2164,75064,22,24,6333,0,-78,-2147483648,169993,4294967295,0,0
3202998694,3202.998694,158951,158919,158919,0,6,8,49166,0,49174,0,0,11,0,0,230,230,32,75064,1,0,367977,246332,0,138,283,1,3,60,828522,2167,75064,21,24,6333,0,-78,-2147483648,419993,4294967295,0,0
3203248696,3203.248696,158964,158932,158932,0,6,8,49166,0,49174,0,0,11,0,0,243,243,32,75064,1,0,367977,246351,0,244,283,1,3,60,828522,2164,75064,22,24,6334,0,-76,-2147483648,158116,4294967295,0,0
3203498696,3203.498696,158976,158944,158944,0,6,8,49166,0,49174,0,0,11,0,0,255,255,32,75064,1,0,367977,246370,0,244,283,1,3,61,828522,2167,75064,21,24,6334,0,-76,-2147483648,408116,4294967295,0,0
3203748697,3203.748697,158989,158957,158957,0,6,8,49166,0,49174,0,0,11,0,0,12,12,32,75064,1,0,367977,246391,0,244,283,1,3,61,828522,2164,75064,22,24,6335,0,-78,-2147483648,157060,4294967295,0,0
3203998698,3203.998698,159001,158969,158969,0,6,8,49166,0,49174,0,0,11,0,0,24,24,32,75064,1,0,367977,246408,0,245,283,1,3,61,828522,2167,75064,21,24,6335,0,-78,-2147483648,407061,4294967295,0,0
3204248698,3204.248698,159014,158982,158982,0,6,8,49166,0,49174,0,0,11,0,0,37,37,32,75064,1,0,367977,246429,0,280,283,1,3,60,828522,2164,75064,21,24,6336,0,-91,-2147483648,156378,4294967295,0,0
3204498699,3204.498699,159026,158994,158994,0,6,8,49166,0,49174,0,0,11,0,0,49,49,32,75064,1,0,367977,246447,0,245,283,1,3,60,828522,2167,75064,22,24,6336,0,-91,-2147483648,406379,4294967295,0,0
3204748700,3204.748700,159039,159007,159007,0,6,8,49166,0,49174,0,0,11,0,0,62,62,32,75064,1,0,367977,246466,0,244,283,1,3,60,828522,2164,75064,22,24,6337,0,-87,-2147483648,154859,4294967295,0,0
3204998701,3204.998701,159051,159019,159019,0,6,8,49166,0,49174,0,0,11,0,0,74,74,32,75064,1,0,367977,246486,0,280,283,1,3,60,828522,2167,75064,22,24,6337,0,-87,-2147483648,404860,4294967295,0,0
3205248703,3205.248703,159064,159032,159032,0,6,8,49166,0,49174,0,0,11,0,0,87,87,32,75064,1,0,367977,246506,0,244,283,1,3,60,828522,2164,75064,22,24,6338,0,-86,-2147483648,153327,4294967295,0,0
3205498704,3205.498704,159076,159044,159044,0,6,8,49166,0,49174,0,0,11,0,0,99,99,32,75064,1,0,367977,246524,0,245,283,1,3,60,828522,2167,75064,22,24,6338,0,-86,-2147483648,403328,4294967295,0,0
3205748705,3205.748705,159089,159057,159057,0,6,8,49166,0,49174,0,0,11,0,0,112,112,32,75064,1,0,367977,246543,0,245,283,1,3,60,828522,2165,75064,21,24,6339,0,-91,-2147483648,152059,4294967295,0,0
3205998705,3205.998705,159101,159069,159069,0,6,8,49166,0,49174,0,0,11,0,0,124,124,32,75064,1,0,367977,246563,0,138,283,1,3,60,828522,2167,75064,22,24,6339,0,-91,-2147483648,402059,4294967295,0,0
3206248707,3206.248707,159114,159082,159082,0,6,8,49166,0,49174,0,0,11,0,0,137,137,32,75064,1,0,367977,246583,0,244,283,1,3,60,828522,2164,75064,22,24,6340,0,-89,-2147483648,150151,4294967295,0,0
3206498708,3206.498708,159126,159094,159094,0,6,8,49166,0,49174,0,0,11,0,0,149,149,32,75064,1,0,367977,246601,0,244,283,1,3,60,828522,2167,75064,22,24,6340,0,-89,-2147483648,400152,4294967295,0,0
3206748709,3206.748709,159139,159107,159107,0,6,8,49166,0,49174,0,0,11,0,0,162,162,32,75064,1,0,367977,246622,0,138,283,1,3,60,828522,2164,75064,22,24,6341,0,-89,-2147483648,138176,4294967295,0,0
3206998709,3206.998709,159151,159119,159119,0,6,8,49166,0,49174,0,0,11,0,0,174,174,32,75064,1,0,367977,246638,0,138,283,1,3,60,828522,2167,75064,22,24,6341,0,-89,-2147483648,388176,4294967295,0,0
3207248709,3207.248709,159164,159132,159132,0,6,8,49166,0,49174,0,0,11,0,0,187,187,32,75064,1,0,367977,246660,0,244,283,0,3,61,828522,2164,75064,21,24,6342,0,-87,-2147483648,137549,4294967295,0,0
3207498709,3207.498709,159176,159144,159144,0,6,8,49166,0,49174,0,0,11,0,0,199,199,32,75064,1,0,367977,246678,0,244,283,1,3,60,828522,2167,75064,21,24,6342,0,-87,-2147483648,387549,4294967295,0,0
3207748711,3207.748711,159189,159157,159157,0,6,8,49166,0,49174,0,0,11,0,0,212,212,32,75064,1,0,367977,246697,0,244,283,1,3,60,828522,2164,75064,22,24,6343,0,-90,-2147483648,137319,4294967295,0,0
3207998711,3207.998711,159201,159169,159169,0,5,8,49166,0,49174,0,0,11,0,0,224,224,32,75064,1,0,367977,246717,0,245,283,1,3,60,828522,2167,75064,21,24,6343,0,-90,-2147483648,387319,4294967295,0,0
3208248712,3208.248712,159214,159182,159182,0,6,8,49166,0,49174,0,0,11,0,0,237,237,32,75064,1,0,367977,246737,0,245,283,0,3,61,828522,2165,75064,21,24,6344,0,-86,-2147483648,135972,4294967295,0,0
3208498712,3208.498712,159226,159194,159194,0,6,8,49166,0,49174,0,0,11,0,0,249,249,32,75064,1,0,367977,246755,0,244,283,1,3,60,828522,2167,75064,22,24,6344,0,-86,-2147483648,385972,4294967295,0,0
3208748712,3208.748712,159239,159207,159207,0,6,8,49166,0,49174,0,0,11,0,0,6,6,32,75064,1,0,367977,246776,0,138,283,1,3,60,828522,2164,75064,22,24,6345,0,-89,-2147483648,135256,4294967295,0,0
3208998714,3208.998714,159251,159219,159219,0,6,8,49166,0,49174,0,0,11,0,0,18,18,32,75064,1,0,367977,246794,0,245,283,0,3,61,828522,2167,75064,21,24,6345,0,-89,-2147483648,385258,4294967295,0,0
3209248715,3209.248715,159264,159232,159232,0,6,8,49166,0,49174,0,0,11,0,0,31,31,32,75064,1,0,367977,246814,0,245,283,1,3,60,828522,1164,75064,21,24,6346,0,-87,-2147483648,134184,4294967295,0,0
3209498716,3209.498716,159276,159244,159244,0,6,8,49166,0,49174,0,0,11,0,0,43,43,32,75064,1,0,367977,246832,0,244,283,1,3,60,828522,2167,75064,22,24,6346,0,-87,-2147483648,384185,4294967295,0,0
3209748716,3209.748716,159289,159257,159257,0,6,8,49166,0,49174,0,0,11,0,0,56,56,32,75064,1,0,367977,246853,0,138,283,1,3,60,828522,1164,75064,21,24,6347,0,-86,-2147483648,134020,4294967295,0,0
3209998718,3209.998718,159301,159269,159269,0,5,8,49166,0,49174,0,0,11,0,0,68,68,32,75064,1,0,367977,246871,0,245,283,1,3,60,828522,2167,75064,21,24,6347,0,-86,-2147483648,384022,4294967295,0,0
3210248719,3210.248719,159314,159282,159282,0,6,8,49166,0,49174,0,0,11,0,0,81,81,32,75064,1,0,367977,246891,0,138,283,1,3,60,828522,2164,75064,22,24,6348,0,-87,-2147483648,131963,4294967295,0,0
3210498719,3210.498719,159326,159294,159294,0,6,8,49166,0,49174,0,0,11,0,0,93,93,32,75064,1,0,367977,246909,0,244,283,1,3,60,828522,2167,75064,22,24,6348,0,-87,-2147483648,381963,4294967295,0,0
3210748720,3210.748720,159339,159307,159307,0,6,8,49166,0,49174,0,0,11,0,0,106,106,32,75064,1,0,367977,246930,0,245,283,1,3,60,828522,2164,75064,21,24,6349,0,-86,-2147483648,130936,4294967295,0,0
3210998721,3210.998721,159351,159319,159319,0,6,8,49166,0,49174,0,0,11,0,0,118,118,32,75064,1,0,367977,246948,0,282,283,1,3,60,828522,2167,75064,22,24,6349,0,-86,-2147483648,380937,4294967295,0,0
3211248723,3211.248723,159364,159332,159332,0,6,8,49166,0,49174,0,0,11,0,0,131,131,32,75064,1,0,367977,246968,0,244,283,1,3,61,828522,2164,75064,22,24,6350,0,-87,-2147483648,130528,4294967295,0,0
3211498725,3211.498725,159376,159344,159344,0,6,8,49166,0,49174,0,0,11,0,0,143,143,32,75064,1,0,367977,246986,0,245,283,1,3,60,828522,2167,75064,22,24,6350,0,-87,-2147483648,380530,4294967295,0,0
3211748727,3211.748727,159389,159357,159357,0,6,8,49166,0,49174,0,0,11,0,0,156,156,32,75064,1,0,367977,247007,0,244,283,1,3,60,828522,2164,75064,22,24,6351,0,-86,-2147483648,130132,4294967295,0,0
3211998729,3211.998729,159401,159369,159369,0,5,8,49166,0,49174,0,0,11,0,0,168,168,32,75064,1,0,367977,247025,0,138,283,1,3,60,828522,2167,75064,22,24,6351,0,-86,-2147483648,380134,4294967295,0,0
3212248730,3212.248730,159414,159382,159382,0,6,8,49166,0,49174,0,0,11,0,0,181,181,32,75064,1,0,367977,247045,0,245,283,1,3,60,828522,2164,75064,21,24,6352,0,-83,-2147483648,129200,4294967295,0,0
3212498731,3212.498731,159426,159394,159394,0,6,8,49166,0,49174,0,0,11,0,0,193,193,32,75064,1,0,367977,247063,0,244,283,1,3,60,828522,2167,75064,22,24,6352,0,-83,-2147483648,379201,4294967295,0,0
3212748732,3212.748732,159439,159407,159407,0,6,8,49166,0,49174,0,0,11,0,0,206,206,32,75064,1,0,367977,247084,0,138,283,1,3,60,828522,2164,75064,22,24,6353,0,-85,-2147483648,117665,4294967295,0,0
3212998733,3212.998733,159451,159419,159419,0,6,8,49166,0,49174,0,0,11,0,0,218,218,32,75064,1,0,367977,247102,0,245,283,1,3,60,828522,1167,75064,21,24,6353,0,-85,-2147483648,367666,4294967295,0,0
3213248734,3213.248734,159464,159432,159432,0,6,8,49166,0,49174,0,0,11,0,0,231,231,32,75064,1,0,367977,247122,0,244,283,1,3,60,828522,2164,75064,22,24,6354,0,-83,-2147483648,116675,4294967295,0,0
3213498736,3213.498736,159476,159444,159444,0,6,8,49166,0,49174,0,0,11,0,0,243,243,32,75064,1,0,367977,247140,0,244,283,1,3,60,828522,2167,75064,22,24,6354,0,-83,-2147483648,366677,4294967295,0,0
3213748736,3213.748736,159489,159457,159457,0,6,8,49166,0,49174,0,0,11,0,0,0,0,32,75064,1,0,367977,247161,0,140,283,0,3,61,828522,2165,75064,21,24,6355,0,-83,-2147483648,114518,4294967295,0,0
3213998737,3213.998737,159501,159469,159469,0,5,8,49166,0,49174,0,0,11,0,0,12,12,32,75064,1,0,367977,247179,0,138,283,1,3,60,828522,2167,75064,21,24,6355,0,-83,-2147483648,364519,4294967295,0,0
3214248739,3214.248739,159514,159482,159482,0,6,8,49166,0,49174,0,0,11,0,0,25,25,32,75064,1,0,367977,247198,0,244,283,1,3,60,828522,2164,75064,22,24,6356,0,-85,-2147483648,112010,4294967295,0,0
3214498739,3214.498739,159526,159494,159494,0,6,8,49166,0,49174,0,0,11,0,0,37,37,32,75064,1,0,367977,247217,0,244,283,1,3,60,828522,2167,75064,22,24,6356,0,-85,-2147483648,362010,4294967295,0,0
3214748739,3214.748739,159539,159507,159507,0,6,8,49166,0,49174,0,0,11,0,0,50,50,32,75064,1,0,367977,247238,0,138,283,1,3,60,828522,2164,75064,22,24,6357,0,-84,-2147483648,112330,4294967295,0,0
3214998739,3214.998739,159551,159519,159519,0,6,8,49166,0,49174,0,0,11,0,0,62,62,32,75064,1,0,367977,247256,0,139,283,1,3,60,828522,2167,75064,22,24,6357,0,-84,-2147483648,362330,4294967295,0,0
3215248739,3215.248739,159564,159532,159532,0,6,8,49166,0,49174,0,0,11,0,0,75,75,32,75064,1,0,367977,247276,0,244,283,1,3,60,828522,2164,75064,22,24,6358,0,-85,-2147483648,111644,4294967295,0,0
3215498739,3215.498739,159576,159544,159544,0,6,8,49166,0,49174,0,0,11,0,0,87,87,32,75064,1,0,367977,247294,0,280,283,1,3,60,828522,2167,75064,22,24,6358,0,-85,-2147483648,361644,4294967295,0,0
3215748741,3215.748741,159589,159557,159557,0,6,8,49166,0,49174,0,0,11,0,0,100,100,32,75064,1,0,367977,247315,0,281,283,1,3,60,828522,2164,75064,22,24,6359,0,-83,-2147483648,110479,4294967295,0,0
3215998741,3215.998741,159601,159569,159569,0,6,8,49166,0,49174,0,0,11,0,0,112,112,32,75064,1,0,367977,247333,0,246,283,1,3,60,828522,2167,75064,22,24,6359,0,-83,-2147483648,360479,4294967295,0,0
3216248743,3216.248743,159614,159582,159582,0,6,8,49166,0,49174,0,0,11,0,0,125,125,32,75064,1,0,367977,247353,0,244,283,1,3,60,828522,1164,75064,22,24,6360,0,-85,-2147483648,110302,4294967295,0,0
3216498745,3216.498745,159626,159594,159594,0,6,8,49166,0,49174,0,0,11,0,0,137,137,32,75064,1,0,367977,247371,0,245,283,1,3,60,828522,2167,75064,21,24,6360,0,-85,-2147483648,360304,4294967295,0,0
3216748746,3216.748746,159639,159607,159607,0,5,8,49166,0,49174,0,0,11,0,0,150,150,32,75064,1,0,367977,247392,0,244,283,1,3,60,828522,1164,75064,22,24,6361,0,-84,-2147483648,109654,4294967295,0,0
3216998747,3216.998747,159651,159619,159619,0,6,8,49166,0,49174,0,0,11,0,0,162,162,32,75064,1,0,367977,247410,0,138,283,0,3,61,828522,2167,75064,22,24,6361,0,-84,-2147483648,359655,4294967295,0,0
3217248748,3217.248748,159664,159632,159632,0,6,8,49166,0,49174,0,0,11,0,0,175,175,32,75064,1,0,367977,247430,0,244,283,1,3,2,828522,2164,75064,21,24,6362,0,-83,-2147483648,108481,4294967295,0,0
3217498748,3217.498748,159676,159644,159644,0,6,8,49166,0,49174,0,0,11,0,0,187,187,32,75064,1,0,367977,247448,0,244,283,1,3,61,828522,2167,75064,22,24,6362,0,-83,-2147483648,358481,4294967295,0,0
3217748750,3217.748750,159689,159657,159657,0,6,8,49166,0,49174,0,0,11,0,0,200,200,32,75064,1,0,367977,247469,0,246,283,1,3,60,828522,1164,75064,22,24,6363,0,-84,-2147483648,98012,4294967295,0,0
3217998750,3217.998750,159701,159669,159669,0,6,8,49166,0,49174,0,0,11,0,0,212,212,32,75064,1,0,367977,247487,0,244,283,1,3,60,828522,2167,75064,22,24,6363,0,-84,-2147483648,348012,4294967295,0,0
3218248750,3218.248750,159714,159682,159682,0,6,8,49166,0,49174,0,0,11,0,0,225,225,32,75064,1,0,367977,247507,0,244,283,1,3,60,828522,2164,75064,22,24,6364,0,-84,-2147483648,96493,4294967295,0,0
3218498750,3218.498750,159726,159694,159694,0,6,8,49166,0,49174,0,0,11,0,0,237,237,32,75064,1,0,367977,247525,0,244,283,0,3,60,828522,2167,75064,22,24,6364,0,-84,-2147483648,346493,4294967295,0,0
3218748752,3218.748752,159739,159707,159707,0,6,8,49166,0,49174,0,0,11,0,0,250,250,32,75064,1,0,367977,247546,0,244,283,1,3,60,828522,2164,75064,22,24,6365,0,-80,-2147483648,95871,4294967295,0,0
3218998754,3218.998754,159751,159719,159719,0,6,8,49166,0,49174,0,0,11,0,0,6,6,32,75064,1,0,367977,247564,0,244,283,1,3,60,828522,1167,75064,22,24,6365,0,-80,-2147483648,345873,4294967295,0,0
3219248755,3219.248755,159764,159732,159732,0,6,8,49166,0,49174,0,0,11,0,0,19,19,32,75064,1,0,367977,247584,0,244,283,1,3,60,828522,2164,75064,22,24,6366,0,-77,-2147483648,94003,4294967295,0,0
3219498755,3219.498755,159776,159744,159744,0,6,8,49166,0,49174,0,0,11,0,0,31,31,32,75064,1,0,367977,247602,0,244,283,1,3,2,828522,2167,75064,22,24,6366,0,-77,-2147483648,344003,4294967295,0,0
3219748755,3219.748755,159789,159757,159757,0,5,8,49166,0,49174,0,0,11,0,0,44,44,32,75064,1,0,367977,247623,0,138,283,1,3,60,828522,2164,75064,21,24,6367,0,-80,-2147483648,92367,4294967295,0,0
3219998755,3219.998755,159801,159769,159769,0,6,8,49166,0,49174,0,0,11,0,0,56,56,32,75064,1,0,367977,247641,0,245,283,1,3,60,828522,2167,75064,21,24,6367,0,-80,-2147483648,342367,4294967295,0,0
3220248756,3220.248756,159814,159782,159782,0,6,8,49166,0,49174,0,0,11,0,0,69,69,32,75064,1,0,367977,247661,0,244,283,1,3,60,828522,1164,75064,22,24,6368,0,-79,-2147483648,91789,4294967295,0,0
3220498757,3220.498757,159826,159794,159794,0,6,8,49166,0,49174,0,0,11,0,0,81,81,32,75064,1,0,367977,247679,0,244,283,1,3,60,828522,2167,75064,21,24,6368,0,-79,-2147483648,341790,4294967295,0,0
3220748759,3220.748759,159839,159807,159807,0,6,8,49166,0,49174,0,0,11,0,0,94,94,32,75064,1,0,367977,247700,0,138,283,1,3,60,828522,2164,75064,22,24,6369,0,-77,-2147483648,90906,4294967295,0,0
3220998759,3220.998759,159851,159819,159819,0,5,8,49166,0,49174,0,0,11,0,0,106,106,32,75064,1,0,367977,247718,0,244,283,1,3,60,828522,2167,75064,22,24,6369,0,-77,-2147483648,340906,4294967295,0,0
3221248761,3221.248761,159864,159832,159832,0,6,8,49166,0,49174,0,0,11,0,0,119,119,32,75064,1,0,367977,247738,0,244,283,1,3,60,828522,2164,75064,22,24,6370,0,-82,-2147483648,89473,4294967295,0,0
3221498762,3221.498762,159876,159844,159844,0,6,8,49166,0,49174,0,0,11,0,0,131,131,32,75064,1,0,367977,247756,0,244,283,0,3,61,828522,2169,75064,21,24,6370,0,-82,-2147483648,339474,4294967295,0,0
3221748764,3221.748764,159889,159857,159857,0,6,8,49166,0,49174,0,0,11,0,0,144,144,32,75064,1,0,367977,247777,0,244,283,1,3,60,828522,2164,75064,22,24,6371,0,-82,-2147483648,76586,4294967295,0,0
3221998766,3221.998766,159901,159869,159869,0,6,8,49166,0,49174,0,0,11,0,0,156,156,32,75064,1,0,367977,247795,0,137,283,1,3,60,828522,2167,75064,22,24,6371,0,-82,-2147483648,326588,4294967295,0,0
3222248766,3222.248766,159914,159882,159882,0,6,8,49166,0,49174,0,0,11,0,0,169,169,32,75064,1,0,367977,247815,0,244,283,1,3,60,828522,1164,75064,22,24,6372,0,-83,-2147483648,75988,4294967295,0,0
3222498768,3222.498768,159926,159894,159894,0,6,8,49166,0,49174,0,0,11,0,0,181,181,32,75064,1,0,367977,247833,0,279,283,1,3,60,828522,2167,75064,22,24,6372,0,-83,-2147483648,325990,4294967295,0,0
3222748770,3222.748770,159939,159907,159907,0,6,8,49166,0,49174,0,0,11,0,0,194,194,32,75064,1,0,367977,247854,0,138,283,1,3,60,828522,2164,75064,22,24,6373,0,-83,-2147483648,75365,4294967295,0,0
3222998770,3222.998770,159951,159919,159919,0,6,8,49166,0,49174,0,0,11,0,0,206,206,32,75064,1,0,367977,247872,0,138,283,1,3,60,828522,2167,75064,22,24,6373,0,-83,-2147483648,325365,4294967295,0,0
3223248772,3223.248772,159964,159932,159932,0,6,8,49166,0,49174,0,0,11,0,0,219,219,32,75064,1,0,367977,247892,0,244,283,1,3,60,828522,2164,75064,22,24,6374,0,-82,-2147483648,73354,4294967295,0,0
3223498772,3223.498772,159976,159944,159944,0,6,8,49166,0,49174,0,0,11,0,0,231,231,32,75064,1,0,367977,247910,0,244,283,1,3,60,828522,2167,75064,22,24,6374,0,-82,-2147483648,323354,4294967295,0,0
3223748772,3223.748772,159989,159957,159957,0,6,8,49166,0,49174,0,0,11,0,0,244,244,32,75064,1,0,367977,247931,0,139,283,1,3,60,828522,2164,75064,22,24,6375,0,-82,-2147483648,71907,4294967295,0,0
3223998774,3223.998774,160001,159969,159969,0,5,8,49166,0,49174,0,0,11,0,0,0,0,32,75064,1,0,367977,247949,0,244,283,1,3,60,828522,2167,75064,22,24,6375,0,-82,-2147483648,321909,4294967295,0,0
3224248774,3224.248774,160014,159982,159982,0,6,8,49166,0,49174,0,0,11,0,0,13,13,32,75064,1,0,367977,247969,0,244,283,1,3,60,828522,2164,75064,22,24,6376,0,-81,-2147483648,70661,4294967295,0,0
3224498774,3224.498774,160026,159994,159994,0,6,8,49166,0,49174,0,0,11,0,0,25,25,32,75064,1,0,367977,247987,0,244,283,1,3,60,828522,2167,75064,22,24,6376,0,-81,-2147483648,320661,4294967295,0,0
3224748774,3224.748774,160039,160007,160007,0,6,8,49166,0,49174,0,0,11,0,0,38,38,32,75064,1,0,367977,248008,0,247,283,1,3,60,828522,1164,75064,21,24,6377,0,-81,-2147483648,68892,4294967295,0,0
3224998774,3224.998774,160051,160019,160019,0,6,8,49166,0,49174,0,0,11,0,0,50,50,32,75064,1,0,367977,248026,0,246,283,1,3,2,828522,2167,75064,22,24,6377,0,-81,-2147483648,318892,4294967295,0,0
3225248774,3225.248774,160064,160032,160032,0,6,8,49166,0,49174,0,0,11,0,0,63,63,32,75064,1,0,367977,248046,0,244,283,1,3,60,828522,2164,75064,22,24,6378,0,-83,-2147483648,67281,4294967295,0,0
3225498776,3225.498776,160076,160044,160044,0,6,8,49166,0,49174,0,0,11,0,0,75,75,32,75064,1,0,367977,248064,0,244,283,1,3,2,828522,2167,75064,22,24,6378,0,-83,-2147483648,317283,4294967295,0,0
3225748777,3225.748777,160089,160057,160057,0,6,8,49166,0,49174,0,0,11,0,0,88,88,32,75064,1,0,367977,248085,0,138,283,1,3,60,828522,2164,75064,22,24,6379,0,-81,-2147483648,55145,4294967295,0,0
3225998777,3225.998777,160101,160069,160069,0,5,8,49166,0,49174,0,0,11,0,0,100,100,32,75064,1,0,367977,248103,0,245,283,1,3,60,828522,2167,75064,21,24,6379,0,-81,-2147483648,305145,4294967295,0,0
3226248777,3226.248777,160114,160082,160082,0,6,8,49166,0,49174,0,0,11,0,0,113,113,32,75064,1,0,367977,248123,0,245,283,1,3,60,828522,2164,75064,21,24,6380,0,-82,-2147483648,54896,4294967295,0,0
3226498778,3226.498778,160126,160094,160094,0,6,8,49166,0,49174,0,0,11,0,0,125,125,32,75064,1,0,367977,248141,0,244,283,1,3,60,828522,2167,75064,22,24,6380,0,-82,-2147483648,304897,4294967295,0,0
3226748779,3226.748779,160139,160107,160107,0,5,8,49166,0,49174,0,0,11,0,0,138,138,32,75064,1,0,367977,248162,0,138,283,1,3,60,828522,2164,75064,22,24,6381,0,-85,-2147483648,54467,4294967295,0,0
3226998779,3226.998779,160151,160119,160119,0,6,8,49166,0,49174,0,0,11,0,0,150,150,32,75064,1,0,367977,248180,0,139,283,1,3,60,828522,2167,75064,21,24,6381,0,-85,-2147483648,304467,4294967295,0,0
3227248780,3227.248780,160164,160132,160132,0,6,8,49166,0,49174,0,0,11,0,0,163,163,32,75064,1,0,367977,248200,0,244,283,1,3,60,828522,2164,75064,22,24,6382,0,-82,-2147483648,52183,4294967295,0,0
3227498781,3227.498781,160176,160144,160144,0,6,8,49166,0,49174,0,0,11,0,0,175,175,32,75064,1,0,367977,248218,0,244,283,1,3,60,828522,2167,75064,22,24,6382,0,-82,-2147483648,302184,4294967295,0,0
3227748783,3227.748783,160189,160157,160157,0,6,8,49166,0,49174,0,0,11,0,0,188,188,32,75064,1,0,367977,248239,0,245,283,1,3,61,828522,2164,75064,22,24,6383,0,-81,-2147483648,52006,4294967295,0,0
3227998785,3227.998785,160201,160169,160169,0,5,8,49166,0,49174,0,0,11,0,0,200,200,32,75064,1,0,367977,248257,0,244,283,1,3,60,828522,2168,75064,22,24,6383,0,-81,-2147483648,302008,4294967295,0,0
3228248787,3228.248787,160214,160182,160182,0,6,8,49166,0,49174,0,0,11,0,0,213,213,32,75064,1,0,367977,248277,0,244,283,1,3,2,828522,2164,75064,21,24,6384,0,-81,-2147483648,51857,4294967295,0,0
3228498787,3228.498787,160226,160194,160194,0,6,8,49166,0,49174,0,0,11,0,0,225,225,32,75064,1,0,367977,248295,0,244,283,1,3,60,828522,2167,75064,21,24,6384,0,-81,-2147483648,301857,4294967295,0,0
3228748788,3228.748788,160239,160207,160207,0,6,8,49166,0,49174,0,0,11,0,0,238,238,32,75064,1,0,367977,248316,0,138,283,1,3,60,828522,2164,75064,21,24,6385,0,-81,-2147483648,50842,4294967295,0,0
3228998790,3228.998790,160251,160219,160219,0,6,8,49166,0,49174,0,0,11,0,0,250,250,32,75064,1,0,367977,248334,0,138,283,0,3,61,828522,1168,75064,21,24,6385,0,-81,-2147483648,300844,4294967295,0,0
3229248790,3229.248790,160264,160232,160232,0,6,8,49166,0,49174,0,0,11,0,0,7,7,32,75064,1,0,367977,248354,0,244,283,1,3,60,828522,2164,75064,22,24,6386,0,-82,-2147483648,48542,4294967295,0,0
3229498790,3229.498790,160276,160244,160244,0,6,8,49166,0,49174,0,0,11,0,0,19,19,32,75064,1,0,367977,248372,0,244,283,1,3,2,828522,2167,75064,22,24,6386,0,-82,-2147483648,298542,4294967295,0,0
3229748790,3229.748790,160289,160257,160257,0,6,8,49166,0,49174,0,0,11,0,0,32,32,32,75064,1,0,367977,248393,0,244,283,1,3,60,828522,2164,75064,22,24,6387,0,-84,-2147483648,36833,4294967295,0,0
3229998792,3229.998792,160301,160269,160269,0,6,8,49166,0,49174,0,0,11,0,0,44,44,32,75064,1,0,367977,248411,0,245,283,1,3,60,828522,2167,75064,21,24,6387,0,-84,-2147483648,286835,4294967295,0,0
3230248793,3230.248793,160314,160282,160282,0,6,8,49166,0,49174,0,0,11,0,0,57,57,32,75064,1,0,367977,248431,0,244,283,1,3,60,828522,2164,75064,22,24,6388,0,-83,-2147483648,36176,4294967295,0,0
3230498794,3230.498794,160326,160294,160294,0,6,8,49166,0,49174,0,0,11,0,0,69,69,32,75064,1,0,367977,248449,0,244,283,1,3,60,828522,2167,75064,21,24,6388,0,-83,-2147483648,286177,4294967295,0,0
3230748794,3230.748794,160339,160307,160307,0,5,8,49166,0,49174,0,0,11,0,0,82,82,32,75064,1,0,367977,248470,0,280,283,1,3,60,828522,2164,75064,22,24,6389,0,-88,-2147483648,36175,4294967295,0,0
3230998796,3230.998796,160351,160319,160319,0,6,8,49166,0,49174,0,0,11,0,0,94,94,32,75064,1,0,367977,248488,0,247,283,1,3,60,828522,2168,75064,21,24,6389,0,-88,-2147483648,286177,4294967295,0,0
3231248796,3231.248796,160364,160332,160332,0,6,8,49166,0,49174,0,0,11,0,0,107,107,32,75064,1,0,367977,248508,0,244,283,1,3,60,828522,2164,75064,22,24,6390,0,-86,-2147483648,35607,4294967295,0,0
3231498798,3231.498798,160376,160344,160344,0,6,8,49166,0,49174,0,0,11,0,0,119,119,32,75064,1,0,367977,248526,0,244,283,1,3,60,828522,2167,75064,22,24,6390,0,-86,-2147483648,285609,4294967295,0,0
3231748798,3231.748798,160389,160357,160357,0,6,8,49166,0,49174,0,0,11,0,0,132,132,32,75064,1,0,367977,248547,0,244,283,1,3,60,828522,2164,75064,22,24,6391,0,-87,-2147483648,33688,4294967295,0,0
3231998798,3231.998798,160401,160369,160369,0,6,8,49166,0,49174,0,0,11,0,0,144,144,32,75064,1,0,367977,248565,0,244,283,1,3,2,828522,2167,75064,22,24,6391,0,-87,-2147483648,283688,4294967295,0,0
3232248798,3232.248798,160414,160382,160382,0,6,8,49166,0,49174,0,0,11,0,0,157,157,32,75064,1,0,367977,248585,0,244,283,0,3,60,828522,2165,75064,22,24,6392,0,-87,-2147483648,32809,4294967295,0,0
3232498800,3232.498800,160426,160394,160394,0,6,8,49166,0,49174,0,0,11,0,0,169,169,32,75064,1,0,367977,248603,0,244,283,1,3,60,828522,2167,75064,22,24,6392,0,-87,-2147483648,282811,4294967295,0,0
3232748801,3232.748801,160439,160407,160407,0,5,8,49166,0,49174,0,0,11,0,0,182,182,32,75064,1,0,367977,248624,0,246,283,1,3,60,828522,2164,75064,22,24,6393,0,-85,-2147483648,32223,4294967295,0,0
3232998803,3232.998803,160451,160419,160419,0,6,8,49166,0,49174,0,0,11,0,0,194,194,32,75064,1,0,367977,248642,0,138,283,1,3,60,828522,2167,75064,22,24,6393,0,-85,-2147483648,282225,4294967295,0,0
3233248805,3233.248805,160464,160432,160432,0,6,8,49166,0,49174,0,0,11,0,0,207,207,32,75064,1,0,367977,248662,0,244,283,1,3,60,828522,2164,75064,21,24,6394,0,-85,-2147483648,31438,4294967295,0,0
3233498805,3233.498805,160476,160444,160444,0,6,8,49166,0,49174,0,0,11,0,0,219,219,32,75064,1,0,367977,248680,0,244,283,1,3,60,828522,2167,75064,22,24,6394,0,-85,-2147483648,281438,4294967295,0,0
3233748806,3233.748806,160489,160457,160457,0,6,8,49166,0,49174,0,0,11,0,0,232,232,32,75064,1,0,367977,248701,0,138,283,1,3,60,828522,2164,75064,21,24,6395,0,-87,-2147483648,29943,4294967295,0,0
3233998808,3233.998808,160501,160469,160469,0,6,8,49166,0,49174,0,0,11,0,0,244,244,32,75064,1,0,367977,248719,0,138,283,1,3,60,828522,2167,75064,22,24,6395,0,-87,-2147483648,279945,4294967295,0,0
3234248810,3234.248810,160514,160482,160482,0,6,8,49166,0,49174,0,0,11,0,0,1,1,32,75064,1,0,367977,248739,0,244,283,1,3,60,828522,1164,75064,22,24,6396,0,-91,-2147483648,29572,4294967295,0,0
3234498812,3234.498812,160526,160494,160494,0,6,8,49166,0,49174,0,0,11,0,0,13,13,32,75064,1,0,367977,248757,0,244,283,1,3,60,828522,2167,75064,22,24,6396,0,-91,-2147483648,279574,4294967295,0,0
3234748814,3234.748814,160539,160507,160507,0,6,8,49166,0,49174,0,0,11,0,0,26,26,32,75064,1,0,367977,248778,0,245,283,1,3,60,828522,2164,75064,21,24,6397,0,-85,-2147483648,28784,4294967295,0,0
3234998814,3234.998814,160551,160519,160519,0,6,8,49166,0,49174,0,0,11,0,0,38,38,32,75064,1,0,367977,248796,0,244,283,1,3,60,828522,2167,75064,22,24,6397,0,-85,-2147483648,278784,4294967295,0,0
3235248814,3235.248814,160564,160532,160532,0,6,8,49166,0,49174,0,0,11,0,0,51,51,32,75064,1,0,367977,248816,0,244,283,1,3,60,828522,2164,75064,22,24,6398,0,-87,-2147483648,17055,4294967295,0,0
3235498814,3235.498814,160576,160544,160544,0,6,8,49166,0,49174,0,0,11,0,0,63,63,32,75064,1,0,367977,248834,0,244,283,1,3,60,828522,2167,75064,22,24,6398,0,-87,-2147483648,267055,4294967295,0,0
3235748814,3235.748814,160589,160557,160557,0,6,8,49166,0,49174,0,0,11,0,0,76,76,32,75064,1,0,367977,248855,0,245,283,1,3,60,828522,2164,75064,21,24,6399,0,-92,-2147483648,16154,4294967295,0,0
3235998814,3235.998814,160601,160569,160569,0,6,8,49166,0,49174,0,0,11,0,0,88,88,32,75064,1,0,367977,248873,0,138,283,1,3,60,828522,2167,75064,22,24,6399,0,-92,-2147483648,266154,4294967295,0,0
3236248815,3236.248815,160614,160582,160582,0,6,8,49166,0,49174,0,0,11,0,0,101,101,32,75064,1,0,367977,248893,0,244,283,1,3,60,828522,2164,75064,22,24,6400,0,-87,-2147483648,16141,4294967295,0,0
3236498815,3236.498815,160626,160594,160594,0,6,8,49166,0,49174,0,0,11,0,0,113,113,32,75064,1,0,367977,248911,0,244,283,1,3,60,828522,2167,75064,22,24,6400,0,-87,-2147483648,266141,4294967295,0,0
3236748817,3236.748817,160639,160607,160607,0,6,8,49166,0,49174,0,0,11,0,0,126,126,32,75064,1,0,367977,248932,0,244,283,1,3,61,828522,2164,75064,22,24,6401,0,-93,-2147483648,16128,4294967295,0,0
3236998818,3236.998818,160651,160619,160619,0,6,8,49166,0,49174,0,0,11,0,0,138,138,32,75064,1,0,367977,248950,0,244,283,1,3,60,828522,2167,75064,21,24,6401,0,-93,-2147483648,266129,4294967295,0,0
3237248820,3237.248820,160664,160632,160632,0,6,8,49166,0,49174,0,0,11,0,0,151,151,32,75064,1,0,367977,248970,0,244,283,1,3,61,828522,2164,75064,22,24,6402,0,-89,-2147483648,13904,4294967295,0,0
3237498822,3237.498822,160676,160644,160644,0,6,8,49166,0,49174,0,0,11,0,0,163,163,32,75064,1,0,367977,248988,0,244,283,1,3,60,828522,2167,75064,22,24,6402,0,-89,-2147483648,263906,4294967295,0,0
3237748823,3237.748823,160689,160657,160657,0,6,8,49166,0,49174,0,0,11,0,0,176,176,32,75064,1,0,367977,249009,0,245,283,1,3,60,828522,2164,75064,21,24,6403,0,-85,-2147483648,13038,4294967295,0,0
3237998823,3237.998823,160701,160669,160669,0,6,8,49166,0,49174,0,0,11,0,0,188,188,32,75064,1,0,367977,249027,0,138,283,1,3,2,828522,2167,75064,21,24,6403,0,-85,-2147483648,263038,4294967295,0,0
3238248824,3238.248824,160714,160682,160682,0,6,8,49166,0,49174,0,0,11,0,0,201,201,32,75064,1,0,367977,249047,0,244,283,1,3,60,828522,1164,75064,22,24,6404,0,-88,-2147483648,11998,4294967295,0,0
3238498824,3238.498824,160726,160694,160694,0,6,8,49166,0,49174,0,0,11,0,0,213,213,32,75064,1,0,367977,249065,0,244,283,0,3,61,828522,2167,75064,22,24,6404,0,-88,-2147483648,261998,4294967295,0,0
3238748824,3238.748824,160739,160707,160707,0,5,8,49166,0,49174,0,0,11,0,0,226,226,32,75064,1,0,367977,249086,0,244,283,1,3,60,828522,2164,75064,22,24,6405,0,-84,-2147483648,11420,4294967295,0,0
3238998824,3238.998824,160751,160719,160719,0,6,8,49166,0,49174,0,0,11,0,0,238,238,32,75064,1,0,367977,249104,0,247,283,1,3,60,828522,1167,75064,21,24,6405,0,-84,-2147483648,261420,4294967295,0,0
3239248826,3239.248826,160764,160732,160732,0,6,8,49166,0,49174,0,0,11,0,0,251,251,32,75064,1,0,367977,249124,0,244,283,1,3,60,828522,2164,75064,22,24,6406,0,-85,-2147483648,9453,4294967295,0,0
3239498828,3239.498828,160776,160744,160744,0,6,8,49166,0,49174,0,0,11,0,0,7,7,32,75064,1,0,367977,249142,0,244,283,1,3,60,828522,2167,75064,22,24,6406,0,-85,-2147483648,259455,4294967295,0,0
3239748830,3239.748830,160789,160757,160757,0,6,8,49166,0,49174,0,0,11,0,0,20,20,32,75064,1,0,367977,249162,0,246,283,1,3,61,828522,2164,75064,21,24,6406,0,-85,-2147483648,509457,4294967295,0,0
3239998830,3239.998830,160801,160769,160769,0,5,8,49166,0,49174,0,0,11,0,0,32,32,32,75064,1,0,367977,249181,0,245,283,1,3,60,828522,2167,75064,21,24,6407,0,-81,-2147483648,246475,4294967295,0,0
3240248831,3240.248831,160814,160782,160782,0,6,8,49166,0,49174,0,0,11,0,0,45,45,32,75064,1,0,367977,249200,0,244,283,1,3,60,828522,2164,75064,22,24,6407,0,-81,-2147483648,496476,4294967295,0,0
3240498833,3240.498833,160826,160794,160794,0,6,8,49166,0,49174,0,0,11,0,0,57,57,32,75064,1,0,367977,249219,0,244,283,1,3,60,828522,2167,75064,22,24,6408,0,-85,-2147483648,246306,4294967295,0,0
3240748834,3240.748834,160839,160807,160807,0,6,8,49166,0,49174,0,0,11,0,0,70,70,32,75064,1,0,367977,249239,0,246,283,1,3,60,828522,2164,75064,22,24,6408,0,-85,-2147483648,496307,4294967295,0,0
3240998836,3240.998836,160851,160819,160819,0,6,8,49166,0,49174,0,0,11,0,0,82,82,32,75064,1,0,367977,249258,0,245,283,1,3,60,828522,2167,75064,21,24,6409,0,-89,-2147483648,245111,4294967295,0,0
3241248838,3241.248838,160864,160832,160832,0,6,8,49166,0,49174,0,0,11,0,0,95,95,32,75064,1,0,367977,249277,0,244,283,0,3,61,828522,2165,75064,22,24,6409,0,-89,-2147483648,495113,4294967295,0,0
3241498838,3241.498838,160876,160844,160844,0,6,8,49166,0,49174,0,0,11,0,0,107,107,32,75064,1,0,367977,249296,0,244,283,1,3,60,828522,2167,75064,22,24,6410,0,-85,-2147483648,244038,4294967295,0,0
3241748839,3241.748839,160889,160857,160857,0,6,8,49166,0,49174,0,0,11,0,0,120,120,32,75064,1,0,367977,249316,0,244,283,1,3,60,828522,2164,75064,22,24,6410,0,-85,-2147483648,494039,4294967295,0,0
3241998841,3241.998841,160901,160869,160869,0,6,8,49166,0,49174,0,0,11,0,0,132,132,32,75064,1,0,367977,249335,0,244,283,1,3,60,828522,2167,75064,22,24,6411,0,-78,-2147483648,244055,4294967295,0,0
3242248841,3242.248841,160914,160882,160882,0,6,8,49166,0,49174,0,0,11,0,0,145,145,32,75064,1,0,367977,249354,0,244,283,1,3,60,828522,2164,75064,22,24,6411,0,-78,-2147483648,494055,4294967295,0,0
3242498843,3242.498843,160926,160894,160894,0,6,8,49166,0,49174,0,0,11,0,0,157,157,32,75064,1,0,367977,249373,0,244,283,1,3,60,828522,2167,75064,21,24,6412,0,-81,-2147483648,243327,4294967295,0,0
3242748844,3242.748844,160939,160907,160907,0,6,8,49166,0,49174,0,0,11,0,0,170,170,32,75064,1,0,367977,249393,0,245,283,1,3,60,828522,2164,75064,22,24,6412,0,-81,-2147483648,493328,4294967295,0,0
3242998845,3242.998845,160951,160919,160919,0,6,8,49166,0,49174,0,0,11,0,0,182,182,32,75064,1,0,367977,249412,0,245,283,1,3,60,828522,2167,75064,21,24,6413,0,-78,-2147483648,242149,4294967295,0,0
3243248847,3243.248847,160964,160932,160932,0,6,8,49166,0,49174,0,0,11,0,0,195,195,32,75064,1,0,367977,249431,0,244,283,1,3,60,828522,1164,75064,22,24,6413,0,-78,-2147483648,492151,4294967295,0,0
3243498849,3243.498849,160976,160944,160944,0,6,8,49166,0,49174,0,0,11,0,0,207,207,32,75064,1,0,367977,249450,0,244,283,1,3,60,828522,1167,75064,22,24,6414,0,-81,-2147483648,241314,4294967295,0,0
3243748849,3243.748849,160989,160957,160957,0,6,8,49166,0,49174,0,0,11,0,0,220,220,32,75064,1,0,367977,249470,0,244,283,1,3,60,828522,2164,75064,22,24,6414,0,-81,-2147483648,491314,4294967295,0,0
3243998849,3243.998849,161001,160969,160969,0,6,8,49166,0,49174,0,0,11,0,0,232,232,32,75064,1,0,367977,249489,0,245,283,1,3,61,828522,1167,75064,21,24,6415,0,-84,-2147483648,241042,4294967295,0,0
3244248850,3244.248850,161014,160982,160982,0,6,8,49166,0,49174,0,0,11,0,0,245,245,32,75064,1,0,367977,249508,0,244,283,1,3,60,828522,2164,75064,22,24,6415,0,-84,-2147483648,491043,4294967295,0,0
3244498850,3244.498850,161026,160994,160994,0,6,8,49166,0,49174,0,0,11,0,0,1,1,32,75064,1,0,367977,249527,0,280,283,1,3,60,828522,1167,75064,21,24,6416,0,-78,-2147483648,239929,4294967295,0,0
3244748851,3244.748851,161039,161007,161007,0,5,8,49166,0,49174,0,0,11,0,0,14,14,32,75064,1,0,367977,249547,0,245,283,1,3,60,828522,2164,75064,21,24,6416,0,-78,-2147483648,489930,4294967295,0,0
3244998853,3244.998853,161051,161019,161019,0,6,8,49166,0,49174,0,0,11,0,0,26,26,32,75064,1,0,367977,249566,0,244,283,1,3,60,828522,1167,75064,22,24,6417,0,-78,-2147483648,239665,4294967295,0,0
3245248853,3245.248853,161064,161032,161032,0,6,8,49166,0,49174,0,0,11,0,0,39,39,32,75064,1,0,367977,249585,0,244,283,1,3,60,828522,2164,75064,22,24,6417,0,-78,-2147483648,489665,4294967295,0,0
3245498854,3245.498854,161076,161044,161044,0,6,8,49166,0,49174,0,0,11,0,0,51,51,32,75064,1,0,367977,249604,0,244,283,1,3,61,828522,2167,75064,22,24,6418,0,-78,-2147483648,227412,4294967295,0,0
3245748854,3245.748854,161089,161057,161057,0,5,8,49166,0,49174,0,0,11,0,0,64,64,32,75064,1,0,367977,249624,0,244,283,1,3,60,828522,2164,75064,22,24,6418,0,-78,-2147483648,477412,4294967295,0,0
3245998855,3245.998855,161101,161069,161069,0,6,8,49166,0,49174,0,0,11,0,0,76,76,32,75064,1,0,367977,249643,0,245,283,1,3,60,828522,1167,75064,21,24,6419,0,-76,-2147483648,226487,4294967295,0,0
3246248855,3246.248855,161114,161082,161082,0,6,8,49166,0,49174,0,0,11,0,0,89,89,32,75064,1,0,367977,249662,0,244,283,1,3,60,828522,2164,75064,22,24,6419,0,-76,-2147483648,476487,4294967295,0,0
3246498855,3246.498855,161126,161094,161094,0,6,8,49166,0,49174,0,0,11,0,0,101,101,32,75064,1,0,367977,249681,0,244,283,1,3,60,828522,2167,75064,22,24,6420,0,-77,-2147483648,226255,4294967295,0,0
3246748855,3246.748855,161139,161107,161107,0,6,8,49166,0,49174,0,0,11,0,0,114,114,32,75064,1,0,367977,249701,0,244,283,0,3,61,828522,2165,75064,21,24,6420,0,-77,-2147483648,476255,4294967295,0,0
3246998856,3246.998856,161151,161119,161119,0,6,8,49166,0,49174,0,0,11,0,0,126,126,32,75064,1,0,367977,249720,0,244,283,1,3,60,828522,2167,75064,22,24,6421,0,-77,-2147483648,224235,4294967295,0,0
3247248857,3247.248857,161164,161132,161132,0,6,8,49166,0,49174,0,0,11,0,0,139,139,32,75064,1,0,367977,249739,0,245,283,1,3,1,828522,2164,75064,21,24,6421,0,-77,-2147483648,474236,4294967295,0,0
3247498858,3247.498858,161176,161144,161144,0,6,8,49166,0,49174,0,0,11,0,0,151,151,32,75064,1,0,367977,249758,0,244,283,1,3,60,828522,2167,75064,22,24,6422,0,-76,-2147483648,222932,4294967295,0,0
3247748859,3247.748859,161189,161157,161157,0,5,8,49166,0,49174,0,0,11,0,0,164,164,32,75064,1,0,367977,249778,0,244,283,1,3,60,828522,2164,75064,22,24,6422,0,-76,-2147483648,472933,4294967295,0,0
3247998859,3247.998859,161201,161169,161169,0,6,8,49166,0,49174,0,0,11,0,0,176,176,32,75064,1,0,367977,249797,0,244,283,1,3,60,828522,2167,75064,22,24,6423,0,-78,-2147483648,221935,4294967295,0,0
3248248860,3248.248860,161214,161182,161182,0,6,8,49166,0,49174,0,0,11,0,0,189,189,32,75064,1,0,367977,249816,0,245,283,1,3,60,828522,2164,75064,22,24,6423,0,-78,-2147483648,471936,4294967295,0,0
3248498862,3248.498862,161226,161194,161194,0,6,8,49166,0,49174,0,0,11,0,0,201,201,32,75064,1,0,367977,249835,0,245,283,1,3,60,828522,2167,75064,21,24,6424,0,-77,-2147483648,221801,4294967295,0,0
3248748863,3248.748863,161239,161207,161207,0,6,8,49166,0,49174,0,0,11,0,0,214,214,32,75064,1,0,367977,249855,0,244,283,1,3,61,828522,2164,75064,22,24,6424,0,-77,-2147483648,471802,4294967295,0,0
3248998865,3248.998865,161251,161219,161219,0,6,8,49166,0,49174,0,0,11,0,0,226,226,32,75064,1,0,367977,249874,0,244,283,1,3,60,828522,2167,75064,22,24,6425,0,-77,-2147483648,219726,4294967295,0,0
3249248865,3249.248865,161264,161232,161232,0,6,8,49166,0,49174,0,0,11,0,0,239,239,32,75064,1,0,367977,249893,0,244,283,1,3,61,828522,2164,75064,22,24,6425,0,-77,-2147483648,469726,4294967295,0,0
3249498866,3249.498866,161276,161244,161244,0,6,8,49166,0,49174,0,0,11,0,0,251,251,32,75064,1,0,367977,249912,0,245,283,1,3,60,828522,1167,75064,22,24,6426,0,-76,-2147483648,207981,4294967295,0,0
3249748868,3249.748868,161289,161257,161257,0,6,8,49166,0,49174,0,0,11,0,0,8,8,32,75064,1,0,367977,249932,0,244,283,1,3,60,828522,2164,75064,22,24,6426,0,-76,-2147483648,457983,4294967295,0,0
3249998868,3249.998868,161301,161269,161269,0,6,8,49166,0,49174,0,0,11,0,0,20,20,32,75064,1,0,367977,249951,0,244,283,0,3,61,828522,2168,75064,22,24,6427,0,-77,-2147483648,206262,4294967295,0,0
3250248870,3250.248870,161314,161282,161282,0,6,8,49166,0,49174,0,0,11,0,0,33,33,32,75064,1,0,367977,249970,0,245,283,0,3,61,828522,2164,75064,21,24,6427,0,-77,-2147483648,456264,4294967295,0,0
3250498872,3250.498872,161326,161294,161294,0,6,8,49166,0,49174,0,0,11,0,0,45,45,32,75064,1,0,367977,249989,0,280,283,1,3,60,828522,2167,75064,21,24,6428,0,-77,-2147483648,205536,4294967295,0,0
3250748873,3250.748873,161339,161307,161307,0,6,8,49166,0,49174,0,0,11,0,0,58,58,32,75064,1,0,367977,250009,0,246,283,1,3,60,828522,2164,75064,22,24,6428,0,-77,-2147483648,455537,4294967295,0,0
3250998873,3250.998873,161351,161319,161319,0,6,8,49166,0,49174,0,0,11,0,0,70,70,32,75064,1,0,367977,250028,0,245,283,1,3,60,828522,1167,75064,21,24,6429,0,-77,-2147483648,204422,4294967295,0,0
3251248874,3251.248874,161364,161332,161332,0,6,8,49166,0,49174,0,0,11,0,0,83,83,32,75064,1,0,367977,250047,0,244,283,1,3,60,828522,2164,75064,22,24,6429,0,-77,-2147483648,454423,4294967295,0,0
3251498874,3251.498874,161376,161344,161344,0,6,8,49166,0,49174,0,0,11,0,0,95,95,32,75064,1,0,367977,250066,0,244,283,1,3,60,828522,2167,75064,22,24,6430,0,-77,-2147483648,202712,4294967295,0,0
3251748874,3251.748874,161389,161357,161357,0,6,8,49166,0,49174,0,0,11,0,0,108,108,32,75064,1,0,367977,250086,0,244,283,1,3,60,828522,2164,75064,22,24,6430,0,-77,-2147483648,452712,4294967295,0,0
3251998875,3251.998875,161401,161369,161369,0,6,8,49166,0,49174,0,0,11,0,0,120,120,32,75064,1,0,367977,250105,0,245,283,1,3,2,828522,2167,75064,21,24,6431,0,-77,-2147483648,202276,4294967295,0,0
3252248877,3252.248877,161414,161382,161382,0,6,8,49166,0,49174,0,0,11,0,0,133,133,32,75064,1,0,367977,250124,0,244,283,1,3,60,828522,2164,75064,21,24,6431,0,-77,-2147483648,452278,4294967295,0,0
3252498877,3252.498877,161426,161394,161394,0,6,8,49166,0,49174,0,0,11,0,0,145,145,32,75064,1,0,367977,250143,0,244,283,1,3,60,828522,2167,75064,22,24,6432,0,-77,-2147483648,200444,4294967295,0,0
3252748877,3252.748877,161439,161407,161407,0,6,8,49166,0,49174,0,0,11,0,0,158,158,32,75064,1,0,367977,250163,0,279,283,1,3,60,828522,2164,75064,22,24,6432,0,-77,-2147483648,450444,4294967295,0,0
3252998878,3252.998878,161451,161419,161419,0,6,8,49166,0,49174,0,0,11,0,0,170,170,32,75064,1,0,367977,250182,0,246,283,1,3,60,828522,2167,75064,21,24,6433,0,-76,-2147483648,199994,4294967295,0,0
3253248880,3253.248880,161464,161432,161432,0,6,8,49166,0,49174,0,0,11,0,0,183,183,32,75064,1,0,367977,250201,0,244,283,1,3,60,828522,2164,75064,22,24,6433,0,-76,-2147483648,449996,4294967295,0,0
3253498881,3253.498881,161476,161444,161444,0,6,8,49166,0,49174,0,0,11,0,0,195,195,32,75064,1,0,367977,250220,0,244,283,1,3,60,828522,2167,75064,21,24,6434,0,-77,-2147483648,188754,4294967295,0,0
3253748881,3253.748881,161489,161457,161457,0,6,8,49166,0,49174,0,0,11,0,0,208,208,32,75064,1,0,367977,250240,0,245,283,1,3,60,828522,2164,75064,21,24,6434,0,-77,-2147483648,438754,4294967295,0,0
3253998881,3253.998881,161501,161469,161469,0,6,8,49166,0,49174,0,0,11,0,0,220,220,32,75064,1,0,367977,250259,0,246,283,1,3,60,828522,2167,75064,22,24,6435,0,-77,-2147483648,186689,4294967295,0,0
3254248882,3254.248882,161514,161482,161482,0,6,8,49166,0,49174,0,0,11,0,0,233,233,32,75064,1,0,367977,250278,0,244,283,1,3,60,828522,2164,75064,22,24,6435,0,-77,-2147483648,436690,4294967295,0,0
3254498883,3254.498883,161526,161494,161494,0,6,8,49166,0,49174,0,0,11,0,0,245,245,32,75064,1,0,367977,250297,0,244,283,1,3,60,828522,2167,75064,21,24,6436,0,-76,-2147483648,186643,4294967295,0,0
3254748883,3254.748883,161539,161507,161507,0,6,8,49166,0,49174,0,0,11,0,0,2,2,32,75064,1,0,367977,250317,0,244,283,1,3,60,828522,2164,75064,22,24,6436,0,-76,-2147483648,436643,4294967295,0,0
3254998883,3254.998883,161551,161519,161519,0,6,8,49166,0,49174,0,0,11,0,0,14,14,32,75064,1,0,367977,250336,0,245,283,1,3,60,828522,2167,75064,21,24,6437,0,-77,-2147483648,186472,4294967295,0,0
3255248884,3255.248884,161564,161532,161532,0,6,8,49166,0,49174,0,0,11,0,0,27,27,32,75064,1,0,367977,250355,0,244,283,1,3,1,828522,2164,75064,22,24,6437,0,-77,-2147483648,436473,4294967295,0,0
3255498885,3255.498885,161576,161544,161544,0,6,8,49166,0,49174,0,0,11,0,0,39,39,32,75064,1,0,367977,250374,0,244,283,1,3,1,828522,2167,75064,22,24,6438,0,-77,-2147483648,184359,4294967295,0,0
3255748887,3255.748887,161589,161557,161557,0,6,8,49166,0,49174,0,0,11,0,0,52,52,32,75064,1,0,367977,250394,0,244,283,1,3,60,828522,2164,75064,22,24,6438,0,-77,-2147483648,434361,4294967295,0,0
3255998887,3255.998887,161601,161569,161569,0,5,8,49166,0,49174,0,0,11,0,0,64,64,32,75064,1,0,367977,250413,0,245,283,1,3,61,828522,2167,75064,21,24,6439,0,-77,-2147483648,183288,4294967295,0,0
3256248887,3256.248887,161614,161582,161582,0,6,8,49166,0,49174,0,0,11,0,0,77,77,32,75064,1,0,367977,250432,0,245,283,1,3,2,828522,2164,75064,21,24,6439,0,-77,-2147483648,433288,4294967295,0,0
3256498888,3256.498888,161626,161594,161594,0,6,8,49166,0,49174,0,0,11,0,0,89,89,32,75064,1,0,367977,250451,0,244,283,1,3,60,828522,2167,75064,22,24,6440,0,-77,-2147483648,182118,4294967295,0,0
3256748890,3256.748890,161639,161607,161607,0,6,8,49166,0,49174,0,0,11,0,0,102,102,32,75064,1,0,367977,250471,0,244,283,1,3,2,828522,2164,75064,22,24,6440,0,-77,-2147483648,432120,4294967295,0,0
3256998890,3256.998890,161651,161619,161619,0,5,8,49166,0,49174,0,0,11,0,0,114,114,32,75064,1,0,367977,250490,0,245,283,1,3,60,828522,2167,75064,21,24,6441,0,-78,-2147483648,180597,4294967295,0,0
3257248892,3257.248892,161664,161632,161632,0,6,8,49166,0,49174,0,0,11,0,0,127,127,32,75064,1,0,367977,250509,0,244,283,1,3,2,828522,2164,75064,22,24,6441,0,-78,-2147483648,430599,4294967295,0,0
3257498892,3257.498892,161676,161644,161644,0,6,8,49166,0,49174,0,0,11,0,0,139,139,32,75064,1,0,367977,250528,0,244,283,1,3,60,828522,2167,75064,22,24,6442,0,-76,-2147483648,179579,4294967295,0,0
3257748893,3257.748893,161689,161657,161657,0,6,8,49166,0,49174,0,0,11,0,0,152,152,32,75064,1,0,367977,250548,0,246,283,1,3,60,828522,2164,75064,22,24,6442,0,-76,-2147483648,429580,4294967295,0,0
3257998894,3257.998894,161701,161669,161669,0,5,8,49166,0,49174,0,0,11,0,0,164,164,32,75064,1,0,367977,250567,0,245,283,1,3,2,828522,2167,75064,21,24,6443,0,-79,-2147483648,178611,4294967295,0,0
3258248895,3258.248895,161714,161682,161682,0,6,8,49166,0,49174,0,0,11,0,0,177,177,32,75064,1,0,367977,250586,0,244,283,1,3,60,828522,2164,75064,22,24,6443,0,-79,-2147483648,428612,4294967295,0,0
3258498897,3258.498897,161726,161694,161694,0,6,8,49166,0,49174,0,0,11,0,0,189,189,32,75064,1,0,367977,250605,0,244,283,1,3,60,828522,2167,75064,21,24,6444,0,-76,-2147483648,168029,4294967295,0,0
3258748897,3258.748897,161739,161707,161707,0,6,8,49166,0,49174,0,0,11,0,0,202,202,32,75064,1,0,367977,250625,0,246,283,1,3,60,828522,2164,75064,22,24,6444,0,-76,-2147483648,418029,4294967295,0,0
3258998897,3258.998897,161751,161719,161719,0,6,8,49166,0,49174,0,0,11,0,0,214,214,32,75064,1,0,367977,250644,0,244,283,1,3,60,828522,2167,75064,22,24,6445,0,-78,-2147483648,167965,4294967295,0,0
3259248897,3259.248897,161764,161732,161732,0,6,8,49166,0,49174,0,0,11,0,0,227,227,32,75064,1,0,367977,250663,0,245,283,1,3,61,828522,2164,75064,22,24,6445,0,-78,-2147483648,417965,4294967295,0,0
3259498899,3259.498899,161776,161744,161744,0,6,8,49166,0,49174,0,0,11,0,0,239,239,32,75064,1,0,367977,250682,0,244,283,1,3,1,828522,2167,75064,22,24,6446,0,-78,-2147483648,166699,4294967295,0,0
3259748901,3259.748901,161789,161757,161757,0,6,8,49166,0,49174,0,0,11,0,0,252,252,32,75064,1,0,367977,250702,0,246,283,1,3,60,828522,2164,75064,22,24,6446,0,-78,-2147483648,416701,4294967295,0,0
3259998902,3259.998902,161801,161769,161769,0,5,8,49166,0,49174,0,0,11,0,0,8,8,32,75064,1,0,367977,250721,0,246,283,0,3,60,828522,2167,75064,22,24,6447,0,-77,-2147483648,166694,4294967295,0,0
3260248904,3260.248904,161814,161782,161782,0,6,8,49166,0,49174,0,0,11,0,0,21,21,32,75064,1,0,367977,250740,0,244,283,0,3,61,828522,2165,75064,21,24,6447,0,-77,-2147483648,416696,4294967295,0,0
3260498905,3260.498905,161826,161794,161794,0,6,8,49166,0,49174,0,0,11,0,0,33,33,32,75064,1,0,367977,250759,0,245,283,1,3,60,828522,2167,75064,22,24,6448,0,-78,-2147483648,165713,4294967295,0,0
3260748905,3260.748905,161839,161807,161807,0,6,8,49166,0,49174,0,0,11,0,0,46,46,32,75064,1,0,367977,250779,0,244,283,1,3,60,828522,2164,75064,22,24,6448,0,-78,-2147483648,415713,4294967295,0,0
3260998905,3260.998905,161851,161819,161819,0,6,8,49166,0,49174,0,0,11,0,0,58,58,32,75064,1,0,367977,250798,0,245,283,1,3,60,828522,2167,75064,21,24,6449,0,-77,-2147483648,164565,4294967295,0,0
3261248905,3261.248905,161864,161832,161832,0,6,8,49166,0,49174,0,0,11,0,0,71,71,32,75064,1,0,367977,250817,0,244,283,1,3,60,828522,2164,75064,22,24,6449,0,-77,-2147483648,414565,4294967295,0,0
3261498907,3261.498907,161876,161844,161844,0,6,8,49166,0,49174,0,0,11,0,0,83,83,32,75064,1,0,367977,250836,0,245,283,1,3,60,828522,2167,75064,21,24,6450,0,-78,-2147483648,163441,4294967295,0,0
3261748909,3261.748909,161889,161857,161857,0,6,8,49166,0,49174,0,0,11,0,0,96,96,32,75064,1,0,367977,250856,0,244,283,1,3,60,828522,2164,75064,22,24,6450,0,-78,-2147483648,413443,4294967295,0,0
3261998910,3261.998910,161901,161869,161869,0,6,8,49166,0,49174,0,0,11,0,0,108,108,32,75064,1,0,367977,250875,0,280,283,0,3,61,828522,2167,75064,21,24,6451,0,-78,-2147483648,162550,4294967295,0,0
3262248912,3262.248912,161914,161882,161882,0,6,8,49166,0,49174,0,0,11,0,0,121,121,32,75064,1,0,367977,250894,0,244,283,1,3,60,828522,2164,75064,21,24,6451,0,-78,-2147483648,412552,4294967295,0,0
3262498914,3262.498914,161926,161894,161894,0,6,8,49166,0,49174,0,0,11,0,0,133,133,32,75064,1,0,367977,250913,0,244,283,0,3,2,828522,2167,75064,22,24,6452,0,-86,-2147483648,162172,4294967295,0,0
3262748916,3262.748916,161939,161907,161907,0,6,8,49166,0,49174,0,0,11,0,0,146,146,32,75064,1,0,367977,250933,0,244,283,1,3,60,828522,2164,75064,22,24,6452,0,-86,-2147483648,412174,4294967295,0,0
3262998916,3262.998916,161951,161919,161919,0,6,8,49166,0,49174,0,0,11,0,0,158,158,32,75064,1,0,367977,250952,0,244,283,1,3,60,828522,2168,75064,22,24,6453,0,-82,-2147483648,159915,4294967295,0,0
3263248916,3263.248916,161964,161932,161932,0,6,8,49166,0,49174,0,0,11,0,0,171,171,32,75064,1,0,367977,250971,0,244,283,1,3,60,828522,2164,75064,22,24,6453,0,-82,-2147483648,409915,4294967295,0,0
3263498916,3263.498916,161976,161944,161944,0,6,8,49166,0,49174,0,0,11,0,0,183,183,32,75064,1,0,367977,250990,0,244,283,0,3,2,828522,2167,75064,22,24,6454,0,-85,-2147483648,158775,4294967295,0,0
3263748917,3263.748917,161989,161957,161957,0,5,8,49166,0,49174,0,0,11,0,0,196,196,32,75064,1,0,367977,251010,0,245,283,1,3,60,828522,2164,75064,21,24,6454,0,-85,-2147483648,408776,4294967295,0,0
3263998919,3263.998919,162001,161969,161969,0,6,8,49166,0,49174,0,0,11,0,0,208,208,32,75064,1,0,367977,251029,0,244,283,1,3,60,828522,2167,75064,22,24,6455,0,-78,-2147483648,159213,4294967295,0,0
3264248921,3264.248921,162014,161982,161982,0,6,8,49166,0,49174,0,0,11,0,0,221,221,32,75064,1,0,367977,251048,0,279,283,1,3,60,828522,2164,75064,22,24,6455,0,-78,-2147483648,409215,4294967295,0,0
3264498922,3264.498922,162026,161994,161994,0,6,8,49166,0,49174,0,0,11,0,0,233,233,32,75064,1,0,367977,251067,0,244,283,1,3,2,828522,2167,75064,22,24,6456,0,-78,-2147483648,158494,4294967295,0,0
3264748923,3264.748923,162039,162007,162007,0,6,8,49166,0,49174,0,0,11,0,0,246,246,32,75064,1,0,367977,251087,0,244,283,1,3,2,828522,2164,75064,22,24,6456,0,-78,-2147483648,408495,4294967295,0,0
3264998925,3264.998925,162051,162019,162019,0,6,8,49166,0,49174,0,0,11,0,0,2,2,32,75064,1,0,367977,251106,0,244,283,1,3,60,828522,2167,75064,22,24,6457,0,-79,-2147483648,148149,4294967295,0,0
3265248925,3265.248925,162064,162032,162032,0,6,8,49166,0,49174,0,0,11,0,0,15,15,32,75064,1,0,367977,251125,0,244,283,1,3,60,828522,2164,75064,22,24,6457,0,-79,-2147483648,398149,4294967295,0,0
3265498925,3265.498925,162076,162044,162044,0,6,8,49166,0,49174,0,0,11,0,0,27,27,32,75064,1,0,367977,251144,0,244,283,1,3,1,828522,2167,75064,22,24,6458,0,-80,-2147483648,145883,4294967295,0,0
3265748926,3265.748926,162089,162057,162057,0,5,8,49166,0,49174,0,0,11,0,0,40,40,32,75064,1,0,367977,251164,0,244,283,1,3,60,828522,2164,75064,22,24,6458,0,-80,-2147483648,395884,4294967295,0,0
3265998926,3265.998926,162101,162069,162069,0,6,8,49166,0,49174,0,0,11,0,0,52,52,32,75064,1,0,367977,251183,0,244,283,1,3,60,828522,2167,75064,22,24,6459,0,-80,-2147483648,144977,4294967295,0,0
3266248928,3266.248928,162114,162082,162082,0,6,8,49166,0,49174,0,0,11,0,0,65,65,32,75064,1,0,367977,251202,0,244,283,1,3,60,828522,2164,75064,21,24,6459,0,-80,-2147483648,394979,4294967295,0,0
3266498930,3266.498930,162126,162094,162094,0,6,8,49166,0,49174,0,0,11,0,0,77,77,32,75064,1,0,367977,251221,0,244,283,1,3,2,828522,2167,75064,21,24,6460,0,-78,-2147483648,144965,4294967295,0,0
3266748931,3266.748931,162139,162107,162107,0,6,8,49166,0,49174,0,0,11,0,0,90,90,32,75064,1,0,367977,251241,0,244,283,1,3,60,828522,2164,75064,22,24,6460,0,-78,-2147483648,394966,4294967295,0,0
3266998931,3266.998931,162151,162119,162119,0,6,8,49166,0,49174,0,0,11,0,0,102,102,32,75064,1,0,367977,251260,0,245,283,1,3,60,828522,1167,75064,21,24,6461,0,-77,-2147483648,143743,4294967295,0,0
3267248932,3267.248932,162164,162132,162132,0,6,8,49166,0,49174,0,0,11,0,0,115,115,32,75064,1,0,367977,251279,0,244,283,1,3,60,828522,2164,75064,22,24,6461,0,-77,-2147483648,393744,4294967295,0,0
3267498934,3267.498934,162176,162144,162144,0,6,8,49166,0,49174,0,0,11,0,0,127,127,32,75064,1,0,367977,251299,0,138,283,1,3,1,828522,2167,75064,22,24,6462,0,-78,-2147483648,142365,4294967295,0,0
3267748934,3267.748934,162189,162157,162157,0,6,8,49166,0,49174,0,0,11,0,0,140,140,32,75064,1,0,367977,251318,0,244,283,1,3,60,828522,2164,75064,22,24,6462,0,-78,-2147483648,392365,4294967295,0,0
3267998936,3267.998936,162201,162169,162169,0,6,8,49166,0,49174,0,0,11,0,0,152,152,32,75064,1,0,367977,251337,0,244,283,1,3,60,828522,2167,75064,22,24,6463,0,-77,-2147483648,140585,4294967295,0,0
3268248938,3268.248938,162214,162182,162182,0,6,8,49166,0,49174,0,0,11,0,0,165,165,32,75064,1,0,367977,251356,0,244,283,1,3,60,828522,2164,75064,21,24,6463,0,-77,-2147483648,390587,4294967295,0,0
3268498938,3268.498938,162226,162194,162194,0,6,8,49166,0,49174,0,0,11,0,0,177,177,32,75064,1,0,367977,251375,0,244,283,1,3,265,828522,2167,75064,21,24,6464,0,-78,-2147483648,139605,4294967295,0,0
3268748940,3268.748940,162239,162207,162207,0,6,8,49166,0,49174,0,0,11,0,0,190,190,32,75064,1,0,367977,251395,0,244,283,1,3,60,828522,2164,75064,22,24,6464,0,-78,-2147483648,389607,4294967295,0,0
3268998940,3268.998940,162251,162219,162219,0,6,8,49166,0,49174,0,0,11,0,0,202,202,32,75064,1,0,367977,251414,0,245,283,1,3,60,828522,2167,75064,21,24,6465,0,-77,-2147483648,138744,4294967295,0,0
3269248942,3269.248942,162264,162232,162232,0,6,8,49166,0,49174,0,0,11,0,0,215,215,32,75064,1,0,367977,251433,0,244,283,0,3,60,828522,2164,75064,22,24,6465,0,-77,-2147483648,388746,4294967295,0,0
3269498942,3269.498942,162276,162244,162244,0,6,8,49166,0,49174,0,0,11,0,0,227,227,32,75064,1,0,367977,251452,0,244,283,1,3,264,828522,2167,75064,21,24,6466,0,-78,-2147483648,127318,4294967295,0,0
3269748943,3269.748943,162289,162257,162257,0,6,8,49166,0,49174,0,0,11,0,0,240,240,32,75064,1,0,367977,251472,0,244,283,1,3,61,828522,2164,75064,22,24,6466,0,-78,-2147483648,377319,4294967295,0,0
3269998945,3269.998945,162301,162269,162269,0,6,8,49166,0,49174,0,0,11,0,0,252,252,32,75064,1,0,367977,251491,0,245,283,1,3,60,828522,2167,75064,21,24,6467,0,-77,-2147483648,127162,4294967295,0,0
3270248946,3270.248946,162314,162282,162282,0,6,8,49166,0,49174,0,0,11,0,0,9,9,32,75064,1,0,367977,251510,0,280,283,1,3,60,828522,2165,75064,22,24,6467,0,-77,-2147483648,377163,4294967295,0,0
3270498948,3270.498948,162326,162294,162294,0,6,8,49166,0,49174,0,0,11,0,0,21,21,32,75064,1,0,367977,251529,0,244,283,0,3,265,828522,2167,75064,22,24,6468,0,-77,-2147483648,126771,4294967295,0,0
3270748949,3270.748949,162339,162307,162307,0,6,8,49166,0,49174,0,0,11,0,0,34,34,32,75064,1,0,367977,251549,0,244,283,1,3,60,828522,2164,75064,21,24,6468,0,-77,-2147483648,376772,4294967295,0,0
3270998951,3270.998951,162351,162319,162319,0,6,8,49166,0,49174,0,0,11,0,0,46,46,32,75064,1,0,367977,251568,0,244,283,0,3,60,828522,2167,75064,22,24,6469,0,-78,-2147483648,126158,4294967295,0,0
3271248953,3271.248953,162364,162332,162332,0,6,8,49166,0,49174,0,0,11,0,0,59,59,32,75064,1,0,367977,251587,0,245,283,0,3,61,828522,2164,75064,21,24,6469,0,-78,-2147483648,376160,4294967295,0,0
3271498955,3271.498955,162376,162344,162344,0,6,8,49166,0,49174,0,0,11,0,0,71,71,32,75064,1,0,367977,251607,0,138,283,0,3,2,828522,2167,75064,22,24,6470,0,-81,-2147483648,123991,4294967295,0,0
3271748955,3271.748955,162389,162357,162357,0,6,8,49166,0,49174,0,0,11,0,0,84,84,32,75064,1,0,367977,251626,0,245,283,1,3,60,828522,2164,75064,21,24,6470,0,-81,-2147483648,373991,4294967295,0,0
3271998955,3271.998955,162401,162369,162369,0,6,8,49166,0,49174,0,0,11,0,0,96,96,32,75064,1,0,367977,251645,0,245,283,0,3,61,828522,2168,75064,22,24,6471,0,-79,-2147483648,122817,4294967295,0,0
3272248956,3272.248956,162414,162382,162382,0,5,8,49166,0,49174,0,0,11,0,0,109,109,32,75064,1,0,367977,251664,0,245,283,1,3,60,828522,2164,75064,21,24,6471,0,-79,-2147483648,372818,4294967295,0,0
3272498957,3272.498957,162426,162394,162394,0,6,8,49166,0,49174,0,0,11,0,0,121,121,32,75064,1,0,367977,251684,0,139,283,0,3,61,828522,2167,75064,21,24,6472,0,-76,-2147483648,120781,4294967295,0,0
3272748957,3272.748957,162439,162407,162407,0,6,8,49166,0,49174,0,0,11,0,0,134,134,32,75064,1,0,367977,251703,0,244,283,1,3,60,828522,2164,75064,22,24,6472,0,-76,-2147483648,370781,4294967295,0,0
3272998959,3272.998959,162451,162419,162419,0,6,8,49166,0,49174,0,0,11,0,0,146,146,32,75064,1,0,367977,251722,0,245,283,1,3,60,828522,2167,75064,21,24,6473,0,-80,-2147483648,119788,4294967295,0,0
3273248959,3273.248959,162464,162432,162432,0,6,8,49166,0,49174,0,0,11,0,0,159,159,32,75064,1,0,367977,251741,0,244,283,0,3,61,828522,2164,75064,22,24,6473,0,-80,-2147483648,369788,4294967295,0,0
3273498960,3273.498960,162476,162444,162444,0,6,8,49166,0,49174,0,0,11,0,0,171,171,32,75064,1,0,367977,251761,0,137,283,0,3,61,828522,1167,75064,21,24,6474,0,-77,-2147483648,108372,4294967295,0,0
3273748960,3273.748960,162489,162457,162457,0,6,8,49166,0,49174,0,0,11,0,0,184,184,32,75064,1,0,367977,251780,0,244,283,1,3,60,828522,2164,75064,22,24,6474,0,-77,-2147483648,358372,4294967295,0,0
3273998962,3273.998962,162501,162469,162469,0,6,8,49166,0,49174,0,0,11,0,0,196,196,32,75064,1,0,367977,251799,0,244,283,1,3,60,828522,2167,75064,22,24,6475,0,-82,-2147483648,107532,4294967295,0,0
3274248962,3274.248962,162514,162482,162482,0,6,8,49166,0,49174,0,0,11,0,0,209,209,32,75064,1,0,367977,251818,0,244,283,1,3,60,828522,2164,75064,22,24,6475,0,-82,-2147483648,357532,4294967295,0,0
3274498964,3274.498964,162526,162494,162494,0,6,8,49166,0,49174,0,0,11,0,0,221,221,32,75064,1,0,367977,251838,0,138,283,0,3,61,828522,2167,75064,22,24,6476,0,-81,-2147483648,105295,4294967295,0,0
3274748966,3274.748966,162539,162507,162507,0,6,8,49166,0,49174,0,0,11,0,0,234,234,32,75064,1,0,367977,251857,0,244,283,0,3,61,828522,2164,75064,22,24,6476,0,-81,-2147483648,355297,4294967295,0,0
3274998966,3274.998966,162551,162519,162519,0,6,8,49166,0,49174,0,0,11,0,0,246,246,32,75064,1,0,367977,251876,0,245,283,1,3,60,828522,2167,75064,21,24,6477,0,-80,-2147483648,105252,4294967295,0,0
3275248966,3275.248966,162564,162532,162532,0,6,8,49166,0,49174,0,0,11,0,0,3,3,32,75064,1,0,367977,251895,0,245,283,1,3,60,828522,1164,75064,21,24,6477,0,-80,-2147483648,355252,4294967295,0,0
3275498968,3275.498968,162576,162544,162544,0,6,8,49166,0,49174,0,0,11,0,0,15,15,32,75064,1,0,367977,251915,0,138,283,1,3,60,828522,2167,75064,22,24,6478,0,-82,-2147483648,103661,4294967295,0,0
3275748969,3275.748969,162589,162557,162557,0,6,8,49166,0,49174,0,0,11,0,0,28,28,32,75064,1,0,367977,251934,0,244,283,1,3,60,828522,2164,75064,22,24,6478,0,-82,-2147483648,353662,4294967295,0,0
3275998969,3275.998969,162601,162569,162569,0,5,8,49166,0,49174,0,0,11,0,0,40,40,32,75064,1,0,367977,251953,0,245,283,1,3,60,828522,2167,75064,21,24,6479,0,-80,-2147483648,102256,4294967295,0,0
3276248971,3276.248971,162614,162582,162582,0,6,8,49166,0,49174,0,0,11,0,0,53,53,32,75064,1,0,367977,251972,0,244,283,1,3,60,828522,2164,75064,22,24,6479,0,-80,-2147483648,352258,4294967295,0,0
3276498971,3276.498971,162626,162594,162594,0,6,8,49166,0,49174,0,0,11,0,0,65,65,32,75064,1,0,367977,251992,0,138,283,1,3,60,828522,2167,75064,22,24,6480,0,-79,-2147483648,102127,4294967295,0,0
3276748972,3276.748972,162639,162607,162607,0,6,8,49166,0,49174,0,0,11,0,0,78,78,32,75064,1,0,367977,252011,0,244,283,1,3,60,828522,2164,75064,22,24,6480,0,-79,-2147483648,352128,4294967295,0,0
3276998972,3276.998972,162651,162619,162619,0,5,8,49166,0,49174,0,0,11,0,0,90,90,32,75064,1,0,367977,252030,0,281,283,0,3,61,828522,1167,75064,21,24,6481,0,-87,-2147483648,100987,4294967295,0,0
3277248972,3277.248972,162664,162632,162632,0,6,8,49166,0,49174,0,0,11,0,0,103,103,32,75064,1,0,367977,252049,0,244,283,1,3,60,828522,2164,75064,22,24,6481,0,-87,-2147483648,350987,4294967295,0,0
3277498973,3277.498973,162676,162644,162644,0,6,8,49166,0,49174,0,0,11,0,0,115,115,32,75064,1,0,367977,252069,0,138,283,0,3,63,828522,1925,75064,21,24,6482,0,-84,-2147483648,100212,4294967295,0,0
3277748975,3277.748975,162689,162657,162657,0,6,8,49166,0,49174,0,0,11,0,0,128,128,32,75064,1,0,367977,252088,0,244,283,1,3,61,828522,2164,75064,22,24,6482,0,-84,-2147483648,350214,4294967295,0,0
3277998976,3277.998976,162701,162669,162669,0,6,8,49166,0,49174,0,0,11,0,0,140,140,32,75064,1,0,367977,252107,0,244,283,1,3,60,828522,1167,75064,22,24,6483,0,-85,-2147483648,99463,4294967295,0,0
3278248978,3278.248978,162714,162682,162682,0,6,8,49166,0,49174,0,0,11,0,0,153,153,32,75064,1,0,367977,252126,0,245,283,1,3,60,828522,1164,75064,22,24,6483,0,-85,-2147483648,349465,4294967295,0,0
3278498979,3278.498979,162726,162694,162694,0,6,8,49166,0,49174,0,0,11,0,0,165,165,32,75064,1,0,367977,252146,0,138,283,0,3,2,828522,1167,75064,22,24,6484,0,-78,-2147483648,100026,4294967295,0,0
3278748980,3278.748980,162739,162707,162707,0,6,8,49166,0,49174,0,0,11,0,0,178,178,32,75064,1,0,367977,252164,0,245,283,1,3,60,828522,2164,75064,21,24,6484,0,-78,-2147483648,350027,4294967295,0,0
3278998980,3278.998980,162751,162719,162719,0,6,8,49166,0,49174,0,0,11,0,0,190,190,32,75064,1,0,367977,252184,0,244,283,1,3,60,828522,1167,75064,22,24,6485,0,-80,-2147483648,99300,4294967295,0,0
3279248982,3279.248982,162764,162732,162732,0,6,8,49166,0,49174,0,0,11,0,0,203,203,32,75064,1,0,367977,252203,0,244,283,1,3,60,828522,2164,75064,21,24,6485,0,-80,-2147483648,349302,4294967295,0,0
3279498982,3279.498982,162776,162744,162744,0,6,8,49166,0,49174,0,0,11,0,0,215,215,32,75064,1,0,367977,252223,0,138,283,1,3,2,828522,1167,75064,21,24,6486,0,-83,-2147483648,99437,4294967295,0,0
3279748982,3279.748982,162789,162757,162757,0,6,8,49166,0,49174,0,0,11,0,0,228,228,32,75064,1,0,367977,252242,0,244,283,1,3,60,828522,2164,75064,22,24,6486,0,-83,-2147483648,349437,4294967295,0,0
3279998982,3279.998982,162801,162769,162769,0,6,8,49166,0,49174,0,0,11,0,0,240,240,32,75064,1,0,367977,252261,0,244,283,1,3,2,828522,2167,75064,22,24,6487,0,-84,-2147483648,98608,4294967295,0,0
3280248983,3280.248983,162814,162782,162782,0,6,8,49166,0,49174,0,0,11,0,0,253,253,32,75064,1,0,367977,252280,0,244,283,1,3,60,828522,2164,75064,22,24,6487,0,-84,-2147483648,348609,4294967295,0,0
3280498983,3280.498983,162826,162794,162794,0,6,8,49166,0,49174,0,0,11,0,0,9,9,32,75064,1,0,367977,252300,0,138,283,0,3,2,828522,2167,75064,22,24,6488,0,-83,-2147483648,87664,4294967295,0,0
3280748983,3280.748983,162839,162807,162807,0,6,8,49166,0,49174,0,0,11,0,0,22,22,32,75064,1,0,367977,252319,0,244,283,1,3,60,828522,1164,75064,22,24,6488,0,-83,-2147483648,337664,4294967295,0,0
3280998983,3280.998983,162851,162819,162819,0,6,8,49166,0,49174,0,0,11,0,0,34,34,32,75064,1,0,367977,252338,0,244,283,1,3,60,828522,2167,75064,21,24,6489,0,-75,-2147483648,86539,4294967295,0,0
3281248983,3281.248983,162864,162832,162832,0,6,8,49166,0,49174,0,0,11,0,0,47,47,32,75064,1,0,367977,252357,0,244,283,1,3,60,828522,2164,75064,22,24,6489,0,-75,-2147483648,336539,4294967295,0,0
3281498984,3281.498984,162876,162844,162844,0,6,8,49166,0,49174,0,0,11,0,0,59,59,32,75064,1,0,367977,252377,0,138,283,0,3,61,828522,2547,75064,22,24,6490,0,-78,-2147483648,85697,4294967295,0,0
3281748984,3281.748984,162889,162857,162857,0,6,8,49166,0,49174,0,0,11,0,0,72,72,32,75064,1,0,367977,252396,0,280,283,1,3,60,828522,2164,75064,22,24,6490,0,-78,-2147483648,335697,4294967295,0,0
3281998986,3281.998986,162901,162869,162869,0,6,8,49166,0,49174,0,0,11,0,0,84,84,32,75064,1,0,367977,252415,0,244,283,1,3,60,828522,2167,75064,21,24,6491,0,-82,-2147483648,84448,4294967295,0,0
3282248987,3282.248987,162914,162882,162882,0,6,8,49166,0,49174,0,0,11,0,0,97,97,32,75064,1,0,367977,252434,0,244,283,1,3,60,828522,1164,75064,22,24,6491,0,-82,-2147483648,334449,4294967295,0,0
3282498988,3282.498988,162926,162894,162894,0,6,8,49166,0,49174,0,0,11,0,0,109,109,32,75064,1,0,367977,252454,0,138,283,1,3,60,828522,1416,75064,22,24,6492,0,-85,-2147483648,83320,4294967295,0,0
3282748989,3282.748989,162939,162907,162907,0,5,8,49166,0,49174,0,0,11,0,0,122,122,32,75064,1,0,367977,252473,0,245,283,1,3,60,828522,2164,75064,21,24,6492,0,-85,-2147483648,333321,4294967295,0,0
3282998990,3282.998990,162951,162919,162919,0,6,8,49166,0,49174,0,0,11,0,0,134,134,32,75064,1,0,367977,252492,0,244,283,1,3,2,828522,2167,75064,22,24,6493,0,-81,-2147483648,80934,4294967295,0,0
3283248991,3283.248991,162964,162932,162932,0,6,8,49166,0,49174,0,0,11,0,0,147,147,32,75064,1,0,367977,252511,0,244,283,1,3,60,828522,2164,75064,22,24,6493,0,-81,-2147483648,330935,4294967295,0,0
3283498992,3283.498992,162976,162944,162944,0,6,8,49166,0,49174,0,0,11,0,0,159,159,32,75064,1,0,367977,252531,0,138,283,0,3,2,828522,2168,75064,22,24,6494,0,-83,-2147483648,79411,4294967295,0,0
3283748994,3283.748994,162989,162957,162957,0,5,8,49166,0,49174,0,0,11,0,0,172,172,32,75064,1,0,367977,252550,0,244,283,1,3,60,828522,1164,75064,22,24,6494,0,-83,-2147483648,329413,4294967295,0,0
3283998996,3283.998996,163001,162969,162969,0,6,8,49166,0,49174,0,0,11,0,0,184,184,32,75064,1,0,367977,252569,0,245,283,1,3,60,828522,2167,75064,21,24,6495,0,-77,-2147483648,80064,4294967295,0,0
3284248997,3284.248997,163014,162982,162982,0,6,8,49166,0,49174,0,0,11,0,0,197,197,32,75064,1,0,367977,252588,0,244,283,1,3,60,828522,1164,75064,22,24,6495,0,-77,-2147483648,330065,4294967295,0,0
3284498999,3284.498999,163026,162994,162994,0,6,8,49166,0,49174,0,0,11,0,0,209,209,32,75064,1,0,367977,252608,0,138,283,1,3,60,828522,1367,75064,21,24,6496,0,-92,-2147483648,79366,4294967295,0,0
3284749001,3284.749001,163039,163007,163007,0,6,8,49166,0,49174,0,0,11,0,0,222,222,32,75064,1,0,367977,252627,0,244,283,1,3,60,828522,2164,75064,22,24,6496,0,-92,-2147483648,329368,4294967295,0,0
3284999002,3284.999002,163051,163019,163019,0,5,8,49166,0,49174,0,0,11,0,0,234,234,32,75064,1,0,367977,252646,0,245,283,0,3,60,828522,2167,75064,21,24,6497,0,-80,-2147483648,68073,4294967295,0,0
3285249004,3285.249004,163064,163032,163032,0,6,8,49166,0,49174,0,0,11,0,0,247,247,32,75064,1,0,367977,252665,0,244,283,1,3,60,828522,2164,75064,22,24,6497,0,-80,-2147483648,318075,4294967295,0,0
3285499006,3285.499006,163076,163044,163044,0,6,8,49166,0,49174,0,0,11,0,0,3,3,32,75064,1,0,367977,252685,0,138,283,1,3,60,828522,1767,75064,21,24,6498,0,-81,-2147483648,67878,4294967295,0,0
3285749006,3285.749006,163089,163057,163057,0,6,8,49166,0,49174,0,0,11,0,0,16,16,32,75064,1,0,367977,252704,0,244,283,1,3,60,828522,2165,75064,22,24,6498,0,-81,-2147483648,317878,4294967295,0,0
3285999007,3285.999007,163101,163069,163069,0,6,8,49166,0,49174,0,0,11,0,0,28,28,32,75064,1,0,367977,252723,0,244,283,1,3,60,828522,2167,75064,22,24,6499,0,-83,-2147483648,67075,4294967295,0,0
3286249009,3286.249009,163114,163082,163082,0,6,8,49166,0,49174,0,0,11,0,0,41,41,32,75064,1,0,367977,252742,0,244,283,1,3,61,828522,2164,75064,22,24,6499,0,-83,-2147483648,317077,4294967295,0,0
3286499010,3286.499010,163126,163094,163094,0,6,8,49166,0,49174,0,0,11,0,0,53,53,32,75064,1,0,367977,252762,0,138,283,1,3,60,828522,2168,75064,22,24,6500,0,-80,-2147483648,65227,4294967295,0,0
3286749010,3286.749010,163139,163107,163107,0,6,8,49166,0,49174,0,0,11,0,0,66,66,32,75064,1,0,367977,252781,0,245,283,1,3,1,828522,2164,75064,21,24,6500,0,-80,-2147483648,315227,4294967295,0,0
3286999012,3286.999012,163151,163119,163119,0,6,8,49166,0,49174,0,0,11,0,0,78,78,32,75064,1,0,367977,252800,0,244,283,1,3,60,828522,2167,75064,22,24,6501,0,-82,-2147483648,63498,4294967295,0,0
3287249013,3287.249013,163164,163132,163132,0,6,8,49166,0,49174,0,0,11,0,0,91,91,32,75064,1,0,367977,252819,0,244,283,1,3,60,828522,2164,75064,21,24,6501,0,-82,-2147483648,313499,4294967295,0,0
3287499013,3287.499013,163176,163144,163144,0,6,8,49166,0,49174,0,0,11,0,0,103,103,32,75064,1,0,367977,252839,0,138,283,1,3,60,828522,1862,75064,22,24,6502,0,-82,-2147483648,63484,4294967295,0,0
3287749013,3287.749013,163189,163157,163157,0,6,8,49166,0,49174,0,0,11,0,0,116,116,32,75064,1,0,367977,252858,0,280,283,1,3,61,828522,2164,75064,22,24,6502,0,-82,-2147483648,313484,4294967295,0,0
3287999015,3287.999015,163201,163169,163169,0,6,8,49166,0,49174,0,0,11,0,0,128,128,32,75064,1,0,367977,252877,0,244,283,1,3,60,828522,2167,75064,22,24,6503,0,-87,-2147483648,62785,4294967295,0,0
3288249017,3288.249017,163214,163182,163182,0,6,8,49166,0,49174,0,0,11,0,0,141,141,32,75064,1,0,367977,252896,0,244,283,1,3,61,828522,2164,75064,22,24,6503,0,-87,-2147483648,312787,4294967295,0,0
3288499019,3288.499019,163226,163194,163194,0,6,8,49166,0,49174,0,0,11,0,0,153,153,32,75064,1,0,367977,252916,0,138,283,1,3,60,828522,1795,75064,21,24,6504,0,-76,-2147483648,61061,4294967295,0,0
3288749021,3288.749021,163239,163207,163207,0,6,8,49166,0,49174,0,0,11,0,0,166,166,32,75064,1,0,367977,252935,0,244,283,1,3,60,828522,2164,75064,22,24,6504,0,-76,-2147483648,311063,4294967295,0,0
3288999023,3288.999023,163251,163219,163219,0,6,8,49166,0,49174,0,0,11,0,0,178,178,32,75064,1,0,367977,252954,0,244,283,1,3,60,828522,2167,75064,22,24,6505,0,-86,-2147483648,59622,4294967295,0,0
3289249023,3289.249023,163264,163232,163232,0,6,8,49166,0,49174,0,0,11,0,0,191,191,32,75064,1,0,367977,252973,0,244,283,1,3,60,828522,2164,75064,22,24,6505,0,-86,-2147483648,309622,4294967295,0,0
3289499023,3289.499023,163276,163244,163244,0,6,8,49166,0,49174,0,0,11,0,0,203,203,32,75064,1,0,367977,252993,0,138,283,0,3,61,828522,2377,75064,22,24,6506,0,-86,-2147483648,59305,4294967295,0,0
3289749025,3289.749025,163289,163257,163257,0,5,8,49166,0,49174,0,0,11,0,0,216,216,32,75064,1,0,367977,253012,0,244,283,1,3,60,828522,2164,75064,22,24,6506,0,-86,-2147483648,309307,4294967295,0,0
3289999025,3289.999025,163301,163269,163269,0,6,8,49166,0,49174,0,0,11,0,0,228,228,32,75064,1,0,367977,253031,0,244,283,1,3,60,828522,2167,75064,22,24,6507,0,-81,-2147483648,46997,4294967295,0,0
3290249027,3290.249027,163314,163282,163282,0,6,8,49166,0,49174,0,0,11,0,0,241,241,32,75064,1,0,367977,253050,0,245,283,1,3,60,828522,2164,75064,21,24,6507,0,-81,-2147483648,296999,4294967295,0,0
3290499029,3290.499029,163326,163294,163294,0,6,8,49166,0,49174,0,0,11,0,0,253,253,32,75064,1,0,367977,253070,0,138,283,0,3,61,828522,2167,75064,22,24,6508,0,-79,-2147483648,46465,4294967295,0,0
3290749029,3290.749029,163339,163307,163307,0,6,8,49166,0,49174,0,0,11,0,0,10,10,32,75064,1,0,367977,253089,0,244,283,1,3,60,828522,2165,75064,22,24,6508,0,-79,-2147483648,296465,4294967295,0,0
3290999031,3290.999031,163351,163319,163319,0,6,8,49166,0,49174,0,0,11,0,0,22,22,32,75064,1,0,367977,253108,0,244,283,1,3,60,828522,2167,75064,21,24,6509,0,-88,-2147483648,44816,4294967295,0,0
3291249031,3291.249031,163364,163332,163332,0,6,8,49166,0,49174,0,0,11,0,0,35,35,32,75064,1,0,367977,253127,0,244,283,1,3,60,828522,2164,75064,21,24,6509,0,-88,-2147483648,294816,4294967295,0,0
3291499031,3291.499031,163376,163344,163344,0,6,8,49166,0,49174,0,0,11,0,0,47,47,32,75064,1,0,367977,253146,0,244,283,1,3,60,828522,2168,75064,22,24,6510,0,-80,-2147483648,44708,4294967295,0,0
3291749032,3291.749032,163389,163357,163357,0,6,8,49166,0,49174,0,0,11,0,0,60,60,32,75064,1,0,367977,253166,0,244,283,1,3,60,828522,2164,75064,22,24,6510,0,-80,-2147483648,294709,4294967295,0,0
3291999033,3291.999033,163401,163369,163369,0,6,8,49166,0,49174,0,0,11,0,0,72,72,32,75064,1,0,367977,253185,0,244,283,1,3,60,828522,2167,75064,22,24,6511,0,-83,-2147483648,43483,4294967295,0,0
3292249033,3292.249033,163414,163382,163382,0,6,8,49166,0,49174,0,0,11,0,0,85,85,32,75064,1,0,367977,253204,0,280,283,1,3,60,828522,2164,75064,21,24,6511,0,-83,-2147483648,293483,4294967295,0,0
3292499033,3292.499033,163426,163394,163394,0,6,8,49166,0,49174,0,0,11,0,0,97,97,32,75064,1,0,367977,253223,0,244,283,1,3,60,828522,1167,75064,22,24,6512,0,-85,-2147483648,42897,4294967295,0,0
3292749034,3292.749034,163439,163407,163407,0,6,8,49166,0,49174,0,0,11,0,0,110,110,32,75064,1,0,367977,253243,0,244,283,1,3,60,828522,2164,75064,21,24,6512,0,-85,-2147483648,292898,4294967295,0,0
3292999034,3292.999034,163451,163419,163419,0,6,8,49166,0,49174,0,0,11,0,0,122,122,32,75064,1,0,367977,253262,0,245,283,1,3,60,828522,2167,75064,21,24,6513,0,-78,-2147483648,41236,4294967295,0,0
3293249035,3293.249035,163464,163432,163432,0,6,8,49166,0,49174,0,0,11,0,0,135,135,32,75064,1,0,367977,253281,0,244,283,1,3,60,828522,2164,75064,21,24,6513,0,-78,-2147483648,291237,4294967295,0,0
3293499037,3293.499037,163476,163444,163444,0,6,8,49166,0,49174,0,0,11,0,0,147,147,32,75064,1,0,367977,253301,0,138,283,1,3,60,828522,2607,75064,22,24,6514,0,-81,-2147483648,40072,4294967295,0,0
3293749039,3293.749039,163489,163457,163457,0,6,8,49166,0,49174,0,0,11,0,0,160,160,32,75064,1,0,367977,253320,0,244,283,1,3,60,828522,2164,75064,22,24,6514,0,-81,-2147483648,290074,4294967295,0,0
3293999039,3293.999039,163501,163469,163469,0,6,8,49166,0,49174,0,0,11,0,0,172,172,32,75064,1,0,367977,253339,0,245,283,1,3,60,828522,2167,75064,21,24,6515,0,-82,-2147483648,27366,4294967295,0,0
3294249039,3294.249039,163514,163482,163482,0,6,8,49166,0,49174,0,0,11,0,0,185,185,32,75064,1,0,367977,253358,0,244,283,1,3,60,828522,2164,75064,22,24,6515,0,-82,-2147483648,277366,4294967295,0,0
3294499039,3294.499039,163526,163494,163494,0,6,8,49166,0,49174,0,0,11,0,0,197,197,32,75064,1,0,367977,253378,0,138,283,0,3,61,828522,1776,75064,21,24,6516,0,-84,-2147483648,26044,4294967295,0,0
3294749039,3294.749039,163539,163507,163507,0,6,8,49166,0,49174,0,0,11,0,0,210,210,32,75064,1,0,367977,253397,0,244,283,1,3,60,828522,2164,75064,22,24,6516,0,-84,-2147483648,276044,4294967295,0,0
3294999040,3294.999040,163551,163519,163519,0,6,8,49166,0,49174,0,0,11,0,0,222,222,32,75064,1,0,367977,253416,0,244,283,1,3,60,828522,2167,75064,22,24,6517,0,-84,-2147483648,24973,4294967295,0,0
3295249041,3295.249041,163564,163532,163532,0,6,8,49166,0,49174,0,0,11,0,0,235,235,32,75064,1,0,367977,253435,0,244,283,1,3,60,828522,2165,75064,22,24,6517,0,-84,-2147483648,274974,4294967295,0,0
3295499043,3295.499043,163576,163544,163544,0,6,8,49166,0,49174,0,0,11,0,0,247,247,32,75064,1,0,367977,253455,0,138,283,0,3,61,828522,2167,75064,22,24,6518,0,-76,-2147483648,23803,4294967295,0,0
3295749045,3295.749045,163589,163557,163557,0,6,8,49166,0,49174,0,0,11,0,0,4,4,32,75064,1,0,367977,253473,0,244,283,1,3,60,828522,2164,75064,22,24,6518,0,-76,-2147483648,273805,4294967295,0,0
3295999047,3295.999047,163601,163569,163569,0,6,8,49166,0,49174,0,0,11,0,0,16,16,32,75064,1,0,367977,253493,0,244,283,0,3,61,828522,2167,75064,22,24,6519,0,-81,-2147483648,23027,4294967295,0,0
3296249048,3296.249048,163614,163582,163582,0,6,8,49166,0,49174,0,0,11,0,0,29,29,32,75064,1,0,367977,253512,0,244,283,0,3,61,828522,2165,75064,22,24,6519,0,-81,-2147483648,273028,4294967295,0,0
3296499048,3296.499048,163626,163594,163594,0,6,8,49166,0,49174,0,0,11,0,0,41,41,32,75064,1,0,367977,253532,0,138,283,0,3,61,828522,2167,75064,22,24,6520,0,-86,-2147483648,20773,4294967295,0,0
3296749049,3296.749049,163639,163607,163607,0,6,8,49166,0,49174,0,0,11,0,0,54,54,32,75064,1,0,367977,253551,0,244,283,1,3,60,828522,2164,75064,22,24,6520,0,-86,-2147483648,270774,4294967295,0,0
3296999050,3296.999050,163651,163619,163619,0,5,8,49166,0,49174,0,0,11,0,0,66,66,32,75064,1,0,367977,253570,0,244,283,1,3,60,828522,2168,75064,22,24,6521,0,-78,-2147483648,19327,4294967295,0,0
3297249050,3297.249050,163664,163632,163632,0,6,8,49166,0,49174,0,0,11,0,0,79,79,32,75064,1,0,367977,253589,0,244,283,1,3,60,828522,2165,75064,21,24,6521,0,-78,-2147483648,269327,4294967295,0,0
3297499050,3297.499050,163676,163644,163644,0,6,8,49166,0,49174,0,0,11,0,0,91,91,32,75064,1,0,367977,253609,0,137,283,1,3,60,828522,2293,75064,21,24,6522,0,-76,-2147483648,8321,4294967295,0,0
3297749052,3297.749052,163689,163657,163657,0,6,8,49166,0,49174,0,0,11,0,0,104,104,32,75064,1,0,367977,253628,0,244,283,1,3,60,828522,2164,75064,22,24,6522,0,-76,-2147483648,258323,4294967295,0,0
3297999053,3297.999053,163701,163669,163669,0,6,8,49166,0,49174,0,0,11,0,0,116,116,32,75064,1,0,367977,253647,0,138,283,1,3,60,828522,2167,75064,21,24,6523,0,-78,-2147483648,7321,4294967295,0,0
3298249054,3298.249054,163714,163682,163682,0,6,8,49166,0,49174,0,0,11,0,0,129,129,32,75064,1,0,367977,253666,0,244,283,1,3,60,828522,2164,75064,22,24,6523,0,-78,-2147483648,257322,4294967295,0,0
3298499056,3298.499056,163726,163694,163694,0,6,8,49166,0,49174,0,0,11,0,0,141,141,32,75064,1,0,367977,253686,0,138,283,1,3,60,828522,2463,75064,22,24,6524,0,-80,-2147483648,6928,4294967295,0,0
3298749057,3298.749057,163739,163707,163707,0,6,8,49166,0,49174,0,0,11,0,0,154,154,32,75064,1,0,367977,253705,0,244,283,0,3,61,828522,2164,75064,22,24,6524,0,-80,-2147483648,256929,4294967295,0,0
3298999058,3298.999058,163751,163719,163719,0,6,8,49166,0,49174,0,0,11,0,0,166,166,32,75064,1,0,367977,253724,0,138,283,1,3,60,828522,2167,75064,22,24,6525,0,-84,-2147483648,6161,4294967295,0,0
3299249059,3299.249059,163764,163732,163732,0,6,8,49166,0,49174,0,0,11,0,0,179,179,32,75064,1,0,367977,253743,0,279,283,1,3,60,828522,2164,75064,22,24,6525,0,-84,-2147483648,256162,4294967295,0,0
3299499060,3299.499060,163776,163744,163744,0,6,8,49166,0,49174,0,0,11,0,0,191,191,32,75064,1,0,367977,253763,0,138,283,1,3,61,828522,1999,75064,21,24,6526,0,-77,-2147483648,4328,4294967295,0,0
3299749060,3299.749060,163789,163757,163757,0,6,8,49166,0,49174,0,0,11,0,0,204,204,32,75064,1,0,367977,253782,0,244,283,1,3,60,828522,2164,75064,22,24,6526,0,-77,-2147483648,254328,4294967295,0,0
3299999062,3299.999062,163801,163769,163769,0,6,8,49166,0,49174,0,0,11,0,0,216,216,32,75064,1,0,367977,253801,0,138,283,1,3,60,828522,2167,75064,22,24,6527,0,-78,-2147483648,4219,4294967295,0,0
3300249063,3300.249063,163814,163782,163782,0,6,8,49166,0,49174,0,0,11,0,0,229,229,32,75064,1,0,367977,253820,0,245,283,1,3,60,828522,2164,75064,21,24,6527,0,-78,-2147483648,254220,4294967295,0,0
3300499064,3300.499064,163826,163794,163794,0,6,8,49166,0,49174,0,0,11,0,0,241,241,32,75064,1,0,367977,253840,0,138,283,0,3,61,828522,1972,75064,22,24,6528,0,-77,-2147483648,1980,4294967295,0,0
3300749065,3300.749065,163839,163807,163807,0,6,8,49166,0,49174,0,0,11,0,0,254,254,32,75064,1,0,367977,253859,0,244,283,0,3,60,828522,2164,75064,22,24,6528,0,-77,-2147483648,251981,4294967295,0,0
3300999067,3300.999067,163851,163819,163819,0,6,8,49166,0,49174,0,0,11,0,0,10,10,32,75064,1,0,367977,253878,0,138,283,1,3,60,828522,1379,75064,22,24,6529,0,-78,-2147483648,1782,4294967295,0,0
3301249069,3301.249069,163864,163832,163832,0,6,8,49166,0,49174,0,0,11,0,0,23,23,32,75064,1,0,367977,253897,0,244,283,1,3,61,828522,2164,75064,22,24,6529,0,-78,-2147483648,251784,4294967295,0,0
3301499070,3301.499070,163876,163844,163844,0,6,8,49166,0,49174,0,0,11,0,0,35,35,32,75064,1,0,367977,253917,0,137,283,1,3,60,828522,1734,75064,22,24,6530,0,-87,-2147483648,459,4294967295,0,0
3301749071,3301.749071,163889,163857,163857,0,6,8,49166,0,49174,0,0,11,0,0,48,48,32,75064,1,0,367977,253936,0,244,283,1,3,60,828522,2164,75064,22,24,6530,0,-87,-2147483648,250460,4294967295,0,0
3301999072,3301.999072,163901,163869,163869,0,5,8,49166,0,49174,0,0,11,0,0,60,60,32,75064,1,0,367977,253955,0,138,283,1,3,60,828522,2167,75064,21,24,6531,0,-87,-2147483648,868,4294967295,0,0
3302249073,3302.249073,163914,163882,163882,0,6,8,49166,0,49174,0,0,11,0,0,73,73,32,75064,1,0,367977,253974,0,244,283,1,3,60,828522,2164,75064,22,24,6531,0,-87,-2147483648,250869,4294967295,0,0
3302499075,3302.499075,163926,163894,163894,0,6,8,49166,0,49174,0,0,11,0,0,85,85,32,75064,1,0,367977,253993,0,138,283,0,3,2,828522,2167,75064,21,24,6531,0,-87,-2147483648,500871,4294967295,0,0
3302749075,3302.749075,163939,163907,163907,0,6,8,49166,0,49174,0,0,11,0,0,98,98,32,75064,1,0,367977,254013,0,244,283,1,3,60,828522,2164,75064,22,24,6532,0,-78,-2147483648,249807,4294967295,0,0
3302999075,3302.999075,163951,163919,163919,0,6,8,49166,0,49174,0,0,11,0,0,110,110,32,75064,1,0,367977,254031,0,244,283,1,3,60,828522,2167,75064,21,24,6532,0,-78,-2147483648,499807,4294967295,0,0
3303249076,3303.249076,163964,163932,163932,0,6,8,49166,0,49174,0,0,11,0,0,123,123,32,75064,1,0,367977,254051,0,244,283,0,3,60,828522,2164,75064,21,24,6533,0,-79,-2147483648,248906,4294967295,0,0
3303499076,3303.499076,163976,163944,163944,0,6,8,49166,0,49174,0,0,11,0,0,135,135,32,75064,1,0,367977,254070,0,137,283,0,3,61,828522,2167,75064,22,24,6533,0,-79,-2147483648,498906,4294967295,0,0
3303749076,3303.749076,163989,163957,163957,0,6,8,49166,0,49174,0,0,11,0,0,148,148,32,75064,1,0,367977,254090,0,280,283,0,3,60,828522,2164,75064,21,24,6534,0,-80,-2147483648,248674,4294967295,0,0
3303999077,3303.999077,164001,163969,163969,0,6,8,49166,0,49174,0,0,11,0,0,160,160,32,75064,1,0,367977,254108,0,244,283,1,3,60,828522,2167,75064,22,24,6534,0,-80,-2147483648,498675,4294967295,0,0
3304249078,3304.249078,164014,163982,163982,0,6,8,49166,0,49174,0,0,11,0,0,173,173,32,75064,1,0,367977,254128,0,244,283,1,3,60,828522,1164,75064,22,24,6535,0,-83,-2147483648,236631,4294967295,0,0
3304499078,3304.499078,164026,163994,163994,0,6,8,49166,0,49174,0,0,11,0,0,185,185,32,75064,1,0,367977,254147,0,137,283,1,3,60,828522,1167,75064,22,24,6535,0,-83,-2147483648,486631,4294967295,0,0
3304749078,3304.749078,164039,164007,164007,0,6,8,49166,0,49174,0,0,11,0,0,198,198,32,75064,1,0,367977,254167,0,244,283,1,3,60,828522,2164,75064,22,24,6536,0,-90,-2147483648,236461,4294967295,0,0
3304999079,3304.999079,164051,164019,164019,0,6,8,49166,0,49174,0,0,11,0,0,210,210,32,75064,1,0,367977,254185,0,139,283,1,3,60,828522,1898,75064,22,24,6536,0,-90,-2147483648,486462,4294967295,0,0
3305249081,3305.249081,164064,164032,164032,0,6,8,49166,0,49174,0,0,11,0,0,223,223,32,75064,1,0,367977,254205,0,244,283,1,3,60,828522,2164,75064,22,24,6537,0,-85,-2147483648,234937,4294967295,0,0
3305499082,3305.499082,164076,164044,164044,0,6,8,49166,0,49174,0,0,11,0,0,235,235,32,75064,1,0,367977,254224,0,138,283,1,3,60,828522,1768,75064,22,24,6537,0,-85,-2147483648,484938,4294967295,0,0
3305749084,3305.749084,164089,164057,164057,0,6,8,49166,0,49174,0,0,11,0,0,248,248,32,75064,1,0,367977,254244,0,244,283,1,3,60,828522,2164,75064,22,24,6538,0,-75,-2147483648,234278,4294967295,0,0
3305999086,3305.999086,164101,164069,164069,0,6,8,49166,0,49174,0,0,11,0,0,4,4,32,75064,1,0,367977,254262,0,137,283,1,3,61,828522,2747,75064,22,24,6538,0,-75,-2147483648,484280,4294967295,0,0
3306249086,3306.249086,164114,164082,164082,0,6,8,49166,0,49174,0,0,11,0,0,17,17,32,75064,1,0,367977,254282,0,244,283,1,3,60,828522,2164,75064,22,24,6539,0,-78,-2147483648,234227,4294967295,0,0
3306499087,3306.499087,164126,164094,164094,0,6,8,49166,0,49174,0,0,11,0,0,29,29,32,75064,1,0,367977,254301,0,138,283,1,3,60,828522,1360,75064,22,24,6539,0,-78,-2147483648,484228,4294967295,0,0
3306749087,3306.749087,164139,164107,164107,0,6,8,49166,0,49174,0,0,11,0,0,42,42,32,75064,1,0,367977,254321,0,244,283,1,3,60,828522,2164,75064,22,24,6540,0,-74,-2147483648,231866,4294967295,0,0
3306999088,3306.999088,164151,164119,164119,0,6,8,49166,0,49174,0,0,11,0,0,54,54,32,75064,1,0,367977,254339,0,245,283,1,3,60,828522,1167,75064,21,24,6540,0,-74,-2147483648,481867,4294967295,0,0
3307249090,3307.249090,164164,164132,164132,0,6,8,49166,0,49174,0,0,11,0,0,67,67,32,75064,1,0,367977,254359,0,244,283,1,3,60,828522,1164,75064,22,24,6541,0,-74,-2147483648,230599,4294967295,0,0
3307499090,3307.499090,164176,164144,164144,0,6,8,49166,0,49174,0,0,11,0,0,79,79,32,75064,1,0,367977,254378,0,138,283,1,3,60,828522,1834,75064,22,24,6541,0,-74,-2147483648,480599,4294967295,0,0
3307749092,3307.749092,164189,164157,164157,0,6,8,49166,0,49174,0,0,11,0,0,92,92,32,75064,1,0,367977,254398,0,245,283,1,3,60,828522,2164,75064,21,24,6542,0,-76,-2147483648,231012,4294967295,0,0
3307999094,3307.999094,164201,164169,164169,0,5,8,49166,0,49174,0,0,11,0,0,104,104,32,75064,1,0,367977,254416,0,245,283,1,3,1,828522,2167,75064,21,24,6542,0,-76,-2147483648,481014,4294967295,0,0
3308249094,3308.249094,164214,164182,164182,0,6,8,49166,0,49174,0,0,11,0,0,117,117,32,75064,1,0,367977,254436,0,244,283,1,3,60,828522,1164,75064,22,24,6543,0,-81,-2147483648,229778,4294967295,0,0
3308499094,3308.499094,164226,164194,164194,0,6,8,49166,0,49174,0,0,11,0,0,129,129,32,75064,1,0,367977,254455,0,138,283,1,3,61,828522,2126,75064,22,24,6543,0,-81,-2147483648,479778,4294967295,0,0
3308749094,3308.749094,164239,164207,164207,0,5,8,49166,0,49174,0,0,11,0,0,142,142,32,75064,1,0,367977,254475,0,245,283,1,3,60,828522,2164,75064,21,24,6544,0,-78,-2147483648,217696,4294967295,0,0
3308999094,3308.999094,164251,164219,164219,0,6,8,49166,0,49174,0,0,11,0,0,154,154,32,75064,1,0,367977,254493,0,244,283,1,3,1,828522,2167,75064,22,24,6544,0,-78,-2147483648,467696,4294967295,0,0
3309249094,3309.249094,164264,164232,164232,0,6,8,49166,0,49174,0,0,11,0,0,167,167,32,75064,1,0,367977,254513,0,244,283,1,3,2,828522,2164,75064,22,24,6545,0,-76,-2147483648,216855,4294967295,0,0
3309499094,3309.499094,164276,164244,164244,0,6,8,49166,0,49174,0,0,11,0,0,179,179,32,75064,1,0,367977,254532,0,138,283,1,3,60,828522,1890,75064,22,24,6545,0,-76,-2147483648,466855,4294967295,0,0
3309749094,3309.749094,164289,164257,164257,0,6,8,49166,0,49174,0,0,11,0,0,192,192,32,75064,1,0,367977,254552,0,280,283,1,3,60,828522,2164,75064,21,24,6546,0,-74,-2147483648,215591,4294967295,0,0
3309999094,3309.999094,164301,164269,164269,0,6,8,49166,0,49174,0,0,11,0,0,204,204,32,75064,1,0,367977,254570,0,244,283,1,3,2,828522,2168,75064,22,24,6546,0,-74,-2147483648,465591,4294967295,0,0
3310249096,3310.249096,164314,164282,164282,0,5,8,49166,0,49174,0,0,11,0,0,217,217,32,75064,1,0,367977,254590,0,245,283,1,3,60,828522,2164,75064,21,24,6547,0,-75,-2147483648,214384,4294967295,0,0
3310499098,3310.499098,164326,164294,164294,0,6,8,49166,0,49174,0,0,11,0,0,229,229,32,75064,1,0,367977,254608,0,280,283,1,3,60,828522,2167,75064,21,24,6547,0,-75,-2147483648,464386,4294967295,0,0
3310749100,3310.749100,164339,164307,164307,0,6,8,49166,0,49174,0,0,11,0,0,242,242,32,75064,1,0,367977,254629,0,245,283,1,3,60,828522,2164,75064,22,24,6548,0,-78,-2147483648,214395,4294967295,0,0
3310999100,3310.999100,164351,164319,164319,0,6,8,49166,0,49174,0,0,11,0,0,254,254,32,75064,1,0,367977,254647,0,245,283,1,3,2,828522,2167,75064,21,24,6548,0,-78,-2147483648,464395,4294967295,0,0
3311249102,3311.249102,164364,164332,164332,0,6,8,49166,0,49174,0,0,11,0,0,11,11,32,75064,1,0,367977,254667,0,244,283,1,3,60,828522,2164,75064,22,24,6549,0,-78,-2147483648,212975,4294967295,0,0
3311499104,3311.499104,164376,164344,164344,0,6,8,49166,0,49174,0,0,11,0,0,23,23,32,75064,1,0,367977,254686,0,138,283,1,3,60,828522,1442,75064,22,24,6549,0,-78,-2147483648,462977,4294967295,0,0
3311749105,3311.749105,164389,164357,164357,0,6,8,49166,0,49174,0,0,11,0,0,36,36,32,75064,1,0,367977,254706,0,245,283,1,3,60,828522,1164,75064,21,24,6550,0,-76,-2147483648,211712,4294967295,0,0
3311999105,3311.999105,164401,164369,164369,0,6,8,49166,0,49174,0,0,11,0,0,48,48,32,75064,1,0,367977,254724,0,138,283,1,3,60,828522,1675,75064,21,24,6550,0,-76,-2147483648,461712,4294967295,0,0
3312249105,3312.249105,164414,164382,164382,0,6,8,49166,0,49174,0,0,11,0,0,61,61,32,75064,1,0,367977,254744,0,244,283,1,3,60,828522,1164,75064,21,24,6551,0,-79,-2147483648,211308,4294967295,0,0
3312499107,3312.499107,164426,164394,164394,0,6,8,49166,0,49174,0,0,11,0,0,73,73,32,75064,1,0,367977,254763,0,137,283,1,3,60,828522,1682,75064,22,24,6551,0,-79,-2147483648,461310,4294967295,0,0
3312749108,3312.749108,164439,164407,164407,0,6,8,49166,0,49174,0,0,11,0,0,86,86,32,75064,1,0,367977,254782,0,244,283,1,3,60,828522,2164,75064,22,24,6552,0,-79,-2147483648,209462,4294967295,0,0
3312999109,3312.999109,164451,164419,164419,0,6,8,49166,0,49174,0,0,11,0,0,98,98,32,75064,1,0,367977,254801,0,244,283,1,3,60,828522,2167,75064,22,24,6552,0,-79,-2147483648,459463,4294967295,0,0
3313249109,3313.249109,164464,164432,164432,0,6,8,49166,0,49174,0,0,11,0,0,111,111,32,75064,1,0,367977,254821,0,244,283,1,3,60,828522,1164,75064,22,24,6553,0,-80,-2147483648,209173,4294967295,0,0
3313499110,3313.499110,164476,164444,164444,0,6,8,49166,0,49174,0,0,11,0,0,123,123,32,75064,1,0,367977,254840,0,138,283,1,3,1,828522,1682,75064,22,24,6553,0,-80,-2147483648,459174,4294967295,0,0
3313749112,3313.749112,164489,164457,164457,0,6,8,49166,0,49174,0,0,11,0,0,136,136,32,75064,1,0,367977,254860,0,244,283,1,3,60,828522,2164,75064,22,24,6554,0,-81,-2147483648,209031,4294967295,0,0
3313999113,3313.999113,164501,164469,164469,0,6,8,49166,0,49174,0,0,11,0,0,148,148,32,75064,1,0,367977,254878,0,244,283,1,3,60,828522,2167,75064,22,24,6554,0,-81,-2147483648,459032,4294967295,0,0
3314249113,3314.249113,164514,164482,164482,0,6,8,49166,0,49174,0,0,11,0,0,161,161,32,75064,1,0,367977,254898,0,280,283,0,3,61,828522,2165,75064,21,24,6555,0,-77,-2147483648,208896,4294967295,0,0
3314499113,3314.499113,164526,164494,164494,0,6,8,49166,0,49174,0,0,11,0,0,173,173,32,75064,1,0,367977,254917,0,138,283,0,3,60,828522,1767,75064,22,24,6555,0,-77,-2147483648,458896,4294967295,0,0
3314749115,3314.749115,164539,164507,164507,0,6,8,49166,0,49174,0,0,11,0,0,186,186,32,75064,1,0,367977,254937,0,244,283,1,3,60,828522,2164,75064,22,24,6556,0,-75,-2147483648,199032,4294967295,0,0
3314999115,3314.999115,164551,164519,164519,0,6,8,49166,0,49174,0,0,11,0,0,198,198,32,75064,1,0,367977,254955,0,244,283,1,3,60,828522,2167,75064,22,24,6556,0,-75,-2147483648,449032,4294967295,0,0
3315249116,3315.249116,164564,164532,164532,0,6,8,49166,0,49174,0,0,11,0,0,211,211,32,75064,1,0,367977,254975,0,244,283,1,3,60,828522,1164,75064,22,24,6557,0,-90,-2147483648,196893,4294967295,0,0
3315499118,3315.499118,164576,164544,164544,0,6,8,49166,0,49174,0,0,11,0,0,223,223,32,75064,1,0,367977,254994,0,138,283,1,3,60,828522,1767,75064,22,24,6557,0,-90,-2147483648,446895,4294967295,0,0
3315749118,3315.749118,164589,164557,164557,0,6,8,49166,0,49174,0,0,11,0,0,236,236,32,75064,1,0,367977,255014,0,244,283,1,3,60,828522,2164,75064,22,24,6558,0,-81,-2147483648,195642,4294967295,0,0
3315999119,3315.999119,164601,164569,164569,0,6,8,49166,0,49174,0,0,11,0,0,248,248,32,75064,1,0,367977,255031,0,244,283,1,3,60,828522,2168,75064,22,24,6558,0,-81,-2147483648,445643,4294967295,0,0
3316249119,3316.249119,164614,164582,164582,0,6,8,49166,0,49174,0,0,11,0,0,5,5,32,75064,1,0,367977,255052,0,244,283,1,3,60,828522,2164,75064,22,24,6559,0,-80,-2147483648,194608,4294967295,0,0
3316499121,3316.499121,164626,164594,164594,0,6,8,49166,0,49174,0,0,11,0,0,17,17,32,75064,1,0,367977,255071,0,138,283,1,3,60,828522,1689,75064,21,24,6559,0,-80,-2147483648,444610,4294967295,0,0
3316749123,3316.749123,164639,164607,164607,0,6,8,49166,0,49174,0,0,11,0,0,30,30,32,75064,1,0,367977,255090,0,244,283,1,3,60,828522,1164,75064,22,24,6560,0,-81,-2147483648,193784,4294967295,0,0
3316999125,3316.999125,164651,164619,164619,0,6,8,49166,0,49174,0,0,11,0,0,42,42,32,75064,1,0,367977,255109,0,138,283,1,3,60,828522,1174,75064,22,24,6560,0,-81,-2147483648,443786,4294967295,0,0
3317249125,3317.249125,164664,164632,164632,0,6,8,49166,0,49174,0,0,11,0,0,55,55,32,75064,1,0,367977,255129,0,244,283,1,3,60,828522,2164,75064,22,24,6561,0,-78,-2147483648,191053,4294967295,0,0
3317499127,3317.499127,164676,164644,164644,0,6,8,49166,0,49174,0,0,11,0,0,67,67,32,75064,1,0,367977,255147,0,138,283,1,3,60,828522,2194,75064,22,24,6561,0,-78,-2147483648,441055,4294967295,0,0
3317749128,3317.749128,164689,164657,164657,0,5,8,49166,0,49174,0,0,11,0,0,80,80,32,75064,1,0,367977,255168,0,244,283,1,3,60,828522,2164,75064,22,24,6562,0,-82,-2147483648,191609,4294967295,0,0
3317999128,3317.999128,164701,164669,164669,0,6,8,49166,0,49174,0,0,11,0,0,92,92,32,75064,1,0,367977,255186,0,244,283,1,3,60,828522,2168,75064,21,24,6562,0,-82,-2147483648,441609,4294967295,0,0
3318249128,3318.249128,164714,164682,164682,0,6,8,49166,0,49174,0,0,11,0,0,105,105,32,75064,1,0,367977,255205,0,244,283,1,3,60,828522,2164,75064,22,24,6563,0,-77,-2147483648,189206,4294967295,0,0
3318499129,3318.499129,164726,164694,164694,0,6,8,49166,0,49174,0,0,11,0,0,117,117,32,75064,1,0,367977,255224,0,244,283,1,3,60,828522,2167,75064,22,24,6563,0,-77,-2147483648,439207,4294967295,0,0
3318749131,3318.749131,164739,164707,164707,0,6,8,49166,0,49174,0,0,11,0,0,130,130,32,75064,1,0,367977,255245,0,244,283,1,3,60,828522,2164,75064,22,24,6564,0,-75,-2147483648,178410,4294967295,0,0
3318999131,3318.999131,164751,164719,164719,0,6,8,49166,0,49174,0,0,11,0,0,142,142,32,75064,1,0,367977,255263,0,138,283,1,3,60,828522,1897,75064,22,24,6564,0,-75,-2147483648,428410,4294967295,0,0
3319249131,3319.249131,164764,164732,164732,0,6,8,49166,0,49174,0,0,11,0,0,155,155,32,75064,1,0,367977,255283,0,244,283,1,3,60,828522,2164,75064,22,24,6565,0,-78,-2147483648,178236,4294967295,0,0
3319499133,3319.499133,164776,164744,164744,0,6,8,49166,0,49174,0,0,11,0,0,167,167,32,75064,1,0,367977,255302,0,138,283,1,3,60,828522,2351,75064,22,24,6565,0,-78,-2147483648,428238,4294967295,0,0
3319749135,3319.749135,164789,164757,164757,0,6,8,49166,0,49174,0,0,11,0,0,180,180,32,75064,1,0,367977,255322,0,244,283,1,3,60,828522,2164,75064,22,24,6566,0,-78,-2147483648,178238,4294967295,0,0
3319999135,3319.999135,164801,164769,164769,0,5,8,49166,0,49174,0,0,11,0,0,192,192,32,75064,1,0,367977,255340,0,245,283,1,3,60,828522,2167,75064,21,24,6566,0,-78,-2147483648,428238,4294967295,0,0
3320249135,3320.249135,164814,164782,164782,0,6,8,49166,0,49174,0,0,11,0,0,205,205,32,75064,1,0,367977,255360,0,244,283,1,3,60,828522,1164,75064,22,24,6567,0,-79,-2147483648,176035,4294967295,0,0
3320499137,3320.499137,164826,164794,164794,0,6,8,49166,0,49174,0,0,11,0,0,217,217,32,75064,1,0,367977,255379,0,138,283,1,3,60,828522,1737,75064,21,24,6567,0,-79,-2147483648,426037,4294967295,0,0
3320749139,3320.749139,164839,164807,164807,0,6,8,49166,0,49174,0,0,11,0,0,230,230,32,75064,1,0,367977,255399,0,244,283,1,3,60,828522,2164,75064,22,24,6568,0,-84,-2147483648,176044,4294967295,0,0
3320999141,3320.999141,164851,164819,164819,0,6,8,49166,0,49174,0,0,11,0,0,242,242,32,75064,1,0,367977,255417,0,244,283,1,3,60,828522,2167,75064,22,24,6568,0,-84,-2147483648,426046,4294967295,0,0
3321249142,3321.249142,164864,164832,164832,0,6,8,49166,0,49174,0,0,11,0,0,255,255,32,75064,1,0,367977,255437,0,279,283,1,3,60,828522,2164,75064,22,24,6569,0,-81,-2147483648,176038,4294967295,0,0
3321499144,3321.499144,164876,164844,164844,0,6,8,49166,0,49174,0,0,11,0,0,11,11,32,75064,1,0,367977,255456,0,138,283,0,3,61,828522,1768,75064,22,24,6569,0,-81,-2147483648,426040,4294967295,0,0
3321749145,3321.749145,164889,164857,164857,0,6,8,49166,0,49174,0,0,11,0,0,24,24,32,75064,1,0,367977,255476,0,244,283,1,3,60,828522,2164,75064,22,24,6570,0,-84,-2147483648,174974,4294967295,0,0
3321999146,3321.999146,164901,164869,164869,0,6,8,49166,0,49174,0,0,11,0,0,36,36,32,75064,1,0,367977,255494,0,244,283,0,3,61,828522,2167,75064,22,24,6570,0,-84,-2147483648,424975,4294967295,0,0
3322249148,3322.249148,164914,164882,164882,0,6,8,49166,0,49174,0,0,11,0,0,49,49,32,75064,1,0,367977,255514,0,244,283,1,3,60,828522,1164,75064,22,24,6571,0,-76,-2147483648,174113,4294967295,0,0
3322499150,3322.499150,164926,164894,164894,0,6,8,49166,0,49174,0,0,11,0,0,61,61,32,75064,1,0,367977,255533,0,138,283,1,3,60,828522,1740,75064,22,24,6571,0,-76,-2147483648,424115,4294967295,0,0
3322749152,3322.749152,164939,164907,164907,0,6,8,49166,0,49174,0,0,11,0,0,74,74,32,75064,1,0,367977,255553,0,244,283,1,3,60,828522,2164,75064,22,24,6572,0,-76,-2147483648,174111,4294967295,0,0
3322999152,3322.999152,164951,164919,164919,0,6,8,49166,0,49174,0,0,11,0,0,86,86,32,75064,1,0,367977,255571,0,244,283,0,3,60,828522,2167,75064,22,24,6572,0,-76,-2147483648,424111,4294967295,0,0
3323249153,3323.249153,164964,164932,164932,0,6,8,49166,0,49174,0,0,11,0,0,99,99,32,75064,1,0,367977,255591,0,244,283,1,3,60,828522,2164,75064,21,24,6573,0,-77,-2147483648,174092,4294967295,0,0
3323499155,3323.499155,164976,164944,164944,0,6,8,49166,0,49174,0,0,11,0,0,111,111,32,75064,1,0,367977,255610,0,138,283,0,3,61,828522,1755,75064,21,24,6573,0,-77,-2147483648,424094,4294967295,0,0
3323749155,3323.749155,164989,164957,164957,0,6,8,49166,0,49174,0,0,11,0,0,124,124,32,75064,1,0,367977,255630,0,244,283,1,3,60,828522,2164,75064,22,24,6574,0,-78,-2147483648,171303,4294967295,0,0
3323999155,3323.999155,165001,164969,164969,0,6,8,49166,0,49174,0,0,11,0,0,136,136,32,75064,1,0,367977,255648,0,244,283,1,3,60,828522,2167,75064,21,24,6574,0,-78,-2147483648,421303,4294967295,0,0
3324249155,3324.249155,165014,164982,164982,0,6,8,49166,0,49174,0,0,11,0,0,149,149,32,75064,1,0,367977,255668,0,244,283,1,3,60,828522,2164,75064,22,24,6575,0,-73,-2147483648,170685,4294967295,0,0
3324499156,3324.499156,165026,164994,164994,0,5,8,49166,0,49174,0,0,11,0,0,161,161,32,75064,1,0,367977,255687,0,138,283,1,3,60,828522,2272,75064,21,24,6575,0,-73,-2147483648,420686,4294967295,0,0
3324749157,3324.749157,165039,165007,165007,0,6,8,49166,0,49174,0,0,11,0,0,174,174,32,75064,1,0,367977,255707,0,244,283,1,3,60,828522,2164,75064,22,24,6576,0,-72,-2147483648,170650,4294967295,0,0
3324999157,3324.999157,165051,165019,165019,0,6,8,49166,0,49174,0,0,11,0,0,186,186,32,75064,1,0,367977,255725,0,244,283,1,3,61,828522,2167,75064,22,24,6576,0,-72,-2147483648,420650,4294967295,0,0
3325249157,3325.249157,165064,165032,165032,0,6,8,49166,0,49174,0,0,11,0,0,199,199,32,75064,1,0,367977,255745,0,244,283,1,3,60,828522,2164,75064,22,24,6577,0,-71,-2147483648,158445,4294967295,0,0
3325499158,3325.499158,165076,165044,165044,0,6,8,49166,0,49174,0,0,11,0,0,211,211,32,75064,1,0,367977,255764,0,138,283,1,3,60,828522,2210,75064,21,24,6577,0,-71,-2147483648,408446,4294967295,0,0
3325749158,3325.749158,165089,165057,165057,0,6,8,49166,0,49174,0,0,11,0,0,224,224,32,75064,1,0,367977,255784,0,279,283,1,3,60,828522,2164,75064,22,24,6578,0,-74,-2147483648,158431,4294967295,0,0
3325999159,3325.999159,165101,165069,165069,0,6,8,49166,0,49174,0,0,11,0,0,236,236,32,75064,1,0,367977,255802,0,244,283,1,3,61,828522,2167,75064,22,24,6578,0,-74,-2147483648,408432,4294967295,0,0
3326249161,3326.249161,165114,165082,165082,0,6,8,49166,0,49174,0,0,11,0,0,249,249,32,75064,1,0,367977,255822,0,244,283,1,3,60,828522,2164,75064,21,24,6579,0,-78,-2147483648,155400,4294967295,0,0
3326499161,3326.499161,165126,165094,165094,0,5,8,49166,0,49174,0,0,11,0,0,5,5,32,75064,1,0,367977,255841,0,138,283,0,3,61,828522,2106,75064,21,24,6579,0,-78,-2147483648,405400,4294967295,0,0
3326749161,3326.749161,165139,165107,165107,0,5,8,49166,0,49174,0,0,11,0,0,18,18,32,75064,1,0,367977,255861,0,244,283,1,3,60,828522,2164,75064,22,24,6580,0,-75,-2147483648,155121,4294967295,0,0
3326999162,3326.999162,165151,165119,165119,0,6,8,49166,0,49174,0,0,11,0,0,30,30,32,75064,1,0,367977,255879,0,244,283,0,3,60,828522,2167,75064,22,24,6580,0,-75,-2147483648,405122,4294967295,0,0
3327249162,3327.249162,165164,165132,165132,0,6,8,49166,0,49174,0,0,11,0,0,43,43,32,75064,1,0,367977,255899,0,244,283,1,3,60,828522,2164,75064,22,24,6581,0,-72,-2147483648,152599,4294967295,0,0
3327499162,3327.499162,165176,165144,165144,0,6,8,49166,0,49174,0,0,11,0,0,55,55,32,75064,1,0,367977,255918,0,138,283,1,3,60,828522,2377,75064,21,24,6581,0,-72,-2147483648,402599,4294967295,0,0
3327749163,3327.749163,165189,165157,165157,0,6,8,49166,0,49174,0,0,11,0,0,68,68,32,75064,1,0,367977,255938,0,244,283,1,3,60,828522,2164,75064,21,24,6582,0,-75,-2147483648,150993,4294967295,0,0
3327999163,3327.999163,165201,165169,165169,0,6,8,49166,0,49174,0,0,11,0,0,80,80,32,75064,1,0,367977,255956,0,280,283,1,3,60,828522,2167,75064,21,24,6582,0,-75,-2147483648,400993,4294967295,0,0
3328249163,3328.249163,165214,165182,165182,0,6,8,49166,0,49174,0,0,11,0,0,93,93,32,75064,1,0,367977,255976,0,244,283,1,3,60,828522,2164,75064,21,24,6583,0,-73,-2147483648,149655,4294967295,0,0
3328499165,3328.499165,165226,165194,165194,0,6,8,49166,0,49174,0,0,11,0,0,105,105,32,75064,1,0,367977,255995,0,139,283,0,3,61,828522,1497,75064,22,24,6583,0,-73,-2147483648,399657,4294967295,0,0
3328749167,3328.749167,165239,165207,165207,0,6,8,49166,0,49174,0,0,11,0,0,118,118,32,75064,1,0,367977,256015,0,245,283,1,3,60,828522,2164,75064,21,24,6584,0,-73,-2147483648,137383,4294967295,0,0
3328999168,3328.999168,165251,165219,165219,0,5,8,49166,0,49174,0,0,11,0,0,130,130,32,75064,1,0,367977,256033,0,245,283,1,3,60,828522,2167,75064,21,24,6584,0,-73,-2147483648,387384,4294967295,0,0
3329249169,3329.249169,165264,165232,165232,0,6,8,49166,0,49174,0,0,11,0,0,143,143,32,75064,1,0,367977,256053,0,244,283,1,3,60,828522,2164,75064,22,24,6585,0,-74,-2147483648,136331,4294967295,0,0
3329499171,3329.499171,165276,165244,165244,0,5,8,49166,0,49174,0,0,11,0,0,155,155,32,75064,1,0,367977,256072,0,138,283,1,3,60,828522,2432,75064,22,24,6585,0,-74,-2147483648,386333,4294967295,0,0
3329749173,3329.749173,165289,165257,165257,0,6,8,49166,0,49174,0,0,11,0,0,168,168,32,75064,1,0,367977,256092,0,244,283,0,3,61,828522,2165,75064,22,24,6586,0,-72,-2147483648,135885,4294967295,0,0
3329999174,3329.999174,165301,165269,165269,0,6,8,49166,0,49174,0,0,11,0,0,180,180,32,75064,1,0,367977,256110,0,244,283,1,3,60,828522,2167,75064,22,24,6586,0,-72,-2147483648,385886,4294967295,0,0
3330249176,3330.249176,165314,165282,165282,0,6,8,49166,0,49174,0,0,11,0,0,193,193,32,75064,1,0,367977,256130,0,245,283,1,3,60,828522,2164,75064,21,24,6587,0,-75,-2147483648,134418,4294967295,0,0
3330499177,3330.499177,165326,165294,165294,0,6,8,49166,0,49174,0,0,11,0,0,205,205,32,75064,1,0,367977,256149,0,138,283,1,3,60,828522,1888,75064,22,24,6587,0,-75,-2147483648,384419,4294967295,0,0
3330749179,3330.749179,165339,165307,165307,0,6,8,49166,0,49174,0,0,11,0,0,218,218,32,75064,1,0,367977,256169,0,244,283,1,3,60,828522,2164,75064,22,24,6588,0,-74,-2147483648,131590,4294967295,0,0
3330999181,3330.999181,165351,165319,165319,0,6,8,49166,0,49174,0,0,11,0,0,230,230,32,75064,1,0,367977,256187,0,244,283,1,3,60,828522,2167,75064,22,24,6588,0,-74,-2147483648,381592,4294967295,0,0
3331249182,3331.249182,165364,165332,165332,0,6,8,49166,0,49174,0,0,11,0,0,243,243,32,75064,1,0,367977,256207,0,244,283,1,3,60,828522,2164,75064,22,24,6589,0,-76,-2147483648,132213,4294967295,0,0
3331499183,3331.499183,165376,165344,165344,0,6,8,49166,0,49174,0,0,11,0,0,255,255,32,75064,1,0,367977,256225,0,244,283,1,3,60,828522,2167,75064,21,24,6589,0,-76,-2147483648,382214,4294967295,0,0
3331749184,3331.749184,165389,165357,165357,0,5,8,49166,0,49174,0,0,11,0,0,12,12,32,75064,1,0,367977,256246,0,245,283,1,3,60,828522,2164,75064,21,24,6590,0,-77,-2147483648,131356,4294967295,0,0
3331999184,3331.999184,165401,165369,165369,0,5,8,49166,0,49174,0,0,11,0,0,24,24,32,75064,1,0,367977,256264,0,244,283,1,3,60,828522,2167,75064,22,24,6590,0,-77,-2147483648,381356,4294967295,0,0
3332249185,3332.249185,165414,165382,165382,0,6,8,49166,0,49174,0,0,11,0,0,37,37,32,75064,1,0,367977,256284,0,244,283,1,3,60,828522,2164,75064,22,24,6591,0,-73,-2147483648,129952,4294967295,0,0
3332499185,3332.499185,165426,165394,165394,0,6,8,49166,0,49174,0,0,11,0,0,49,49,32,75064,1,0,367977,256303,0,138,283,1,3,60,828522,2108,75064,21,24,6591,0,-73,-2147483648,379952,4294967295,0,0
3332749186,3332.749186,165439,165407,165407,0,5,8,49166,0,49174,0,0,11,0,0,62,62,32,75064,1,0,367977,256323,0,245,283,1,3,60,828522,2164,75064,21,24,6592,0,-76,-2147483648,116578,4294967295,0,0
3332999187,3332.999187,165451,165419,165419,0,6,8,49166,0,49174,0,0,11,0,0,74,74,32,75064,1,0,367977,256341,0,244,283,0,3,61,828522,2167,75064,21,24,6592,0,-76,-2147483648,366579,4294967295,0,0
3333249189,3333.249189,165464,165432,165432,0,6,8,49166,0,49174,0,0,11,0,0,87,87,32,75064,1,0,367977,256361,0,244,283,1,3,60,828522,1164,75064,22,24,6593,0,-75,-2147483648,115610,4294967295,0,0
3333499191,3333.499191,165476,165444,165444,0,6,8,49166,0,49174,0,0,11,0,0,99,99,32,75064,1,0,367977,256380,0,138,283,1,3,60,828522,1644,75064,22,24,6593,0,-75,-2147483648,365612,4294967295,0,0
3333749193,3333.749193,165489,165457,165457,0,5,8,49166,0,49174,0,0,11,0,0,112,112,32,75064,1,0,367977,256400,0,244,283,1,3,60,828522,2164,75064,22,24,6594,0,-76,-2147483648,115434,4294967295,0,0
3333999193,3333.999193,165501,165469,165469,0,6,8,49166,0,49174,0,0,11,0,0,124,124,32,75064,1,0,367977,256418,0,280,283,1,3,60,828522,2167,75064,21,24,6594,0,-76,-2147483648,365434,4294967295,0,0
3334249193,3334.249193,165514,165482,165482,0,6,8,49166,0,49174,0,0,11,0,0,137,137,32,75064,1,0,367977,256438,0,244,283,1,3,60,828522,2164,75064,22,24,6595,0,-76,-2147483648,114586,4294967295,0,0
3334499194,3334.499194,165526,165494,165494,0,6,8,49166,0,49174,0,0,11,0,0,149,149,32,75064,1,0,367977,256456,0,244,283,1,3,61,828522,2167,75064,22,24,6595,0,-76,-2147483648,364587,4294967295,0,0
3334749196,3334.749196,165539,165507,165507,0,6,8,49166,0,49174,0,0,11,0,0,162,162,32,75064,1,0,367977,256476,0,244,283,1,3,60,828522,2164,75064,22,24,6596,0,-77,-2147483648,113489,4294967295,0,0
3334999197,3334.999197,165551,165519,165519,0,6,8,49166,0,49174,0,0,11,0,0,174,174,32,75064,1,0,367977,256495,0,245,283,1,3,60,828522,1167,75064,21,24,6596,0,-77,-2147483648,363490,4294967295,0,0
3335249197,3335.249197,165564,165532,165532,0,6,8,49166,0,49174,0,0,11,0,0,187,187,32,75064,1,0,367977,256515,0,244,283,1,3,60,828522,2164,75064,21,24,6597,0,-76,-2147483648,111494,4294967295,0,0
3335499198,3335.499198,165576,165544,165544,0,6,8,49166,0,49174,0,0,11,0,0,199,199,32,75064,1,0,367977,256534,0,139,283,1,3,60,828522,1680,75064,21,24,6597,0,-76,-2147483648,361495,4294967295,0,0
3335749200,3335.749200,165589,165557,165557,0,5,8,49166,0,49174,0,0,11,0,0,212,212,32,75064,1,0,367977,256554,0,244,283,1,3,60,828522,2164,75064,22,24,6598,0,-74,-2147483648,110194,4294967295,0,0
3335999202,3335.999202,165601,165569,165569,0,6,8,49166,0,49174,0,0,11,0,0,224,224,32,75064,1,0,367977,256572,0,245,283,1,3,60,828522,2167,75064,21,24,6598,0,-74,-2147483648,360196,4294967295,0,0
3336249203,3336.249203,165614,165582,165582,0,6,8,49166,0,49174,0,0,11,0,0,237,237,32,75064,1,0,367977,256592,0,280,283,1,3,60,828522,1164,75064,21,24,6599,0,-75,-2147483648,109962,4294967295,0,0
3336499204,3336.499204,165626,165594,165594,0,6,8,49166,0,49174,0,0,11,0,0,249,249,32,75064,1,0,367977,256610,0,244,283,1,3,60,828522,1167,75064,22,24,6599,0,-75,-2147483648,359963,4294967295,0,0
3336749206,3336.749206,165639,165607,165607,0,5,8,49166,0,49174,0,0,11,0,0,6,6,32,75064,1,0,367977,256631,0,245,283,1,3,60,828522,2164,75064,21,24,6600,0,-76,-2147483648,109183,4294967295,0,0
3336999208,3336.999208,165651,165619,165619,0,6,8,49166,0,49174,0,0,11,0,0,18,18,32,75064,1,0,367977,256649,0,244,283,0,3,61,828522,1168,75064,22,24,6600,0,-76,-2147483648,359185,4294967295,0,0
3337249209,3337.249209,165664,165632,165632,0,6,8,49166,0,49174,0,0,11,0,0,31,31,32,75064,1,0,367977,256669,0,244,283,1,3,2,828522,2164,75064,22,24,6601,0,-77,-2147483648,96670,4294967295,0,0
3337499209,3337.499209,165676,165644,165644,0,5,8,49166,0,49174,0,0,11,0,0,43,43,32,75064,1,0,367977,256688,0,137,283,1,3,60,828522,1726,75064,22,24,6601,0,-77,-2147483648,346670,4294967295,0,0
3337749210,3337.749210,165689,165657,165657,0,6,8,49166,0,49174,0,0,11,0,0,56,56,32,75064,1,0,367977,256707,0,245,283,1,3,60,828522,2164,75064,22,24,6602,0,-77,-2147483648,94825,4294967295,0,0
3337999210,3337.999210,165701,165669,165669,0,6,8,49166,0,49174,0,0,11,0,0,68,68,32,75064,1,0,367977,256726,0,244,283,1,3,60,828522,2167,75064,22,24,6602,0,-77,-2147483648,344825,4294967295,0,0
3338249212,3338.249212,165714,165682,165682,0,6,8,49166,0,49174,0,0,11,0,0,81,81,32,75064,1,0,367977,256746,0,244,283,1,3,60,828522,2164,75064,22,24,6603,0,-76,-2147483648,94052,4294967295,0,0
3338499214,3338.499214,165726,165694,165694,0,5,8,49166,0,49174,0,0,11,0,0,93,93,32,75064,1,0,367977,256765,0,138,283,1,3,60,828522,2457,75064,21,24,6603,0,-76,-2147483648,344054,4294967295,0,0
3338749216,3338.749216,165739,165707,165707,0,6,8,49166,0,49174,0,0,11,0,0,106,106,32,75064,1,0,367977,256785,0,244,283,1,3,60,828522,2164,75064,22,24,6604,0,-78,-2147483648,91912,4294967295,0,0
3338999217,3338.999217,165751,165719,165719,0,6,8,49166,0,49174,0,0,11,0,0,118,118,32,75064,1,0,367977,256803,0,244,283,1,3,60,828522,2167,75064,22,24,6604,0,-78,-2147483648,341913,4294967295,0,0
3339249217,3339.249217,165764,165732,165732,0,6,8,49166,0,49174,0,0,11,0,0,131,131,32,75064,1,0,367977,256823,0,245,283,1,3,2,828522,1164,75064,21,24,6605,0,-75,-2147483648,91274,4294967295,0,0
3339499219,3339.499219,165776,165744,165744,0,6,8,49166,0,49174,0,0,11,0,0,143,143,32,75064,1,0,367977,256842,0,138,283,1,3,1,828522,2164,75064,21,24,6605,0,-75,-2147483648,341276,4294967295,0,0
3339749220,3339.749220,165789,165757,165757,0,6,8,49166,0,49174,0,0,11,0,0,156,156,32,75064,1,0,367977,256861,0,244,283,1,3,60,828522,2164,75064,22,24,6606,0,-76,-2147483648,89765,4294967295,0,0
3339999222,3339.999222,165801,165769,165769,0,6,8,49166,0,49174,0,0,11,0,0,168,168,32,75064,1,0,367977,256880,0,244,283,1,3,60,828522,2167,75064,22,24,6606,0,-76,-2147483648,339767,4294967295,0,0
3340249222,3340.249222,165814,165782,165782,0,6,8,49166,0,49174,0,0,11,0,0,181,181,32,75064,1,0,367977,256900,0,244,283,1,3,60,828522,2164,75064,22,24,6607,0,-81,-2147483648,78101,4294967295,0,0
3340499222,3340.499222,165826,165794,165794,0,6,8,49166,0,49174,0,0,11,0,0,193,193,32,75064,1,0,367977,256919,0,138,283,1,3,60,828522,2597,75064,21,24,6607,0,-81,-2147483648,328101,4294967295,0,0
3340749224,3340.749224,165839,165807,165807,0,6,8,49166,0,49174,0,0,11,0,0,206,206,32,75064,1,0,367977,256939,0,244,283,1,3,60,828522,2164,75064,22,24,6608,0,-83,-2147483648,75892,4294967295,0,0
3340999225,3340.999225,165851,165819,165819,0,6,8,49166,0,49174,0,0,11,0,0,218,218,32,75064,1,0,367977,256957,0,245,283,1,3,60,828522,2167,75064,21,24,6608,0,-83,-2147483648,325893,4294967295,0,0
3341249225,3341.249225,165864,165832,165832,0,6,8,49166,0,49174,0,0,11,0,0,231,231,32,75064,1,0,367977,256977,0,244,283,1,3,60,828522,1164,75064,21,24,6609,0,-82,-2147483648,75110,4294967295,0,0
3341499225,3341.499225,165876,165844,165844,0,6,8,49166,0,49174,0,0,11,0,0,243,243,32,75064,1,0,367977,256996,0,138,283,1,3,60,828522,2685,75064,21,24,6609,0,-82,-2147483648,325110,4294967295,0,0
3341749227,3341.749227,165889,165857,165857,0,6,8,49166,0,49174,0,0,11,0,0,0,0,32,75064,1,0,367977,257016,0,245,283,1,3,60,828522,2164,75064,21,24,6610,0,-82,-2147483648,74922,4294967295,0,0
3341999227,3341.999227,165901,165869,165869,0,5,8,49166,0,49174,0,0,11,0,0,12,12,32,75064,1,0,367977,257034,0,245,283,1,3,60,828522,1167,75064,21,24,6610,0,-82,-2147483648,324922,4294967295,0,0
3342249227,3342.249227,165914,165882,165882,0,6,8,49166,0,49174,0,0,11,0,0,25,25,32,75064,1,0,367977,257054,0,244,283,1,3,60,828522,2164,75064,22,24,6611,0,-90,-2147483648,74232,4294967295,0,0
3342499228,3342.499228,165926,165894,165894,0,6,8,49166,0,49174,0,0,11,0,0,37,37,32,75064,1,0,367977,257073,0,138,283,1,3,60,828522,2682,75064,22,24,6611,0,-90,-2147483648,324233,4294967295,0,0
3342749229,3342.749229,165939,165907,165907,0,6,8,49166,0,49174,0,0,11,0,0,50,50,32,75064,1,0,367977,257092,0,244,283,1,3,60,828522,2164,75064,22,24,6612,0,-79,-2147483648,72881,4294967295,0,0
3342999230,3342.999230,165951,165919,165919,0,6,8,49166,0,49174,0,0,11,0,0,62,62,32,75064,1,0,367977,257111,0,138,283,1,3,60,828522,1174,75064,22,24,6612,0,-79,-2147483648,322882,4294967295,0,0
3343249231,3343.249231,165964,165932,165932,0,6,8,49166,0,49174,0,0,11,0,0,75,75,32,75064,1,0,367977,257131,0,244,283,1,3,60,828522,2164,75064,22,24,6613,0,-75,-2147483648,71797,4294967295,0,0
3343499231,3343.499231,165976,165944,165944,0,6,8,49166,0,49174,0,0,11,0,0,87,87,32,75064,1,0,367977,257150,0,138,283,1,3,60,828522,1167,75064,22,24,6613,0,-75,-2147483648,321797,4294967295,0,0
3343749233,3343.749233,165989,165957,165957,0,6,8,49166,0,49174,0,0,11,0,0,100,100,32,75064,1,0,367977,257170,0,244,283,1,3,60,828522,2164,75064,22,24,6614,0,-80,-2147483648,71494,4294967295,0,0
3343999235,3343.999235,166001,165969,165969,0,6,8,49166,0,49174,0,0,11,0,0,112,112,32,75064,1,0,367977,257188,0,244,283,1,3,60,828522,2167,75064,22,24,6614,0,-80,-2147483648,321496,4294967295,0,0
3344249237,3344.249237,166014,165982,165982,0,6,8,49166,0,49174,0,0,11,0,0,125,125,32,75064,1,0,367977,257208,0,244,283,1,3,60,828522,2164,75064,22,24,6615,0,-83,-2147483648,70258,4294967295,0,0
3344499238,3344.499238,166026,165994,165994,0,6,8,49166,0,49174,0,0,11,0,0,137,137,32,75064,1,0,367977,257227,0,138,283,1,3,60,828522,1167,75064,22,24,6615,0,-83,-2147483648,320259,4294967295,0,0
3344749240,3344.749240,166039,166007,166007,0,6,8,49166,0,49174,0,0,11,0,0,150,150,32,75064,1,0,367977,257247,0,244,283,1,3,60,828522,2164,75064,22,24,6616,0,-82,-2147483648,58284,4294967295,0,0
3344999241,3344.999241,166051,166019,166019,0,6,8,49166,0,49174,0,0,11,0,0,162,162,32,75064,1,0,367977,257265,0,244,283,1,3,60,828522,2167,75064,22,24,6616,0,-82,-2147483648,308285,4294967295,0,0
3345249243,3345.249243,166064,166032,166032,0,6,8,49166,0,49174,0,0,11,0,0,175,175,32,75064,1,0,367977,257285,0,245,283,1,3,60,828522,2164,75064,21,24,6617,0,-83,-2147483648,55875,4294967295,0,0
3345499244,3345.499244,166076,166044,166044,0,6,8,49166,0,49174,0,0,11,0,0,187,187,32,75064,1,0,367977,257304,0,138,283,1,3,60,828522,2688,75064,21,24,6617,0,-83,-2147483648,305876,4294967295,0,0
3345749246,3345.749246,166089,166057,166057,0,6,8,49166,0,49174,0,0,11,0,0,200,200,32,75064,1,0,367977,257324,0,244,283,1,3,60,828522,2164,75064,22,24,6618,0,-70,-2147483648,53362,4294967295,0,0
3345999247,3345.999247,166101,166069,166069,0,6,8,49166,0,49174,0,0,11,0,0,212,212,32,75064,1,0,367977,257342,0,244,283,1,3,60,828522,2168,75064,21,24,6618,0,-70,-2147483648,303363,4294967295,0,0
3346249249,3346.249249,166114,166082,166082,0,6,8,49166,0,49174,0,0,11,0,0,225,225,32,75064,1,0,367977,257362,0,245,283,1,3,60,828522,2164,75064,21,24,6619,0,-67,-2147483648,53396,4294967295,0,0
3346499251,3346.499251,166126,166094,166094,0,6,8,49166,0,49174,0,0,11,0,0,237,237,32,75064,1,0,367977,257381,0,138,283,1,3,60,828522,2684,75064,22,24,6619,0,-67,-2147483648,303398,4294967295,0,0
3346749251,3346.749251,166139,166107,166107,0,6,8,49166,0,49174,0,0,11,0,0,250,250,32,75064,1,0,367977,257401,0,244,283,1,3,60,828522,2164,75064,22,24,6620,0,-73,-2147483648,51961,4294967295,0,0
3346999251,3346.999251,166151,166119,166119,0,6,8,49166,0,49174,0,0,11,0,0,6,6,32,75064,1,0,367977,257419,0,244,283,1,3,60,828522,2167,75064,22,24,6620,0,-73,-2147483648,301961,4294967295,0,0
3347249252,3347.249252,166164,166132,166132,0,6,8,49166,0,49174,0,0,11,0,0,19,19,32,75064,1,0,367977,257439,0,244,283,1,3,60,828522,2164,75064,22,24,6621,0,-86,-2147483648,50282,4294967295,0,0
3347499252,3347.499252,166176,166144,166144,0,6,8,49166,0,49174,0,0,11,0,0,31,31,32,75064,1,0,367977,257458,0,138,283,1,3,60,828522,2717,75064,22,24,6621,0,-86,-2147483648,300282,4294967295,0,0
3347749253,3347.749253,166189,166157,166157,0,6,8,49166,0,49174,0,0,11,0,0,44,44,32,75064,1,0,367977,257478,0,280,283,1,3,60,828522,2164,75064,21,24,6622,0,-76,-2147483648,49472,4294967295,0,0
3347999255,3347.999255,166201,166169,166169,0,6,8,49166,0,49174,0,0,11,0,0,56,56,32,75064,1,0,367977,257496,0,244,283,0,3,61,828522,2167,75064,21,24,6622,0,-76,-2147483648,299474,4294967295,0,0
3348249257,3348.249257,166214,166182,166182,0,6,8,49166,0,49174,0,0,11,0,0,69,69,32,75064,1,0,367977,257516,0,244,283,0,3,60,828522,2164,75064,22,24,6623,0,-78,-2147483648,38435,4294967295,0,0
3348499258,3348.499258,166226,166194,166194,0,6,8,49166,0,49174,0,0,11,0,0,81,81,32,75064,1,0,367977,257535,0,138,283,1,3,60,828522,2429,75064,21,24,6623,0,-78,-2147483648,288436,4294967295,0,0
3348749260,3348.749260,166239,166207,166207,0,5,8,49166,0,49174,0,0,11,0,0,94,94,32,75064,1,0,367977,257555,0,244,283,1,3,60,828522,2164,75064,22,24,6624,0,-78,-2147483648,38267,4294967295,0,0
3348999262,3348.999262,166251,166219,166219,0,6,8,49166,0,49174,0,0,11,0,0,106,106,32,75064,1,0,367977,257573,0,138,283,1,3,60,828522,1167,75064,21,24,6624,0,-78,-2147483648,288269,4294967295,0,0
3349249263,3349.249263,166264,166232,166232,0,6,8,49166,0,49174,0,0,11,0,0,119,119,32,75064,1,0,367977,257593,0,244,283,1,3,60,828522,2164,75064,22,24,6625,0,-75,-2147483648,37109,4294967295,0,0
3349499263,3349.499263,166276,166244,166244,0,6,8,49166,0,49174,0,0,11,0,0,131,131,32,75064,1,0,367977,257612,0,138,283,1,3,60,828522,2273,75064,22,24,6625,0,-75,-2147483648,287109,4294967295,0,0
3349749263,3349.749263,166289,166257,166257,0,6,8,49166,0,49174,0,0,11,0,0,144,144,32,75064,1,0,367977,257632,0,244,283,1,3,60,828522,2164,75064,22,24,6626,0,-74,-2147483648,36084,4294967295,0,0
3349999265,3349.999265,166301,166269,166269,0,6,8,49166,0,49174,0,0,11,0,0,156,156,32,75064,1,0,367977,257650,0,280,283,1,3,60,828522,2167,75064,21,24,6626,0,-74,-2147483648,286086,4294967295,0,0
3350249266,3350.249266,166314,166282,166282,0,6,8,49166,0,49174,0,0,11,0,0,169,169,32,75064,1,0,367977,257670,0,244,283,1,3,60,828522,2164,75064,22,24,6627,0,-75,-2147483648,35250,4294967295,0,0
3350499266,3350.499266,166326,166294,166294,0,6,8,49166,0,49174,0,0,11,0,0,181,181,32,75064,1,0,367977,257689,0,138,283,1,3,60,828522,2720,75064,21,24,6627,0,-75,-2147483648,285250,4294967295,0,0
3350749266,3350.749266,166339,166307,166307,0,6,8,49166,0,49174,0,0,11,0,0,194,194,32,75064,1,0,367977,257709,0,244,283,1,3,60,828522,2164,75064,22,24,6628,0,-76,-2147483648,35204,4294967295,0,0
3350999266,3350.999266,166351,166319,166319,0,6,8,49166,0,49174,0,0,11,0,0,206,206,32,75064,1,0,367977,257727,0,244,283,1,3,60,828522,2167,75064,22,24,6628,0,-76,-2147483648,285204,4294967295,0,0
3351249268,3351.249268,166364,166332,166332,0,6,8,49166,0,49174,0,0,11,0,0,219,219,32,75064,1,0,367977,257747,0,244,283,1,3,60,828522,2164,75064,22,24,6629,0,-77,-2147483648,32301,4294967295,0,0
3351499269,3351.499269,166376,166344,166344,0,6,8,49166,0,49174,0,0,11,0,0,231,231,32,75064,1,0,367977,257766,0,138,283,1,3,60,828522,2167,75064,22,24,6629,0,-77,-2147483648,282302,4294967295,0,0
3351749270,3351.749270,166389,166357,166357,0,6,8,49166,0,49174,0,0,11,0,0,244,244,32,75064,1,0,367977,257786,0,244,283,1,3,60,828522,2164,75064,22,24,6630,0,-77,-2147483648,32907,4294967295,0,0
3351999271,3351.999271,166401,166369,166369,0,6,8,49166,0,49174,0,0,11,0,0,0,0,32,75064,1,0,367977,257804,0,244,283,1,3,60,828522,2167,75064,21,24,6630,0,-77,-2147483648,282908,4294967295,0,0
3352249271,3352.249271,166414,166382,166382,0,6,8,49166,0,49174,0,0,11,0,0,13,13,32,75064,1,0,367977,257824,0,244,283,1,3,60,828522,2164,75064,22,24,6631,0,-79,-2147483648,31817,4294967295,0,0
3352499273,3352.499273,166426,166394,166394,0,6,8,49166,0,49174,0,0,11,0,0,25,25,32,75064,1,0,367977,257843,0,138,283,1,3,60,828522,2163,75064,22,24,6631,0,-79,-2147483648,281819,4294967295,0,0
3352749275,3352.749275,166439,166407,166407,0,6,8,49166,0,49174,0,0,11,0,0,38,38,32,75064,1,0,367977,257863,0,244,283,1,3,60,828522,2164,75064,22,24,6632,0,-84,-2147483648,29759,4294967295,0,0
3352999277,3352.999277,166451,166419,166419,0,6,8,49166,0,49174,0,0,11,0,0,50,50,32,75064,1,0,367977,257881,0,244,283,0,3,61,828522,2168,75064,22,24,6632,0,-84,-2147483648,279761,4294967295,0,0
3353249277,3353.249277,166464,166432,166432,0,6,8,49166,0,49174,0,0,11,0,0,63,63,32,75064,1,0,367977,257901,0,244,283,1,3,60,828522,2164,75064,21,24,6633,0,-79,-2147483648,18418,4294967295,0,0
3353499278,3353.499278,166476,166444,166444,0,6,8,49166,0,49174,0,0,11,0,0,75,75,32,75064,1,0,367977,257920,0,138,283,1,3,60,828522,1680,75064,21,24,6633,0,-79,-2147483648,268419,4294967295,0,0
3353749278,3353.749278,166489,166457,166457,0,6,8,49166,0,49174,0,0,11,0,0,88,88,32,75064,1,0,367977,257940,0,280,283,1,3,60,828522,2164,75064,22,24,6634,0,-79,-2147483648,16257,4294967295,0,0
3353999280,3353.999280,166501,166469,166469,0,6,8,49166,0,49174,0,0,11,0,0,100,100,32,75064,1,0,367977,257958,0,244,283,1,3,60,828522,2167,75064,22,24,6634,0,-79,-2147483648,266259,4294967295,0,0
3354249282,3354.249282,166514,166482,166482,0,6,8,49166,0,49174,0,0,11,0,0,113,113,32,75064,1,0,367977,257978,0,245,283,1,3,60,828522,2164,75064,21,24,6635,0,-76,-2147483648,15443,4294967295,0,0
3354499284,3354.499284,166526,166494,166494,0,6,8,49166,0,49174,0,0,11,0,0,125,125,32,75064,1,0,367977,257997,0,138,283,1,3,60,828522,2364,75064,22,24,6635,0,-76,-2147483648,265445,4294967295,0,0
3354749286,3354.749286,166539,166507,166507,0,6,8,49166,0,49174,0,0,11,0,0,138,138,32,75064,1,0,367977,258017,0,244,283,1,3,60,828522,2164,75064,22,24,6636,0,-79,-2147483648,13770,4294967295,0,0
3354999287,3354.999287,166551,166519,166519,0,6,8,49166,0,49174,0,0,11,0,0,150,150,32,75064,1,0,367977,258035,0,244,283,1,3,61,828522,2167,75064,22,24,6636,0,-79,-2147483648,263771,4294967295,0,0
3355249288,3355.249288,166564,166532,166532,0,6,8,49166,0,49174,0,0,11,0,0,163,163,32,75064,1,0,367977,258055,0,244,283,1,3,60,828522,2164,75064,21,24,6637,0,-75,-2147483648,13824,4294967295,0,0
3355499289,3355.499289,166576,166544,166544,0,6,8,49166,0,49174,0,0,11,0,0,175,175,32,75064,1,0,367977,258074,0,138,283,1,3,60,828522,2441,75064,22,24,6637,0,-75,-2147483648,263825,4294967295,0,0
3355749291,3355.749291,166589,166557,166557,0,6,8,49166,0,49174,0,0,11,0,0,188,188,32,75064,1,0,367977,258094,0,245,283,1,3,60,828522,2164,75064,21,24,6638,0,-77,-2147483648,12711,4294967295,0,0
3355999291,3355.999291,166601,166569,166569,0,6,8,49166,0,49174,0,0,11,0,0,200,200,32,75064,1,0,367977,258112,0,280,283,1,3,60,828522,2167,75064,21,24,6638,0,-77,-2147483648,262711,4294967295,0,0
3356249292,3356.249292,166614,166582,166582,0,5,8,49166,0,49174,0,0,11,0,0,213,213,32,75064,1,0,367977,258132,0,245,283,1,3,60,828522,2164,75064,21,24,6639,0,-79,-2147483648,12040,4294967295,0,0
3356499293,3356.499293,166626,166594,166594,0,6,8,49166,0,49174,0,0,11,0,0,225,225,32,75064,1,0,367977,258151,0,138,283,1,3,61,828522,2163,75064,22,24,6639,0,-79,-2147483648,262041,4294967295,0,0
3356749295,3356.749295,166639,166607,166607,0,6,8,49166,0,49174,0,0,11,0,0,238,238,32,75064,1,0,367977,258171,0,244,283,1,3,60,828522,2164,75064,22,24,6640,0,-80,-2147483648,11826,4294967295,0,0
3356999296,3356.999296,166651,166619,166619,0,6,8,49166,0,49174,0,0,11,0,0,250,250,32,75064,1,0,367977,258189,0,137,283,1,3,60,828522,2167,75064,22,24,6640,0,-80,-2147483648,261827,4294967295,0,0
3357249298,3357.249298,166664,166632,166632,0,6,8,49166,0,49174,0,0,11,0,0,7,7,32,75064,1,0,367977,258209,0,244,283,1,3,60,828522,2164,75064,22,24,6641,0,-75,-2147483648,10002,4294967295,0,0
3357499299,3357.499299,166676,166644,166644,0,6,8,49166,0,49174,0,0,11,0,0,19,19,32,75064,1,0,367977,258228,0,139,283,1,3,60,828522,2164,75064,22,24,6641,0,-75,-2147483648,260003,4294967295,0,0
3357749301,3357.749301,166689,166657,166657,0,6,8,49166,0,49174,0,0,11,0,0,32,32,32,75064,1,0,367977,258248,0,244,283,1,3,60,828522,2165,75064,22,24,6642,0,-81,-2147483648,9898,4294967295,0,0
3357999303,3357.999303,166701,166669,166669,0,6,8,49166,0,49174,0,0,11,0,0,44,44,32,75064,1,0,367977,258266,0,244,283,1,3,60,828522,2167,75064,22,24,6642,0,-81,-2147483648,259900,4294967295,0,0
3358249303,3358.249303,166714,166682,166682,0,6,8,49166,0,49174,0,0,11,0,0,57,57,32,75064,1,0,367977,258285,0,280,283,1,3,60,828522,2164,75064,22,24,6642,0,-81,-2147483648,509900,4294967295,0,0
3358499304,3358.499304,166726,166694,166694,0,6,8,49166,0,49174,0,0,11,0,0,69,69,32,75064,1,0,367977,258305,0,138,283,1,3,60,828522,1683,75064,22,24,6643,0,-81,-2147483648,246509,4294967295,0,0
3358749306,3358.749306,166739,166707,166707,0,6,8,49166,0,49174,0,0,11,0,0,82,82,32,75064,1,0,367977,258324,0,244,283,1,3,60,828522,2164,75064,22,24,6643,0,-81,-2147483648,496511,4294967295,0,0
3358999306,3358.999306,166751,166719,166719,0,5,8,49166,0,49174,0,0,11,0,0,94,94,32,75064,1,0,367977,258343,0,244,283,1,3,60,828522,2167,75064,22,24,6644,0,-83,-2147483648,246489,4294967295,0,0
3359249307,3359.249307,166764,166732,166732,0,6,8,49166,0,49174,0,0,11,0,0,107,107,32,75064,1,0,367977,258362,0,244,283,1,3,60,828522,2164,75064,22,24,6644,0,-83,-2147483648,496490,4294967295,0,0
3359499309,3359.499309,166776,166744,166744,0,6,8,49166,0,49174,0,0,11,0,0,119,119,32,75064,1,0,367977,258382,0,138,283,1,3,60,828522,2163,75064,21,24,6645,0,-76,-2147483648,245852,4294967295,0,0
3359749310,3359.749310,166789,166757,166757,0,5,8,49166,0,49174,0,0,11,0,0,132,132,32,75064,1,0,367977,258401,0,245,283,1,3,60,828522,2164,75064,21,24,6645,0,-76,-2147483648,495853,4294967295,0,0
3359999312,3359.999312,166801,166769,166769,0,5,8,49166,0,49174,0,0,11,0,0,144,144,32,75064,1,0,367977,258420,0,244,283,1,3,60,828522,2167,75064,22,24,6646,0,-77,-2147483648,245708,4294967295,0,0
3360249314,3360.249314,166814,166782,166782,0,6,8,49166,0,49174,0,0,11,0,0,157,157,32,75064,1,0,367977,258439,0,244,283,1,3,61,828522,2164,75064,22,24,6646,0,-77,-2147483648,495710,4294967295,0,0
3360499315,3360.499315,166826,166794,166794,0,6,8,49166,0,49174,0,0,11,0,0,169,169,32,75064,1,0,367977,258459,0,138,283,1,3,60,828522,2167,75064,22,24,6647,0,-79,-2147483648,242931,4294967295,0,0
3360749315,3360.749315,166839,166807,166807,0,5,8,49166,0,49174,0,0,11,0,0,182,182,32,75064,1,0,367977,258478,0,244,283,1,3,60,828522,2164,75064,22,24,6647,0,-79,-2147483648,492931,4294967295,0,0
3360999316,3360.999316,166851,166819,166819,0,5,8,49166,0,49174,0,0,11,0,0,194,194,32,75064,1,0,367977,258497,0,244,283,1,3,60,828522,2167,75064,22,24,6648,0,-76,-2147483648,241321,4294967295,0,0
3361249317,3361.249317,166864,166832,166832,0,6,8,49166,0,49174,0,0,11,0,0,207,207,32,75064,1,0,367977,258516,0,244,283,1,3,2,828522,2164,75064,22,24,6648,0,-76,-2147483648,491322,4294967295,0,0
3361499317,3361.499317,166876,166844,166844,0,6,8,49166,0,49174,0,0,11,0,0,219,219,32,75064,1,0,367977,258536,0,138,283,1,3,60,828522,1684,75064,22,24,6649,0,-82,-2147483648,241087,4294967295,0,0
3361749318,3361.749318,166889,166857,166857,0,6,8,49166,0,49174,0,0,11,0,0,232,232,32,75064,1,0,367977,258555,0,244,283,1,3,60,828522,2164,75064,21,24,6649,0,-82,-2147483648,491088,4294967295,0,0
3361999319,3361.999319,166901,166869,166869,0,6,8,49166,0,49174,0,0,11,0,0,244,244,32,75064,1,0,367977,258574,0,244,283,1,3,60,828522,2167,75064,22,24,6650,0,-82,-2147483648,240738,4294967295,0,0
3362249321,3362.249321,166914,166882,166882,0,6,8,49166,0,49174,0,0,11,0,0,1,1,32,75064,1,0,367977,258593,0,245,283,1,3,60,828522,2164,75064,21,24,6650,0,-82,-2147483648,490740,4294967295,0,0
3362499323,3362.499323,166926,166894,166894,0,6,8,49166,0,49174,0,0,11,0,0,13,13,32,75064,1,0,367977,258613,0,138,283,1,3,60,828522,1684,75064,22,24,6651,0,-79,-2147483648,238982,4294967295,0,0
3362749324,3362.749324,166939,166907,166907,0,6,8,49166,0,49174,0,0,11,0,0,26,26,32,75064,1,0,367977,258632,0,245,283,1,3,60,828522,2164,75064,22,24,6651,0,-79,-2147483648,488983,4294967295,0,0
3362999326,3362.999326,166951,166919,166919,0,6,8,49166,0,49174,0,0,11,0,0,38,38,32,75064,1,0,367977,258651,0,244,283,1,3,60,828522,2167,75064,22,24,6652,0,-77,-2147483648,226680,4294967295,0,0
3363249326,3363.249326,166964,166932,166932,0,6,8,49166,0,49174,0,0,11,0,0,51,51,32,75064,1,0,367977,258670,0,245,283,1,3,60,828522,2164,75064,22,24,6652,0,-77,-2147483648,476680,4294967295,0,0
3363499328,3363.499328,166976,166944,166944,0,6,8,49166,0,49174,0,0,11,0,0,63,63,32,75064,1,0,367977,258690,0,138,283,1,3,60,828522,2163,75064,22,24,6653,0,-75,-2147483648,226657,4294967295,0,0
3363749330,3363.749330,166989,166957,166957,0,6,8,49166,0,49174,0,0,11,0,0,76,76,32,75064,1,0,367977,258709,0,245,283,1,3,60,828522,2164,75064,21,24,6653,0,-75,-2147483648,476659,4294967295,0,0
3363999332,3363.999332,167001,166969,166969,0,6,8,49166,0,49174,0,0,11,0,0,88,88,32,75064,1,0,367977,258728,0,245,283,1,3,60,828522,1167,75064,21,24,6654,0,-83,-2147483648,226037,4294967295,0,0
3364249333,3364.249333,167014,166982,166982,0,6,8,49166,0,49174,0,0,11,0,0,101,101,32,75064,1,0,367977,258747,0,244,283,1,3,60,828522,2164,75064,22,24,6654,0,-83,-2147483648,476038,4294967295,0,0
3364499335,3364.499335,167026,166994,166994,0,6,8,49166,0,49174,0,0,11,0,0,113,113,32,75064,1,0,367977,258767,0,138,283,1,3,60,828522,2164,75064,21,24,6655,0,-83,-2147483648,225908,4294967295,0,0
3364749336,3364.749336,167039,167007,167007,0,6,8,49166,0,49174,0,0,11,0,0,126,126,32,75064,1,0,367977,258786,0,245,283,1,3,60,828522,2164,75064,21,24,6655,0,-83,-2147483648,475909,4294967295,0,0
3364999338,3364.999338,167051,167019,167019,0,6,8,49166,0,49174,0,0,11,0,0,138,138,32,75064,1,0,367977,258805,0,245,283,1,3,60,828522,2167,75064,21,24,6656,0,-80,-2147483648,224685,4294967295,0,0
3365249338,3365.249338,167064,167032,167032,0,6,8,49166,0,49174,0,0,11,0,0,151,151,32,75064,1,0,367977,258824,0,244,283,1,3,60,828522,1164,75064,22,24,6656,0,-80,-2147483648,474685,4294967295,0,0
3365499338,3365.499338,167076,167044,167044,0,6,8,49166,0,49174,0,0,11,0,0,163,163,32,75064,1,0,367977,258844,0,138,283,1,3,60,828522,2681,75064,22,24,6657,0,-80,-2147483648,223674,4294967295,0,0
3365749340,3365.749340,167089,167057,167057,0,5,8,49166,0,49174,0,0,11,0,0,176,176,32,75064,1,0,367977,258863,0,245,283,1,3,60,828522,2164,75064,21,24,6657,0,-80,-2147483648,473676,4294967295,0,0
3365999340,3365.999340,167101,167069,167069,0,6,8,49166,0,49174,0,0,11,0,0,188,188,32,75064,1,0,367977,258882,0,245,283,1,3,60,828522,2167,75064,21,24,6658,0,-80,-2147483648,222797,4294967295,0,0
3366249341,3366.249341,167114,167082,167082,0,6,8,49166,0,49174,0,0,11,0,0,201,201,32,75064,1,0,367977,258901,0,245,283,1,3,60,828522,1164,75064,21,24,6658,0,-80,-2147483648,472798,4294967295,0,0
3366499341,3366.499341,167126,167094,167094,0,6,8,49166,0,49174,0,0,11,0,0,213,213,32,75064,1,0,367977,258921,0,138,283,1,3,60,828522,2685,75064,22,24,6659,0,-80,-2147483648,220925,4294967295,0,0
3366749343,3366.749343,167139,167107,167107,0,6,8,49166,0,49174,0,0,11,0,0,226,226,32,75064,1,0,367977,258940,0,244,283,0,3,61,828522,1165,75064,22,24,6659,0,-80,-2147483648,470927,4294967295,0,0
3366999343,3366.999343,167151,167119,167119,0,6,8,49166,0,49174,0,0,11,0,0,238,238,32,75064,1,0,367977,258959,0,244,283,1,3,60,828522,2167,75064,22,24,6660,0,-78,-2147483648,219228,4294967295,0,0
3367249345,3367.249345,167164,167132,167132,0,6,8,49166,0,49174,0,0,11,0,0,251,251,32,75064,1,0,367977,258978,0,245,283,1,3,60,828522,1164,75064,21,24,6660,0,-78,-2147483648,469230,4294967295,0,0
3367499347,3367.499347,167176,167144,167144,0,6,8,49166,0,49174,0,0,11,0,0,7,7,32,75064,1,0,367977,258998,0,138,283,1,3,60,828522,1167,75064,22,24,6661,0,-82,-2147483648,206902,4294967295,0,0
3367749347,3367.749347,167189,167157,167157,0,6,8,49166,0,49174,0,0,11,0,0,20,20,32,75064,1,0,367977,259017,0,244,283,1,3,60,828522,2164,75064,22,24,6661,0,-82,-2147483648,456902,4294967295,0,0
3367999348,3367.999348,167201,167169,167169,0,6,8,49166,0,49174,0,0,11,0,0,32,32,32,75064,1,0,367977,259036,0,244,283,1,3,60,828522,2167,75064,22,24,6662,0,-82,-2147483648,206919,4294967295,0,0
3368249348,3368.249348,167214,167182,167182,0,6,8,49166,0,49174,0,0,11,0,0,45,45,32,75064,1,0,367977,259055,0,244,283,1,3,60,828522,2164,75064,22,24,6662,0,-82,-2147483648,456919,4294967295,0,0
3368499350,3368.499350,167226,167194,167194,0,6,8,49166,0,49174,0,0,11,0,0,57,57,32,75064,1,0,367977,259075,0,138,283,1,3,60,828522,1167,75064,22,24,6663,0,-82,-2147483648,204846,4294967295,0,0
3368749352,3368.749352,167239,167207,167207,0,6,8,49166,0,49174,0,0,11,0,0,70,70,32,75064,1,0,367977,259094,0,244,283,0,3,61,828522,2165,75064,22,24,6663,0,-82,-2147483648,454848,4294967295,0,0
3368999353,3368.999353,167251,167219,167219,0,5,8,49166,0,49174,0,0,11,0,0,82,82,32,75064,1,0,367977,259113,0,244,283,1,3,60,828522,2167,75064,22,24,6664,0,-79,-2147483648,203765,4294967295,0,0
3369249354,3369.249354,167264,167232,167232,0,6,8,49166,0,49174,0,0,11,0,0,95,95,32,75064,1,0,367977,259132,0,244,283,1,3,60,828522,2164,75064,22,24,6664,0,-79,-2147483648,453766,4294967295,0,0
3369499355,3369.499355,167276,167244,167244,0,6,8,49166,0,49174,0,0,11,0,0,107,107,32,75064,1,0,367977,259152,0,139,283,1,3,61,828522,1167,75064,22,24,6665,0,-78,-2147483648,202994,4294967295,0,0
3369749356,3369.749356,167289,167257,167257,0,6,8,49166,0,49174,0,0,11,0,0,120,120,32,75064,1,0,367977,259171,0,280,283,1,3,60,828522,2164,75064,21,24,6665,0,-78,-2147483648,452995,4294967295,0,0
3369999358,3369.999358,167301,167269,167269,0,6,8,49166,0,49174,0,0,11,0,0,132,132,32,75064,1,0,367977,259190,0,244,283,1,3,60,828522,2167,75064,21,24,6666,0,-81,-2147483648,201745,4294967295,0,0
3370249358,3370.249358,167314,167282,167282,0,6,8,49166,0,49174,0,0,11,0,0,145,145,32,75064,1,0,367977,259209,0,244,283,1,3,60,828522,2164,75064,22,24,6666,0,-81,-2147483648,451745,4294967295,0,0
3370499358,3370.499358,167326,167294,167294,0,6,8,49166,0,49174,0,0,11,0,0,157,157,32,75064,1,0,367977,259229,0,138,283,0,3,61,828522,2167,75064,22,24,6667,0,-82,-2147483648,200509,4294967295,0,0
3370749358,3370.749358,167339,167307,167307,0,6,8,49166,0,49174,0,0,11,0,0,170,170,32,75064,1,0,367977,259248,0,244,283,1,3,60,828522,2164,75064,22,24,6667,0,-82,-2147483648,450509,4294967295,0,0
3370999359,3370.999359,167351,167319,167319,0,6,8,49166,0,49174,0,0,11,0,0,182,182,32,75064,1,0,367977,259267,0,245,283,1,3,60,828522,2167,75064,21,24,6668,0,-82,-2147483648,189287,4294967295,0,0
3371249359,3371.249359,167364,167332,167332,0,6,8,49166,0,49174,0,0,11,0,0,195,195,32,75064,1,0,367977,259286,0,244,283,1,3,60,828522,2164,75064,22,24,6668,0,-82,-2147483648,439287,4294967295,0,0
3371499359,3371.499359,167376,167344,167344,0,6,8,49166,0,49174,0,0,11,0,0,207,207,32,75064,1,0,367977,259306,0,138,283,1,3,60,828522,2687,75064,22,24,6669,0,-82,-2147483648,189268,4294967295,0,0
3371749361,3371.749361,167389,167357,167357,0,6,8,49166,0,49174,0,0,11,0,0,220,220,32,75064,1,0,367977,259325,0,245,283,1,3,60,828522,1164,75064,21,24,6669,0,-82,-2147483648,439270,4294967295,0,0
3371999361,3371.999361,167401,167369,167369,0,6,8,49166,0,49174,0,0,11,0,0,232,232,32,75064,1,0,367977,259344,0,280,283,1,3,60,828522,2167,75064,21,24,6670,0,-78,-2147483648,188273,4294967295,0,0
3372249362,3372.249362,167414,167382,167382,0,6,8,49166,0,49174,0,0,11,0,0,245,245,32,75064,1,0,367977,259363,0,244,283,1,3,60,828522,2164,75064,22,24,6670,0,-78,-2147483648,438274,4294967295,0,0
3372499363,3372.499363,167426,167394,167394,0,6,8,49166,0,49174,0,0,11,0,0,1,1,32,75064,1,0,367977,259383,0,138,283,1,3,60,828522,2683,75064,22,24,6671,0,-80,-2147483648,187121,4294967295,0,0
3372749364,3372.749364,167439,167407,167407,0,6,8,49166,0,49174,0,0,11,0,0,14,14,32,75064,1,0,367977,259402,0,244,283,1,3,60,828522,2164,75064,22,24,6671,0,-80,-2147483648,437122,4294967295,0,0
3372999366,3372.999366,167451,167419,167419,0,6,8,49166,0,49174,0,0,11,0,0,26,26,32,75064,1,0,367977,259421,0,244,283,1,3,60,828522,2167,75064,22,24,6672,0,-78,-2147483648,184600,4294967295,0,0
3373249367,3373.249367,167464,167432,167432,0,6,8,49166,0,49174,0,0,11,0,0,39,39,32,75064,1,0,367977,259440,0,244,283,1,3,60,828522,2164,75064,22,24,6672,0,-78,-2147483648,434601,4294967295,0,0
3373499369,3373.499369,167476,167444,167444,0,6,8,49166,0,49174,0,0,11,0,0,51,51,32,75064,1,0,367977,259460,0,140,283,1,3,60,828522,2167,75064,22,24,6673,0,-82,-2147483648,184061,4294967295,0,0
3373749370,3373.749370,167489,167457,167457,0,6,8,49166,0,49174,0,0,11,0,0,64,64,32,75064,1,0,367977,259479,0,244,283,1,3,60,828522,2164,75064,22,24,6673,0,-82,-2147483648,434062,4294967295,0,0
3373999372,3373.999372,167501,167469,167469,0,5,8,49166,0,49174,0,0,11,0,0,76,76,32,75064,1,0,367977,259498,0,245,283,1,3,60,828522,2167,75064,21,24,6674,0,-78,-2147483648,183114,4294967295,0,0
3374249373,3374.249373,167514,167482,167482,0,6,8,49166,0,49174,0,0,11,0,0,89,89,32,75064,1,0,367977,259517,0,244,283,1,3,2,828522,2164,75064,22,24,6674,0,-78,-2147483648,433115,4294967295,0,0
3374499375,3374.499375,167526,167494,167494,0,6,8,49166,0,49174,0,0,11,0,0,101,101,32,75064,1,0,367977,259537,0,138,283,1,3,60,828522,2679,75064,21,24,6675,0,-84,-2147483648,182896,4294967295,0,0
3374749376,3374.749376,167539,167507,167507,0,6,8,49166,0,49174,0,0,11,0,0,114,114,32,75064,1,0,367977,259556,0,244,283,1,3,60,828522,2164,75064,22,24,6675,0,-84,-2147483648,432897,4294967295,0,0
3374999377,3374.999377,167551,167519,167519,0,6,8,49166,0,49174,0,0,11,0,0,126,126,32,75064,1,0,367977,259575,0,244,283,1,3,60,828522,2167,75064,22,24,6676,0,-82,-2147483648,180720,4294967295,0,0
3375249377,3375.249377,167564,167532,167532,0,6,8,49166,0,49174,0,0,11,0,0,139,139,32,75064,1,0,367977,259594,0,244,283,1,3,60,828522,2164,75064,22,24,6676,0,-82,-2147483648,430720,4294967295,0,0
3375499379,3375.499379,167576,167544,167544,0,6,8,49166,0,49174,0,0,11,0,0,151,151,32,75064,1,0,367977,259614,0,138,283,1,3,60,828522,2168,75064,22,24,6677,0,-79,-2147483648,178837,4294967295,0,0
3375749381,3375.749381,167589,167557,167557,0,6,8,49166,0,49174,0,0,11,0,0,164,164,32,75064,1,0,367977,259633,0,280,283,1,3,60,828522,2164,75064,22,24,6677,0,-79,-2147483648,428839,4294967295,0,0
3375999382,3375.999382,167601,167569,167569,0,6,8,49166,0,49174,0,0,11,0,0,176,176,32,75064,1,0,367977,259652,0,244,283,1,3,60,828522,2168,75064,22,24,6678,0,-77,-2147483648,167273,4294967295,0,0
3376249382,3376.249382,167614,167582,167582,0,6,8,49166,0,49174,0,0,11,0,0,189,189,32,75064,1,0,367977,259671,0,244,283,1,3,60,828522,2164,75064,22,24,6678,0,-77,-2147483648,417273,4294967295,0,0
3376499383,3376.499383,167626,167594,167594,0,6,8,49166,0,49174,0,0,11,0,0,201,201,32,75064,1,0,367977,259691,0,138,283,1,3,60,828522,2705,75064,22,24,6679,0,-75,-2147483648,167340,4294967295,0,0
3376749384,3376.749384,167639,167607,167607,0,6,8,49166,0,49174,0,0,11,0,0,214,214,32,75064,1,0,367977,259710,0,244,283,0,3,61,828522,2164,75064,22,24,6679,0,-75,-2147483648,417341,4294967295,0,0
3376999384,3376.999384,167651,167619,167619,0,6,8,49166,0,49174,0,0,11,0,0,226,226,32,75064,1,0,367977,259729,0,244,283,1,3,60,828522,2167,75064,22,24,6680,0,-83,-2147483648,165859,4294967295,0,0
3377249384,3377.249384,167664,167632,167632,0,6,8,49166,0,49174,0,0,11,0,0,239,239,32,75064,1,0,367977,259748,0,244,283,1,3,60,828522,2164,75064,22,24,6680,0,-83,-2147483648,415859,4294967295,0,0
3377499386,3377.499386,167676,167644,167644,0,6,8,49166,0,49174,0,0,11,0,0,251,251,32,75064,1,0,367977,259768,0,138,283,1,3,60,828522,2167,75064,22,24,6681,0,-76,-2147483648,163691,4294967295,0,0
3377749388,3377.749388,167689,167657,167657,0,6,8,49166,0,49174,0,0,11,0,0,8,8,32,75064,1,0,367977,259787,0,244,283,1,3,60,828522,2164,75064,22,24,6681,0,-76,-2147483648,413693,4294967295,0,0
3377999389,3377.999389,167701,167669,167669,0,6,8,49166,0,49174,0,0,11,0,0,20,20,32,75064,1,0,367977,259806,0,245,283,1,3,60,828522,2167,75064,21,24,6682,0,-81,-2147483648,162078,4294967295,0,0
3378249390,3378.249390,167714,167682,167682,0,6,8,49166,0,49174,0,0,11,0,0,33,33,32,75064,1,0,367977,259825,0,244,283,1,3,60,828522,2164,75064,22,24,6682,0,-81,-2147483648,412079,4294967295,0,0
3378499391,3378.499391,167726,167694,167694,0,6,8,49166,0,49174,0,0,11,0,0,45,45,32,75064,1,0,367977,259845,0,138,283,0,3,60,828522,2168,75064,22,24,6683,0,-82,-2147483648,161873,4294967295,0,0
3378749392,3378.749392,167739,167707,167707,0,6,8,49166,0,49174,0,0,11,0,0,58,58,32,75064,1,0,367977,259864,0,244,283,1,3,60,828522,2164,75064,21,24,6683,0,-82,-2147483648,411874,4294967295,0,0
3378999393,3378.999393,167751,167719,167719,0,6,8,49166,0,49174,0,0,11,0,0,70,70,32,75064,1,0,367977,259883,0,245,283,1,3,60,828522,2168,75064,21,24,6684,0,-78,-2147483648,160972,4294967295,0,0
3379249394,3379.249394,167764,167732,167732,0,6,8,49166,0,49174,0,0,11,0,0,83,83,32,75064,1,0,367977,259902,0,244,283,1,3,60,828522,2164,75064,21,24,6684,0,-78,-2147483648,410973,4294967295,0,0
3379499396,3379.499396,167776,167744,167744,0,6,8,49166,0,49174,0,0,11,0,0,95,95,32,75064,1,0,367977,259922,0,138,283,1,3,60,828522,2167,75064,22,24,6685,0,-80,-2147483648,160927,4294967295,0,0
3379749398,3379.749398,167789,167757,167757,0,6,8,49166,0,49174,0,0,11,0,0,108,108,32,75064,1,0,367977,259941,0,244,283,1,3,60,828522,2164,75064,22,24,6685,0,-80,-2147483648,410929,4294967295,0,0
3379999398,3379.999398,167801,167769,167769,0,6,8,49166,0,49174,0,0,11,0,0,120,120,32,75064,1,0,367977,259960,0,244,283,0,3,61,828522,2167,75064,22,24,6686,0,-76,-2147483648,158831,4294967295,0,0
3380249400,3380.249400,167814,167782,167782,0,6,8,49166,0,49174,0,0,11,0,0,133,133,32,75064,1,0,367977,259979,0,244,283,0,3,61,828522,2165,75064,22,24,6686,0,-76,-2147483648,408833,4294967295,0,0
3380499402,3380.499402,167826,167794,167794,0,6,8,49166,0,49174,0,0,11,0,0,145,145,32,75064,1,0,367977,259999,0,138,283,1,3,1,828522,2167,75064,22,24,6687,0,-81,-2147483648,147533,4294967295,0,0
3380749402,3380.749402,167839,167807,167807,0,6,8,49166,0,49174,0,0,11,0,0,158,158,32,75064,1,0,367977,260018,0,244,283,0,3,61,828522,2165,75064,22,24,6687,0,-81,-2147483648,397533,4294967295,0,0
3380999402,3380.999402,167851,167819,167819,0,5,8,49166,0,49174,0,0,11,0,0,170,170,32,75064,1,0,367977,260037,0,245,283,1,3,1,828522,2167,75064,21,24,6688,0,-77,-2147483648,145012,4294967295,0,0
3381249403,3381.249403,167864,167832,167832,0,6,8,49166,0,49174,0,0,11,0,0,183,183,32,75064,1,0,367977,260056,0,244,283,1,3,60,828522,2164,75064,22,24,6688,0,-77,-2147483648,395013,4294967295,0,0
3381499405,3381.499405,167876,167844,167844,0,6,8,49166,0,49174,0,0,11,0,0,195,195,32,75064,1,0,367977,260076,0,138,283,1,3,60,828522,2163,75064,21,24,6689,0,-78,-2147483648,143451,4294967295,0,0
3381749405,3381.749405,167889,167857,167857,0,6,8,49166,0,49174,0,0,11,0,0,208,208,32,75064,1,0,367977,260095,0,244,283,1,3,60,828522,2164,75064,22,24,6689,0,-78,-2147483648,393451,4294967295,0,0
3381999405,3381.999405,167901,167869,167869,0,6,8,49166,0,49174,0,0,11,0,0,220,220,32,75064,1,0,367977,260114,0,244,283,1,3,60,828522,2167,75064,22,24,6690,0,-81,-2147483648,142054,4294967295,0,0
3382249407,3382.249407,167914,167882,167882,0,6,8,49166,0,49174,0,0,11,0,0,233,233,32,75064,1,0,367977,260133,0,244,283,1,3,60,828522,2164,75064,21,24,6690,0,-81,-2147483648,392056,4294967295,0,0
3382499407,3382.499407,167926,167894,167894,0,6,8,49166,0,49174,0,0,11,0,0,245,245,32,75064,1,0,367977,260153,0,139,283,0,3,60,828522,2167,75064,21,24,6691,0,-81,-2147483648,139992,4294967295,0,0
3382749408,3382.749408,167939,167907,167907,0,5,8,49166,0,49174,0,0,11,0,0,2,2,32,75064,1,0,367977,260172,0,245,283,0,3,61,828522,2164,75064,21,24,6691,0,-81,-2147483648,389993,4294967295,0,0
3382999408,3382.999408,167951,167919,167919,0,6,8,49166,0,49174,0,0,11,0,0,14,14,32,75064,1,0,367977,260191,0,244,283,1,3,60,828522,2167,75064,22,24,6692,0,-77,-2147483648,138865,4294967295,0,0
3383249410,3383.249410,167964,167932,167932,0,6,8,49166,0,49174,0,0,11,0,0,27,27,32,75064,1,0,367977,260210,0,244,283,1,3,60,828522,2164,75064,21,24,6692,0,-77,-2147483648,388867,4294967295,0,0
3383499410,3383.499410,167976,167944,167944,0,6,8,49166,0,49174,0,0,11,0,0,39,39,32,75064,1,0,367977,260229,0,245,283,1,3,61,828522,2167,75064,22,24,6693,0,-76,-2147483648,126802,4294967295,0,0
3383749410,3383.749410,167989,167957,167957,0,6,8,49166,0,49174,0,0,11,0,0,52,52,32,75064,1,0,367977,260249,0,244,283,0,3,62,828522,2165,75064,22,24,6693,0,-76,-2147483648,376802,4294967295,0,0
3383999412,3383.999412,168001,167969,167969,0,6,8,49166,0,49174,0,0,11,0,0,64,64,32,75064,1,0,367977,260268,0,244,283,1,3,2,828522,2167,75064,22,24,6694,0,-78,-2147483648,125173,4294967295,0,0
3384249413,3384.249413,168014,167982,167982,0,6,8,49166,0,49174,0,0,11,0,0,77,77,32,75064,1,0,367977,260287,0,244,283,0,3,61,828522,2164,75064,22,24,6694,0,-78,-2147483648,375174,4294967295,0,0
3384499414,3384.499414,168026,167994,167994,0,6,8,49166,0,49174,0,0,11,0,0,89,89,32,75064,1,0,367977,260307,0,137,283,1,3,60,828522,2167,75064,22,24,6695,0,-76,-2147483648,124128,4294967295,0,0
3384749414,3384.749414,168039,168007,168007,0,6,8,49166,0,49174,0,0,11,0,0,102,102,32,75064,1,0,367977,260326,0,244,283,1,3,60,828522,2164,75064,22,24,6695,0,-76,-2147483648,374128,4294967295,0,0
3384999414,3384.999414,168051,168019,168019,0,6,8,49166,0,49174,0,0,11,0,0,114,114,32,75064,1,0,367977,260345,0,245,283,1,3,60,828522,2167,75064,21,24,6696,0,-78,-2147483648,122415,4294967295,0,0
3385249415,3385.249415,168064,168032,168032,0,6,8,49166,0,49174,0,0,11,0,0,127,127,32,75064,1,0,367977,260364,0,245,283,1,3,60,828522,2164,75064,21,24,6696,0,-78,-2147483648,372416,4294967295,0,0
3385499415,3385.499415,168076,168044,168044,0,6,8,49166,0,49174,0,0,11,0,0,139,139,32,75064,1,0,367977,260384,0,138,283,1,3,2,828522,2163,75064,21,24,6697,0,-84,-2147483648,121718,4294967295,0,0
3385749417,3385.749417,168089,168057,168057,0,5,8,49166,0,49174,0,0,11,0,0,152,152,32,75064,1,0,367977,260403,0,245,283,0,3,61,828522,2165,75064,21,24,6697,0,-84,-2147483648,371720,4294967295,0,0
3385999418,3385.999418,168101,168069,168069,0,6,8,49166,0,49174,0,0,11,0,0,164,164,32,75064,1,0,367977,260422,0,245,283,1,3,60,828522,2167,75064,21,24,6698,0,-82,-2147483648,121391,4294967295,0,0
3386249420,3386.249420,168114,168082,168082,0,6,8,49166,0,49174,0,0,11,0,0,177,177,32,75064,1,0,367977,260441,0,244,283,1,3,60,828522,2164,75064,22,24,6698,0,-82,-2147483648,371393,4294967295,0,0
3386499421,3386.499421,168126,168094,168094,0,6,8,49166,0,49174,0,0,11,0,0,189,189,32,75064,1,0,367977,260461,0,138,283,1,3,60,828522,2167,75064,21,24,6699,0,-79,-2147483648,120098,4294967295,0,0
3386749422,3386.749422,168139,168107,168107,0,5,8,49166,0,49174,0,0,11,0,0,202,202,32,75064,1,0,367977,260480,0,245,283,1,3,60,828522,2164,75064,21,24,6699,0,-79,-2147483648,370099,4294967295,0,0
3386999423,3386.999423,168151,168119,168119,0,6,8,49166,0,49174,0,0,11,0,0,214,214,32,75064,1,0,367977,260499,0,244,283,1,3,60,828522,2167,75064,22,24,6700,0,-78,-2147483648,119253,4294967295,0,0
3387249425,3387.249425,168164,168132,168132,0,6,8,49166,0,49174,0,0,11,0,0,227,227,32,75064,1,0,367977,260518,0,280,283,1,3,61,828522,2164,75064,21,24,6700,0,-78,-2147483648,369255,4294967295,0,0
3387499427,3387.499427,168176,168144,168144,0,6,8,49166,0,49174,0,0,11,0,0,239,239,32,75064,1,0,367977,260538,0,139,283,1,3,2,828522,2167,75064,22,24,6701,0,-81,-2147483648,107780,4294967295,0,0
3387749429,3387.749429,168189,168157,168157,0,6,8,49166,0,49174,0,0,11,0,0,252,252,32,75064,1,0,367977,260557,0,245,283,1,3,60,828522,2164,75064,21,24,6701,0,-81,-2147483648,357782,4294967295,0,0
3387999430,3387.999430,168201,168169,168169,0,5,8,49166,0,49174,0,0,11,0,0,8,8,32,75064,1,0,367977,260576,0,245,283,1,3,60,828522,2167,75064,21,24,6702,0,-76,-2147483648,106581,4294967295,0,0
3388249432,3388.249432,168214,168182,168182,0,6,8,49166,0,49174,0,0,11,0,0,21,21,32,75064,1,0,367977,260595,0,244,283,1,3,2,828522,2164,75064,22,24,6702,0,-76,-2147483648,356583,4294967295,0,0
3388499433,3388.499433,168226,168194,168194,0,6,8,49166,0,49174,0,0,11,0,0,33,33,32,75064,1,0,367977,260615,0,138,283,1,3,61,828522,2167,75064,21,24,6703,0,-85,-2147483648,106346,4294967295,0,0
3388749434,3388.749434,168239,168207,168207,0,6,8,49166,0,49174,0,0,11,0,0,46,46,32,75064,1,0,367977,260634,0,244,283,1,3,60,828522,2164,75064,22,24,6703,0,-85,-2147483648,356347,4294967295,0,0
3388999434,3388.999434,168251,168219,168219,0,6,8,49166,0,49174,0,0,11,0,0,58,58,32,75064,1,0,367977,260653,0,244,283,1,3,60,828522,1167,75064,22,24,6704,0,-76,-2147483648,105373,4294967295,0,0
3389249436,3389.249436,168264,168232,168232,0,6,8,49166,0,49174,0,0,11,0,0,71,71,32,75064,1,0,367977,260672,0,244,283,1,3,60,828522,1164,75064,21,24,6704,0,-76,-2147483648,355375,4294967295,0,0
3389499436,3389.499436,168276,168244,168244,0,6,8,49166,0,49174,0,0,11,0,0,83,83,32,75064,1,0,367977,260692,0,138,283,1,3,60,828522,2168,75064,22,24,6705,0,-84,-2147483648,105613,4294967295,0,0
3389749436,3389.749436,168289,168257,168257,0,6,8,49166,0,49174,0,0,11,0,0,96,96,32,75064,1,0,367977,260711,0,244,283,1,3,60,828522,2164,75064,22,24,6705,0,-84,-2147483648,355613,4294967295,0,0
3389999436,3389.999436,168301,168269,168269,0,5,8,49166,0,49174,0,0,11,0,0,108,108,32,75064,1,0,367977,260730,0,244,283,1,3,60,828522,2167,75064,22,24,6706,0,-81,-2147483648,104372,4294967295,0,0
3390249438,3390.249438,168314,168282,168282,0,6,8,49166,0,49174,0,0,11,0,0,121,121,32,75064,1,0,367977,260749,0,244,283,1,3,60,828522,2164,75064,22,24,6706,0,-81,-2147483648,354374,4294967295,0,0
3390499438,3390.499438,168326,168294,168294,0,6,8,49166,0,49174,0,0,11,0,0,133,133,32,75064,1,0,367977,260769,0,138,283,0,3,61,828522,2167,75064,22,24,6707,0,-80,-2147483648,102526,4294967295,0,0
3390749438,3390.749438,168339,168307,168307,0,6,8,49166,0,49174,0,0,11,0,0,146,146,32,75064,1,0,367977,260788,0,244,283,1,3,1,828522,2164,75064,22,24,6707,0,-80,-2147483648,352526,4294967295,0,0
3390999439,3390.999439,168351,168319,168319,0,6,8,49166,0,49174,0,0,11,0,0,158,158,32,75064,1,0,367977,260807,0,244,283,1,3,60,828522,1167,75064,22,24,6708,0,-77,-2147483648,101345,4294967295,0,0
3391249440,3391.249440,168364,168332,168332,0,6,8,49166,0,49174,0,0,11,0,0,171,171,32,75064,1,0,367977,260826,0,245,283,1,3,60,828522,2164,75064,22,24,6708,0,-77,-2147483648,351346,4294967295,0,0
3391499441,3391.499441,168376,168344,168344,0,6,8,49166,0,49174,0,0,11,0,0,183,183,32,75064,1,0,367977,260846,0,137,283,1,3,60,828522,2167,75064,22,24,6709,0,-81,-2147483648,100383,4294967295,0,0
3391749441,3391.749441,168389,168357,168357,0,5,8,49166,0,49174,0,0,11,0,0,196,196,32,75064,1,0,367977,260865,0,245,283,1,3,60,828522,2164,75064,21,24,6709,0,-81,-2147483648,350383,4294967295,0,0
3391999443,3391.999443,168401,168369,168369,0,6,8,49166,0,49174,0,0,11,0,0,208,208,32,75064,1,0,367977,260884,0,244,283,1,3,61,828522,2167,75064,22,24,6710,0,-82,-2147483648,88719,4294967295,0,0
3392249444,3392.249444,168414,168382,168382,0,6,8,49166,0,49174,0,0,11,0,0,221,221,32,75064,1,0,367977,260903,0,244,283,1,3,60,828522,1164,75064,21,24,6710,0,-82,-2147483648,338720,4294967295,0,0
3392499444,3392.499444,168426,168394,168394,0,6,8,49166,0,49174,0,0,11,0,0,233,233,32,75064,1,0,367977,260923,0,138,283,0,3,60,828522,2167,75064,21,24,6711,0,-84,-2147483648,87831,4294967295,0,0
3392749444,3392.749444,168439,168407,168407,0,5,8,49166,0,49174,0,0,11,0,0,246,246,32,75064,1,0,367977,260942,0,244,283,1,3,60,828522,2164,75064,22,24,6711,0,-84,-2147483648,337831,4294967295,0,0
3392999444,3392.999444,168451,168419,168419,0,6,8,49166,0,49174,0,0,11,0,0,2,2,32,75064,1,0,367977,260961,0,244,283,1,3,60,828522,2167,75064,22,24,6712,0,-81,-2147483648,85757,4294967295,0,0
3393249446,3393.249446,168464,168432,168432,0,6,8,49166,0,49174,0,0,11,0,0,15,15,32,75064,1,0,367977,260980,0,280,283,0,3,61,828522,2164,75064,21,24,6712,0,-81,-2147483648,335759,4294967295,0,0
3393499446,3393.499446,168476,168444,168444,0,6,8,49166,0,49174,0,0,11,0,0,27,27,32,75064,1,0,367977,261000,0,138,283,1,3,60,828522,2167,75064,22,24,6713,0,-81,-2147483648,84461,4294967295,0,0
3393749448,3393.749448,168489,168457,168457,0,6,8,49166,0,49174,0,0,11,0,0,40,40,32,75064,1,0,367977,261018,0,244,283,1,3,60,828522,2164,75064,21,24,6713,0,-81,-2147483648,334463,4294967295,0,0
3393999450,3393.999450,168501,168469,168469,0,6,8,49166,0,49174,0,0,11,0,0,52,52,32,75064,1,0,367977,261038,0,280,283,1,3,60,828522,2167,75064,21,24,6714,0,-84,-2147483648,85023,4294967295,0,0
3394249452,3394.249452,168514,168482,168482,0,6,8,49166,0,49174,0,0,11,0,0,65,65,32,75064,1,0,367977,261057,0,244,283,1,3,60,828522,2164,75064,22,24,6714,0,-84,-2147483648,335025,4294967295,0,0
3394499454,3394.499454,168526,168494,168494,0,6,8,49166,0,49174,0,0,11,0,0,77,77,32,75064,1,0,367977,261077,0,139,283,0,3,61,828522,2167,75064,22,24,6715,0,-77,-2147483648,82626,4294967295,0,0
3394749454,3394.749454,168539,168507,168507,0,6,8,49166,0,49174,0,0,11,0,0,90,90,32,75064,1,0,367977,261096,0,244,283,1,3,60,828522,2164,75064,22,24,6715,0,-77,-2147483648,332626,4294967295,0,0
3394999455,3394.999455,168551,168519,168519,0,6,8,49166,0,49174,0,0,11,0,0,102,102,32,75064,1,0,367977,261115,0,244,283,1,3,60,828522,1167,75064,22,24,6716,0,-80,-2147483648,80685,4294967295,0,0
3395249457,3395.249457,168564,168532,168532,0,6,8,49166,0,49174,0,0,11,0,0,115,115,32,75064,1,0,367977,261134,0,245,283,1,3,60,828522,2164,75064,21,24,6716,0,-80,-2147483648,330687,4294967295,0,0
3395499457,3395.499457,168576,168544,168544,0,6,8,49166,0,49174,0,0,11,0,0,127,127,32,75064,1,0,367977,261154,0,138,283,1,3,60,828522,1167,75064,22,24,6717,0,-78,-2147483648,78894,4294967295,0,0
3395749458,3395.749458,168589,168557,168557,0,6,8,49166,0,49174,0,0,11,0,0,140,140,32,75064,1,0,367977,261173,0,244,283,1,3,60,828522,2164,75064,21,24,6717,0,-78,-2147483648,328895,4294967295,0,0
3395999459,3395.999459,168601,168569,168569,0,6,8,49166,0,49174,0,0,11,0,0,152,152,32,75064,1,0,367977,261192,0,244,283,1,3,60,828522,2167,75064,22,24,6718,0,-81,-2147483648,66835,4294967295,0,0
3396249459,3396.249459,168614,168582,168582,0,6,8,49166,0,49174,0,0,11,0,0,165,165,32,75064,1,0,367977,261211,0,244,283,1,3,60,828522,2164,75064,22,24,6718,0,-81,-2147483648,316835,4294967295,0,0
3396499461,3396.499461,168626,168594,168594,0,6,8,49166,0,49174,0,0,11,0,0,177,177,32,75064,1,0,367977,261231,0,138,283,1,3,61,828522,2167,75064,21,24,6719,0,-79,-2147483648,65756,4294967295,0,0
3396749462,3396.749462,168639,168607,168607,0,6,8,49166,0,49174,0,0,11,0,0,190,190,32,75064,1,0,367977,261250,0,244,283,1,3,60,828522,2164,75064,22,24,6719,0,-79,-2147483648,315757,4294967295,0,0
3396999462,3396.999462,168651,168619,168619,0,6,8,49166,0,49174,0,0,11,0,0,202,202,32,75064,1,0,367977,261269,0,244,283,1,3,60,828522,2167,75064,22,24,6720,0,-81,-2147483648,64316,4294967295,0,0
3397249463,3397.249463,168664,168632,168632,0,6,8,49166,0,49174,0,0,11,0,0,215,215,32,75064,1,0,367977,261288,0,244,283,1,3,60,828522,2165,75064,22,24,6720,0,-81,-2147483648,314317,4294967295,0,0
3397499464,3397.499464,168676,168644,168644,0,6,8,49166,0,49174,0,0,11,0,0,227,227,32,75064,1,0,367977,261308,0,138,283,1,3,60,828522,2167,75064,22,24,6721,0,-80,-2147483648,62512,4294967295,0,0
3397749465,3397.749465,168689,168657,168657,0,6,8,49166,0,49174,0,0,11,0,0,240,240,32,75064,1,0,367977,261327,0,245,283,1,3,60,828522,2164,75064,21,24,6721,0,-80,-2147483648,312513,4294967295,0,0
3397999467,3397.999467,168701,168669,168669,0,6,8,49166,0,49174,0,0,11,0,0,252,252,32,75064,1,0,367977,261346,0,244,283,1,3,60,828522,2167,75064,22,24,6722,0,-80,-2147483648,61937,4294967295,0,0
3398249469,3398.249469,168714,168682,168682,0,6,8,49166,0,49174,0,0,11,0,0,9,9,32,75064,1,0,367977,261365,0,244,283,1,3,60,828522,2165,75064,22,24,6722,0,-80,-2147483648,311939,4294967295,0,0
3398499471,3398.499471,168726,168694,168694,0,6,8,49166,0,49174,0,0,11,0,0,21,21,32,75064,1,0,367977,261385,0,138,283,1,3,60,828522,2167,75064,22,24,6723,0,-77,-2147483648,60746,4294967295,0,0
3398749472,3398.749472,168739,168707,168707,0,6,8,49166,0,49174,0,0,11,0,0,34,34,32,75064,1,0,367977,261404,0,244,283,1,3,60,828522,2164,75064,22,24,6723,0,-77,-2147483648,310747,4294967295,0,0
3398999474,3398.999474,168751,168719,168719,0,6,8,49166,0,49174,0,0,11,0,0,46,46,32,75064,1,0,367977,261423,0,244,283,1,3,60,828522,2167,75064,22,24,6724,0,-79,-2147483648,59966,4294967295,0,0
3399249476,3399.249476,168764,168732,168732,0,6,8,49166,0,49174,0,0,11,0,0,59,59,32,75064,1,0,367977,261442,0,244,283,1,3,60,828522,2164,75064,22,24,6724,0,-79,-2147483648,309968,4294967295,0,0
3399499477,3399.499477,168776,168744,168744,0,6,8,49166,0,49174,0,0,11,0,0,71,71,32,75064,1,0,367977,261462,0,139,283,1,3,60,828522,2167,75064,22,24,6725,0,-83,-2147483648,59146,4294967295,0,0
3399749478,3399.749478,168789,168757,168757,0,6,8,49166,0,49174,0,0,11,0,0,84,84,32,75064,1,0,367977,261481,0,244,283,1,3,60,828522,2164,75064,22,24,6725,0,-83,-2147483648,309147,4294967295,0,0
3399999480,3399.999480,168801,168769,168769,0,6,8,49166,0,49174,0,0,11,0,0,96,96,32,75064,1,0,367977,261500,0,280,283,1,3,60,828522,2167,75064,21,24,6726,0,-85,-2147483648,47136,4294967295,0,0
3400249482,3400.249482,168814,168782,168782,0,6,8,49166,0,49174,0,0,11,0,0,109,109,32,75064,1,0,367977,261519,0,244,283,1,3,60,828522,2164,75064,22,24,6726,0,-85,-2147483648,297138,4294967295,0,0
3400499484,3400.499484,168826,168794,168794,0,6,8,49166,0,49174,0,0,11,0,0,121,121,32,75064,1,0,367977,261539,0,138,283,1,3,60,828522,2167,75064,22,24,6727,0,-81,-2147483648,44799,4294967295,0,0
3400749486,3400.749486,168839,168807,168807,0,6,8,49166,0,49174,0,0,11,0,0,134,134,32,75064,1,0,367977,261558,0,244,283,1,3,60,828522,2164,75064,22,24,6727,0,-81,-2147483648,294801,4294967295,0,0
3400999486,3400.999486,168851,168819,168819,0,6,8,49166,0,49174,0,0,11,0,0,146,146,32,75064,1,0,367977,261577,0,244,283,1,3,61,828522,2167,75064,22,24,6728,0,-86,-2147483648,45240,4294967295,0,0
3401249488,3401.249488,168864,168832,168832,0,6,8,49166,0,49174,0,0,11,0,0,159,159,32,75064,1,0,367977,261596,0,244,283,1,3,60,828522,2164,75064,22,24,6728,0,-86,-2147483648,295242,4294967295,0,0
3401499490,3401.499490,168876,168844,168844,0,6,8,49166,0,49174,0,0,11,0,0,171,171,32,75064,1,0,367977,261616,0,138,283,1,3,60,828522,2167,75064,22,24,6729,0,-79,-2147483648,43946,4294967295,0,0
3401749491,3401.749491,168889,168857,168857,0,6,8,49166,0,49174,0,0,11,0,0,184,184,32,75064,1,0,367977,261635,0,244,283,1,3,60,828522,2164,75064,22,24,6729,0,-79,-2147483648,293947,4294967295,0,0
3401999491,3401.999491,168901,168869,168869,0,6,8,49166,0,49174,0,0,11,0,0,196,196,32,75064,1,0,367977,261654,0,244,283,1,3,61,828522,2167,75064,22,24,6730,0,-80,-2147483648,42640,4294967295,0,0
3402249492,3402.249492,168914,168882,168882,0,6,8,49166,0,49174,0,0,11,0,0,209,209,32,75064,1,0,367977,261673,0,245,283,1,3,60,828522,2164,75064,21,24,6730,0,-80,-2147483648,292641,4294967295,0,0
3402499494,3402.499494,168926,168894,168894,0,6,8,49166,0,49174,0,0,11,0,0,221,221,32,75064,1,0,367977,261693,0,138,283,1,3,60,828522,2167,75064,22,24,6731,0,-80,-2147483648,42633,4294967295,0,0
3402749495,3402.749495,168939,168907,168907,0,5,8,49166,0,49174,0,0,11,0,0,234,234,32,75064,1,0,367977,261712,0,244,283,1,3,60,828522,2164,75064,22,24,6731,0,-80,-2147483648,292634,4294967295,0,0
3402999497,3402.999497,168951,168919,168919,0,6,8,49166,0,49174,0,0,11,0,0,246,246,32,75064,1,0,367977,261731,0,245,283,0,3,61,828522,2167,75064,21,24,6732,0,-79,-2147483648,42153,4294967295,0,0
3403249498,3403.249498,168964,168932,168932,0,6,8,49166,0,49174,0,0,11,0,0,3,3,32,75064,1,0,367977,261750,0,244,283,1,3,60,828522,2164,75064,22,24,6732,0,-79,-2147483648,292154,4294967295,0,0
3403499498,3403.499498,168976,168944,168944,0,6,8,49166,0,49174,0,0,11,0,0,15,15,32,75064,1,0,367977,261770,0,139,283,1,3,60,828522,2167,75064,22,24,6733,0,-81,-2147483648,40977,4294967295,0,0
3403749500,3403.749500,168989,168957,168957,0,6,8,49166,0,49174,0,0,11,0,0,28,28,32,75064,1,0,367977,261789,0,244,283,1,3,60,828522,2164,75064,22,24,6733,0,-81,-2147483648,290979,4294967295,0,0
3403999502,3403.999502,169001,168969,168969,0,5,8,49166,0,49174,0,0,11,0,0,40,40,32,75064,1,0,367977,261808,0,244,283,1,3,61,828522,2167,75064,22,24,6734,0,-80,-2147483648,28664,4294967295,0,0
3404249502,3404.249502,169014,168982,168982,0,6,8,49166,0,49174,0,0,11,0,0,53,53,32,75064,1,0,367977,261827,0,244,283,1,3,60,828522,2164,75064,22,24,6734,0,-80,-2147483648,278664,4294967295,0,0
3404499503,3404.499503,169026,168994,168994,0,6,8,49166,0,49174,0,0,11,0,0,65,65,32,75064,1,0,367977,261847,0,138,283,1,3,60,828522,2167,75064,22,24,6735,0,-78,-2147483648,28672,4294967295,0,0
3404749503,3404.749503,169039,169007,169007,0,5,8,49166,0,49174,0,0,11,0,0,78,78,32,75064,1,0,367977,261866,0,279,283,1,3,60,828522,2165,75064,22,24,6735,0,-78,-2147483648,278672,4294967295,0,0
3404999503,3404.999503,169051,169019,169019,0,5,8,49166,0,49174,0,0,11,0,0,90,90,32,75064,1,0,367977,261885,0,244,283,1,3,60,828522,2167,75064,22,24,6736,0,-80,-2147483648,26150,4294967295,0,0
3405249504,3405.249504,169064,169032,169032,0,6,8,49166,0,49174,0,0,11,0,0,103,103,32,75064,1,0,367977,261904,0,244,283,1,3,60,828522,2164,75064,22,24,6736,0,-80,-2147483648,276151,4294967295,0,0
3405499504,3405.499504,169076,169044,169044,0,6,8,49166,0,49174,0,0,11,0,0,115,115,32,75064,1,0,367977,261924,0,139,283,1,3,60,828522,2167,75064,22,24,6737,0,-83,-2147483648,25512,4294967295,0,0
3405749504,3405.749504,169089,169057,169057,0,6,8,49166,0,49174,0,0,11,0,0,128,128,32,75064,1,0,367977,261943,0,244,283,1,3,60,828522,2164,75064,22,24,6737,0,-83,-2147483648,275512,4294967295,0,0
3405999504,3405.999504,169101,169069,169069,0,6,8,49166,0,49174,0,0,11,0,0,140,140,32,75064,1,0,367977,261962,0,244,283,1,3,60,828522,2167,75064,22,24,6738,0,-81,-2147483648,24739,4294967295,0,0
3406249506,3406.249506,169114,169082,169082,0,6,8,49166,0,49174,0,0,11,0,0,153,153,32,75064,1,0,367977,261981,0,244,283,0,3,60,828522,2164,75064,22,24,6738,0,-81,-2147483648,274741,4294967295,0,0
3406499506,3406.499506,169126,169094,169094,0,6,8,49166,0,49174,0,0,11,0,0,165,165,32,75064,1,0,367977,262001,0,138,283,1,3,60,828522,2167,75064,22,24,6739,0,-75,-2147483648,23282,4294967295,0,0
3406749507,3406.749507,169139,169107,169107,0,5,8,49166,0,49174,0,0,11,0,0,178,178,32,75064,1,0,367977,262020,0,245,283,0,3,61,828522,2164,75064,22,24,6739,0,-75,-2147483648,273283,4294967295,0,0
3406999508,3406.999508,169151,169119,169119,0,6,8,49166,0,49174,0,0,11,0,0,190,190,32,75064,1,0,367977,262039,0,245,283,1,3,60,828522,2167,75064,21,24,6740,0,-77,-2147483648,23230,4294967295,0,0
3407249509,3407.249509,169164,169132,169132,0,6,8,49166,0,49174,0,0,11,0,0,203,203,32,75064,1,0,367977,262058,0,245,283,1,3,60,828522,2164,75064,21,24,6740,0,-77,-2147483648,273231,4294967295,0,0
3407499510,3407.499510,169176,169144,169144,0,6,8,49166,0,49174,0,0,11,0,0,215,215,32,75064,1,0,367977,262078,0,137,283,1,3,61,828522,2167,75064,22,24,6741,0,-76,-2147483648,22235,4294967295,0,0
3407749510,3407.749510,169189,169157,169157,0,5,8,49166,0,49174,0,0,11,0,0,228,228,32,75064,1,0,367977,262097,0,245,283,1,3,60,828522,2164,75064,21,24,6741,0,-76,-2147483648,272235,4294967295,0,0
3407999511,3407.999511,169201,169169,169169,0,6,8,49166,0,49174,0,0,11,0,0,240,240,32,75064,1,0,367977,262116,0,244,283,0,3,2,828522,2168,75064,22,24,6742,0,-76,-2147483648,21120,4294967295,0,0
3408249513,3408.249513,169214,169182,169182,0,6,8,49166,0,49174,0,0,11,0,0,253,253,32,75064,1,0,367977,262135,0,245,283,1,3,60,828522,2164,75064,21,24,6742,0,-76,-2147483648,271122,4294967295,0,0
3408499513,3408.499513,169226,169194,169194,0,6,8,49166,0,49174,0,0,11,0,0,9,9,32,75064,1,0,367977,262155,0,138,283,0,3,61,828522,2167,75064,22,24,6743,0,-76,-2147483648,20027,4294967295,0,0
3408749515,3408.749515,169239,169207,169207,0,6,8,49166,0,49174,0,0,11,0,0,22,22,32,75064,1,0,367977,262174,0,244,283,1,3,60,828522,2164,75064,22,24,6743,0,-76,-2147483648,270029,4294967295,0,0
3408999515,3408.999515,169251,169219,169219,0,6,8,49166,0,49174,0,0,11,0,0,34,34,32,75064,1,0,367977,262193,0,138,283,0,3,61,828522,2167,75064,22,24,6744,0,-79,-2147483648,8583,4294967295,0,0
3409249614,3409.249614,169264,169232,169232,0,6,8,49166,0,49174,0,0,11,0,0,47,47,32,75064,1,0,367977,262212,0,244,283,1,3,2,828522,2165,75064,22,24,6744,0,-79,-2147483648,258682,4294967295,0,0
3409499624,3409.499624,169277,169244,169244,0,6,8,49166,0,49174,1,0,11,0,0,60,59,32,75064,1,0,367977,262232,0,137,283,1,3,60,828522,2167,75064,21,24,6745,0,-79,-2147483648,8167,4294967295,0,0
3409749624,3409.749624,169289,169257,169257,0,6,8,49166,0,49174,0,0,11,0,0,72,72,32,75064,1,0,367977,262251,0,244,283,1,3,2,828522,2164,75064,22,24,6745,0,-79,-2147483648,258167,4294967295,0,0
3409999646,3409.999646,169302,169269,169269,0,6,8,49166,0,49174,1,0,11,0,0,85,84,32,75064,1,0,367977,262270,0,138,283,1,3,2,828522,2167,75064,22,24,6746,0,-77,-2147483648,6508,4294967295,0,0
3410249647,3410.249647,169314,169282,169282,0,6,8,49166,0,49174,0,0,11,0,0,97,97,32,75064,1,0,367977,262289,0,244,283,1,3,60,828522,2164,75064,22,24,6746,0,-77,-2147483648,256509,4294967295,0,0
3410499647,3410.499647,169327,169294,169294,0,6,8,49166,0,49174,1,0,11,0,0,110,109,32,75064,1,0,367977,262309,0,139,283,1,3,60,828522,1167,75064,22,24,6747,0,-76,-2147483648,5017,4294967295,0,0
3410749649,3410.749649,169339,169307,169307,0,6,8,49166,0,49174,0,0,11,0,0,122,122,32,75064,1,0,367977,262327,0,245,283,1,3,60,828522,2164,75064,21,24,6747,0,-76,-2147483648,255019,4294967295,0,0
3410999652,3410.999652,169352,169319,169319,0,6,8,49166,0,49174,1,0,11,0,0,135,134,32,75064,1,0,367977,262347,0,138,283,1,3,60,828522,2167,75064,22,24,6748,0,-77,-2147483648,4708,4294967295,0,0
3411249652,3411.249652,169364,169332,169332,0,6,8,49166,0,49174,0,0,11,0,0,147,147,32,75064,1,0,367977,262366,0,244,283,1,3,60,828522,2164,75064,22,24,6748,0,-77,-2147483648,254708,4294967295,0,0
3411499652,3411.499652,169377,169344,169344,0,6,8,49166,0,49174,1,0,11,0,0,160,159,32,75064,1,0,367977,262386,0,138,283,1,3,60,828522,2167,75064,22,24,6749,0,-76,-2147483648,4458,4294967295,0,0
3411749653,3411.749653,169389,169357,169357,0,6,8,49166,0,49174,0,0,11,0,0,172,172,32,75064,1,0,367977,262405,0,244,283,1,3,2,828522,2164,75064,22,24,6749,0,-76,-2147483648,254459,4294967295,0,0
3411999655,3411.999655,169402,169369,169369,0,6,8,49166,0,49174,1,0,11,0,0,185,184,32,75064,1,0,367977,262424,0,138,283,1,3,60,828522,2167,75064,22,24,6750,0,-78,-2147483648,3588,4294967295,0,0
3412249657,3412.249657,169414,169382,169382,0,6,8,49166,0,49174,0,0,11,0,0,197,197,32,75064,1,0,367977,262443,0,244,283,1,3,60,828522,2164,75064,22,24,6750,0,-78,-2147483648,253590,4294967295,0,0
3412499659,3412.499659,169427,169394,169394,0,6,8,49166,0,49174,1,0,11,0,0,210,209,32,75064,1,0,367977,262463,0,138,283,1,3,60,828522,2108,75064,22,24,6751,0,-86,-2147483648,2500,4294967295,0,0
3412749661,3412.749661,169439,169407,169407,0,6,8,49166,0,49174,0,0,11,0,0,222,222,32,75064,1,0,367977,262482,0,245,283,1,3,61,828522,2164,75064,21,24,6751,0,-86,-2147483648,252502,4294967295,0,0
3412999661,3412.999661,169452,169419,169419,0,5,8,49166,0,49174,1,0,11,0,0,235,234,32,75064,1,0,367977,262501,0,138,283,1,3,60,828522,2177,75064,21,24,6752,0,-77,-2147483648,1594,4294967295,0,0
3413249661,3413.249661,169464,169432,169432,0,6,8,49166,0,49174,0,0,11,0,0,247,247,32,75064,1,0,367977,262520,0,244,283,1,3,60,828522,2164,75064,22,24,6752,0,-77,-2147483648,251594,4294967295,0,0
3413499663,3413.499663,169477,169444,169444,0,6,8,49166,0,49174,1,0,11,0,0,4,3,32,75064,1,0,367977,262540,0,138,283,1,3,60,828522,2103,75064,22,24,6753,0,-76,-2147483648,1494,4294967295,0,0
3413749663,3413.749663,169489,169457,169457,0,6,8,49166,0,49174,0,0,11,0,0,16,16,32,75064,1,0,367977,262559,0,244,283,1,3,2,828522,2164,75064,21,24,6753,0,-76,-2147483648,251494,4294967295,0,0
3413999664,3413.999664,169502,169469,169469,0,6,8,49166,0,49174,1,0,11,0,0,29,28,32,75064,1,0,367977,262578,0,138,283,0,3,61,828522,1167,75064,21,24,6754,0,-81,-2147483648,490,4294967295,0,0
3414249666,3414.249666,169514,169482,169482,0,6,8,49166,0,49174,0,0,11,0,0,41,41,32,75064,1,0,367977,262597,0,245,283,1,3,60,828522,2164,75064,21,24,6754,0,-81,-2147483648,250492,4294967295,0,0
3414499667,3414.499667,169527,169494,169494,0,6,8,49166,0,49174,1,0,11,0,0,54,53,32,75064,1,0,367977,262617,0,138,283,0,3,61,828522,2167,75064,22,24,6755,0,-84,-2147483648,450,4294967295,0,0
3414749669,3414.749669,169539,169507,169507,0,6,8,49166,0,49174,0,0,11,0,0,66,66,32,75064,1,0,367977,262636,0,245,283,1,3,60,828522,2164,75064,21,24,6755,0,-84,-2147483648,250452,4294967295,0,0
3414999670,3414.999670,169552,169519,169519,0,6,8,49166,0,49174,1,0,11,0,0,79,78,32,75064,1,0,367977,262654,0,245,283,1,3,60,828522,1167,75064,21,24,6755,0,-84,-2147483648,500453,4294967295,0,0
3415249670,3415.249670,169564,169532,169532,0,6,8,49166,0,49174,0,0,11,0,0,91,91,32,75064,1,0,367977,262674,0,280,283,1,3,60,828522,2165,75064,21,24,6756,0,-90,-2147483648,238429,4294967295,0,0
3415499672,3415.499672,169577,169544,169544,0,6,8,49166,0,49174,1,0,11,0,0,104,103,32,75064,1,0,367977,262693,0,138,283,0,3,61,828522,2167,75064,22,24,6756,0,-90,-2147483648,488431,4294967295,0,0
3415749672,3415.749672,169589,169557,169557,0,6,8,49166,0,49174,0,0,11,0,0,116,116,32,75064,1,0,367977,262712,0,245,283,1,3,60,828522,2164,75064,21,24,6757,0,-75,-2147483648,238323,4294967295,0,0
3415999672,3415.999672,169602,169569,169569,0,6,8,49166,0,49174,1,0,11,0,0,129,128,32,75064,1,0,367977,262731,0,280,283,0,3,61,828522,2168,75064,21,24,6757,0,-75,-2147483648,488323,4294967295,0,0
3416249672,3416.249672,169614,169582,169582,0,6,8,49166,0,49174,0,0,11,0,0,141,141,32,75064,1,0,367977,262751,0,244,283,1,3,60,828522,2164,75064,22,24,6758,0,-89,-2147483648,235268,4294967295,0,0
3416499672,3416.499672,169627,169594,169594,0,6,8,49166,0,49174,1,0,11,0,0,154,153,32,75064,1,0,367977,262770,0,139,283,1,3,60,828522,2167,75064,22,24,6758,0,-89,-2147483648,485268,4294967295,0,0
3416749674,3416.749674,169639,169607,169607,0,6,8,49166,0,49174,0,0,11,0,0,166,166,32,75064,1,0,367977,262790,0,245,283,1,3,60,828522,2164,75064,21,24,6759,0,-80,-2147483648,234916,4294967295,0,0
3416999676,3416.999676,169652,169619,169619,0,6,8,49166,0,49174,1,0,11,0,0,179,178,32,75064,1,0,367977,262808,0,244,283,0,3,61,828522,2167,75064,22,24,6759,0,-80,-2147483648,484918,4294967295,0,0
3417249676,3417.249676,169664,169632,169632,0,6,8,49166,0,49174,0,0,11,0,0,191,191,32,75064,1,0,367977,262828,0,244,283,1,3,60,828522,1164,75064,22,24,6760,0,-76,-2147483648,233748,4294967295,0,0
3417499676,3417.499676,169677,169644,169644,0,6,8,49166,0,49174,1,0,11,0,0,204,203,32,75064,1,0,367977,262847,0,173,283,0,3,61,828522,2168,75064,22,24,6760,0,-76,-2147483648,483748,4294967295,0,0
3417749677,3417.749677,169689,169657,169657,0,6,8,49166,0,49174,0,0,11,0,0,216,216,32,75064,1,0,367977,262867,0,245,283,1,3,60,828522,2164,75064,21,24,6761,0,-79,-2147483648,232054,4294967295,0,0
3417999678,3417.999678,169702,169669,169669,0,6,8,49166,0,49174,1,0,11,0,0,229,228,32,75064,1,0,367977,262885,0,244,283,1,3,60,828522,2167,75064,22,24,6761,0,-79,-2147483648,482055,4294967295,0,0
3418249680,3418.249680,169714,169682,169682,0,6,8,49166,0,49174,0,0,11,0,0,241,241,32,75064,1,0,367977,262905,0,244,283,1,3,60,828522,2164,75064,22,24,6762,0,-85,-2147483648,231642,4294967295,0,0
3418499681,3418.499681,169727,169694,169694,0,6,8,49166,0,49174,1,0,11,0,0,254,253,32,75064,1,0,367977,262924,0,138,283,1,3,60,828522,2167,75064,22,24,6762,0,-85,-2147483648,481643,4294967295,0,0
3418749683,3418.749683,169739,169707,169707,0,6,8,49166,0,49174,0,0,11,0,0,10,10,32,75064,1,0,367977,262944,0,244,283,1,3,60,828522,2164,75064,22,24,6763,0,-77,-2147483648,229728,4294967295,0,0
3418999683,3418.999683,169752,169719,169719,0,6,8,49166,0,49174,1,0,11,0,0,23,22,32,75064,1,0,367977,262962,0,244,283,1,3,60,828522,2167,75064,22,24,6763,0,-77,-2147483648,479728,4294967295,0,0
3419249683,3419.249683,169764,169732,169732,0,6,8,49166,0,49174,0,0,11,0,0,35,35,32,75064,1,0,367977,262982,0,244,283,1,3,60,828522,2164,75064,22,24,6764,0,-76,-2147483648,217868,4294967295,0,0
3419499685,3419.499685,169777,169744,169744,0,6,8,49166,0,49174,1,0,11,0,0,48,47,32,75064,1,0,367977,263001,0,138,283,1,3,60,828522,2167,75064,22,24,6764,0,-76,-2147483648,467870,4294967295,0,0
3419749687,3419.749687,169789,169757,169757,0,6,8,49166,0,49174,0,0,11,0,0,60,60,32,75064,1,0,367977,263021,0,279,283,1,3,60,828522,1164,75064,22,24,6765,0,-77,-2147483648,215820,4294967295,0,0
3419999688,3419.999688,169802,169769,169769,0,6,8,49166,0,49174,1,0,11,0,0,73,72,32,75064,1,0,367977,263039,0,245,283,0,3,61,828522,1167,75064,21,24,6765,0,-77,-2147483648,465821,4294967295,0,0
3420249688,3420.249688,169814,169782,169782,0,6,8,49166,0,49174,0,0,11,0,0,85,85,32,75064,1,0,367977,263059,0,244,283,0,3,61,828522,2165,75064,22,24,6766,0,-75,-2147483648,215039,4294967295,0,0
3420499689,3420.499689,169827,169794,169794,0,6,8,49166,0,49174,1,0,11,0,0,98,97,32,75064,1,0,367977,263078,0,138,283,1,3,60,828522,1167,75064,22,24,6766,0,-75,-2147483648,465040,4294967295,0,0
3420749691,3420.749691,169839,169807,169807,0,6,8,49166,0,49174,0,0,11,0,0,110,110,32,75064,1,0,367977,263098,0,244,283,1,3,60,828522,2164,75064,22,24,6767,0,-74,-2147483648,213384,4294967295,0,0
3420999691,3420.999691,169852,169819,169819,0,5,8,49166,0,49174,1,0,11,0,0,123,122,32,75064,1,0,367977,263116,0,245,283,1,3,60,828522,2167,75064,21,24,6767,0,-74,-2147483648,463384,4294967295,0,0
3421249691,3421.249691,169864,169832,169832,0,6,8,49166,0,49174,0,0,11,0,0,135,135,32,75064,1,0,367977,263136,0,245,283,1,3,60,828522,2164,75064,22,24,6768,0,-81,-2147483648,213234,4294967295,0,0
3421499692,3421.499692,169877,169844,169844,0,6,8,49166,0,49174,1,0,11,0,0,148,147,32,75064,1,0,367977,263155,0,138,283,1,3,60,828522,2167,75064,21,24,6768,0,-81,-2147483648,463235,4294967295,0,0
3421749692,3421.749692,169889,169857,169857,0,5,8,49166,0,49174,0,0,11,0,0,160,160,32,75064,1,0,367977,263175,0,244,283,0,3,61,828522,2165,75064,22,24,6769,0,-77,-2147483648,213197,4294967295,0,0
3421999694,3421.999694,169902,169869,169869,0,5,8,49166,0,49174,1,0,11,0,0,173,172,32,75064,1,0,367977,263193,0,280,283,1,3,60,828522,2167,75064,22,24,6769,0,-77,-2147483648,463199,4294967295,0,0
3422249694,3422.249694,169914,169882,169882,0,6,8,49166,0,49174,0,0,11,0,0,185,185,32,75064,1,0,367977,263213,0,244,283,1,3,60,828522,2164,75064,22,24,6770,0,-76,-2147483648,213085,4294967295,0,0
3422499695,3422.499695,169927,169894,169894,0,6,8,49166,0,49174,1,0,11,0,0,198,197,32,75064,1,0,367977,263232,0,138,283,1,3,60,828522,2167,75064,22,24,6770,0,-76,-2147483648,463086,4294967295,0,0
3422749695,3422.749695,169939,169907,169907,0,6,8,49166,0,49174,0,0,11,0,0,210,210,32,75064,1,0,367977,263252,0,244,283,1,3,60,828522,1164,75064,22,24,6771,0,-80,-2147483648,211329,4294967295,0,0
3422999695,3422.999695,169952,169919,169919,0,6,8,49166,0,49174,1,0,11,0,0,223,222,32,75064,1,0,367977,263270,0,244,283,1,3,60,828522,2167,75064,22,24,6771,0,-80,-2147483648,461329,4294967295,0,0
3423249696,3423.249696,169964,169932,169932,0,6,8,49166,0,49174,0,0,11,0,0,235,235,32,75064,1,0,367977,263290,0,244,283,1,3,60,828522,2164,75064,22,24,6772,0,-80,-2147483648,210879,4294967295,0,0
3423499696,3423.499696,169977,169944,169944,0,6,8,49166,0,49174,1,0,11,0,0,248,247,32,75064,1,0,367977,263309,0,138,283,1,3,60,828522,2167,75064,22,24,6772,0,-80,-2147483648,460879,4294967295,0,0
3423749697,3423.749697,169989,169957,169957,0,6,8,49166,0,49174,0,0,11,0,0,4,4,32,75064,1,0,367977,263329,0,244,283,1,3,60,828522,2164,75064,22,24,6773,0,-78,-2147483648,210835,4294967295,0,0
3423999697,3423.999697,170002,169969,169969,0,6,8,49166,0,49174,1,0,11,0,0,17,16,32,75064,1,0,367977,263347,0,244,283,1,3,60,828522,2167,75064,22,24,6773,0,-78,-2147483648,460835,4294967295,0,0
3424249698,3424.249698,170014,169982,169982,0,6,8,49166,0,49174,0,0,11,0,0,29,29,32,75064,1,0,367977,263367,0,244,283,1,3,60,828522,2164,75064,22,24,6774,0,-80,-2147483648,209811,4294967295,0,0
3424499699,3424.499699,170027,169994,169994,0,6,8,49166,0,49174,1,0,11,0,0,42,41,32,75064,1,0,367977,263386,0,138,283,1,3,60,828522,2167,75064,22,24,6774,0,-80,-2147483648,459812,4294967295,0,0
3424749699,3424.749699,170039,170007,170007,0,6,8,49166,0,49174,0,0,11,0,0,54,54,32,75064,1,0,367977,263406,0,244,283,1,3,60,828522,2164,75064,22,24,6775,0,-98,-2147483648,198941,4294967295,0,0
3424999700,3424.999700,170052,170019,170019,0,6,8,49166,0,49174,1,0,11,0,0,67,66,32,75064,1,0,367977,263424,0,244,283,0,3,61,828522,2167,75064,22,24,6775,0,-98,-2147483648,448942,4294967295,0,0
3425249701,3425.249701,170064,170032,170032,0,6,8,49166,0,49174,0,0,11,0,0,79,79,32,75064,1,0,367977,263444,0,245,283,1,3,60,828522,2164,75064,21,24,6776,0,-86,-2147483648,198810,4294967295,0,0
3425499702,3425.499702,170077,170044,170044,0,6,8,49166,0,49174,1,0,11,0,0,92,91,32,75064,1,0,367977,263463,0,138,283,0,3,61,828522,2167,75064,21,24,6776,0,-86,-2147483648,448811,4294967295,0,0
3425749704,3425.749704,170089,170057,170057,0,6,8,49166,0,49174,0,0,11,0,0,104,104,32,75064,1,0,367977,263483,0,244,283,1,3,60,828522,1164,75064,22,24,6777,0,-90,-2147483648,196566,4294967295,0,0
3425999706,3425.999706,170102,170069,170069,0,6,8,49166,0,49174,1,0,11,0,0,117,116,32,75064,1,0,367977,263501,0,245,283,0,3,60,828522,2167,75064,21,24,6777,0,-90,-2147483648,446568,4294967295,0,0
3426249708,3426.249708,170114,170082,170082,0,6,8,49166,0,49174,0,0,11,0,0,129,129,32,75064,1,0,367977,263521,0,244,283,1,3,60,828522,2164,75064,21,24,6778,0,-93,-2147483648,195118,4294967295,0,0
3426499714,3426.499714,170127,170094,170094,0,6,8,49166,0,49174,1,0,11,0,0,142,141,32,75064,1,0,367977,263540,0,138,283,0,3,60,828522,2168,75064,22,24,6778,0,-93,-2147483648,445124,4294967295,0,0
3426749716,3426.749716,170139,170107,170107,0,6,8,49166,0,49174,0,0,11,0,0,154,154,32,75064,1,0,367977,263560,0,279,283,1,3,61,828522,2164,75064,22,24,6779,0,-83,-2147483648,193822,4294967295,0,0
3426999716,3426.999716,170152,170119,170119,0,5,8,49166,0,49174,1,0,11,0,0,167,166,32,75064,1,0,367977,263578,0,244,283,1,3,61,828522,2167,75064,22,24,6779,0,-83,-2147483648,443822,4294967295,0,0
3427249716,3427.249716,170164,170132,170132,0,6,8,49166,0,49174,0,0,11,0,0,179,179,32,75064,1,0,367977,263598,0,244,283,1,3,60,828522,2164,75064,21,24,6780,0,-77,-2147483648,193657,4294967295,0,0
3427499720,3427.499720,170177,170144,170144,0,6,8,49166,0,49174,1,0,11,0,0,192,191,32,75064,1,0,367977,263617,0,138,283,1,3,60,828522,2167,75064,21,24,6780,0,-77,-2147483648,443661,4294967295,0,0
3427749721,3427.749721,170189,170157,170157,0,6,8,49166,0,49174,0,0,11,0,0,204,204,32,75064,1,0,367977,263637,0,244,283,1,3,60,828522,2164,75064,22,24,6781,0,-78,-2147483648,193300,4294967295,0,0
3427999723,3427.999723,170202,170169,170169,0,6,8,49166,0,49174,1,0,11,0,0,217,216,32,75064,1,0,367977,263655,0,244,283,1,3,60,828522,2168,75064,22,24,6781,0,-78,-2147483648,443302,4294967295,0,0
3428249724,3428.249724,170214,170182,170182,0,6,8,49166,0,49174,0,0,11,0,0,229,229,32,75064,1,0,367977,263675,0,244,283,1,3,60,828522,2164,75064,22,24,6782,0,-80,-2147483648,193258,4294967295,0,0
3428499725,3428.499725,170227,170194,170194,0,6,8,49166,0,49174,1,0,11,0,0,242,241,32,75064,1,0,367977,263694,0,138,283,1,3,60,828522,2168,75064,22,24,6782,0,-80,-2147483648,443259,4294967295,0,0
3428749726,3428.749726,170239,170207,170207,0,6,8,49166,0,49174,0,0,11,0,0,254,254,32,75064,1,0,367977,263714,0,244,283,1,3,60,828522,2164,75064,21,24,6783,0,-77,-2147483648,192263,4294967295,0,0
3428999726,3428.999726,170252,170219,170219,0,6,8,49166,0,49174,1,0,11,0,0,11,10,32,75064,1,0,367977,263732,0,244,283,1,3,60,828522,2167,75064,22,24,6783,0,-77,-2147483648,442263,4294967295,0,0
3429249728,3429.249728,170264,170232,170232,0,6,8,49166,0,49174,0,0,11,0,0,23,23,32,75064,1,0,367977,263752,0,244,283,1,3,60,828522,2164,75064,21,24,6784,0,-77,-2147483648,191109,4294967295,0,0
3429499729,3429.499729,170277,170244,170244,0,6,8,49166,0,49174,1,0,11,0,0,36,35,32,75064,1,0,367977,263771,0,138,283,0,3,61,828522,2167,75064,21,24,6784,0,-77,-2147483648,441110,4294967295,0,0
3429749731,3429.749731,170289,170257,170257,0,6,8,49166,0,49174,0,0,11,0,0,48,48,32,75064,1,0,367977,263791,0,244,283,1,3,60,828522,2164,75064,22,24,6785,0,-79,-2147483648,179106,4294967295,0,0
3429999733,3429.999733,170302,170269,170269,0,6,8,49166,0,49174,1,0,11,0,0,61,60,32,75064,1,0,367977,263809,0,138,283,0,3,61,828522,2167,75064,22,24,6785,0,-79,-2147483648,429108,4294967295,0,0
3430249733,3430.249733,170314,170282,170282,0,6,8,49166,0,49174,0,0,11,0,0,73,73,32,75064,1,0,367977,263828,0,244,283,1,3,60,828522,2164,75064,22,24,6786,0,-77,-2147483648,177401,4294967295,0,0
3430499734,3430.499734,170327,170294,170294,0,6,8,49166,0,49174,1,0,11,0,0,86,85,32,75064,1,0,367977,263848,0,138,283,1,3,60,828522,2167,75064,22,24,6786,0,-77,-2147483648,427402,4294967295,0,0
3430749735,3430.749735,170339,170307,170307,0,5,8,49166,0,49174,0,0,11,0,0,98,98,32,75064,1,0,367977,263868,0,245,283,1,3,60,828522,2164,75064,21,24,6787,0,-77,-2147483648,176337,4294967295,0,0
3430999735,3430.999735,170352,170319,170319,0,6,8,49166,0,49174,1,0,11,0,0,111,110,32,75064,1,0,367977,263886,0,138,283,1,3,60,828522,2167,75064,22,24,6787,0,-77,-2147483648,426337,4294967295,0,0
3431249737,3431.249737,170364,170332,170332,0,6,8,49166,0,49174,0,0,11,0,0,123,123,32,75064,1,0,367977,263906,0,280,283,1,3,60,828522,2164,75064,21,24,6788,0,-81,-2147483648,174497,4294967295,0,0
3431499737,3431.499737,170377,170344,170344,0,6,8,49166,0,49174,1,0,11,0,0,136,135,32,75064,1,0,367977,263925,0,138,283,1,3,60,828522,2167,75064,21,24,6788,0,-81,-2147483648,424497,4294967295,0,0
3431749739,3431.749739,170389,170357,170357,0,6,8,49166,0,49174,0,0,11,0,0,148,148,32,75064,1,0,367977,263945,0,244,283,1,3,60,828522,2164,75064,22,24,6789,0,-78,-2147483648,174416,4294967295,0,0
3431999740,3431.999740,170402,170369,170369,0,6,8,49166,0,49174,1,0,11,0,0,161,160,32,75064,1,0,367977,263963,0,245,283,0,3,61,828522,2167,75064,21,24,6789,0,-78,-2147483648,424417,4294967295,0,0
3432249742,3432.249742,170414,170382,170382,0,6,8,49166,0,49174,0,0,11,0,0,173,173,32,75064,1,0,367977,263983,0,244,283,1,3,60,828522,2165,75064,21,24,6790,0,-76,-2147483648,172323,4294967295,0,0
3432499742,3432.499742,170427,170394,170394,0,6,8,49166,0,49174,1,0,11,0,0,186,185,32,75064,1,0,367977,264002,0,138,283,1,3,60,828522,2167,75064,21,24,6790,0,-76,-2147483648,422323,4294967295,0,0
3432749742,3432.749742,170439,170407,170407,0,5,8,49166,0,49174,0,0,11,0,0,198,198,32,75064,1,0,367977,264022,0,244,283,1,3,60,828522,2164,75064,22,24,6791,0,-77,-2147483648,171209,4294967295,0,0
3432999744,3432.999744,170452,170419,170419,0,6,8,49166,0,49174,1,0,11,0,0,211,210,32,75064,1,0,367977,264040,0,244,283,0,3,61,828522,2167,75064,22,24,6791,0,-77,-2147483648,421211,4294967295,0,0
3433249746,3433.249746,170464,170432,170432,0,6,8,49166,0,49174,0,0,11,0,0,223,223,32,75064,1,0,367977,264060,0,244,283,1,3,1,828522,2164,75064,22,24,6792,0,-78,-2147483648,170186,4294967295,0,0
3433499765,3433.499765,170477,170444,170444,0,6,8,49166,44,49174,0,0,11,0,0,236,235,32,75064,1,0,367977,264079,0,138,283,0,3,60,828522,2168,75064,22,24,6792,0,-78,-2147483648,420205,4294967295,0,0
3433749767,3433.749767,170489,170457,170457,0,6,8,49166,0,49174,0,0,11,0,0,248,248,32,75064,1,0,367977,264099,0,244,283,1,3,2,828522,2164,75064,22,24,6793,0,-77,-2147483648,170097,4294967295,0,0
3433999768,3433.999768,170502,170469,170469,0,6,8,49166,0,49174,1,0,11,0,0,5,4,32,75064,1,0,367977,264117,0,245,283,1,3,60,828522,2167,75064,21,24,6793,0,-77,-2147483648,420098,4294967295,0,0
3434249770,3434.249770,170514,170482,170482,0,6,8,49166,0,49174,0,0,11,0,0,17,17,32,75064,1,0,367977,264137,0,244,283,1,3,2,828522,2165,75064,22,24,6794,0,-80,-2147483648,169246,4294967295,0,0
3434499770,3434.499770,170527,170494,170494,0,6,8,49166,74,49174,0,0,11,0,0,30,29,32,75064,1,0,367977,264156,0,137,283,0,3,60,828522,2167,75064,22,24,6794,0,-80,-2147483648,419246,4294967295,0,0
3434749772,3434.749772,170539,170507,170507,0,5,8,49166,0,49174,0,0,11,0,0,42,42,32,75064,1,0,367977,264176,0,244,283,1,3,60,828522,2164,75064,22,24,6795,0,-85,-2147483648,159170,4294967295,0,0
3434999772,3434.999772,170552,170519,170519,0,5,8,49166,0,49174,1,0,11,0,0,55,54,32,75064,1,0,367977,264194,0,245,283,0,3,61,828522,2167,75064,21,24,6795,0,-85,-2147483648,409170,4294967295,0,0
3435249774,3435.249774,170564,170532,170532,0,6,8,49166,0,49174,0,0,11,0,0,67,67,32,75064,1,0,367977,264214,0,244,283,1,3,2,828522,2164,75064,22,24,6796,0,-83,-2147483648,156427,4294967295,0,0
3435499776,3435.499776,170577,170544,170544,0,6,8,49166,0,49174,1,0,11,0,0,80,79,32,75064,1,0,367977,264232,0,244,283,1,3,60,828522,2167,75064,22,24,6796,0,-83,-2147483648,406429,4294967295,0,0
3435749777,3435.749777,170589,170557,170557,0,5,8,49166,0,49174,0,0,11,0,0,92,92,32,75064,1,0,367977,264252,0,245,283,1,3,60,828522,2164,75064,21,24,6797,0,-95,-2147483648,156662,4294967295,0,0
3435999777,3435.999777,170602,170569,170569,0,6,8,49166,0,49174,1,0,11,0,0,105,104,32,75064,1,0,367977,264271,0,244,283,1,3,60,828522,2167,75064,22,24,6797,0,-95,-2147483648,406662,4294967295,0,0
3436249778,3436.249778,170614,170582,170582,0,6,8,49166,0,49174,0,0,11,0,0,117,117,32,75064,1,0,367977,264290,0,244,283,1,3,60,828522,2164,75064,21,24,6798,0,-90,-2147483648,155540,4294967295,0,0
3436499778,3436.499778,170627,170594,170594,0,6,8,49166,0,49174,1,0,11,0,0,130,129,32,75064,1,0,367977,264310,0,138,283,1,3,60,828522,2167,75064,21,24,6798,0,-90,-2147483648,405540,4294967295,0,0
3436749778,3436.749778,170639,170607,170607,0,6,8,49166,0,49174,0,0,11,0,0,142,142,32,75064,1,0,367977,264329,0,244,283,1,3,60,828522,2164,75064,21,24,6799,0,-87,-2147483648,155030,4294967295,0,0
3436999778,3436.999778,170652,170619,170619,0,6,8,49166,0,49174,1,0,11,0,0,155,154,32,75064,1,0,367977,264348,0,138,283,0,3,61,828522,2167,75064,22,24,6799,0,-87,-2147483648,405030,4294967295,0,0
3437249780,3437.249780,170664,170632,170632,0,6,8,49166,0,49174,0,0,11,0,0,167,167,32,75064,1,0,367977,264368,0,280,283,1,3,60,828522,2164,75064,22,24,6800,0,-82,-2147483648,153577,4294967295,0,0
3437499780,3437.499780,170677,170644,170644,0,6,8,49166,0,49174,1,0,11,0,0,180,179,32,75064,1,0,367977,264386,0,244,283,1,3,60,828522,2167,75064,22,24,6800,0,-82,-2147483648,403577,4294967295,0,0
3437749780,3437.749780,170689,170657,170657,0,6,8,49166,0,49174,0,0,11,0,0,192,192,32,75064,1,0,367977,264406,0,244,283,1,3,60,828522,2164,75064,22,24,6801,0,-86,-2147483648,152312,4294967295,0,0
3437999780,3437.999780,170702,170669,170669,0,6,8,49166,0,49174,1,0,11,0,0,205,204,32,75064,1,0,367977,264425,0,138,283,0,3,61,828522,2168,75064,22,24,6801,0,-86,-2147483648,402312,4294967295,0,0
3438249781,3438.249781,170714,170682,170682,0,6,8,49166,0,49174,0,0,11,0,0,217,217,32,75064,1,0,367977,264444,0,244,283,1,3,60,828522,2164,75064,21,24,6802,0,-95,-2147483648,150604,4294967295,0,0
3438499781,3438.499781,170727,170694,170694,0,6,8,49166,0,49174,1,0,11,0,0,230,229,32,75064,1,0,367977,264464,0,139,283,1,3,60,828522,2167,75064,21,24,6802,0,-95,-2147483648,400604,4294967295,0,0
3438749781,3438.749781,170739,170707,170707,0,6,8,49166,0,49174,0,0,11,0,0,242,242,32,75064,1,0,367977,264484,0,245,283,1,3,60,828522,2164,75064,22,24,6803,0,-89,-2147483648,150470,4294967295,0,0
3438999782,3438.999782,170752,170719,170719,0,6,8,49166,0,49174,1,0,11,0,0,255,254,32,75064,1,0,367977,264502,0,244,283,1,3,61,828522,2167,75064,22,24,6803,0,-89,-2147483648,400471,4294967295,0,0
3439249783,3439.249783,170764,170732,170732,0,6,8,49166,0,49174,0,0,11,0,0,11,11,32,75064,1,0,367977,264522,0,244,283,1,3,60,828522,2164,75064,22,24,6804,0,-82,-2147483648,149905,4294967295,0,0
3439499785,3439.499785,170777,170744,170744,0,6,8,49166,0,49174,1,0,11,0,0,24,23,32,75064,1,0,367977,264541,0,138,283,1,3,60,828522,1167,75064,21,24,6804,0,-82,-2147483648,399907,4294967295,0,0
3439749787,3439.749787,170789,170757,170757,0,5,8,49166,0,49174,0,0,11,0,0,36,36,32,75064,1,0,367977,264561,0,245,283,1,3,60,828522,2164,75064,21,24,6805,0,-79,-2147483648,137720,4294967295,0,0
3439999789,3439.999789,170802,170769,170769,0,6,8,49166,0,49174,1,0,11,0,0,49,48,32,75064,1,0,367977,264579,0,244,283,1,3,60,828522,1167,75064,22,24,6805,0,-79,-2147483648,387722,4294967295,0,0
3440249789,3440.249789,170814,170782,170782,0,6,8,49166,0,49174,0,0,11,0,0,61,61,32,75064,1,0,367977,264599,0,244,283,1,3,60,828522,2164,75064,22,24,6806,0,-89,-2147483648,137804,4294967295,0,0
3440499791,3440.499791,170827,170794,170794,0,6,8,49166,0,49174,1,0,11,0,0,74,73,32,75064,1,0,367977,264618,0,137,283,1,3,60,828522,2167,75064,22,24,6806,0,-89,-2147483648,387806,4294967295,0,0
3440749791,3440.749791,170839,170807,170807,0,5,8,49166,0,49174,0,0,11,0,0,86,86,32,75064,1,0,367977,264638,0,245,283,1,3,60,828522,2164,75064,21,24,6807,0,-86,-2147483648,136294,4294967295,0,0
3440999793,3440.999793,170852,170819,170819,0,6,8,49166,0,49174,1,0,11,0,0,99,98,32,75064,1,0,367977,264656,0,245,283,1,3,60,828522,2167,75064,21,24,6807,0,-86,-2147483648,386296,4294967295,0,0
3441249793,3441.249793,170864,170832,170832,0,6,8,49166,0,49174,0,0,11,0,0,111,111,32,75064,1,0,367977,264676,0,244,283,1,3,60,828522,2164,75064,21,24,6808,0,-90,-2147483648,135020,4294967295,0,0
3441499795,3441.499795,170877,170844,170844,0,6,8,49166,0,49174,1,0,11,0,0,124,123,32,75064,1,0,367977,264695,0,138,283,1,3,60,828522,2167,75064,21,24,6808,0,-90,-2147483648,385022,4294967295,0,0
3441749797,3441.749797,170889,170857,170857,0,6,8,49166,0,49174,0,0,11,0,0,136,136,32,75064,1,0,367977,264715,0,280,283,1,3,60,828522,2164,75064,22,24,6809,0,-83,-2147483648,134790,4294967295,0,0
3441999797,3441.999797,170902,170869,170869,0,6,8,49166,0,49174,1,0,11,0,0,149,148,32,75064,1,0,367977,264733,0,244,283,1,3,60,828522,2167,75064,22,24,6809,0,-83,-2147483648,384790,4294967295,0,0
3442249797,3442.249797,170914,170882,170882,0,6,8,49166,0,49174,0,0,11,0,0,161,161,32,75064,1,0,367977,264753,0,244,283,1,3,60,828522,2164,75064,22,24,6810,0,-83,-2147483648,132816,4294967295,0,0
3442499797,3442.499797,170927,170894,170894,0,6,8,49166,0,49174,1,0,11,0,0,174,173,32,75064,1,0,367977,264772,0,138,283,1,3,60,828522,2167,75064,21,24,6810,0,-83,-2147483648,382816,4294967295,0,0
3442749798,3442.749798,170939,170907,170907,0,6,8,49166,0,49174,0,0,11,0,0,186,186,32,75064,1,0,367977,264792,0,245,283,1,3,60,828522,2164,75064,21,24,6811,0,-81,-2147483648,131028,4294967295,0,0
3442999800,3442.999800,170952,170919,170919,0,6,8,49166,0,49174,1,0,11,0,0,199,198,32,75064,1,0,367977,264810,0,245,283,1,3,60,828522,2167,75064,21,24,6811,0,-81,-2147483648,381030,4294967295,0,0
3443249802,3443.249802,170964,170932,170932,0,6,8,49166,0,49174,0,0,11,0,0,211,211,32,75064,1,0,367977,264830,0,244,283,1,3,60,828522,2164,75064,22,24,6812,0,-83,-2147483648,129400,4294967295,0,0
3443499802,3443.499802,170977,170944,170944,0,6,8,49166,0,49174,1,0,11,0,0,224,223,32,75064,1,0,367977,264849,0,138,283,1,3,60,828522,2167,75064,22,24,6812,0,-83,-2147483648,379400,4294967295,0,0
3443749804,3443.749804,170989,170957,170957,0,5,8,49166,0,49174,0,0,11,0,0,236,236,32,75064,1,0,367977,264869,0,245,283,1,3,60,828522,2164,75064,21,24,6813,0,-83,-2147483648,117275,4294967295,0,0
3443999806,3443.999806,171002,170969,170969,0,5,8,49166,0,49174,1,0,11,0,0,249,248,32,75064,1,0,367977,264887,0,246,283,1,3,60,828522,2167,75064,21,24,6813,0,-83,-2147483648,367277,4294967295,0,0
3444249808,3444.249808,171014,170982,170982,0,6,8,49166,0,49174,0,0,11,0,0,5,5,32,75064,1,0,367977,264906,0,244,283,1,3,60,828522,2164,75064,21,24,6814,0,-95,-2147483648,114913,4294967295,0,0
3444499809,3444.499809,171027,170994,170994,0,6,8,49166,0,49174,1,0,11,0,0,18,17,32,75064,1,0,367977,264926,0,138,283,1,3,60,828522,2167,75064,21,24,6814,0,-95,-2147483648,364914,4294967295,0,0
3444749809,3444.749809,171039,171007,171007,0,6,8,49166,0,49174,0,0,11,0,0,30,30,32,75064,1,0,367977,264946,0,244,283,1,3,60,828522,2164,75064,22,24,6815,0,-93,-2147483648,114168,4294967295,0,0
3444999811,3444.999811,171052,171019,171019,0,5,8,49166,0,49174,1,0,11,0,0,43,42,32,75064,1,0,367977,264964,0,245,283,1,3,60,828522,2167,75064,21,24,6815,0,-93,-2147483648,364170,4294967295,0,0
3445249811,3445.249811,171064,171032,171032,0,6,8,49166,0,49174,0,0,11,0,0,55,55,32,75064,1,0,367977,264984,0,244,283,1,3,60,828522,2164,75064,22,24,6816,0,-84,-2147483648,113938,4294967295,0,0
3445499813,3445.499813,171077,171044,171044,0,6,8,49166,0,49174,1,0,11,0,0,68,67,32,75064,1,0,367977,265003,0,138,283,0,3,61,828522,2168,75064,21,24,6816,0,-84,-2147483648,363940,4294967295,0,0
3445749814,3445.749814,171089,171057,171057,0,6,8,49166,0,49174,0,0,11,0,0,80,80,32,75064,1,0,367977,265023,0,244,283,1,3,60,828522,2164,75064,22,24,6817,0,-84,-2147483648,112027,4294967295,0,0
3445999816,3445.999816,171102,171069,171069,0,6,8,49166,0,49174,1,0,11,0,0,93,92,32,75064,1,0,367977,265041,0,244,283,1,3,60,828522,1167,75064,22,24,6817,0,-84,-2147483648,362029,4294967295,0,0
3446249817,3446.249817,171114,171082,171082,0,5,8,49166,0,49174,0,0,11,0,0,105,105,32,75064,1,0,367977,265061,0,244,283,1,3,60,828522,1165,75064,22,24,6818,0,-98,-2147483648,110820,4294967295,0,0
3446499817,3446.499817,171127,171094,171094,0,6,8,49166,0,49174,1,0,11,0,0,118,117,32,75064,1,0,367977,265080,0,138,283,0,3,60,828522,2167,75064,22,24,6818,0,-98,-2147483648,360820,4294967295,0,0
3446749819,3446.749819,171139,171107,171107,0,6,8,49166,0,49174,0,0,11,0,0,130,130,32,75064,1,0,367977,265100,0,244,283,1,3,60,828522,2164,75064,22,24,6819,0,-98,-2147483648,109580,4294967295,0,0
3446999821,3446.999821,171152,171119,171119,0,6,8,49166,0,49174,1,0,11,0,0,143,142,32,75064,1,0,367977,265118,0,138,283,1,3,60,828522,2167,75064,22,24,6819,0,-98,-2147483648,359582,4294967295,0,0
3447249822,3447.249822,171164,171132,171132,0,6,8,49166,0,49174,0,0,11,0,0,155,155,32,75064,1,0,367977,265138,0,244,283,1,3,60,828522,2164,75064,22,24,6820,0,-94,-2147483648,97406,4294967295,0,0
3447499822,3447.499822,171177,171144,171144,0,6,8,49166,0,49174,1,0,11,0,0,168,167,32,75064,1,0,367977,265157,0,138,283,1,3,61,828522,2167,75064,21,24,6820,0,-94,-2147483648,347406,4294967295,0,0
3447749822,3447.749822,171189,171157,171157,0,6,8,49166,0,49174,0,0,11,0,0,180,180,32,75064,1,0,367977,265177,0,244,283,1,3,60,828522,2164,75064,22,24,6821,0,-82,-2147483648,96750,4294967295,0,0
3447999824,3447.999824,171202,171169,171169,0,5,8,49166,0,49174,1,0,11,0,0,193,192,32,75064,1,0,367977,265195,0,139,283,1,3,60,828522,2167,75064,22,24,6821,0,-82,-2147483648,346752,4294967295,0,0
3448249825,3448.249825,171214,171182,171182,0,6,8,49166,0,49174,0,0,11,0,0,205,205,32,75064,1,0,367977,265214,0,244,283,1,3,60,828522,2164,75064,22,24,6822,0,-89,-2147483648,95115,4294967295,0,0
3448499827,3448.499827,171227,171194,171194,0,6,8,49166,0,49174,1,0,11,0,0,218,217,32,75064,1,0,367977,265234,0,138,283,1,3,60,828522,1167,75064,22,24,6822,0,-89,-2147483648,345117,4294967295,0,0
3448749827,3448.749827,171239,171207,171207,0,6,8,49166,0,49174,0,0,11,0,0,230,230,32,75064,1,0,367977,265254,0,280,283,1,3,60,828522,2164,75064,21,24,6823,0,-81,-2147483648,95030,4294967295,0,0
3448999829,3448.999829,171252,171219,171219,0,6,8,49166,0,49174,1,0,11,0,0,243,242,32,75064,1,0,367977,265272,0,245,283,1,3,60,828522,1167,75064,21,24,6823,0,-81,-2147483648,345032,4294967295,0,0
3449249831,3449.249831,171264,171232,171232,0,6,8,49166,0,49174,0,0,11,0,0,255,255,32,75064,1,0,367977,265292,0,244,283,1,3,60,828522,2164,75064,22,24,6824,0,-79,-2147483648,94747,4294967295,0,0
3449499832,3449.499832,171277,171244,171244,0,6,8,49166,0,49174,1,0,11,0,0,12,11,32,75064,1,0,367977,265311,0,138,283,1,3,60,828522,1167,75064,21,24,6824,0,-79,-2147483648,344748,4294967295,0,0
3449749834,3449.749834,171289,171257,171257,0,6,8,49166,0,49174,0,0,11,0,0,24,24,32,75064,1,0,367977,265331,0,244,283,1,3,60,828522,2164,75064,22,24,6825,0,-85,-2147483648,94091,4294967295,0,0
3449999835,3449.999835,171302,171269,171269,0,6,8,49166,0,49174,1,0,11,0,0,37,36,32,75064,1,0,367977,265349,0,244,283,1,3,61,828522,2167,75064,22,24,6825,0,-85,-2147483648,344092,4294967295,0,0
3450249836,3450.249836,171314,171282,171282,0,6,8,49166,0,49174,0,0,11,0,0,49,49,32,75064,1,0,367977,265369,0,243,283,1,3,60,828522,2164,75064,22,24,6826,0,-83,-2147483648,92765,4294967295,0,0
3450499837,3450.499837,171327,171294,171294,0,6,8,49166,0,49174,1,0,11,0,0,62,61,32,75064,1,0,367977,265388,0,138,283,1,3,60,828522,1167,75064,21,24,6826,0,-83,-2147483648,342766,4294967295,0,0
3450749837,3450.749837,171339,171307,171307,0,5,8,49166,0,49174,0,0,11,0,0,74,74,32,75064,1,0,367977,265408,0,245,283,1,3,60,828522,2164,75064,21,24,6827,0,-87,-2147483648,91889,4294967295,0,0
3450999838,3450.999838,171352,171319,171319,0,6,8,49166,0,49174,1,0,11,0,0,87,86,32,75064,1,0,367977,265426,0,280,283,1,3,60,828522,2167,75064,21,24,6827,0,-87,-2147483648,341890,4294967295,0,0
3451249839,3451.249839,171364,171332,171332,0,6,8,49166,0,49174,0,0,11,0,0,99,99,32,75064,1,0,367977,265446,0,244,283,1,3,60,828522,2164,75064,22,24,6828,0,-74,-2147483648,89868,4294967295,0,0
3451499840,3451.499840,171377,171344,171344,0,6,8,49166,0,49174,1,0,11,0,0,112,111,32,75064,1,0,367977,265465,0,138,283,1,3,60,828522,2167,75064,22,24,6828,0,-74,-2147483648,339869,4294967295,0,0
3451749841,3451.749841,171389,171357,171357,0,6,8,49166,0,49174,0,0,11,0,0,124,124,32,75064,1,0,367977,265485,0,244,283,1,3,60,828522,1164,75064,22,24,6829,0,-76,-2147483648,78167,4294967295,0,0
3451999843,3451.999843,171402,171369,171369,0,6,8,49166,0,49174,1,0,11,0,0,137,136,32,75064,1,0,367977,265503,0,244,283,1,3,60,828522,2167,75064,22,24,6829,0,-76,-2147483648,328169,4294967295,0,0
3452249845,3452.249845,171414,171382,171382,0,6,8,49166,0,49174,0,0,11,0,0,149,149,32,75064,1,0,367977,265523,0,244,283,1,3,60,828522,2164,75064,22,24,6830,0,-82,-2147483648,77034,4294967295,0,0
3452499847,3452.499847,171427,171394,171394,0,6,8,49166,0,49174,1,0,11,0,0,162,161,32,75064,1,0,367977,265542,0,138,283,1,3,60,828522,1167,75064,22,24,6830,0,-82,-2147483648,327036,4294967295,0,0
3452749847,3452.749847,171439,171407,171407,0,6,8,49166,0,49174,0,0,11,0,0,174,174,32,75064,1,0,367977,265562,0,245,283,1,3,60,828522,2164,75064,21,24,6831,0,-83,-2147483648,77589,4294967295,0,0
3452999848,3452.999848,171452,171419,171419,0,6,8,49166,0,49174,1,0,11,0,0,187,186,32,75064,1,0,367977,265580,0,244,283,1,3,60,828522,2167,75064,22,24,6831,0,-83,-2147483648,327590,4294967295,0,0
3453249850,3453.249850,171464,171432,171432,0,6,8,49166,0,49174,0,0,11,0,0,199,199,32,75064,1,0,367977,265600,0,279,283,0,3,61,828522,1164,75064,22,24,6832,0,-82,-2147483648,75218,4294967295,0,0
3453499851,3453.499851,171477,171444,171444,0,5,8,49166,0,49174,1,0,11,0,0,212,211,32,75064,1,0,367977,265619,0,137,283,1,3,60,828522,1167,75064,22,24,6832,0,-82,-2147483648,325219,4294967295,0,0
3453749851,3453.749851,171489,171457,171457,0,6,8,49166,0,49174,0,0,11,0,0,224,224,32,75064,1,0,367977,265639,0,244,283,0,3,61,828522,1165,75064,22,24,6833,0,-81,-2147483648,73153,4294967295,0,0
3453999851,3453.999851,171502,171469,171469,0,6,8,49166,0,49174,1,0,11,0,0,237,236,32,75064,1,0,367977,265657,0,244,283,1,3,60,828522,2167,75064,22,24,6833,0,-81,-2147483648,323153,4294967295,0,0
3454249852,3454.249852,171514,171482,171482,0,6,8,49166,0,49174,0,0,11,0,0,249,249,32,75064,1,0,367977,265677,0,244,283,1,3,2,828522,2164,75064,22,24,6834,0,-76,-2147483648,73111,4294967295,0,0
3454499854,3454.499854,171527,171494,171494,0,6,8,49166,0,49174,1,0,11,0,0,6,5,32,75064,1,0,367977,265696,0,138,283,1,3,60,828522,2167,75064,22,24,6834,0,-76,-2147483648,323113,4294967295,0,0
3454749854,3454.749854,171539,171507,171507,0,5,8,49166,0,49174,0,0,11,0,0,18,18,32,75064,1,0,367977,265716,0,244,283,1,3,60,828522,1164,75064,22,24,6835,0,-77,-2147483648,71194,4294967295,0,0
3454999854,3454.999854,171552,171519,171519,0,6,8,49166,0,49174,1,0,11,0,0,31,30,32,75064,1,0,367977,265734,0,244,283,1,3,60,828522,2167,75064,22,24,6835,0,-77,-2147483648,321194,4294967295,0,0
3455249855,3455.249855,171564,171532,171532,0,6,8,49166,0,49174,0,0,11,0,0,43,43,32,75064,1,0,367977,265754,0,244,283,1,3,60,828522,2164,75064,22,24,6836,0,-77,-2147483648,71030,4294967295,0,0
3455499855,3455.499855,171577,171544,171544,0,6,8,49166,0,49174,1,0,11,0,0,56,55,32,75064,1,0,367977,265773,0,138,283,1,3,60,828522,2167,75064,21,24,6836,0,-77,-2147483648,321030,4294967295,0,0
3455749857,3455.749857,171589,171557,171557,0,6,8,49166,0,49174,0,0,11,0,0,68,68,32,75064,1,0,367977,265793,0,244,283,0,3,61,828522,2164,75064,22,24,6837,0,-75,-2147483648,58321,4294967295,0,0
3455999858,3455.999858,171602,171569,171569,0,6,8,49166,0,49174,1,0,11,0,0,81,80,32,75064,1,0,367977,265811,0,244,283,1,3,60,828522,2167,75064,22,24,6837,0,-75,-2147483648,308322,4294967295,0,0
3456249858,3456.249858,171614,171582,171582,0,6,8,49166,0,49174,0,0,11,0,0,93,93,32,75064,1,0,367977,265831,0,244,283,1,3,60,828522,2164,75064,21,24,6838,0,-78,-2147483648,56729,4294967295,0,0
3456499860,3456.499860,171627,171594,171594,0,6,8,49166,0,49174,1,0,11,0,0,106,105,32,75064,1,0,367977,265850,0,138,283,1,3,60,828522,2167,75064,21,24,6838,0,-78,-2147483648,306731,4294967295,0,0
3456749860,3456.749860,171639,171607,171607,0,6,8,49166,0,49174,0,0,11,0,0,118,118,32,75064,1,0,367977,265870,0,244,283,1,3,60,828522,1164,75064,22,24,6839,0,-84,-2147483648,55394,4294967295,0,0
3456999861,3456.999861,171652,171619,171619,0,6,8,49166,0,49174,1,0,11,0,0,131,130,32,75064,1,0,367977,265888,0,244,283,1,3,2,828522,2167,75064,22,24,6839,0,-84,-2147483648,305395,4294967295,0,0
3457249862,3457.249862,171664,171632,171632,0,6,8,49166,0,49174,0,0,11,0,0,143,143,32,75064,1,0,367977,265908,0,244,283,1,3,60,828522,2164,75064,22,24,6840,0,-83,-2147483648,53329,4294967295,0,0
3457499862,3457.499862,171677,171644,171644,0,6,8,49166,0,49174,1,0,11,0,0,156,155,32,75064,1,0,367977,265927,0,138,283,1,3,2,828522,2167,75064,22,24,6840,0,-83,-2147483648,303329,4294967295,0,0
3457749862,3457.749862,171689,171657,171657,0,5,8,49166,0,49174,0,0,11,0,0,168,168,32,75064,1,0,367977,265947,0,245,283,1,3,60,828522,2164,75064,21,24,6841,0,-77,-2147483648,52206,4294967295,0,0
3457999863,3457.999863,171702,171669,171669,0,6,8,49166,0,49174,1,0,11,0,0,181,180,32,75064,1,0,367977,265965,0,244,283,1,3,60,828522,2167,75064,21,24,6841,0,-77,-2147483648,302207,4294967295,0,0
3458249865,3458.249865,171714,171682,171682,0,6,8,49166,0,49174,0,0,11,0,0,193,193,32,75064,1,0,367977,265985,0,244,283,1,3,60,828522,2164,75064,22,24,6842,0,-80,-2147483648,51893,4294967295,0,0
3458499867,3458.499867,171727,171694,171694,0,6,8,49166,0,49174,1,0,11,0,0,206,205,32,75064,1,0,367977,266004,0,139,283,1,3,2,828522,2167,75064,21,24,6842,0,-80,-2147483648,301895,4294967295,0,0
3458749867,3458.749867,171739,171707,171707,0,5,8,49166,0,49174,0,0,11,0,0,218,218,32,75064,1,0,367977,266024,0,245,283,1,3,60,828522,2164,75064,21,24,6843,0,-80,-2147483648,51083,4294967295,0,0
3458999869,3458.999869,171752,171719,171719,0,6,8,49166,32,49174,0,0,11,0,0,231,230,32,75064,1,0,367977,266042,0,244,283,0,3,60,828522,2167,75064,22,24,6843,0,-80,-2147483648,301085,4294967295,0,0
3459249869,3459.249869,171764,171732,171732,0,6,8,49166,0,49174,0,0,11,0,0,243,243,32,75064,1,0,367977,266062,0,280,283,1,3,60,828522,2164,75064,22,24,6844,0,-77,-2147483648,38482,4294967295,0,0
3459499869,3459.499869,171777,171744,171744,0,6,8,49166,1,49174,0,0,11,0,0,0,255,32,75064,1,0,367977,266081,0,138,283,1,3,60,828522,2167,75064,21,24,6844,0,-77,-2147483648,288482,4294967295,0,0
3459749869,3459.749869,171789,171757,171757,0,5,8,49166,0,49174,0,0,11,0,0,12,12,32,75064,1,0,367977,266101,0,245,283,0,3,61,828522,2165,75064,21,24,6845,0,-80,-2147483648,37849,4294967295,0,0
3459999869,3459.999869,171802,171769,171769,0,6,8,49166,60,49174,0,0,11,0,0,25,24,32,75064,1,0,367977,266119,0,244,283,1,3,60,828522,2167,75064,22,24,6845,0,-80,-2147483648,287849,4294967295,0,0
3460249871,3460.249871,171814,171782,171782,0,6,8,49166,0,49174,0,0,11,0,0,37,37,32,75064,1,0,367977,266139,0,244,283,1,3,60,828522,2164,75064,22,24,6846,0,-77,-2147483648,35882,4294967295,0,0
3460499873,3460.499873,171827,171794,171794,0,6,8,49166,26,49174,0,0,11,0,0,50,49,32,75064,1,0,367977,266158,0,138,283,1,3,60,828522,2167,75064,22,24,6846,0,-77,-2147483648,285884,4294967295,0,0
3460749875,3460.749875,171839,171807,171807,0,6,8,49166,0,49174,0,0,11,0,0,62,62,32,75064,1,0,367977,266178,0,244,283,1,3,2,828522,2164,75064,22,24,6847,0,-76,-2147483648,35624,4294967295,0,0
3460999876,3460.999876,171852,171819,171819,0,6,8,49166,77,49174,0,0,11,0,0,75,74,32,75064,1,0,367977,266196,0,244,283,0,3,60,828522,2167,75064,22,24,6847,0,-76,-2147483648,285625,4294967295,0,0
3461249877,3461.249877,171864,171832,171832,0,6,8,49166,0,49174,0,0,11,0,0,87,87,32,75064,1,0,367977,266216,0,244,283,1,3,60,828522,2164,75064,21,24,6848,0,-78,-2147483648,35543,4294967295,0,0
3461499879,3461.499879,171877,171844,171844,0,5,8,49166,71,49174,0,0,11,0,0,100,99,32,75064,1,0,367977,266235,0,138,283,1,3,60,828522,2167,75064,21,24,6848,0,-78,-2147483648,285545,4294967295,0,0
3461749881,3461.749881,171889,171857,171857,0,6,8,49166,0,49174,0,0,11,0,0,112,112,32,75064,1,0,367977,266255,0,244,283,1,3,2,828522,2165,75064,22,24,6849,0,-79,-2147483648,33482,4294967295,0,0
3461999883,3461.999883,171902,171869,171869,0,6,8,49166,113,49174,0,0,11,0,0,125,124,32,75064,1,0,367977,266273,0,244,283,0,3,60,828522,2167,75064,22,24,6849,0,-79,-2147483648,283484,4294967295,0,0
3462249884,3462.249884,171914,171882,171882,0,6,8,49166,0,49174,0,0,11,0,0,137,137,32,75064,1,0,367977,266293,0,244,283,1,3,2,828522,2164,75064,22,24,6850,0,-81,-2147483648,33410,4294967295,0,0
3462499884,3462.499884,171927,171894,171894,0,6,8,49166,58,49174,0,0,11,0,0,150,149,32,75064,1,0,367977,266312,0,138,283,0,3,60,828522,2167,75064,21,24,6850,0,-81,-2147483648,283410,4294967295,0,0
3462749885,3462.749885,171939,171907,171907,0,5,8,49166,0,49174,0,0,11,0,0,162,162,32,75064,1,0,367977,266332,0,245,283,1,3,2,828522,2164,75064,21,24,6851,0,-79,-2147483648,31345,4294967295,0,0
3462999886,3462.999886,171952,171919,171919,0,6,8,49166,108,49174,0,0,11,0,0,175,174,32,75064,1,0,367977,266350,0,244,283,1,3,60,828522,2168,75064,22,24,6851,0,-79,-2147483648,281346,4294967295,0,0
3463249887,3463.249887,171964,171932,171932,0,6,8,49166,0,49174,0,0,11,0,0,187,187,32,75064,1,0,367977,266370,0,244,283,0,3,61,828522,2165,75064,22,24,6852,0,-76,-2147483648,31327,4294967295,0,0
3463499889,3463.499889,171977,171944,171944,0,6,8,49166,0,49174,1,0,11,0,0,200,199,32,75064,1,0,367977,266389,0,138,283,1,3,60,828522,2167,75064,22,24,6852,0,-76,-2147483648,281329,4294967295,0,0
3463749889,3463.749889,171989,171957,171957,0,6,8,49166,0,49174,0,0,11,0,0,212,212,32,75064,1,0,367977,266409,0,244,283,0,3,61,828522,2166,75064,22,24,6853,0,-81,-2147483648,30299,4294967295,0,0
3463999890,3463.999890,172002,171969,171969,0,6,8,49166,0,49174,1,0,11,0,0,225,224,32,75064,1,0,367977,266427,0,244,283,0,3,61,828522,2167,75064,22,24,6853,0,-81,-2147483648,280300,4294967295,0,0
3464249890,3464.249890,172014,171982,171982,0,6,8,49166,0,49174,0,0,11,0,0,237,237,32,75064,1,0,367977,266447,0,244,283,0,3,61,828522,2164,75064,22,24,6854,0,-77,-2147483648,30289,4294967295,0,0
3464499891,3464.499891,172027,171994,171994,0,6,8,49166,0,49174,1,0,11,0,0,250,249,32,75064,1,0,367977,266466,0,138,283,1,3,60,828522,2167,75064,22,24,6854,0,-77,-2147483648,280290,4294967295,0,0
3464749893,3464.749893,172039,172007,172007,0,6,8,49166,0,49174,0,0,11,0,0,6,6,32,75064,1,0,367977,266486,0,244,283,1,3,1,828522,2164,75064,21,24,6855,0,-80,-2147483648,29293,4294967295,0,0
3464999894,3464.999894,172052,172019,172019,0,6,8,49166,0,49174,1,0,11,0,0,19,18,32,75064,1,0,367977,266504,0,245,283,1,3,60,828522,2167,75064,21,24,6855,0,-80,-2147483648,279294,4294967295,0,0
3465249894,3465.249894,172064,172032,172032,0,6,8,49166,0,49174,0,0,11,0,0,31,31,32,75064,1,0,367977,266524,0,244,283,1,3,61,828522,2164,75064,21,24,6856,0,-75,-2147483648,18735,4294967295,0,0
3465499895,3465.499895,172077,172044,172044,0,5,8,49166,208,49174,0,0,11,0,0,44,43,32,75064,1,0,367977,266543,0,138,283,1,3,61,828522,2167,75064,21,24,6856,0,-75,-2147483648,268736,4294967295,0,0
3465749895,3465.749895,172089,172057,172057,0,5,8,49166,0,49174,0,0,11,0,0,56,56,32,75064,1,0,367977,266563,0,245,283,1,3,60,828522,2164,75064,21,24,6857,0,-82,-2147483648,17297,4294967295,0,0
3465999897,3465.999897,172102,172069,172069,0,6,8,49166,0,49174,1,0,11,0,0,69,68,32,75064,1,0,367977,266581,0,280,283,1,3,61,828522,2167,75064,22,24,6857,0,-82,-2147483648,267299,4294967295,0,0
3466249898,3466.249898,172114,172082,172082,0,6,8,49166,0,49174,0,0,11,0,0,81,81,32,75064,1,0,367977,266601,0,244,283,1,3,60,828522,2164,75064,21,24,6858,0,-74,-2147483648,16955,4294967295,0,0
3466499898,3466.499898,172127,172094,172094,0,6,8,49166,0,49174,1,0,11,0,0,94,93,32,75064,1,0,367977,266620,0,138,283,0,3,61,828522,2167,75064,21,24,6858,0,-74,-2147483648,266955,4294967295,0,0
3466749899,3466.749899,172139,172107,172107,0,6,8,49166,0,49174,0,0,11,0,0,106,106,32,75064,1,0,367977,266640,0,244,283,0,3,61,828522,2164,75064,22,24,6859,0,-75,-2147483648,15784,4294967295,0,0
3466999901,3466.999901,172152,172119,172119,0,5,8,49166,0,49174,1,0,11,0,0,119,118,32,75064,1,0,367977,266658,0,245,283,1,3,60,828522,2167,75064,21,24,6859,0,-75,-2147483648,265786,4294967295,0,0
3467249902,3467.249902,172164,172132,172132,0,6,8,49166,0,49174,0,0,11,0,0,131,131,32,75064,1,0,367977,266678,0,244,283,1,3,60,828522,2164,75064,22,24,6860,0,-76,-2147483648,14882,4294967295,0,0
3467499902,3467.499902,172177,172144,172144,0,6,8,49166,0,49174,1,0,11,0,0,144,143,32,75064,1,0,367977,266697,0,138,283,1,3,60,828522,2168,75064,21,24,6860,0,-76,-2147483648,264882,4294967295,0,0
3467749904,3467.749904,172189,172157,172157,0,6,8,49166,0,49174,0,0,11,0,0,156,156,32,75064,1,0,367977,266717,0,244,283,1,3,60,828522,2164,75064,21,24,6861,0,-76,-2147483648,13678,4294967295,0,0
3467999906,3467.999906,172202,172169,172169,0,6,8,49166,0,49174,1,0,11,0,0,169,168,32,75064,1,0,367977,266735,0,244,283,1,3,61,828522,2167,75064,22,24,6861,0,-76,-2147483648,263680,4294967295,0,0
3468249907,3468.249907,172214,172182,172182,0,6,8,49166,0,49174,0,0,11,0,0,181,181,32,75064,1,0,367977,266755,0,244,283,1,3,61,828522,2164,75064,22,24,6862,0,-75,-2147483648,12622,4294967295,0,0
3468499908,3468.499908,172227,172194,172194,0,6,8,49166,0,49174,1,0,11,0,0,194,193,32,75064,1,0,367977,266774,0,138,283,1,3,60,828522,2167,75064,22,24,6862,0,-75,-2147483648,262623,4294967295,0,0
3468749908,3468.749908,172239,172207,172207,0,5,8,49166,0,49174,0,0,11,0,0,206,206,32,75064,1,0,367977,266794,0,245,283,0,3,61,828522,2164,75064,21,24,6863,0,-74,-2147483648,11566,4294967295,0,0
3468999908,3468.999908,172252,172219,172219,0,6,8,49166,0,49174,1,0,11,0,0,219,218,32,75064,1,0,367977,266812,0,244,283,1,3,60,828522,2167,75064,22,24,6863,0,-74,-2147483648,261566,4294967295,0,0
3469249908,3469.249908,172264,172232,172232,0,6,8,49166,0,49174,0,0,11,0,0,231,231,32,75064,1,0,367977,266832,0,245,283,1,3,60,828522,2164,75064,21,24,6864,0,-76,-2147483648,10634,4294967295,0,0
3469499910,3469.499910,172277,172244,172244,0,6,8,49166,0,49174,1,0,11,0,0,244,243,32,75064,1,0,367977,266851,0,138,283,1,3,60,828522,2167,75064,22,24,6864,0,-76,-2147483648,260636,4294967295,0,0
3469749911,3469.749911,172289,172257,172257,0,6,8,49166,0,49174,0,0,11,0,0,0,0,32,75064,1,0,367977,266871,0,244,283,1,3,60,828522,2164,75064,22,24,6865,0,-76,-2147483648,9429,4294967295,0,0
3469999911,3469.999911,172302,172269,172269,0,6,8,49166,0,49174,1,0,11,0,0,13,12,32,75064,1,0,367977,266889,0,244,283,1,3,60,828522,2167,75064,22,24,6865,0,-76,-2147483648,259429,4294967295,0,0
3470249911,3470.249911,172314,172282,172282,0,6,8,49166,0,49174,0,0,11,0,0,25,25,32,75064,1,0,367977,266908,0,245,283,1,3,61,828522,2164,75064,21,24,6865,0,-76,-2147483648,509429,4294967295,0,0
3470499911,3470.499911,172327,172294,172294,0,6,8,49166,0,49174,1,0,11,0,0,38,37,32,75064,1,0,367977,266928,0,138,283,1,3,61,828522,2167,75064,22,24,6866,0,-79,-2147483648,247730,4294967295,0,0
3470749911,3470.749911,172339,172307,172307,0,6,8,49166,0,49174,0,0,11,0,0,50,50,32,75064,1,0,367977,266947,0,280,283,1,3,60,828522,2164,75064,21,24,6866,0,-79,-2147483648,497730,4294967295,0,0
3470999913,3470.999913,172352,172319,172319,0,6,8,49166,0,49174,1,0,11,0,0,63,62,32,75064,1,0,367977,266966,0,244,283,1,3,60,828522,2167,75064,22,24,6867,0,-81,-2147483648,247101,4294967295,0,0
3471249914,3471.249914,172364,172332,172332,0,6,8,49166,0,49174,0,0,11,0,0,75,75,32,75064,1,0,367977,266985,0,244,283,1,3,60,828522,2164,75064,22,24,6867,0,-81,-2147483648,497102,4294967295,0,0
3471499914,3471.499914,172377,172344,172344,0,6,8,49166,0,49174,1,0,11,0,0,88,87,32,75064,1,0,367977,267005,0,138,283,1,3,60,828522,2167,75064,22,24,6868,0,-75,-2147483648,245960,4294967295,0,0
3471749916,3471.749916,172389,172357,172357,0,5,8,49166,0,49174,0,0,11,0,0,100,100,32,75064,1,0,367977,267024,0,245,283,1,3,60,828522,2164,75064,22,24,6868,0,-75,-2147483648,495962,4294967295,0,0
3471999918,3471.999918,172402,172369,172369,0,5,8,49166,0,49174,1,0,11,0,0,113,112,32,75064,1,0,367977,267043,0,245,283,1,3,60,828522,2167,75064,22,24,6869,0,-76,-2147483648,245060,4294967295,0,0
3472249918,3472.249918,172414,172382,172382,0,6,8,49166,0,49174,0,0,11,0,0,125,125,32,75064,1,0,367977,267062,0,244,283,1,3,61,828522,2164,75064,22,24,6869,0,-76,-2147483648,495060,4294967295,0,0
3472499919,3472.499919,172427,172394,172394,0,6,8,49166,0,49174,1,0,11,0,0,138,137,32,75064,1,0,367977,267082,0,138,283,1,3,60,828522,2167,75064,22,24,6870,0,-76,-2147483648,244833,4294967295,0,0
3472749921,3472.749921,172439,172407,172407,0,5,8,49166,0,49174,0,0,11,0,0,150,150,32,75064,1,0,367977,267101,0,245,283,1,3,60,828522,2164,75064,21,24,6870,0,-76,-2147483648,494835,4294967295,0,0
3472999921,3472.999921,172452,172419,172419,0,6,8,49166,0,49174,1,0,11,0,0,163,162,32,75064,1,0,367977,267120,0,280,283,1,3,60,828522,2167,75064,22,24,6871,0,-78,-2147483648,242856,4294967295,0,0
3473249921,3473.249921,172464,172432,172432,0,6,8,49166,0,49174,0,0,11,0,0,175,175,32,75064,1,0,367977,267139,0,244,283,1,3,60,828522,2164,75064,22,24,6871,0,-78,-2147483648,492856,4294967295,0,0
3473499921,3473.499921,172477,172444,172444,0,6,8,49166,0,49174,1,0,11,0,0,188,187,32,75064,1,0,367977,267159,0,137,283,1,3,2,828522,2167,75064,22,24,6872,0,-80,-2147483648,241741,4294967295,0,0
3473749922,3473.749922,172489,172457,172457,0,6,8,49166,0,49174,0,0,11,0,0,200,200,32,75064,1,0,367977,267178,0,245,283,1,3,60,828522,2164,75064,21,24,6872,0,-80,-2147483648,491742,4294967295,0,0
3473999924,3473.999924,172502,172469,172469,0,6,8,49166,0,49174,1,0,11,0,0,213,212,32,75064,1,0,367977,267197,0,244,283,1,3,60,828522,2167,75064,22,24,6873,0,-79,-2147483648,240932,4294967295,0,0
3474249925,3474.249925,172514,172482,172482,0,6,8,49166,0,49174,0,0,11,0,0,225,225,32,75064,1,0,367977,267216,0,245,283,1,3,60,828522,2164,75064,22,24,6873,0,-79,-2147483648,490933,4294967295,0,0
3474499925,3474.499925,172527,172494,172494,0,6,8,49166,0,49174,1,0,11,0,0,238,237,32,75064,1,0,367977,267236,0,138,283,1,3,60,828522,2167,75064,22,24,6874,0,-77,-2147483648,240765,4294967295,0,0
3474749925,3474.749925,172539,172507,172507,0,6,8,49166,0,49174,0,0,11,0,0,250,250,32,75064,1,0,367977,267255,0,244,283,1,3,60,828522,2164,75064,22,24,6874,0,-77,-2147483648,490765,4294967295,0,0
3474999926,3474.999926,172552,172519,172519,0,6,8,49166,0,49174,1,0,11,0,0,7,6,32,75064,1,0,367977,267274,0,245,283,1,3,60,828522,2167,75064,21,24,6875,0,-77,-2147483648,239648,4294967295,0,0
3475249927,3475.249927,172564,172532,172532,0,6,8,49166,0,49174,0,0,11,0,0,19,19,32,75064,1,0,367977,267293,0,280,283,1,3,60,828522,2164,75064,21,24,6875,0,-77,-2147483648,489649,4294967295,0,0
3475499929,3475.499929,172577,172544,172544,0,6,8,49166,0,49174,1,0,11,0,0,32,31,32,75064,1,0,367977,267313,0,138,283,1,3,60,828522,2167,75064,22,24,6876,0,-79,-2147483648,228504,4294967295,0,0
3475749929,3475.749929,172589,172557,172557,0,6,8,49166,0,49174,0,0,11,0,0,44,44,32,75064,1,0,367977,267332,0,244,283,1,3,60,828522,2164,75064,22,24,6876,0,-79,-2147483648,478504,4294967295,0,0
3475999929,3475.999929,172602,172569,172569,0,6,8,49166,0,49174,1,0,11,0,0,57,56,32,75064,1,0,367977,267351,0,245,283,1,3,61,828522,1167,75064,21,24,6877,0,-80,-2147483648,226076,4294967295,0,0
3476249929,3476.249929,172614,172582,172582,0,6,8,49166,0,49174,0,0,11,0,0,69,69,32,75064,1,0,367977,267370,0,244,283,1,3,2,828522,2164,75064,22,24,6877,0,-80,-2147483648,476076,4294967295,0,0
3476499929,3476.499929,172627,172594,172594,0,6,8,49166,0,49174,1,0,11,0,0,82,81,32,75064,1,0,367977,267390,0,138,283,1,3,60,828522,2167,75064,22,24,6878,0,-82,-2147483648,225296,4294967295,0,0
3476749930,3476.749930,172639,172607,172607,0,6,8,49166,0,49174,0,0,11,0,0,94,94,32,75064,1,0,367977,267409,0,280,283,1,3,60,828522,2164,75064,21,24,6878,0,-82,-2147483648,475297,4294967295,0,0
3476999930,3476.999930,172652,172619,172619,0,6,8,49166,0,49174,1,0,11,0,0,107,106,32,75064,1,0,367977,267428,0,244,283,1,3,60,828522,2167,75064,22,24,6879,0,-80,-2147483648,225160,4294967295,0,0
3477249930,3477.249930,172664,172632,172632,0,6,8,49166,0,49174,0,0,11,0,0,119,119,32,75064,1,0,367977,267447,0,244,283,1,3,60,828522,2164,75064,22,24,6879,0,-80,-2147483648,475160,4294967295,0,0
3477499930,3477.499930,172677,172644,172644,0,6,8,49166,0,49174,1,0,11,0,0,132,131,32,75064,1,0,367977,267467,0,138,283,1,3,60,828522,2167,75064,22,24,6880,0,-78,-2147483648,224069,4294967295,0,0
3477749931,3477.749931,172689,172657,172657,0,6,8,49166,0,49174,0,0,11,0,0,144,144,32,75064,1,0,367977,267486,0,244,283,1,3,60,828522,2164,75064,22,24,6880,0,-78,-2147483648,474070,4294967295,0,0
3477999933,3477.999933,172702,172669,172669,0,6,8,49166,0,49174,1,0,11,0,0,157,156,32,75064,1,0,367977,267505,0,244,283,1,3,60,828522,2167,75064,22,24,6881,0,-83,-2147483648,224059,4294967295,0,0
3478249935,3478.249935,172714,172682,172682,0,6,8,49166,0,49174,0,0,11,0,0,169,169,32,75064,1,0,367977,267524,0,244,283,1,3,60,828522,1164,75064,22,24,6881,0,-83,-2147483648,474061,4294967295,0,0
3478499936,3478.499936,172727,172694,172694,0,6,8,49166,0,49174,1,0,11,0,0,182,181,32,75064,1,0,367977,267544,0,138,283,1,3,60,828522,2167,75064,21,24,6882,0,-80,-2147483648,222114,4294967295,0,0
3478749938,3478.749938,172739,172707,172707,0,6,8,49166,0,49174,0,0,11,0,0,194,194,32,75064,1,0,367977,267563,0,245,283,1,3,60,828522,2164,75064,21,24,6882,0,-80,-2147483648,472116,4294967295,0,0
3478999940,3478.999940,172752,172719,172719,0,6,8,49166,0,49174,1,0,11,0,0,207,206,32,75064,1,0,367977,267582,0,244,283,1,3,60,828522,2167,75064,22,24,6883,0,-81,-2147483648,221824,4294967295,0,0
3479249942,3479.249942,172764,172732,172732,0,6,8,49166,0,49174,0,0,11,0,0,219,219,32,75064,1,0,367977,267601,0,244,283,1,3,60,828522,1164,75064,22,24,6883,0,-81,-2147483648,471826,4294967295,0,0
3479499944,3479.499944,172777,172744,172744,0,6,8,49166,0,49174,1,0,11,0,0,232,231,32,75064,1,0,367977,267621,0,138,283,1,3,60,828522,2167,75064,22,24,6884,0,-79,-2147483648,219876,4294967295,0,0
3479749944,3479.749944,172789,172757,172757,0,6,8,49166,0,49174,0,0,11,0,0,244,244,32,75064,1,0,367977,267640,0,244,283,1,3,60,828522,2164,75064,22,24,6884,0,-79,-2147483648,469876,4294967295,0,0
3479999945,3479.999945,172802,172769,172769,0,6,8,49166,0,49174,1,0,11,0,0,1,0,32,75064,1,0,367977,267659,0,244,283,1,3,2,828522,2168,75064,22,24,6885,0,-84,-2147483648,206783,4294967295,0,0
3480249946,3480.249946,172814,172782,172782,0,6,8,49166,0,49174,0,0,11,0,0,13,13,32,75064,1,0,367977,267678,0,245,283,1,3,60,828522,2164,75064,21,24,6885,0,-84,-2147483648,456784,4294967295,0,0
3480499947,3480.499947,172827,172794,172794,0,6,8,49166,0,49174,1,0,11,0,0,26,25,32,75064,1,0,367977,267698,0,137,283,1,3,60,828522,2167,75064,21,24,6886,0,-77,-2147483648,205282,4294967295,0,0
3480749947,3480.749947,172839,172807,172807,0,5,8,49166,0,49174,0,0,11,0,0,38,38,32,75064,1,0,367977,267717,0,244,283,1,3,60,828522,1164,75064,22,24,6886,0,-77,-2147483648,455282,4294967295,0,0
3480999948,3480.999948,172852,172819,172819,0,5,8,49166,0,49174,1,0,11,0,0,51,50,32,75064,1,0,367977,267736,0,244,283,0,3,2,828522,2167,75064,22,24,6887,0,-78,-2147483648,204315,4294967295,0,0
3481249948,3481.249948,172864,172832,172832,0,6,8,49166,0,49174,0,0,11,0,0,63,63,32,75064,1,0,367977,267755,0,280,283,1,3,60,828522,1164,75064,21,24,6887,0,-78,-2147483648,454315,4294967295,0,0
3481499948,3481.499948,172877,172844,172844,0,6,8,49166,0,49174,1,0,11,0,0,76,75,32,75064,1,0,367977,267775,0,138,283,1,3,60,828522,2167,75064,21,24,6888,0,-80,-2147483648,203077,4294967295,0,0
3481749948,3481.749948,172889,172857,172857,0,6,8,49166,0,49174,0,0,11,0,0,88,88,32,75064,1,0,367977,267794,0,244,283,1,3,60,828522,2164,75064,22,24,6888,0,-80,-2147483648,453077,4294967295,0,0
3481999948,3481.999948,172902,172869,172869,0,6,8,49166,0,49174,1,0,11,0,0,101,100,32,75064,1,0,367977,267813,0,245,283,1,3,60,828522,1167,75064,21,24,6889,0,-80,-2147483648,202082,4294967295,0,0
3482249949,3482.249949,172914,172882,172882,0,6,8,49166,0,49174,0,0,11,0,0,113,113,32,75064,1,0,367977,267832,0,244,283,1,3,60,828522,2164,75064,22,24,6889,0,-80,-2147483648,452083,4294967295,0,0
3482499951,3482.499951,172927,172894,172894,0,6,8,49166,0,49174,1,0,11,0,0,126,125,32,75064,1,0,367977,267852,0,138,283,1,3,60,828522,1167,75064,22,24,6890,0,-79,-2147483648,202065,4294967295,0,0
3482749951,3482.749951,172939,172907,172907,0,5,8,49166,0,49174,0,0,11,0,0,138,138,32,75064,1,0,367977,267871,0,244,283,1,3,60,828522,2164,75064,22,24,6890,0,-79,-2147483648,452065,4294967295,0,0
3482999951,3482.999951,172952,172919,172919,0,5,8,49166,0,49174,1,0,11,0,0,151,150,32,75064,1,0,367977,267890,0,245,283,1,3,60,828522,1167,75064,22,24,6891,0,-79,-2147483648,201097,4294967295,0,0
3483249952,3483.249952,172964,172932,172932,0,6,8,49166,0,49174,0,0,11,0,0,163,163,32,75064,1,0,367977,267909,0,244,283,0,3,61,828522,2165,75064,22,24,6891,0,-79,-2147483648,451098,4294967295,0,0
3483499954,3483.499954,172977,172944,172944,0,6,8,49166,0,49174,1,0,11,0,0,176,175,32,75064,1,0,367977,267929,0,138,283,1,3,60,828522,2167,75064,22,24,6892,0,-79,-2147483648,200997,4294967295,0,0
3483749955,3483.749955,172989,172957,172957,0,5,8,49166,0,49174,0,0,11,0,0,188,188,32,75064,1,0,367977,267948,0,244,283,1,3,61,828522,2164,75064,22,24,6892,0,-79,-2147483648,450998,4294967295,0,0
3483999955,3483.999955,173002,172969,172969,0,6,8,49166,0,49174,1,0,11,0,0,201,200,32,75064,1,0,367977,267967,0,244,283,1,3,60,828522,1167,75064,22,24,6893,0,-80,-2147483648,199899,4294967295,0,0
3484249956,3484.249956,173014,172982,172982,0,6,8,49166,0,49174,0,0,11,0,0,213,213,32,75064,1,0,367977,267986,0,245,283,1,3,2,828522,2164,75064,21,24,6893,0,-80,-2147483648,449900,4294967295,0,0
3484499957,3484.499957,173027,172994,172994,0,6,8,49166,0,49174,1,0,11,0,0,226,225,32,75064,1,0,367977,268006,0,138,283,1,3,60,828522,2167,75064,22,24,6894,0,-79,-2147483648,187660,4294967295,0,0
3484749958,3484.749958,173039,173007,173007,0,6,8,49166,0,49174,0,0,11,0,0,238,238,32,75064,1,0,367977,268025,0,244,283,1,3,60,828522,2164,75064,21,24,6894,0,-79,-2147483648,437661,4294967295,0,0
3484999958,3484.999958,173052,173019,173019,0,6,8,49166,0,49174,1,0,11,0,0,251,250,32,75064,1,0,367977,268044,0,244,283,1,3,60,828522,2167,75064,22,24,6895,0,-82,-2147483648,187384,4294967295,0,0
3485249958,3485.249958,173064,173032,173032,0,6,8,49166,0,49174,0,0,11,0,0,7,7,32,75064,1,0,367977,268063,0,244,283,1,3,60,828522,2164,75064,22,24,6895,0,-82,-2147483648,437384,4294967295,0,0
3485499960,3485.499960,173077,173044,173044,0,6,8,49166,0,49174,1,0,11,0,0,20,19,32,75064,1,0,367977,268083,0,139,283,1,3,60,828522,1167,75064,22,24,6896,0,-82,-2147483648,186573,4294967295,0,0
3485749960,3485.749960,173089,173057,173057,0,6,8,49166,0,49174,0,0,11,0,0,32,32,32,75064,1,0,367977,268102,0,244,283,1,3,60,828522,1164,75064,22,24,6896,0,-82,-2147483648,436573,4294967295,0,0
3485999962,3485.999962,173102,173069,173069,0,6,8,49166,0,49174,1,0,11,0,0,45,44,32,75064,1,0,367977,268121,0,244,283,1,3,60,828522,2168,75064,22,24,6897,0,-78,-2147483648,185483,4294967295,0,0
3486249964,3486.249964,173114,173082,173082,0,6,8,49166,0,49174,0,0,11,0,0,57,57,32,75064,1,0,367977,268140,0,244,283,0,3,61,828522,2165,75064,22,24,6897,0,-78,-2147483648,435485,4294967295,0,0
3486499964,3486.499964,173127,173094,173094,0,6,8,49166,0,49174,1,0,11,0,0,70,69,32,75064,1,0,367977,268160,0,138,283,1,3,60,828522,2167,75064,21,24,6898,0,-81,-2147483648,183362,4294967295,0,0
3486749964,3486.749964,173139,173107,173107,0,6,8,49166,0,49174,0,0,11,0,0,82,82,32,75064,1,0,367977,268179,0,244,283,1,3,60,828522,2164,75064,22,24,6898,0,-81,-2147483648,433362,4294967295,0,0
3486999965,3486.999965,173152,173119,173119,0,6,8,49166,0,49174,1,0,11,0,0,95,94,32,75064,1,0,367977,268198,0,244,283,0,3,60,828522,2167,75064,22,24,6899,0,-81,-2147483648,182167,4294967295,0,0
3487249966,3487.249966,173164,173132,173132,0,6,8,49166,0,49174,0,0,11,0,0,107,107,32,75064,1,0,367977,268217,0,244,283,1,3,60,828522,2164,75064,22,24,6899,0,-81,-2147483648,432168,4294967295,0,0
3487499967,3487.499967,173177,173144,173144,0,6,8,49166,0,49174,1,0,11,0,0,120,119,32,75064,1,0,367977,268237,0,138,283,1,3,2,828522,2167,75064,22,24,6900,0,-83,-2147483648,180209,4294967295,0,0
3487749969,3487.749969,173189,173157,173157,0,6,8,49166,0,49174,0,0,11,0,0,132,132,32,75064,1,0,367977,268256,0,244,283,1,3,60,828522,2164,75064,22,24,6900,0,-83,-2147483648,430211,4294967295,0,0
3487999969,3487.999969,173202,173169,173169,0,6,8,49166,0,49174,1,0,11,0,0,145,144,32,75064,1,0,367977,268275,0,280,283,1,3,60,828522,2167,75064,22,24,6901,0,-80,-2147483648,168981,4294967295,0,0
3488249970,3488.249970,173214,173182,173182,0,6,8,49166,0,49174,0,0,11,0,0,157,157,32,75064,1,0,367977,268294,0,244,283,1,3,2,828522,2164,75064,22,24,6901,0,-80,-2147483648,418982,4294967295,0,0
3488499989,3488.499989,173227,173194,173194,0,6,8,49166,34,49174,0,0,11,0,0,170,169,32,75064,1,0,367977,268314,0,138,283,1,3,61,828522,2168,75064,22,24,6902,0,-76,-2147483648,168152,4294967295,0,0
3488749989,3488.749989,173239,173207,173207,0,6,8,49166,0,49174,0,0,11,0,0,182,182,32,75064,1,0,367977,268333,0,244,283,1,3,1,828522,2164,75064,22,24,6902,0,-76,-2147483648,418152,4294967295,0,0
3488999991,3488.999991,173252,173219,173219,0,6,8,49166,176,49174,0,0,11,0,0,195,194,32,75064,1,0,367977,268352,0,245,283,0,3,60,828522,2167,75064,22,24,6903,0,-77,-2147483648,167884,4294967295,0,0
3489249992,3489.249992,173264,173232,173232,0,6,8,49166,0,49174,0,0,11,0,0,207,207,32,75064,1,0,367977,268371,0,244,283,1,3,60,828522,2164,75064,22,24,6903,0,-77,-2147483648,417885,4294967295,0,0
3489499994,3489.499994,173277,173244,173244,0,6,8,49166,0,49174,1,0,11,0,0,220,219,32,75064,1,0,367977,268391,0,138,283,1,3,60,828522,2168,75064,22,24,6904,0,-75,-2147483648,167611,4294967295,0,0
3489749995,3489.749995,173289,173257,173257,0,6,8,49166,0,49174,0,0,11,0,0,232,232,32,75064,1,0,367977,268410,0,244,283,1,3,60,828522,2164,75064,22,24,6904,0,-75,-2147483648,417612,4294967295,0,0
3489999995,3489.999995,173302,173269,173269,0,6,8,49166,0,49174,1,0,11,0,0,245,244,32,75064,1,0,367977,268429,0,244,283,1,3,60,828522,2167,75064,22,24,6905,0,-77,-2147483648,166770,4294967295,0,0
3490249996,3490.249996,173314,173282,173282,0,6,8,49166,0,49174,0,0,11,0,0,1,1,32,75064,1,0,367977,268448,0,244,283,1,3,60,828522,2164,75064,22,24,6905,0,-77,-2147483648,416771,4294967295,0,0
3490499996,3490.499996,173327,173294,173294,0,6,8,49166,95,49174,0,0,11,0,0,14,13,32,75064,1,0,367977,268468,0,138,283,1,3,60,828522,2167,75064,22,24,6906,0,-75,-2147483648,166684,4294967295,0,0
3490749998,3490.749998,173339,173307,173307,0,6,8,49166,0,49174,0,0,11,0,0,26,26,32,75064,1,0,367977,268487,0,244,283,1,3,60,828522,2164,75064,22,24,6906,0,-75,-2147483648,416686,4294967295,0,0
3490999998,3490.999998,173352,173319,173319,0,6,8,49166,267,49174,0,0,11,0,0,39,38,32,75064,1,0,367977,268507,0,244,283,0,3,265,828522,2167,75064,22,24,6907,0,-79,-2147483648,165722,4294967295,0,0
3491250000,3491.250000,173364,173332,173332,0,6,8,49166,0,49174,0,0,11,0,0,51,51,32,75064,1,0,367977,268525,0,244,283,1,3,2,828522,2164,75064,22,24,6907,0,-79,-2147483648,415724,4294967295,0,0
3491500000,3491.500000,173377,173344,173344,0,6,8,49166,162,49174,0,0,11,0,0,64,63,32,75064,1,0,367977,268545,0,138,283,0,3,60,828522,2167,75064,22,24,6908,0,-80,-2147483648,165708,4294967295,0,0
3491750002,3491.750002,173389,173357,173357,0,6,8,49166,0,49174,0,0,11,0,0,76,76,32,75064,1,0,367977,268564,0,244,283,1,3,60,828522,2164,75064,22,24,6908,0,-80,-2147483648,415710,4294967295,0,0
3492000002,3492.000002,173402,173369,173369,0,6,8,49166,0,49174,1,0,11,0,0,89,88,32,75064,1,0,367977,268583,0,244,283,0,3,61,828522,2167,75064,22,24,6909,0,-90,-2147483648,163981,4294967295,0,0
3492250003,3492.250003,173414,173382,173382,0,6,8,49166,0,49174,0,0,11,0,0,101,101,32,75064,1,0,367977,268602,0,244,283,1,3,60,828522,2164,75064,22,24,6909,0,-90,-2147483648,413982,4294967295,0,0
3492500004,3492.500004,173427,173394,173394,0,6,8,49166,224,49174,0,0,11,0,0,114,113,32,75064,1,0,367977,268622,0,138,283,0,3,60,828522,2167,75064,22,24,6910,0,-82,-2147483648,162428,4294967295,0,0
3492750006,3492.750006,173439,173407,173407,0,6,8,49166,0,49174,0,0,11,0,0,126,126,32,75064,1,0,367977,268641,0,280,283,1,3,60,828522,2164,75064,21,24,6910,0,-82,-2147483648,412430,4294967295,0,0
3493000008,3493.000008,173452,173419,173419,0,6,8,49166,0,49174,1,0,11,0,0,139,138,32,75064,1,0,367977,268660,0,244,283,0,3,61,828522,2167,75064,22,24,6911,0,-83,-2147483648,161815,4294967295,0,0
3493250009,3493.250009,173464,173432,173432,0,6,8,49166,0,49174,0,0,11,0,0,151,151,32,75064,1,0,367977,268679,0,244,283,0,3,2,828522,2164,75064,21,24,6911,0,-83,-2147483648,411816,4294967295,0,0
3493500009,3493.500009,173477,173444,173444,0,6,8,49166,0,49174,1,0,11,0,0,164,163,32,75064,1,0,367977,268699,0,138,283,0,3,61,828522,2167,75064,21,24,6912,0,-79,-2147483648,160365,4294967295,0,0
3493750009,3493.750009,173489,173457,173457,0,6,8,49166,0,49174,0,0,11,0,0,176,176,32,75064,1,0,367977,268718,0,245,283,1,3,60,828522,2164,75064,21,24,6912,0,-79,-2147483648,410365,4294967295,0,0
3494000010,3494.000010,173502,173469,173469,0,6,8,49166,0,49174,1,0,11,0,0,189,188,32,75064,1,0,367977,268737,0,244,283,1,3,60,828522,2167,75064,22,24,6913,0,-82,-2147483648,148410,4294967295,0,0
3494250011,3494.250011,173514,173482,173482,0,6,8,49166,0,49174,0,0,11,0,0,201,201,32,75064,1,0,367977,268756,0,245,283,0,3,2,828522,2164,75064,21,24,6913,0,-82,-2147483648,398411,4294967295,0,0
3494500011,3494.500011,173527,173494,173494,0,6,8,49166,0,49174,1,0,11,0,0,214,213,32,75064,1,0,367977,268776,0,138,283,1,3,60,828522,2167,75064,21,24,6914,0,-79,-2147483648,148045,4294967295,0,0
3494750013,3494.750013,173539,173507,173507,0,6,8,49166,0,49174,0,0,11,0,0,226,226,32,75064,1,0,367977,268795,0,244,283,1,3,60,828522,2164,75064,22,24,6914,0,-79,-2147483648,398047,4294967295,0,0
3495000015,3495.000015,173552,173519,173519,0,6,8,49166,0,49174,1,0,11,0,0,239,238,32,75064,1,0,367977,268814,0,280,283,1,3,60,828522,2167,75064,21,24,6915,0,-84,-2147483648,147853,4294967295,0,0
3495250017,3495.250017,173564,173532,173532,0,6,8,49166,0,49174,0,0,11,0,0,251,251,32,75064,1,0,367977,268833,0,244,283,1,3,1,828522,2164,75064,21,24,6915,0,-84,-2147483648,397855,4294967295,0,0
3495500019,3495.500019,173577,173544,173544,0,6,8,49166,0,49174,1,0,11,0,0,8,7,32,75064,1,0,367977,268853,0,138,283,1,3,60,828522,2168,75064,21,24,6916,0,-87,-2147483648,147101,4294967295,0,0
3495750021,3495.750021,173589,173557,173557,0,6,8,49166,0,49174,0,0,11,0,0,20,20,32,75064,1,0,367977,268872,0,244,283,1,3,60,828522,2164,75064,22,24,6916,0,-87,-2147483648,397103,4294967295,0,0
3496000022,3496.000022,173602,173569,173569,0,6,8,49166,0,49174,1,0,11,0,0,33,32,32,75064,1,0,367977,268891,0,244,283,1,3,60,828522,2167,75064,22,24,6917,0,-85,-2147483648,146540,4294967295,0,0
3496250023,3496.250023,173614,173582,173582,0,6,8,49166,0,49174,0,0,11,0,0,45,45,32,75064,1,0,367977,268910,0,244,283,1,3,2,828522,2164,75064,22,24,6917,0,-85,-2147483648,396541,4294967295,0,0
3496500024,3496.500024,173627,173594,173594,0,6,8,49166,0,49174,1,0,11,0,0,58,57,32,75064,1,0,367977,268930,0,138,283,1,3,60,828522,2167,75064,22,24,6918,0,-82,-2147483648,146338,4294967295,0,0
3496750024,3496.750024,173639,173607,173607,0,5,8,49166,0,49174,0,0,11,0,0,70,70,32,75064,1,0,367977,268949,0,245,283,1,3,60,828522,2164,75064,21,24,6918,0,-82,-2147483648,396338,4294967295,0,0
3497000024,3497.000024,173652,173619,173619,0,5,8,49166,0,49174,1,0,11,0,0,83,82,32,75064,1,0,367977,268968,0,245,283,1,3,60,828522,2167,75064,21,24,6919,0,-79,-2147483648,145890,4294967295,0,0
3497250024,3497.250024,173664,173632,173632,0,6,8,49166,0,49174,0,0,11,0,0,95,95,32,75064,1,0,367977,268987,0,244,283,1,3,1,828522,2164,75064,21,24,6919,0,-79,-2147483648,395890,4294967295,0,0
3497500026,3497.500026,173677,173644,173644,0,6,8,49166,0,49174,1,0,11,0,0,108,107,32,75064,1,0,367977,269007,0,138,283,1,3,60,828522,2167,75064,22,24,6920,0,-83,-2147483648,144101,4294967295,0,0
3497750027,3497.750027,173689,173657,173657,0,6,8,49166,0,49174,0,0,11,0,0,120,120,32,75064,1,0,367977,269026,0,244,283,0,3,61,828522,2165,75064,22,24,6920,0,-83,-2147483648,394102,4294967295,0,0
3498000029,3498.000029,173702,173669,173669,0,6,8,49166,0,49174,1,0,11,0,0,133,132,32,75064,1,0,367977,269045,0,244,283,1,3,60,828522,2167,75064,22,24,6921,0,-84,-2147483648,143287,4294967295,0,0
3498250031,3498.250031,173714,173682,173682,0,6,8,49166,0,49174,0,0,11,0,0,145,145,32,75064,1,0,367977,269064,0,244,283,0,3,265,828522,2164,75064,22,24,6921,0,-84,-2147483648,393289,4294967295,0,0
3498500031,3498.500031,173727,173694,173694,0,5,8,49166,0,49174,1,0,11,0,0,158,157,32,75064,1,0,367977,269084,0,138,283,1,3,60,828522,2167,75064,21,24,6922,0,-83,-2147483648,142852,4294967295,0,0
3498750032,3498.750032,173739,173707,173707,0,6,8,49166,0,49174,0,0,11,0,0,170,170,32,75064,1,0,367977,269103,0,280,283,1,3,60,828522,2164,75064,21,24,6922,0,-83,-2147483648,392853,4294967295,0,0
3499000033,3499.000033,173752,173719,173719,0,6,8,49166,0,49174,1,0,11,0,0,183,182,32,75064,1,0,367977,269122,0,244,283,1,3,60,828522,2167,75064,21,24,6923,0,-75,-2147483648,142740,4294967295,0,0
3499250033,3499.250033,173764,173732,173732,0,6,8,49166,0,49174,0,0,11,0,0,195,195,32,75064,1,0,367977,269141,0,244,283,1,3,264,828522,2164,75064,22,24,6923,0,-75,-2147483648,392740,4294967295,0,0
3499500035,3499.500035,173777,173744,173744,0,6,8,49166,0,49174,1,0,11,0,0,208,207,32,75064,1,0,367977,269161,0,139,283,1,3,60,828522,2167,75064,22,24,6924,0,-79,-2147483648,140804,4294967295,0,0
3499750035,3499.750035,173789,173757,173757,0,6,8,49166,0,49174,0,0,11,0,0,220,220,32,75064,1,0,367977,269180,0,244,283,1,3,61,828522,2164,75064,21,24,6924,0,-79,-2147483648,390804,4294967295,0,0
3500000037,3500.000037,173802,173769,173769,0,6,8,49166,0,49174,1,0,11,0,0,233,232,32,75064,1,0,367977,269199,0,244,283,1,3,60,828522,1167,75064,22,24,6925,0,-82,-2147483648,140699,4294967295,0,0
3500250039,3500.250039,173814,173782,173782,0,6,8,49166,0,49174,0,0,11,0,0,245,245,32,75064,1,0,367977,269218,0,244,283,0,3,264,828522,2164,75064,22,24,6925,0,-82,-2147483648,390701,4294967295,0,0
3500500040,3500.500040,173827,173794,173794,0,6,8,49166,0,49174,1,0,11,0,0,2,1,32,75064,1,0,367977,269238,0,138,283,0,3,61,828522,2167,75064,22,24,6926,0,-84,-2147483648,128708,4294967295,0,0
3500750042,3500.750042,173839,173807,173807,0,6,8,49166,0,49174,0,0,11,0,0,14,14,32,75064,1,0,367977,269257,0,245,283,1,3,60,828522,2164,75064,21,24,6926,0,-84,-2147483648,378710,4294967295,0,0
3501000043,3501.000043,173852,173819,173819,0,6,8,49166,0,49174,1,0,11,0,0,27,26,32,75064,1,0,367977,269276,0,245,283,1,3,60,828522,2167,75064,21,24,6927,0,-85,-2147483648,127436,4294967295,0,0
3501250044,3501.250044,173864,173832,173832,0,6,8,49166,0,49174,0,0,11,0,0,39,39,32,75064,1,0,367977,269295,0,244,283,1,3,265,828522,2164,75064,22,24,6927,0,-85,-2147483648,377437,4294967295,0,0
3501500045,3501.500045,173877,173844,173844,0,6,8,49166,0,49174,1,0,11,0,0,52,51,32,75064,1,0,367977,269315,0,138,283,1,3,60,828522,2167,75064,22,24,6928,0,-85,-2147483648,127200,4294967295,0,0
3501750045,3501.750045,173889,173857,173857,0,5,8,49166,0,49174,0,0,11,0,0,64,64,32,75064,1,0,367977,269334,0,245,283,1,3,60,828522,2164,75064,21,24,6928,0,-85,-2147483648,377200,4294967295,0,0
3502000045,3502.000045,173902,173869,173869,0,6,8,49166,0,49174,1,0,11,0,0,77,76,32,75064,1,0,367977,269353,0,244,283,1,3,60,828522,2167,75064,21,24,6929,0,-84,-2147483648,125167,4294967295,0,0
3502250045,3502.250045,173914,173882,173882,0,6,8,49166,0,49174,0,0,11,0,0,89,89,32,75064,1,0,367977,269372,0,244,283,0,3,265,828522,2164,75064,22,24,6929,0,-84,-2147483648,375167,4294967295,0,0
3502500046,3502.500046,173927,173894,173894,0,6,8,49166,0,49174,1,0,11,0,0,102,101,32,75064,1,0,367977,269392,0,138,283,1,3,61,828522,2167,75064,22,24,6930,0,-81,-2147483648,123439,4294967295,0,0
3502750048,3502.750048,173939,173907,173907,0,6,8,49166,0,49174,0,0,11,0,0,114,114,32,75064,1,0,367977,269411,0,244,283,1,3,2,828522,2164,75064,22,24,6930,0,-81,-2147483648,373441,4294967295,0,0
3503000050,3503.000050,173952,173919,173919,0,6,8,49166,0,49174,1,0,11,0,0,127,126,32,75064,1,0,367977,269430,0,244,283,1,3,60,828522,2167,75064,22,24,6931,0,-81,-2147483648,122019,4294967295,0,0
3503250050,3503.250050,173964,173932,173932,0,5,8,49166,0,49174,0,0,11,0,0,139,139,32,75064,1,0,367977,269450,0,138,283,0,3,61,828522,1896,75064,22,24,6931,0,-81,-2147483648,372019,4294967295,0,0
3503500051,3503.500051,173977,173944,173944,0,6,8,49166,0,49174,1,0,11,0,0,152,151,32,75064,1,0,367977,269469,0,138,283,1,3,61,828522,2167,75064,22,24,6932,0,-92,-2147483648,120818,4294967295,0,0
3503750052,3503.750052,173989,173957,173957,0,6,8,49166,0,49174,0,0,11,0,0,164,164,32,75064,1,0,367977,269488,0,244,283,1,3,60,828522,2164,75064,22,24,6932,0,-92,-2147483648,370819,4294967295,0,0
3504000052,3504.000052,174002,173969,173969,0,6,8,49166,0,49174,1,0,11,0,0,177,176,32,75064,1,0,367977,269507,0,244,283,1,3,60,828522,2167,75064,22,24,6933,0,-97,-2147483648,120064,4294967295,0,0
3504250054,3504.250054,174014,173982,173982,0,6,8,49166,0,49174,0,0,11,0,0,189,189,32,75064,1,0,367977,269527,0,138,283,0,3,61,828522,2164,75064,21,24,6933,0,-97,-2147483648,370066,4294967295,0,0
3504500056,3504.500056,174027,173994,173994,0,6,8,49166,0,49174,1,0,11,0,0,202,201,32,75064,1,0,367977,269546,0,138,283,1,3,60,828522,2167,75064,22,24,6934,0,-93,-2147483648,107584,4294967295,0,0
3504750058,3504.750058,174039,174007,174007,0,6,8,49166,0,49174,0,0,11,0,0,214,214,32,75064,1,0,367977,269565,0,244,283,1,3,60,828522,2164,75064,22,24,6934,0,-93,-2147483648,357586,4294967295,0,0
3505000059,3505.000059,174052,174019,174019,0,6,8,49166,0,49174,1,0,11,0,0,227,226,32,75064,1,0,367977,269584,0,138,283,1,3,60,828522,2167,75064,22,24,6935,0,-86,-2147483648,107348,4294967295,0,0
3505250059,3505.250059,174064,174032,174032,0,6,8,49166,0,49174,0,0,11,0,0,239,239,32,75064,1,0,367977,269604,0,138,283,1,3,60,828522,2164,75064,22,24,6935,0,-86,-2147483648,357348,4294967295,0,0
3505500059,3505.500059,174077,174044,174044,0,6,8,49166,0,49174,1,0,11,0,0,252,251,32,75064,1,0,367977,269623,0,138,283,0,3,60,828522,2167,75064,21,24,6936,0,-81,-2147483648,105349,4294967295,0,0
3505750060,3505.750060,174089,174057,174057,0,5,8,49166,0,49174,0,0,11,0,0,8,8,32,75064,1,0,367977,269642,0,244,283,1,3,60,828522,2164,75064,22,24,6936,0,-81,-2147483648,355350,4294967295,0,0
3506000060,3506.000060,174102,174069,174069,0,6,8,49166,0,49174,1,0,11,0,0,21,20,32,75064,1,0,367977,269661,0,244,283,0,3,60,828522,1167,75064,22,24,6937,0,-78,-2147483648,104194,4294967295,0,0
3506250061,3506.250061,174114,174082,174082,0,6,8,49166,0,49174,0,0,11,0,0,33,33,32,75064,1,0,367977,269681,0,138,283,1,3,60,828522,2164,75064,22,24,6937,0,-78,-2147483648,354195,4294967295,0,0
3506500061,3506.500061,174127,174094,174094,0,6,8,49166,0,49174,1,0,11,0,0,46,45,32,75064,1,0,367977,269700,0,138,283,1,3,61,828522,1167,75064,22,24,6938,0,-81,-2147483648,103657,4294967295,0,0
3506750063,3506.750063,174139,174107,174107,0,6,8,49166,0,49174,0,0,11,0,0,58,58,32,75064,1,0,367977,269719,0,244,283,1,3,60,828522,2164,75064,22,24,6938,0,-81,-2147483648,353659,4294967295,0,0
3507000064,3507.000064,174152,174119,174119,0,6,8,49166,0,49174,1,0,11,0,0,71,70,32,75064,1,0,367977,269738,0,244,283,1,3,60,828522,1167,75064,22,24,6939,0,-91,-2147483648,103376,4294967295,0,0
3507250064,3507.250064,174164,174132,174132,0,6,8,49166,0,49174,0,0,11,0,0,83,83,32,75064,1,0,367977,269758,0,138,283,0,3,61,828522,2164,75064,22,24,6939,0,-91,-2147483648,353376,4294967295,0,0
3507500066,3507.500066,174177,174144,174144,0,6,8,49166,0,49174,1,0,11,0,0,96,95,32,75064,1,0,367977,269777,0,138,283,1,3,60,828522,2167,75064,22,24,6940,0,-76,-2147483648,102233,4294967295,0,0
3507750067,3507.750067,174189,174157,174157,0,5,8,49166,0,49174,0,0,11,0,0,108,108,32,75064,1,0,367977,269796,0,244,283,1,3,60,828522,2164,75064,22,24,6940,0,-76,-2147483648,352234,4294967295,0,0
3508000076,3508.000076,174202,174169,174169,0,6,8,49166,49,49174,0,0,11,0,0,121,120,32,75064,1,0,367977,269815,0,244,283,0,3,60,828522,2167,75064,22,24,6941,0,-76,-2147483648,100421,4294967295,0,0
3508250078,3508.250078,174214,174182,174182,0,6,8,49166,0,49174,0,0,11,0,0,133,133,32,75064,1,0,367977,269835,0,138,283,1,3,60,828522,2496,75064,21,24,6941,0,-76,-2147483648,350423,4294967295,0,0
3508500079,3508.500079,174227,174194,174194,0,6,8,49166,0,49174,1,0,11,0,0,146,145,32,75064,1,0,367977,269854,0,138,283,1,3,60,828522,1167,75064,22,24,6942,0,-76,-2147483648,87539,4294967295,0,0
3508750079,3508.750079,174239,174207,174207,0,6,8,49166,0,49174,0,0,11,0,0,158,158,32,75064,1,0,367977,269873,0,244,283,1,3,60,828522,2164,75064,22,24,6942,0,-76,-2147483648,337539,4294967295,0,0
3509000091,3509.000091,174252,174219,174219,0,6,8,49166,50,49174,0,0,11,0,0,171,170,32,75064,1,0,367977,269892,0,244,283,0,3,60,828522,2167,75064,22,24,6943,0,-82,-2147483648,85595,4294967295,0,0
3509250092,3509.250092,174264,174232,174232,0,6,8,49166,0,49174,0,0,11,0,0,183,183,32,75064,1,0,367977,269912,0,139,283,1,3,1,828522,1164,75064,22,24,6943,0,-82,-2147483648,335596,4294967295,0,0
3509500094,3509.500094,174277,174244,174244,0,6,8,49166,0,49174,1,0,11,0,0,196,195,32,75064,1,0,367977,269931,0,138,283,1,3,60,828522,2167,75064,22,24,6944,0,-85,-2147483648,85476,4294967295,0,0
3509750094,3509.750094,174289,174257,174257,0,5,8,49166,0,49174,0,0,11,0,0,208,208,32,75064,1,0,367977,269950,0,244,283,1,3,60,828522,1164,75064,22,24,6944,0,-85,-2147483648,335476,4294967295,0,0
3510000096,3510.000096,174302,174269,174269,0,5,8,49166,0,49174,1,0,11,0,0,221,220,32,75064,1,0,367977,269969,0,244,283,1,3,60,828522,2167,75064,22,24,6945,0,-81,-2147483648,83497,4294967295,0,0
3510250098,3510.250098,174314,174282,174282,0,6,8,49166,0,49174,0,0,11,0,0,233,233,32,75064,1,0,367977,269989,0,138,283,1,3,1,828522,2164,75064,21,24,6945,0,-81,-2147483648,333499,4294967295,0,0
3510500100,3510.500100,174327,174294,174294,0,6,8,49166,0,49174,1,0,11,0,0,246,245,32,75064,1,0,367977,270008,0,138,283,1,3,2,828522,2167,75064,22,24,6946,0,-79,-2147483648,83336,4294967295,0,0
3510750101,3510.750101,174339,174307,174307,0,6,8,49166,0,49174,0,0,11,0,0,2,2,32,75064,1,0,367977,270027,0,245,283,0,3,61,828522,1165,75064,21,24,6946,0,-79,-2147483648,333337,4294967295,0,0
3511000116,3511.000116,174352,174319,174319,0,6,8,49166,25,49174,0,0,11,0,0,15,14,32,75064,1,0,367977,270046,0,244,283,1,3,61,828522,1168,75064,22,24,6947,0,-80,-2147483648,82385,4294967295,0,0
3511250118,3511.250118,174364,174332,174332,0,6,8,49166,0,49174,0,0,11,0,0,27,27,32,75064,1,0,367977,270066,0,139,283,1,3,1,828522,1924,75064,22,24,6947,0,-80,-2147483648,332387,4294967295,0,0
3511500118,3511.500118,174377,174344,174344,0,6,8,49166,0,49174,1,0,11,0,0,40,39,32,75064,1,0,367977,270085,0,138,283,1,3,60,828522,1167,75064,22,24,6948,0,-84,-2147483648,81244,4294967295,0,0
3511750118,3511.750118,174389,174357,174357,0,6,8,49166,0,49174,0,0,11,0,0,52,52,32,75064,1,0,367977,270104,0,244,283,1,3,2,828522,2164,75064,22,24,6948,0,-84,-2147483648,331244,4294967295,0,0
3512000119,3512.000119,174402,174369,174369,0,6,8,49166,0,49174,0,0,11,0,0,65,64,32,75064,1,0,367977,270123,0,244,283,0,3,60,828522,1167,75064,22,24,6949,0,-81,-2147483648,68935,4294967295,0,0
3512250119,3512.250119,174414,174382,174382,0,6,8,49166,0,49174,0,0,11,0,0,77,77,32,75064,1,0,367977,270143,0,138,283,1,3,2,828522,1897,75064,21,24,6949,0,-81,-2147483648,318935,4294967295,0,0
3512500120,3512.500120,174427,174394,174394,0,6,8,49166,68,49174,0,0,11,0,0,90,89,32,75064,1,0,367977,270162,0,138,283,0,3,60,828522,2167,75064,22,24,6950,0,-86,-2147483648,68970,4294967295,0,0
3512750120,3512.750120,174439,174407,174407,0,6,8,49166,0,49174,0,0,11,0,0,102,102,32,75064,1,0,367977,270181,0,244,283,1,3,60,828522,1164,75064,22,24,6950,0,-86,-2147483648,318970,4294967295,0,0
3513000121,3513.000121,174452,174419,174419,0,6,8,49166,0,49174,1,0,11,0,0,115,114,32,75064,1,0,367977,270200,0,244,283,1,3,61,828522,2167,75064,22,24,6951,0,-80,-2147483648,67962,4294967295,0,0
3513250123,3513.250123,174464,174432,174432,0,6,8,49166,0,49174,0,0,11,0,0,127,127,32,75064,1,0,367977,270220,0,138,283,0,3,2,828522,2164,75064,22,24,6951,0,-80,-2147483648,317964,4294967295,0,0
3513500124,3513.500124,174477,174444,174444,0,6,8,49166,87,49174,0,0,11,0,0,140,139,32,75064,1,0,367977,270239,0,138,283,0,3,60,828522,2167,75064,22,24,6952,0,-80,-2147483648,66841,4294967295,0,0
3513750125,3513.750125,174489,174457,174457,0,6,8,49166,0,49174,0,0,11,0,0,152,152,32,75064,1,0,367977,270258,0,244,283,1,3,60,828522,2164,75064,22,24,6952,0,-80,-2147483648,316842,4294967295,0,0
3514000125,3514.000125,174502,174469,174469,0,6,8,49166,0,49174,1,0,11,0,0,165,164,32,75064,1,0,367977,270277,0,244,283,0,3,61,828522,2168,75064,22,24,6953,0,-77,-2147483648,65637,4294967295,0,0
3514250126,3514.250126,174514,174482,174482,0,6,8,49166,0,49174,0,0,11,0,0,177,177,32,75064,1,0,367977,270297,0,138,283,0,3,2,828522,1803,75064,22,24,6953,0,-77,-2147483648,315638,4294967295,0,0
3514500128,3514.500128,174527,174494,174494,0,6,8,49166,119,49174,0,0,11,0,0,190,189,32,75064,1,0,367977,270316,0,138,283,0,3,60,828522,2167,75064,21,24,6954,0,-82,-2147483648,64639,4294967295,0,0
3514750128,3514.750128,174539,174507,174507,0,6,8,49166,0,49174,0,0,11,0,0,202,202,32,75064,1,0,367977,270335,0,244,283,1,3,60,828522,2164,75064,22,24,6954,0,-82,-2147483648,314639,4294967295,0,0
3515000130,3515.000130,174552,174519,174519,0,5,8,49166,0,49174,1,0,11,0,0,215,214,32,75064,1,0,367977,270354,0,244,283,1,3,60,828522,2167,75064,22,24,6955,0,-86,-2147483648,63434,4294967295,0,0
3515250131,3515.250131,174564,174532,174532,0,6,8,49166,0,49174,0,0,11,0,0,227,227,32,75064,1,0,367977,270374,0,138,283,1,3,1,828522,1749,75064,22,24,6955,0,-86,-2147483648,313435,4294967295,0,0
3515500133,3515.500133,174577,174544,174544,0,6,8,49166,0,49174,1,0,11,0,0,240,239,32,75064,1,0,367977,270392,0,245,283,0,3,61,828522,2168,75064,21,24,6956,0,-86,-2147483648,61432,4294967295,0,0
3515750135,3515.750135,174589,174557,174557,0,6,8,49166,0,49174,0,0,11,0,0,252,252,32,75064,1,0,367977,270412,0,245,283,1,3,60,828522,1164,75064,21,24,6956,0,-86,-2147483648,311434,4294967295,0,0
3516000149,3516.000149,174602,174570,174570,0,6,8,49166,0,49174,0,0,11,0,0,9,9,32,75064,1,0,367977,270432,0,244,283,1,3,2,828522,2167,75064,22,24,6957,0,-79,-2147483648,61374,4294967295,0,0
3516250150,3516.250150,174614,174582,174582,0,6,8,49166,0,49174,0,0,11,0,0,21,21,32,75064,1,0,367977,270451,0,138,283,1,3,1,828522,1838,75064,22,24,6957,0,-79,-2147483648,311375,4294967295,0,0
3516500152,3516.500152,174627,174594,174594,0,6,8,49166,192,49174,0,0,11,0,0,34,33,32,75064,1,0,367977,270470,0,138,283,0,3,60,828522,2167,75064,21,24,6958,0,-78,-2147483648,61201,4294967295,0,0
3516750153,3516.750153,174639,174607,174607,0,6,8,49166,0,49174,0,0,11,0,0,46,46,32,75064,1,0,367977,270489,0,244,283,1,3,60,828522,2164,75064,22,24,6958,0,-78,-2147483648,311202,4294967295,0,0
3517000155,3517.000155,174652,174619,174619,0,6,8,49166,0,49174,1,0,11,0,0,59,58,32,75064,1,0,367977,270508,0,279,283,0,3,60,828522,2167,75064,22,24,6959,0,-85,-2147483648,60331,4294967295,0,0
3517250157,3517.250157,174664,174632,174632,0,6,8,49166,0,49174,0,0,11,0,0,71,71,32,75064,1,0,367977,270528,0,137,283,1,3,1,828522,1272,75064,21,24,6959,0,-85,-2147483648,310333,4294967295,0,0
3517500175,3517.500175,174677,174645,174645,0,6,8,49166,0,49174,0,0,11,0,0,84,84,32,75064,1,0,367977,270548,0,244,283,0,3,2,828522,2167,75064,22,24,6960,0,-74,-2147483648,48915,4294967295,0,0
3517750177,3517.750177,174689,174657,174657,0,6,8,49166,0,49174,0,0,11,0,0,96,96,32,75064,1,0,367977,270566,0,244,283,1,3,60,828522,2164,75064,22,24,6960,0,-74,-2147483648,298917,4294967295,0,0
3518000179,3518.000179,174702,174670,174670,0,6,8,49166,0,49174,0,0,11,0,0,109,109,32,75064,1,0,367977,270586,0,244,283,1,3,2,828522,2168,75064,22,24,6961,0,-75,-2147483648,48072,4294967295,0,0
3518250181,3518.250181,174714,174682,174682,0,6,8,49166,0,49174,0,0,11,0,0,121,121,32,75064,1,0,367977,270605,0,137,283,1,3,60,828522,1750,75064,22,24,6961,0,-75,-2147483648,298074,4294967295,0,0
3518500199,3518.500199,174727,174695,174695,0,6,8,49166,0,49174,0,0,11,0,0,134,134,32,75064,1,0,367977,270625,0,280,283,1,3,2,828522,2168,75064,22,24,6962,0,-76,-2147483648,48011,4294967295,0,0
3518750200,3518.750200,174739,174707,174707,0,6,8,49166,0,49174,0,0,11,0,0,146,146,32,75064,1,0,367977,270643,0,244,283,1,3,60,828522,2164,75064,22,24,6962,0,-76,-2147483648,298012,4294967295,0,0
3519000202,3519.000202,174752,174720,174720,0,6,8,49166,0,49174,0,0,11,0,0,159,159,32,75064,1,0,367977,270663,0,244,283,1,3,60,828522,2167,75064,22,24,6963,0,-79,-2147483648,45906,4294967295,0,0
3519250204,3519.250204,174764,174732,174732,0,6,8,49166,0,49174,0,0,11,0,0,171,171,32,75064,1,0,367977,270682,0,138,283,1,3,60,828522,1718,75064,22,24,6963,0,-79,-2147483648,295908,4294967295,0,0
3519500204,3519.500204,174777,174745,174745,0,6,8,49166,0,49174,0,0,11,0,0,184,184,32,75064,1,0,367977,270702,0,244,283,1,3,60,828522,2167,75064,22,24,6964,0,-75,-2147483648,45905,4294967295,0,0
3519750205,3519.750205,174789,174757,174757,0,6,8,49166,0,49174,0,0,11,0,0,196,196,32,75064,1,0,367977,270720,0,244,283,1,3,60,828522,2164,75064,22,24,6964,0,-75,-2147483648,295906,4294967295,0,0
3520000207,3520.000207,174802,174770,174770,0,6,8,49166,0,49174,0,0,11,0,0,209,209,32,75064,1,0,367977,270740,0,244,283,0,3,61,828522,2168,75064,21,24,6965,0,-74,-2147483648,43811,4294967295,0,0
3520250208,3520.250208,174814,174782,174782,0,6,8,49166,0,49174,0,0,11,0,0,221,221,32,75064,1,0,367977,270759,0,138,283,0,3,61,828522,1752,75064,21,24,6965,0,-74,-2147483648,293812,4294967295,0,0
3520500210,3520.500210,174827,174794,174794,0,6,8,49166,0,49174,1,0,11,0,0,234,233,32,75064,1,0,367977,270778,0,138,283,0,3,60,828522,2167,75064,22,24,6966,0,-77,-2147483648,43797,4294967295,0,0
3520750210,3520.750210,174839,174807,174807,0,6,8,49166,0,49174,0,0,11,0,0,246,246,32,75064,1,0,367977,270797,0,245,283,1,3,60,828522,2164,75064,21,24,6966,0,-77,-2147483648,293797,4294967295,0,0
3521000211,3521.000211,174852,174819,174819,0,6,8,49166,194,49174,0,0,11,0,0,3,2,32,75064,1,0,367977,270816,0,244,283,0,3,60,828522,2167,75064,22,24,6967,0,-77,-2147483648,42767,4294967295,0,0
3521250211,3521.250211,174864,174832,174832,0,6,8,49166,0,49174,0,0,11,0,0,15,15,32,75064,1,0,367977,270836,0,138,283,1,3,60,828522,1269,75064,21,24,6967,0,-77,-2147483648,292767,4294967295,0,0
3521500211,3521.500211,174877,174844,174844,0,6,8,49166,0,49174,1,0,11,0,0,28,27,32,75064,1,0,367977,270855,0,138,283,0,3,61,828522,2167,75064,22,24,6968,0,-73,-2147483648,41685,4294967295,0,0
3521750211,3521.750211,174889,174857,174857,0,6,8,49166,0,49174,0,0,11,0,0,40,40,32,75064,1,0,367977,270874,0,245,283,1,3,60,828522,2164,75064,21,24,6968,0,-73,-2147483648,291685,4294967295,0,0
3522000212,3522.000212,174902,174869,174869,0,6,8,49166,0,49174,1,0,11,0,0,53,52,32,75064,1,0,367977,270893,0,244,283,1,3,60,828522,2167,75064,22,24,6969,0,-75,-2147483648,40290,4294967295,0,0
3522250214,3522.250214,174914,174882,174882,0,5,8,49166,0,49174,0,0,11,0,0,65,65,32,75064,1,0,367977,270913,0,137,283,1,3,60,828522,1456,75064,21,24,6969,0,-75,-2147483648,290292,4294967295,0,0
3522500234,3522.500234,174927,174894,174894,0,6,8,49166,26,49174,0,0,11,0,0,78,77,32,75064,1,0,367977,270932,0,139,283,0,3,60,828522,2167,75064,21,24,6970,0,-74,-2147483648,28963,4294967295,0,0
3522750236,3522.750236,174939,174907,174907,0,6,8,49166,0,49174,0,0,11,0,0,90,90,32,75064,1,0,367977,270951,0,244,283,1,3,60,828522,2164,75064,22,24,6970,0,-74,-2147483648,278965,4294967295,0,0
3523000238,3523.000238,174952,174919,174919,0,6,8,49166,0,49174,1,0,11,0,0,103,102,32,75064,1,0,367977,270970,0,280,283,0,3,61,828522,1168,75064,21,24,6971,0,-75,-2147483648,27790,4294967295,0,0
3523250238,3523.250238,174964,174932,174932,0,6,8,49166,0,49174,0,0,11,0,0,115,115,32,75064,1,0,367977,270990,0,138,283,1,3,60,828522,2164,75064,22,24,6971,0,-75,-2147483648,277790,4294967295,0,0
3523500239,3523.500239,174977,174944,174944,0,6,8,49166,0,49174,1,0,11,0,0,128,127,32,75064,1,0,367977,271009,0,138,283,1,3,60,828522,2167,75064,22,24,6972,0,-75,-2147483648,26212,4294967295,0,0
3523750239,3523.750239,174989,174957,174957,0,6,8,49166,0,49174,0,0,11,0,0,140,140,32,75064,1,0,367977,271028,0,244,283,1,3,60,828522,2164,75064,22,24,6972,0,-75,-2147483648,276212,4294967295,0,0
3524000241,3524.000241,175002,174969,174969,0,6,8,49166,0,49174,1,0,11,0,0,153,152,32,75064,1,0,367977,271047,0,244,283,1,3,60,828522,2167,75064,21,24,6973,0,-76,-2147483648,26287,4294967295,0,0
3524250241,3524.250241,175014,174982,174982,0,6,8,49166,0,49174,0,0,11,0,0,165,165,32,75064,1,0,367977,271067,0,138,283,0,3,61,828522,1165,75064,22,24,6973,0,-76,-2147483648,276287,4294967295,0,0
3524500242,3524.500242,175027,174994,174994,0,6,8,49166,0,49174,1,0,11,0,0,178,177,32,75064,1,0,367977,271086,0,138,283,1,3,60,828522,2167,75064,21,24,6974,0,-77,-2147483648,24650,4294967295,0,0
3524750243,3524.750243,175039,175007,175007,0,6,8,49166,0,49174,0,0,11,0,0,190,190,32,75064,1,0,367977,271105,0,244,283,1,3,60,828522,2164,75064,22,24,6974,0,-77,-2147483648,274651,4294967295,0,0
3525000245,3525.000245,175052,175019,175019,0,5,8,49166,0,49174,1,0,11,0,0,203,202,32,75064,1,0,367977,271124,0,245,283,1,3,60,828522,2167,75064,21,24,6975,0,-76,-2147483648,24024,4294967295,0,0
3525250245,3525.250245,175064,175032,175032,0,6,8,49166,0,49174,0,0,11,0,0,215,215,32,75064,1,0,367977,271144,0,137,283,1,3,62,828522,1958,75064,21,24,6975,0,-76,-2147483648,274024,4294967295,0,0
3525500247,3525.500247,175077,175044,175044,0,6,8,49166,0,49174,1,0,11,0,0,228,227,32,75064,1,0,367977,271163,0,138,283,1,3,60,828522,2167,75064,22,24,6976,0,-76,-2147483648,23056,4294967295,0,0
3525750248,3525.750248,175089,175057,175057,0,6,8,49166,0,49174,0,0,11,0,0,240,240,32,75064,1,0,367977,271182,0,244,283,1,3,60,828522,2164,75064,22,24,6976,0,-76,-2147483648,273057,4294967295,0,0
3526000249,3526.000249,175102,175070,175070,0,6,8,49166,0,49174,0,0,11,0,0,253,253,32,75064,1,0,367977,271202,0,244,283,1,3,60,828522,2167,75064,22,24,6977,0,-75,-2147483648,21334,4294967295,0,0
3526250250,3526.250250,175114,175082,175082,0,6,8,49166,0,49174,0,0,11,0,0,9,9,32,75064,1,0,367977,271221,0,138,283,1,3,60,828522,2164,75064,22,24,6977,0,-75,-2147483648,271335,4294967295,0,0
3526500252,3526.500252,175127,175094,175094,0,6,8,49166,0,49174,1,0,11,0,0,22,21,32,75064,1,0,367977,271240,0,138,283,1,3,60,828522,2167,75064,22,24,6978,0,-76,-2147483648,19762,4294967295,0,0
3526750254,3526.750254,175139,175107,175107,0,5,8,49166,0,49174,0,0,11,0,0,34,34,32,75064,1,0,367977,271259,0,244,283,1,3,60,828522,2164,75064,22,24,6978,0,-76,-2147483648,269764,4294967295,0,0
3527000254,3527.000254,175152,175119,175119,0,5,8,49166,0,49174,1,0,11,0,0,47,46,32,75064,1,0,367977,271278,0,245,283,1,3,60,828522,2167,75064,22,24,6979,0,-80,-2147483648,19747,4294967295,0,0
3527250254,3527.250254,175164,175132,175132,0,6,8,49166,0,49174,0,0,11,0,0,59,59,32,75064,1,0,367977,271298,0,138,283,1,3,62,828522,1401,75064,22,24,6979,0,-80,-2147483648,269747,4294967295,0,0
3527500254,3527.500254,175177,175144,175144,0,6,8,49166,0,49174,1,0,11,0,0,72,71,32,75064,1,0,367977,271317,0,138,283,1,3,60,828522,2167,75064,22,24,6980,0,-82,-2147483648,7349,4294967295,0,0
3527750255,3527.750255,175189,175157,175157,0,6,8,49166,0,49174,0,0,11,0,0,84,84,32,75064,1,0,367977,271336,0,245,283,1,3,60,828522,2164,75064,21,24,6980,0,-82,-2147483648,257350,4294967295,0,0
3528000255,3528.000255,175202,175169,175169,0,6,8,49166,0,49174,1,0,11,0,0,97,96,32,75064,1,0,367977,271355,0,138,283,1,3,60,828522,2167,75064,21,24,6981,0,-75,-2147483648,7084,4294967295,0,0
3528250255,3528.250255,175214,175182,175182,0,6,8,49166,0,49174,0,0,11,0,0,109,109,32,75064,1,0,367977,271375,0,138,283,1,3,60,828522,1827,75064,22,24,6981,0,-75,-2147483648,257084,4294967295,0,0
3528500256,3528.500256,175227,175194,175194,0,6,8,49166,0,49174,1,0,11,0,0,122,121,32,75064,1,0,367977,271394,0,138,283,1,3,60,828522,2167,75064,22,24,6982,0,-76,-2147483648,5238,4294967295,0,0
3528750258,3528.750258,175239,175207,175207,0,6,8,49166,0,49174,0,0,11,0,0,134,134,32,75064,1,0,367977,271413,0,245,283,1,3,60,828522,2164,75064,21,24,6982,0,-76,-2147483648,255240,4294967295,0,0
3529000260,3529.000260,175252,175220,175220,0,6,8,49166,0,49174,0,0,11,0,0,147,147,32,75064,1,0,367977,271433,0,244,283,0,3,61,828522,2167,75064,21,24,6983,0,-79,-2147483648,3727,4294967295,0,0
3529250261,3529.250261,175264,175232,175232,0,6,8,49166,0,49174,0,0,11,0,0,159,159,32,75064,1,0,367977,271452,0,138,283,1,3,60,828522,1457,75064,22,24,6983,0,-79,-2147483648,253728,4294967295,0,0
3529500263,3529.500263,175277,175244,175244,0,6,8,49166,0,49174,1,0,11,0,0,172,171,32,75064,1,0,367977,271471,0,138,283,1,3,60,828522,2127,75064,22,24,6984,0,-79,-2147483648,2006,4294967295,0,0
3529750264,3529.750264,175289,175257,175257,0,6,8,49166,0,49174,0,0,11,0,0,184,184,32,75064,1,0,367977,271490,0,244,283,1,3,60,828522,1165,75064,21,24,6984,0,-79,-2147483648,252007,4294967295,0,0
3530000267,3530.000267,175302,175269,175269,0,6,8,49166,0,49174,1,0,11,0,0,197,196,32,75064,1,0,367977,271509,0,138,283,1,3,60,828522,2167,75064,21,24,6985,0,-84,-2147483648,92,4294967295,0,0
3530250269,3530.250269,175314,175282,175282,0,6,8,49166,0,49174,0,0,11,0,0,209,209,32,75064,1,0,367977,271529,0,138,283,0,3,61,828522,2164,75064,22,24,6985,0,-84,-2147483648,250094,4294967295,0,0
3530500269,3530.500269,175327,175294,175294,0,6,8,49166,0,49174,1,0,11,0,0,222,221,32,75064,1,0,367977,271547,0,138,283,1,3,60,828522,2167,75064,22,24,6985,0,-84,-2147483648,500094,4294967295,0,0
3530750271,3530.750271,175339,175307,175307,0,6,8,49166,0,49174,0,0,11,0,0,234,234,32,75064,1,0,367977,271567,0,245,283,1,3,60,828522,2164,75064,21,24,6986,0,-80,-2147483648,237611,4294967295,0,0
3531000273,3531.000273,175352,175319,175319,0,6,8,49166,0,49174,1,0,11,0,0,247,246,32,75064,1,0,367977,271585,0,244,283,1,3,60,828522,2167,75064,22,24,6986,0,-80,-2147483648,487613,4294967295,0,0
3531250273,3531.250273,175364,175332,175332,0,6,8,49166,0,49174,0,0,11,0,0,3,3,32,75064,1,0,367977,271606,0,138,283,1,3,60,828522,2164,75064,21,24,6987,0,-75,-2147483648,237568,4294967295,0,0
3531500274,3531.500274,175377,175344,175344,0,6,8,49166,0,49174,1,0,11,0,0,16,15,32,75064,1,0,367977,271624,0,139,283,1,3,60,828522,2167,75064,22,24,6987,0,-75,-2147483648,487569,4294967295,0,0
3531750276,3531.750276,175389,175357,175357,0,6,8,49166,0,49174,0,0,11,0,0,28,28,32,75064,1,0,367977,271644,0,245,283,1,3,60,828522,2164,75064,21,24,6988,0,-75,-2147483648,236597,4294967295,0,0
3532000276,3532.000276,175402,175369,175369,0,6,8,49166,0,49174,1,0,11,0,0,41,40,32,75064,1,0,367977,271662,0,244,283,1,3,2,828522,1167,75064,22,24,6988,0,-75,-2147483648,486597,4294967295,0,0
3532250277,3532.250277,175414,175382,175382,0,6,8,49166,0,49174,0,0,11,0,0,53,53,32,75064,1,0,367977,271683,0,139,283,0,3,61,828522,1240,75064,22,24,6989,0,-77,-2147483648,236467,4294967295,0,0
3532500283,3532.500283,175427,175394,175394,0,6,8,49166,51,49174,0,0,11,0,0,66,65,32,75064,1,0,367977,271700,0,244,283,0,3,60,828522,2167,75064,22,24,6989,0,-77,-2147483648,486473,4294967295,0,0
3532750284,3532.750284,175439,175407,175407,0,6,8,49166,0,49174,0,0,11,0,0,78,78,32,75064,1,0,367977,271721,0,245,283,1,3,60,828522,2164,75064,21,24,6990,0,-78,-2147483648,235137,4294967295,0,0
3533000288,3533.000288,175452,175419,175419,0,6,8,49166,99,49174,0,0,11,0,0,91,90,32,75064,1,0,367977,271739,0,244,283,0,3,61,828522,2167,75064,22,24,6990,0,-78,-2147483648,485141,4294967295,0,0
3533250290,3533.250290,175464,175432,175432,0,6,8,49166,0,49174,0,0,11,0,0,103,103,32,75064,1,0,367977,271760,0,138,283,1,3,60,828522,1889,75064,22,24,6991,0,-79,-2147483648,234367,4294967295,0,0
3533500291,3533.500291,175477,175444,175444,0,6,8,49166,0,49174,1,0,11,0,0,116,115,32,75064,1,0,367977,271778,0,138,283,1,3,2,828522,2168,75064,22,24,6991,0,-79,-2147483648,484368,4294967295,0,0
3533750291,3533.750291,175489,175457,175457,0,6,8,49166,0,49174,0,0,11,0,0,128,128,32,75064,1,0,367977,271798,0,245,283,1,3,60,828522,2164,75064,21,24,6992,0,-76,-2147483648,232302,4294967295,0,0
3534000293,3534.000293,175502,175470,175470,0,6,8,49166,0,49174,0,0,11,0,0,141,141,32,75064,1,0,367977,271817,0,244,283,1,3,60,828522,2168,75064,22,24,6992,0,-76,-2147483648,482304,4294967295,0,0
3534250294,3534.250294,175514,175482,175482,0,6,8,49166,0,49174,0,0,11,0,0,153,153,32,75064,1,0,367977,271837,0,138,283,1,3,61,828522,2238,75064,21,24,6993,0,-75,-2147483648,231123,4294967295,0,0
3534500296,3534.500296,175527,175494,175494,0,6,8,49166,0,49174,1,0,11,0,0,166,165,32,75064,1,0,367977,271855,0,138,283,1,3,60,828522,2167,75064,22,24,6993,0,-75,-2147483648,481125,4294967295,0,0
3534750297,3534.750297,175539,175507,175507,0,6,8,49166,0,49174,0,0,11,0,0,178,178,32,75064,1,0,367977,271875,0,244,283,1,3,60,828522,2164,75064,22,24,6994,0,-75,-2147483648,218703,4294967295,0,0
3535000299,3535.000299,175552,175519,175519,0,6,8,49166,81,49174,0,0,11,0,0,191,190,32,75064,1,0,367977,271893,0,244,283,0,3,60,828522,2167,75064,22,24,6994,0,-75,-2147483648,468705,4294967295,0,0
3535250299,3535.250299,175564,175532,175532,0,6,8,49166,0,49174,0,0,11,0,0,203,203,32,75064,1,0,367977,271914,0,140,283,1,3,60,828522,2149,75064,22,24,6995,0,-76,-2147483648,216759,4294967295,0,0
3535500299,3535.500299,175577,175544,175544,0,6,8,49166,0,49174,1,0,11,0,0,216,215,32,75064,1,0,367977,271932,0,138,283,1,3,60,828522,2167,75064,22,24,6995,0,-76,-2147483648,466759,4294967295,0,0
3535750301,3535.750301,175589,175557,175557,0,6,8,49166,0,49174,0,0,11,0,0,228,228,32,75064,1,0,367977,271952,0,244,283,1,3,60,828522,2164,75064,22,24,6996,0,-77,-2147483648,216626,4294967295,0,0
3536000303,3536.000303,175602,175569,175569,0,6,8,49166,0,49174,1,0,11,0,0,241,240,32,75064,1,0,367977,271970,0,244,283,1,3,60,828522,1167,75064,22,24,6996,0,-77,-2147483648,466628,4294967295,0,0
3536250303,3536.250303,175614,175582,175582,0,6,8,49166,0,49174,0,0,11,0,0,253,253,32,75064,1,0,367977,271991,0,138,283,1,3,60,828522,1736,75064,22,24,6997,0,-79,-2147483648,215815,4294967295,0,0
3536500305,3536.500305,175627,175594,175594,0,6,8,49166,0,49174,1,0,11,0,0,10,9,32,75064,1,0,367977,272009,0,138,283,1,3,60,828522,2168,75064,22,24,6997,0,-79,-2147483648,465817,4294967295,0,0
3536750305,3536.750305,175639,175607,175607,0,6,8,49166,0,49174,0,0,11,0,0,22,22,32,75064,1,0,367977,272029,0,280,283,1,3,60,828522,2164,75064,21,24,6998,0,-75,-2147483648,214426,4294967295,0,0
3537000308,3537.000308,175652,175619,175619,0,6,8,49166,49,49174,0,0,11,0,0,35,34,32,75064,1,0,367977,272047,0,244,283,0,3,60,828522,2167,75064,22,24,6998,0,-75,-2147483648,464429,4294967295,0,0
3537250308,3537.250308,175664,175632,175632,0,6,8,49166,0,49174,0,0,11,0,0,47,47,32,75064,1,0,367977,272068,0,138,283,1,3,60,828522,1556,75064,22,24,6999,0,-76,-2147483648,212503,4294967295,0,0
3537500320,3537.500320,175677,175644,175644,0,6,8,49166,32,49174,0,0,11,0,0,60,59,32,75064,1,0,367977,272086,0,138,283,0,3,60,828522,2167,75064,22,24,6999,0,-76,-2147483648,462515,4294967295,0,0
3537750322,3537.750322,175689,175657,175657,0,6,8,49166,0,49174,0,0,11,0,0,72,72,32,75064,1,0,367977,272106,0,245,283,1,3,60,828522,2164,75064,21,24,7000,0,-77,-2147483648,212393,4294967295,0,0
3538000322,3538.000322,175702,175669,175669,0,6,8,49166,250,49174,0,0,11,0,0,85,84,32,75064,1,0,367977,272125,0,244,283,0,3,60,828522,2167,75064,21,24,7000,0,-77,-2147483648,462393,4294967295,0,0
3538250324,3538.250324,175714,175682,175682,0,6,8,49166,0,49174,0,0,11,0,0,97,97,32,75064,1,0,367977,272145,0,138,283,0,3,61,828522,1934,75064,22,24,7001,0,-78,-2147483648,210299,4294967295,0,0
3538500325,3538.500325,175727,175694,175694,0,6,8,49166,53,49174,0,0,11,0,0,110,109,32,75064,1,0,367977,272163,0,138,283,0,3,60,828522,2167,75064,22,24,7001,0,-78,-2147483648,460300,4294967295,0,0
3538750325,3538.750325,175739,175707,175707,0,6,8,49166,0,49174,0,0,11,0,0,122,122,32,75064,1,0,367977,272183,0,244,283,1,3,60,828522,2164,75064,22,24,7002,0,-77,-2147483648,198211,4294967295,0,0
3539000326,3539.000326,175752,175719,175719,0,6,8,49166,0,49174,1,0,11,0,0,135,134,32,75064,1,0,367977,272201,0,280,283,1,3,60,828522,2167,75064,21,24,7002,0,-77,-2147483648,448212,4294967295,0,0
3539250327,3539.250327,175764,175732,175732,0,6,8,49166,0,49174,0,0,11,0,0,147,147,32,75064,1,0,367977,272222,0,138,283,1,3,2,828522,2164,75064,22,24,7003,0,-78,-2147483648,196819,4294967295,0,0
3539500327,3539.500327,175777,175744,175744,0,6,8,49166,0,49174,1,0,11,0,0,160,159,32,75064,1,0,367977,272240,0,138,283,1,3,60,828522,1167,75064,22,24,7003,0,-78,-2147483648,446819,4294967295,0,0
3539750327,3539.750327,175789,175757,175757,0,6,8,49166,0,49174,0,0,11,0,0,172,172,32,75064,1,0,367977,272260,0,244,283,1,3,60,828522,2164,75064,22,24,7004,0,-82,-2147483648,195724,4294967295,0,0
3540000328,3540.000328,175802,175769,175769,0,6,8,49166,0,49174,1,0,11,0,0,185,184,32,75064,1,0,367977,272278,0,244,283,1,3,61,828522,2167,75064,22,24,7004,0,-82,-2147483648,445725,4294967295,0,0
3540250329,3540.250329,175814,175782,175782,0,6,8,49166,0,49174,0,0,11,0,0,197,197,32,75064,1,0,367977,272299,0,138,283,1,3,60,828522,1439,75064,22,24,7005,0,-75,-2147483648,195780,4294967295,0,0
3540500329,3540.500329,175827,175794,175794,0,6,8,49166,259,49174,0,0,11,0,0,210,209,32,75064,1,0,367977,272318,0,245,283,1,3,60,828522,2167,75064,22,24,7005,0,-75,-2147483648,445780,4294967295,0,0
3540750330,3540.750330,175839,175807,175807,0,6,8,49166,0,49174,0,0,11,0,0,222,222,32,75064,1,0,367977,272337,0,244,283,1,3,60,828522,2164,75064,22,24,7006,0,-77,-2147483648,193862,4294967295,0,0
3541000332,3541.000332,175852,175820,175820,0,6,8,49166,0,49174,0,0,11,0,0,235,235,32,75064,1,0,367977,272356,0,244,283,1,3,60,828522,2167,75064,22,24,7006,0,-77,-2147483648,443864,4294967295,0,0
3541250333,3541.250333,175864,175832,175832,0,6,8,49166,0,49174,0,0,11,0,0,247,247,32,75064,1,0,367977,272376,0,139,283,0,3,60,828522,1375,75064,22,24,7007,0,-78,-2147483648,192600,4294967295,0,0
3541500334,3541.500334,175877,175845,175845,0,6,8,49166,0,49174,0,0,11,0,0,4,4,32,75064,1,0,367977,272395,0,245,283,0,3,2,828522,2167,75064,21,24,7007,0,-78,-2147483648,442601,4294967295,0,0
3541750334,3541.750334,175889,175857,175857,0,6,8,49166,0,49174,0,0,11,0,0,16,16,32,75064,1,0,367977,272414,0,244,283,0,3,60,828522,2164,75064,22,24,7008,0,-83,-2147483648,190686,4294967295,0,0
3542000335,3542.000335,175902,175870,175870,0,6,8,49166,0,49174,0,0,11,0,0,29,29,32,75064,1,0,367977,272433,0,244,283,1,3,60,828522,2167,75064,22,24,7008,0,-83,-2147483648,440687,4294967295,0,0
3542250337,3542.250337,175914,175882,175882,0,6,8,49166,0,49174,0,0,11,0,0,41,41,32,75064,1,0,367977,272453,0,138,283,1,3,61,828522,1887,75064,22,24,7009,0,-80,-2147483648,179308,4294967295,0,0
3542500337,3542.500337,175927,175895,175895,0,6,8,49166,0,49174,0,0,11,0,0,54,54,32,75064,1,0,367977,272472,0,244,283,1,3,60,828522,2167,75064,22,24,7009,0,-80,-2147483648,429308,4294967295,0,0
3542750338,3542.750338,175939,175907,175907,0,6,8,49166,0,49174,0,0,11,0,0,66,66,32,75064,1,0,367977,272491,0,280,283,1,3,61,828522,1164,75064,21,24,7010,0,-82,-2147483648,178096,4294967295,0,0
3543000338,3543.000338,175952,175919,175919,0,5,8,49166,0,49174,1,0,11,0,0,79,78,32,75064,1,0,367977,272509,0,244,283,1,3,60,828522,2167,75064,22,24,7010,0,-82,-2147483648,428096,4294967295,0,0
3543250340,3543.250340,175964,175932,175932,0,6,8,49166,0,49174,0,0,11,0,0,91,91,32,75064,1,0,367977,272530,0,138,283,1,3,60,828522,1421,75064,21,24,7011,0,-74,-2147483648,176028,4294967295,0,0
3543500340,3543.500340,175977,175944,175944,0,6,8,49166,0,49174,1,0,11,0,0,104,103,32,75064,1,0,367977,272548,0,138,283,1,3,60,828522,2167,75064,22,24,7011,0,-74,-2147483648,426028,4294967295,0,0
3543750340,3543.750340,175989,175957,175957,0,6,8,49166,0,49174,0,0,11,0,0,116,116,32,75064,1,0,367977,272568,0,244,283,1,3,60,828522,2164,75064,22,24,7012,0,-77,-2147483648,175925,4294967295,0,0
3544000341,3544.000341,176002,175969,175969,0,6,8,49166,0,49174,1,0,11,0,0,129,128,32,75064,1,0,367977,272586,0,244,283,1,3,60,828522,2167,75064,22,24,7012,0,-77,-2147483648,425926,4294967295,0,0
3544250341,3544.250341,176014,175982,175982,0,6,8,49166,0,49174,0,0,11,0,0,141,141,32,75064,1,0,367977,272607,0,138,283,1,3,60,828522,1272,75064,21,24,7013,0,-77,-2147483648,175051,4294967295,0,0
3544500343,3544.500343,176027,175994,175994,0,6,8,49166,0,49174,1,0,11,0,0,154,153,32,75064,1,0,367977,272625,0,138,283,1,3,60,828522,2167,75064,22,24,7013,0,-77,-2147483648,425053,4294967295,0,0
3544750345,3544.750345,176039,176007,176007,0,6,8,49166,0,49174,0,0,11,0,0,166,166,32,75064,1,0,367977,272645,0,245,283,1,3,61,828522,2164,75064,21,24,7014,0,-79,-2147483648,173877,4294967295,0,0
3545000347,3545.000347,176052,176019,176019,0,5,8,49166,0,49174,1,0,11,0,0,179,178,32,75064,1,0,367977,272663,0,280,283,1,3,60,828522,2167,75064,22,24,7014,0,-79,-2147483648,423879,4294967295,0,0
3545250348,3545.250348,176064,176032,176032,0,6,8,49166,0,49174,0,0,11,0,0,191,191,32,75064,1,0,367977,272684,0,138,283,1,3,60,828522,2655,75064,22,24,7015,0,-76,-2147483648,172973,4294967295,0,0
3545500349,3545.500349,176077,176044,176044,0,6,8,49166,0,49174,1,0,11,0,0,204,203,32,75064,1,0,367977,272702,0,138,283,1,3,60,828522,2167,75064,22,24,7015,0,-76,-2147483648,422974,4294967295,0,0
3545750350,3545.750350,176089,176057,176057,0,6,8,49166,0,49174,0,0,11,0,0,216,216,32,75064,1,0,367977,272722,0,244,283,1,3,60,828522,2164,75064,22,24,7016,0,-75,-2147483648,172869,4294967295,0,0
3546000352,3546.000352,176102,176069,176069,0,5,8,49166,0,49174,1,0,11,0,0,229,228,32,75064,1,0,367977,272740,0,244,283,0,3,61,828522,2167,75064,22,24,7016,0,-75,-2147483648,422871,4294967295,0,0
3546250353,3546.250353,176114,176082,176082,0,6,8,49166,0,49174,0,0,11,0,0,241,241,32,75064,1,0,367977,272761,0,138,283,1,3,60,828522,2616,75064,22,24,7017,0,-77,-2147483648,170745,4294967295,0,0
3546500354,3546.500354,176127,176094,176094,0,6,8,49166,0,49174,1,0,11,0,0,254,253,32,75064,1,0,367977,272779,0,138,283,0,3,61,828522,2167,75064,22,24,7017,0,-77,-2147483648,420746,4294967295,0,0
3546750356,3546.750356,176139,176107,176107,0,6,8,49166,0,49174,0,0,11,0,0,10,10,32,75064,1,0,367977,272799,0,244,283,1,3,60,828522,2164,75064,22,24,7018,0,-77,-2147483648,170700,4294967295,0,0
3547000357,3547.000357,176152,176119,176119,0,6,8,49166,0,49174,1,0,11,0,0,23,22,32,75064,1,0,367977,272817,0,244,283,1,3,61,828522,2167,75064,22,24,7018,0,-77,-2147483648,420701,4294967295,0,0
3547250359,3547.250359,176164,176132,176132,0,6,8,49166,0,49174,0,0,11,0,0,35,35,32,75064,1,0,367977,272838,0,137,283,1,3,60,828522,2957,75064,22,24,7019,0,-77,-2147483648,158926,4294967295,0,0
3547500360,3547.500360,176177,176145,176145,0,6,8,49166,0,49174,0,0,11,0,0,48,48,32,75064,1,0,367977,272857,0,280,283,1,3,60,828522,2167,75064,22,24,7019,0,-77,-2147483648,408927,4294967295,0,0
3547750360,3547.750360,176189,176157,176157,0,6,8,49166,0,49174,0,0,11,0,0,60,60,32,75064,1,0,367977,272876,0,244,283,1,3,2,828522,2164,75064,22,24,7020,0,-79,-2147483648,157833,4294967295,0,0
3548000361,3548.000361,176202,176170,176170,0,6,8,49166,0,49174,0,0,11,0,0,73,73,32,75064,1,0,367977,272895,0,244,283,1,3,60,828522,2167,75064,22,24,7020,0,-79,-2147483648,407834,4294967295,0,0
3548250361,3548.250361,176214,176182,176182,0,6,8,49166,0,49174,0,0,11,0,0,85,85,32,75064,1,0,367977,272915,0,138,283,1,3,60,828522,2570,75064,22,24,7021,0,-77,-2147483648,156079,4294967295,0,0
3548500362,3548.500362,176227,176194,176194,0,6,8,49166,0,49174,1,0,11,0,0,98,97,32,75064,1,0,367977,272933,0,138,283,1,3,60,828522,2167,75064,22,24,7021,0,-77,-2147483648,406080,4294967295,0,0
3548750362,3548.750362,176239,176207,176207,0,6,8,49166,0,49174,0,0,11,0,0,110,110,32,75064,1,0,367977,272953,0,244,283,1,3,60,828522,2164,75064,22,24,7022,0,-74,-2147483648,155174,4294967295,0,0
3549000363,3549.000363,176252,176219,176219,0,5,8,49166,0,49174,1,0,11,0,0,123,122,32,75064,1,0,367977,272971,0,244,283,1,3,60,828522,2167,75064,22,24,7022,0,-74,-2147483648,405175,4294967295,0,0
3549250365,3549.250365,176264,176232,176232,0,6,8,49166,0,49174,0,0,11,0,0,135,135,32,75064,1,0,367977,272992,0,139,283,1,3,60,828522,1457,75064,22,24,7023,0,-76,-2147483648,154577,4294967295,0,0
3549500367,3549.500367,176277,176244,176244,0,5,8,49166,134,49174,0,0,11,0,0,148,147,32,75064,1,0,367977,273010,0,140,283,1,3,61,828522,2167,75064,21,24,7023,0,-76,-2147483648,404579,4294967295,0,0
3549750367,3549.750367,176289,176257,176257,0,6,8,49166,0,49174,0,0,11,0,0,160,160,32,75064,1,0,367977,273030,0,244,283,1,3,60,828522,2164,75064,22,24,7024,0,-77,-2147483648,153725,4294967295,0,0
3550000367,3550.000367,176302,176269,176269,0,6,8,49166,0,49174,1,0,11,0,0,173,172,32,75064,1,0,367977,273048,0,244,283,1,3,60,828522,2167,75064,22,24,7024,0,-77,-2147483648,403725,4294967295,0,0
3550250369,3550.250369,176314,176282,176282,0,6,8,49166,0,49174,0,0,11,0,0,185,185,32,75064,1,0,367977,273069,0,138,283,1,3,60,828522,2525,75064,22,24,7025,0,-86,-2147483648,153539,4294967295,0,0
3550500370,3550.500370,176327,176294,176294,0,6,8,49166,0,49174,1,0,11,0,0,198,197,32,75064,1,0,367977,273087,0,137,283,0,3,61,828522,2167,75064,22,24,7025,0,-86,-2147483648,403540,4294967295,0,0
3550750372,3550.750372,176339,176307,176307,0,5,8,49166,0,49174,0,0,11,0,0,210,210,32,75064,1,0,367977,273107,0,244,283,1,3,60,828522,2164,75064,22,24,7026,0,-78,-2147483648,152963,4294967295,0,0
3551000377,3551.000377,176352,176320,176320,0,6,8,49166,0,49174,0,0,11,0,0,223,223,32,75064,1,0,367977,273126,0,244,283,0,3,2,828522,2167,75064,22,24,7026,0,-78,-2147483648,402968,4294967295,0,0
3551250378,3551.250378,176364,176332,176332,0,6,8,49166,0,49174,0,0,11,0,0,235,235,32,75064,1,0,367977,273146,0,138,283,1,3,2,828522,1993,75064,22,24,7027,0,-78,-2147483648,152012,4294967295,0,0
3551500378,3551.500378,176377,176344,176344,0,6,8,49166,119,49174,0,0,11,0,0,248,247,32,75064,1,0,367977,273164,0,138,283,0,3,60,828522,2167,75064,22,24,7027,0,-78,-2147483648,402012,4294967295,0,0
3551750380,3551.750380,176389,176357,176357,0,5,8,49166,0,49174,0,0,11,0,0,4,4,32,75064,1,0,367977,273184,0,244,283,1,3,61,828522,2164,75064,22,24,7028,0,-79,-2147483648,149923,4294967295,0,0
3552000381,3552.000381,176402,176369,176369,0,5,8,49166,0,49174,1,0,11,0,0,17,16,32,75064,1,0,367977,273202,0,244,283,1,3,60,828522,2167,75064,22,24,7028,0,-79,-2147483648,399924,4294967295,0,0
3552250381,3552.250381,176414,176382,176382,0,6,8,49166,0,49174,0,0,11,0,0,29,29,32,75064,1,0,367977,273223,0,138,283,0,3,61,828522,1315,75064,22,24,7029,0,-79,-2147483648,139119,4294967295,0,0
3552500383,3552.500383,176427,176394,176394,0,6,8,49166,122,49174,0,0,11,0,0,42,41,32,75064,1,0,367977,273241,0,138,283,0,3,60,828522,2167,75064,21,24,7029,0,-79,-2147483648,389121,4294967295,0,0
3552750384,3552.750384,176439,176407,176407,0,5,8,49166,0,49174,0,0,11,0,0,54,54,32,75064,1,0,367977,273261,0,244,283,1,3,60,828522,2164,75064,22,24,7030,0,-80,-2147483648,137942,4294967295,0,0
3553000385,3553.000385,176452,176419,176419,0,6,8,49166,0,49174,1,0,11,0,0,67,66,32,75064,1,0,367977,273279,0,138,283,0,3,61,828522,2167,75064,22,24,7030,0,-80,-2147483648,387943,4294967295,0,0
3553250386,3553.250386,176464,176432,176432,0,6,8,49166,0,49174,0,0,11,0,0,79,79,32,75064,1,0,367977,273300,0,138,283,1,3,60,828522,1456,75064,22,24,7031,0,-81,-2147483648,136374,4294967295,0,0
3553500386,3553.500386,176477,176444,176444,0,6,8,49166,0,49174,1,0,11,0,0,92,91,32,75064,1,0,367977,273318,0,138,283,0,3,61,828522,2168,75064,22,24,7031,0,-81,-2147483648,386374,4294967295,0,0
3553750388,3553.750388,176489,176457,176457,0,6,8,49166,0,49174,0,0,11,0,0,104,104,32,75064,1,0,367977,273338,0,244,283,1,3,60,828522,2164,75064,22,24,7032,0,-83,-2147483648,136384,4294967295,0,0
3554000390,3554.000390,176502,176469,176469,0,6,8,49166,0,49174,1,0,11,0,0,117,116,32,75064,1,0,367977,273356,0,245,283,1,3,60,828522,2167,75064,21,24,7032,0,-83,-2147483648,386386,4294967295,0,0
3554250390,3554.250390,176514,176482,176482,0,6,8,49166,0,49174,0,0,11,0,0,129,129,32,75064,1,0,367977,273377,0,138,283,1,3,60,828522,1716,75064,22,24,7033,0,-78,-2147483648,134869,4294967295,0,0
3554500390,3554.500390,176527,176494,176494,0,6,8,49166,0,49174,1,0,11,0,0,142,141,32,75064,1,0,367977,273395,0,138,283,1,3,60,828522,1167,75064,21,24,7033,0,-78,-2147483648,384869,4294967295,0,0
3554750391,3554.750391,176539,176507,176507,0,6,8,49166,0,49174,0,0,11,0,0,154,154,32,75064,1,0,367977,273415,0,244,283,1,3,60,828522,2164,75064,22,24,7034,0,-80,-2147483648,133659,4294967295,0,0
3555000392,3555.000392,176552,176519,176519,0,6,8,49166,0,49174,1,0,11,0,0,167,166,32,75064,1,0,367977,273433,0,244,283,1,3,60,828522,2167,75064,22,24,7034,0,-80,-2147483648,383660,4294967295,0,0
3555250393,3555.250393,176564,176532,176532,0,6,8,49166,0,49174,0,0,11,0,0,179,179,32,75064,1,0,367977,273454,0,138,283,1,3,60,828522,2375,75064,22,24,7035,0,-79,-2147483648,132664,4294967295,0,0
3555500394,3555.500394,176577,176544,176544,0,6,8,49166,0,49174,1,0,11,0,0,192,191,32,75064,1,0,367977,273472,0,138,283,1,3,60,828522,2167,75064,21,24,7035,0,-79,-2147483648,382665,4294967295,0,0
3555750395,3555.750395,176589,176557,176557,0,6,8,49166,0,49174,0,0,11,0,0,204,204,32,75064,1,0,367977,273492,0,245,283,1,3,60,828522,2164,75064,21,24,7036,0,-81,-2147483648,132013,4294967295,0,0
3556000412,3556.000412,176602,176570,176570,0,6,8,49166,0,49174,0,0,11,0,0,217,217,32,75064,1,0,367977,273511,0,244,283,1,3,2,828522,1167,75064,22,24,7036,0,-81,-2147483648,382030,4294967295,0,0
3556250414,3556.250414,176614,176582,176582,0,6,8,49166,0,49174,0,0,11,0,0,229,229,32,75064,1,0,367977,273531,0,138,283,1,3,60,828522,2161,75064,22,24,7037,0,-80,-2147483648,131278,4294967295,0,0
3556500415,3556.500415,176627,176594,176594,0,6,8,49166,0,49174,1,0,11,0,0,242,241,32,75064,1,0,367977,273549,0,138,283,1,3,61,828522,2167,75064,21,24,7037,0,-80,-2147483648,381279,4294967295,0,0
3556750416,3556.750416,176639,176607,176607,0,6,8,49166,0,49174,0,0,11,0,0,254,254,32,75064,1,0,367977,273569,0,244,283,1,3,60,828522,2164,75064,22,24,7038,0,-79,-2147483648,130923,4294967295,0,0
3557000417,3557.000417,176652,176619,176619,0,6,8,49166,51,49174,0,0,11,0,0,11,10,32,75064,1,0,367977,273587,0,244,283,0,3,60,828522,2167,75064,22,24,7038,0,-79,-2147483648,380924,4294967295,0,0
3557250418,3557.250418,176664,176632,176632,0,6,8,49166,0,49174,0,0,11,0,0,23,23,32,75064,1,0,367977,273608,0,138,283,0,3,61,828522,1905,75064,22,24,7039,0,-90,-2147483648,118984,4294967295,0,0
3557500418,3557.500418,176677,176644,176644,0,6,8,49166,0,49174,1,0,11,0,0,36,35,32,75064,1,0,367977,273626,0,138,283,1,3,60,828522,2167,75064,21,24,7039,0,-90,-2147483648,368984,4294967295,0,0
3557750420,3557.750420,176689,176657,176657,0,6,8,49166,0,49174,0,0,11,0,0,48,48,32,75064,1,0,367977,273646,0,244,283,1,3,2,828522,2164,75064,22,24,7040,0,-80,-2147483648,117720,4294967295,0,0
3558000421,3558.000421,176702,176669,176669,0,6,8,49166,0,49174,1,0,11,0,0,61,60,32,75064,1,0,367977,273664,0,245,283,1,3,60,828522,2167,75064,21,24,7040,0,-80,-2147483648,367721,4294967295,0,0
3558250421,3558.250421,176714,176682,176682,0,6,8,49166,0,49174,0,0,11,0,0,73,73,32,75064,1,0,367977,273685,0,138,283,0,3,61,828522,1739,75064,22,24,7041,0,-82,-2147483648,116211,4294967295,0,0
3558500423,3558.500423,176727,176694,176694,0,6,8,49166,0,49174,1,0,11,0,0,86,85,32,75064,1,0,367977,273703,0,138,283,1,3,60,828522,2167,75064,22,24,7041,0,-82,-2147483648,366213,4294967295,0,0
3558750425,3558.750425,176739,176707,176707,0,6,8,49166,0,49174,0,0,11,0,0,98,98,32,75064,1,0,367977,273723,0,244,283,1,3,60,828522,2164,75064,22,24,7042,0,-80,-2147483648,115648,4294967295,0,0
3559000426,3559.000426,176752,176719,176719,0,6,8,49166,0,49174,1,0,11,0,0,111,110,32,75064,1,0,367977,273741,0,244,283,1,3,60,828522,2167,75064,22,24,7042,0,-80,-2147483648,365649,4294967295,0,0
3559250427,3559.250427,176764,176732,176732,0,6,8,49166,0,49174,0,0,11,0,0,123,123,32,75064,1,0,367977,273762,0,138,283,1,3,60,828522,1456,75064,21,24,7043,0,-82,-2147483648,114412,4294967295,0,0
3559500428,3559.500428,176777,176744,176744,0,6,8,49166,0,49174,1,0,11,0,0,136,135,32,75064,1,0,367977,273780,0,138,283,1,3,60,828522,2167,75064,21,24,7043,0,-82,-2147483648,364413,4294967295,0,0
3559750430,3559.750430,176789,176757,176757,0,6,8,49166,0,49174,0,0,11,0,0,148,148,32,75064,1,0,367977,273800,0,244,283,1,3,60,828522,2164,75064,22,24,7044,0,-79,-2147483648,112841,4294967295,0,0
3560000431,3560.000431,176802,176769,176769,0,6,8,49166,0,49174,1,0,11,0,0,161,160,32,75064,1,0,367977,273818,0,245,283,1,3,60,828522,2167,75064,21,24,7044,0,-79,-2147483648,362842,4294967295,0,0
3560250433,3560.250433,176814,176782,176782,0,6,8,49166,0,49174,0,0,11,0,0,173,173,32,75064,1,0,367977,273839,0,138,283,1,3,60,828522,1138,75064,22,24,7045,0,-77,-2147483648,111603,4294967295,0,0
3560500433,3560.500433,176827,176794,176794,0,6,8,49166,0,49174,1,0,11,0,0,186,185,32,75064,1,0,367977,273857,0,138,283,1,3,60,828522,2167,75064,22,24,7045,0,-77,-2147483648,361603,4294967295,0,0
3560750433,3560.750433,176839,176807,176807,0,6,8,49166,0,49174,0,0,11,0,0,198,198,32,75064,1,0,367977,273877,0,244,283,1,3,60,828522,1164,75064,21,24,7046,0,-78,-2147483648,110967,4294967295,0,0
3561000433,3561.000433,176852,176819,176819,0,6,8,49166,0,49174,1,0,11,0,0,211,210,32,75064,1,0,367977,273895,0,244,283,1,3,60,828522,2167,75064,22,24,7046,0,-78,-2147483648,360967,4294967295,0,0
3561250434,3561.250434,176864,176832,176832,0,6,8,49166,0,49174,0,0,11,0,0,223,223,32,75064,1,0,367977,273916,0,138,283,1,3,60,828522,1679,75064,22,24,7047,0,-77,-2147483648,98116,4294967295,0,0
3561500436,3561.500436,176877,176845,176845,0,6,8,49166,0,49174,0,0,11,0,0,236,236,32,75064,1,0,367977,273935,0,245,283,1,3,60,828522,2168,75064,21,24,7047,0,-77,-2147483648,348118,4294967295,0,0
3561750437,3561.750437,176889,176857,176857,0,6,8,49166,0,49174,0,0,11,0,0,248,248,32,75064,1,0,367977,273954,0,244,283,1,3,60,828522,2164,75064,22,24,7048,0,-80,-2147483648,97233,4294967295,0,0
3562000437,3562.000437,176902,176869,176869,0,6,8,49166,0,49174,1,0,11,0,0,5,4,32,75064,1,0,367977,273972,0,244,283,0,3,61,828522,2168,75064,22,24,7048,0,-80,-2147483648,347233,4294967295,0,0
3562250437,3562.250437,176914,176882,176882,0,6,8,49166,0,49174,0,0,11,0,0,17,17,32,75064,1,0,367977,273993,0,138,283,1,3,60,828522,2891,75064,22,24,7049,0,0,-2147483648,95637,4294967295,0,0
3562500438,3562.500438,176927,176894,176894,0,6,8,49166,0,49174,1,0,11,0,0,30,29,32,75064,1,0,367977,274011,0,138,283,1,3,60,828522,2167,75064,22,24,7049,0,0,-2147483648,345638,4294967295,0,0
3562750438,3562.750438,176939,176907,176907,0,6,8,49166,0,49174,0,0,11,0,0,42,42,32,75064,1,0,367977,274031,0,244,283,0,3,60,828522,2164,75064,22,24,7050,0,-79,-2147483648,93915,4294967295,0,0
3563000439,3563.000439,176952,176919,176919,0,6,8,49166,0,49174,1,0,11,0,0,55,54,32,75064,1,0,367977,274049,0,244,283,1,3,60,828522,2167,75064,22,24,7050,0,-79,-2147483648,343916,4294967295,0,0
3563250440,3563.250440,176964,176932,176932,0,6,8,49166,0,49174,0,0,11,0,0,67,67,32,75064,1,0,367977,274070,0,138,283,1,3,60,828522,1680,75064,22,24,7051,0,-78,-2147483648,92705,4294967295,0,0
3563500442,3563.500442,176977,176944,176944,0,6,8,49166,0,49174,1,0,11,0,0,80,79,32,75064,1,0,367977,274088,0,139,283,1,3,2,828522,2167,75064,22,24,7051,0,-78,-2147483648,342707,4294967295,0,0
3563750443,3563.750443,176989,176957,176957,0,6,8,49166,0,49174,0,0,11,0,0,92,92,32,75064,1,0,367977,274108,0,244,283,1,3,60,828522,2164,75064,22,24,7052,0,-82,-2147483648,91257,4294967295,0,0
3564000444,3564.000444,177002,176969,176969,0,6,8,49166,116,49174,0,0,11,0,0,105,104,32,75064,1,0,367977,274126,0,244,283,0,3,60,828522,2167,75064,22,24,7052,0,-82,-2147483648,341258,4294967295,0,0
3564250446,3564.250446,177014,176982,176982,0,6,8,49166,0,49174,0,0,11,0,0,117,117,32,75064,1,0,367977,274147,0,138,283,1,3,61,828522,1680,75064,22,24,7053,0,-78,-2147483648,79900,4294967295,0,0
3564500450,3564.500450,177027,176994,176994,0,6,8,49166,98,49174,0,0,11,0,0,130,129,32,75064,1,0,367977,274165,0,137,283,0,3,60,828522,2167,75064,22,24,7053,0,-78,-2147483648,329904,4294967295,0,0
3564750452,3564.750452,177039,177007,177007,0,6,8,49166,0,49174,0,0,11,0,0,142,142,32,75064,1,0,367977,274185,0,280,283,1,3,60,828522,2164,75064,22,24,7054,0,-81,-2147483648,79406,4294967295,0,0
3565000452,3565.000452,177052,177019,177019,0,6,8,49166,220,49174,0,0,11,0,0,155,154,32,75064,1,0,367977,274203,0,244,283,0,3,60,828522,2167,75064,22,24,7054,0,-81,-2147483648,329406,4294967295,0,0
3565250453,3565.250453,177064,177032,177032,0,6,8,49166,0,49174,0,0,11,0,0,167,167,32,75064,1,0,367977,274224,0,138,283,1,3,60,828522,1164,75064,21,24,7055,0,-81,-2147483648,78899,4294967295,0,0
3565500454,3565.500454,177077,177044,177044,0,6,8,49166,0,49174,1,0,11,0,0,180,179,32,75064,1,0,367977,274242,0,138,283,1,3,60,828522,2167,75064,22,24,7055,0,-81,-2147483648,328900,4294967295,0,0
3565750454,3565.750454,177089,177057,177057,0,6,8,49166,0,49174,0,0,11,0,0,192,192,32,75064,1,0,367977,274262,0,244,283,1,3,60,828522,2164,75064,22,24,7056,0,-77,-2147483648,78390,4294967295,0,0
3566000456,3566.000456,177102,177070,177070,0,6,8,49166,0,49174,0,0,11,0,0,205,205,32,75064,1,0,367977,274281,0,244,283,0,3,61,828522,2167,75064,21,24,7056,0,-77,-2147483648,328392,4294967295,0,0
3566250457,3566.250457,177114,177082,177082,0,6,8,49166,0,49174,0,0,11,0,0,217,217,32,75064,1,0,367977,274301,0,138,283,1,3,60,828522,1552,75064,21,24,7057,0,-84,-2147483648,78316,4294967295,0,0
3566500459,3566.500459,177127,177095,177095,0,6,8,49166,0,49174,0,0,11,0,0,230,230,32,75064,1,0,367977,274320,0,244,283,1,3,60,828522,2167,75064,22,24,7057,0,-84,-2147483648,328318,4294967295,0,0
3566750461,3566.750461,177139,177107,177107,0,5,8,49166,0,49174,0,0,11,0,0,242,242,32,75064,1,0,367977,274339,0,245,283,1,3,60,828522,2164,75064,21,24,7058,0,-78,-2147483648,76213,4294967295,0,0
3567000461,3567.000461,177152,177119,177119,0,5,8,49166,0,49174,1,0,11,0,0,255,254,32,75064,1,0,367977,274357,0,245,283,1,3,60,828522,2167,75064,22,24,7058,0,-78,-2147483648,326213,4294967295,0,0
3567250462,3567.250462,177164,177132,177132,0,6,8,49166,0,49174,0,0,11,0,0,11,11,32,75064,1,0,367977,274378,0,138,283,1,3,60,828522,1164,75064,22,24,7059,0,-82,-2147483648,74619,4294967295,0,0
3567500463,3567.500463,177177,177144,177144,0,6,8,49166,0,49174,1,0,11,0,0,24,23,32,75064,1,0,367977,274396,0,138,283,1,3,60,828522,2167,75064,22,24,7059,0,-82,-2147483648,324620,4294967295,0,0
3567750464,3567.750464,177189,177157,177157,0,6,8,49166,0,49174,0,0,11,0,0,36,36,32,75064,1,0,367977,274416,0,244,283,1,3,60,828522,2164,75064,21,24,7060,0,-87,-2147483648,73991,4294967295,0,0
3568000466,3568.000466,177202,177169,177169,0,6,8,49166,0,49174,1,0,11,0,0,49,48,32,75064,1,0,367977,274434,0,244,283,1,3,60,828522,2167,75064,22,24,7060,0,-87,-2147483648,323993,4294967295,0,0
3568250467,3568.250467,177214,177182,177182,0,6,8,49166,0,49174,0,0,11,0,0,61,61,32,75064,1,0,367977,274455,0,138,283,1,3,60,828522,2456,75064,22,24,7061,0,-79,-2147483648,73552,4294967295,0,0
3568500467,3568.500467,177227,177194,177194,0,6,8,49166,0,49174,1,0,11,0,0,74,73,32,75064,1,0,367977,274473,0,138,283,1,3,60,828522,2167,75064,21,24,7061,0,-79,-2147483648,323552,4294967295,0,0
3568750467,3568.750467,177239,177207,177207,0,6,8,49166,0,49174,0,0,11,0,0,86,86,32,75064,1,0,367977,274493,0,245,283,1,3,61,828522,2164,75064,21,24,7062,0,-79,-2147483648,72616,4294967295,0,0
3569000467,3569.000467,177252,177219,177219,0,5,8,49166,0,49174,1,0,11,0,0,99,98,32,75064,1,0,367977,274511,0,245,283,1,3,60,828522,2167,75064,21,24,7062,0,-79,-2147483648,322616,4294967295,0,0
3569250469,3569.250469,177264,177232,177232,0,6,8,49166,0,49174,0,0,11,0,0,111,111,32,75064,1,0,367977,274531,0,244,283,1,3,60,828522,2164,75064,22,24,7063,0,-78,-2147483648,71994,4294967295,0,0
3569500469,3569.500469,177277,177244,177244,0,6,8,49166,0,49174,1,0,11,0,0,124,123,32,75064,1,0,367977,274550,0,138,283,1,3,61,828522,2167,75064,22,24,7063,0,-78,-2147483648,321994,4294967295,0,0
3569750471,3569.750471,177289,177257,177257,0,6,8,49166,0,49174,0,0,11,0,0,136,136,32,75064,1,0,367977,274570,0,245,283,1,3,60,828522,2164,75064,21,24,7064,0,-78,-2147483648,70478,4294967295,0,0
3570000473,3570.000473,177302,177269,177269,0,5,8,49166,0,49174,1,0,11,0,0,149,148,32,75064,1,0,367977,274588,0,245,283,1,3,60,828522,2167,75064,21,24,7064,0,-78,-2147483648,320480,4294967295,0,0
3570250475,3570.250475,177314,177282,177282,0,6,8,49166,0,49174,0,0,11,0,0,161,161,32,75064,1,0,367977,274609,0,138,283,1,3,60,828522,2454,75064,22,24,7065,0,-78,-2147483648,58113,4294967295,0,0
3570500475,3570.500475,177327,177294,177294,0,6,8,49166,247,49174,0,0,11,0,0,174,173,32,75064,1,0,367977,274628,0,244,283,0,3,60,828522,2167,75064,21,24,7065,0,-78,-2147483648,308113,4294967295,0,0
3570750476,3570.750476,177339,177307,177307,0,6,8,49166,0,49174,0,0,11,0,0,186,186,32,75064,1,0,367977,274647,0,244,283,0,3,61,828522,2164,75064,21,24,7066,0,-85,-2147483648,57488,4294967295,0,0
3571000480,3571.000480,177352,177320,177320,0,6,8,49166,0,49174,0,0,11,0,0,199,199,32,75064,1,0,367977,274666,0,244,283,1,3,1,828522,1167,75064,22,24,7066,0,-85,-2147483648,307492,4294967295,0,0
3571250480,3571.250480,177364,177332,177332,0,6,8,49166,0,49174,0,0,11,0,0,211,211,32,75064,1,0,367977,274686,0,138,283,1,3,2,828522,2161,75064,22,24,7067,0,-81,-2147483648,55947,4294967295,0,0
3571500481,3571.500481,177377,177344,177344,0,6,8,49166,0,49174,1,0,11,0,0,224,223,32,75064,1,0,367977,274704,0,138,283,1,3,60,828522,2167,75064,21,24,7067,0,-81,-2147483648,305948,4294967295,0,0
3571750482,3571.750482,177389,177357,177357,0,6,8,49166,0,49174,0,0,11,0,0,236,236,32,75064,1,0,367977,274724,0,280,283,1,3,60,828522,2164,75064,22,24,7068,0,-79,-2147483648,54222,4294967295,0,0
3572000488,3572.000488,177402,177370,177370,0,6,8,49166,0,49174,0,0,11,0,0,249,249,32,75064,1,0,367977,274743,0,244,283,0,3,61,828522,2167,75064,22,24,7068,0,-79,-2147483648,304228,4294967295,0,0
3572250488,3572.250488,177414,177382,177382,0,6,8,49166,0,49174,0,0,11,0,0,5,5,32,75064,1,0,367977,274763,0,139,283,1,3,60,828522,2456,75064,22,24,7069,0,-80,-2147483648,52024,4294967295,0,0
3572500489,3572.500489,177427,177394,177394,0,6,8,49166,0,49174,1,0,11,0,0,18,17,32,75064,1,0,367977,274781,0,138,283,1,3,60,828522,2167,75064,22,24,7069,0,-80,-2147483648,302025,4294967295,0,0
3572750490,3572.750490,177439,177407,177407,0,6,8,49166,0,49174,0,0,11,0,0,30,30,32,75064,1,0,367977,274801,0,244,283,1,3,60,828522,2164,75064,21,24,7070,0,-80,-2147483648,52027,4294967295,0,0
3573000490,3573.000490,177452,177419,177419,0,6,8,49166,0,49174,1,0,11,0,0,43,42,32,75064,1,0,367977,274819,0,244,283,1,3,2,828522,2167,75064,22,24,7070,0,-80,-2147483648,302027,4294967295,0,0
3573250492,3573.250492,177464,177432,177432,0,6,8,49166,0,49174,0,0,11,0,0,55,55,32,75064,1,0,367977,274840,0,138,283,1,3,60,828522,1685,75064,22,24,7071,0,-89,-2147483648,50695,4294967295,0,0
3573500492,3573.500492,177477,177444,177444,0,6,8,49166,0,49174,1,0,11,0,0,68,67,32,75064,1,0,367977,274858,0,140,283,1,3,60,828522,2167,75064,22,24,7071,0,-89,-2147483648,300695,4294967295,0,0
3573750492,3573.750492,177489,177457,177457,0,6,8,49166,0,49174,0,0,11,0,0,80,80,32,75064,1,0,367977,274878,0,245,283,0,3,61,828522,1165,75064,21,24,7072,0,-83,-2147483648,49912,4294967295,0,0
3574000492,3574.000492,177502,177469,177469,0,6,8,49166,0,49174,1,0,11,0,0,93,92,32,75064,1,0,367977,274896,0,244,283,1,3,2,828522,2167,75064,22,24,7072,0,-83,-2147483648,299912,4294967295,0,0
3574250492,3574.250492,177514,177482,177482,0,6,8,49166,0,49174,0,0,11,0,0,105,105,32,75064,1,0,367977,274917,0,138,283,1,3,60,828522,1683,75064,21,24,7073,0,-76,-2147483648,38068,4294967295,0,0
3574500494,3574.500494,177527,177494,177494,0,6,8,49166,0,49174,1,0,11,0,0,118,117,32,75064,1,0,367977,274935,0,138,283,1,3,61,828522,2167,75064,22,24,7073,0,-76,-2147483648,288070,4294967295,0,0
3574750496,3574.750496,177539,177507,177507,0,6,8,49166,0,49174,0,0,11,0,0,130,130,32,75064,1,0,367977,274955,0,244,283,0,3,61,828522,1164,75064,22,24,7074,0,-80,-2147483648,37293,4294967295,0,0
3575000498,3575.000498,177552,177519,177519,0,6,8,49166,0,49174,1,0,11,0,0,143,142,32,75064,1,0,367977,274973,0,244,283,0,3,61,828522,2167,75064,22,24,7074,0,-80,-2147483648,287295,4294967295,0,0
3575250498,3575.250498,177564,177532,177532,0,6,8,49166,0,49174,0,0,11,0,0,155,155,32,75064,1,0,367977,274994,0,138,283,1,3,60,828522,1164,75064,22,24,7075,0,-77,-2147483648,35474,4294967295,0,0
3575500499,3575.500499,177577,177544,177544,0,6,8,49166,238,49174,0,0,11,0,0,168,167,32,75064,1,0,367977,275012,0,138,283,1,3,60,828522,2167,75064,22,24,7075,0,-77,-2147483648,285475,4294967295,0,0
3575750501,3575.750501,177589,177557,177557,0,6,8,49166,0,49174,0,0,11,0,0,180,180,32,75064,1,0,367977,275032,0,245,283,1,3,60,828522,1164,75064,21,24,7076,0,-77,-2147483648,35001,4294967295,0,0
3576000501,3576.000501,177602,177569,177569,0,5,8,49166,0,49174,1,0,11,0,0,193,192,32,75064,1,0,367977,275050,0,245,283,1,3,60,828522,2167,75064,21,24,7076,0,-77,-2147483648,285001,4294967295,0,0
3576250503,3576.250503,177614,177582,177582,0,6,8,49166,0,49174,0,0,11,0,0,205,205,32,75064,1,0,367977,275071,0,138,283,1,3,61,828522,2161,75064,22,24,7077,0,-75,-2147483648,32968,4294967295,0,0
3576500503,3576.500503,177627,177594,177594,0,6,8,49166,0,49174,1,0,11,0,0,218,217,32,75064,1,0,367977,275089,0,138,283,1,3,60,828522,2167,75064,21,24,7077,0,-75,-2147483648,282968,4294967295,0,0
3576750505,3576.750505,177639,177607,177607,0,5,8,49166,0,49174,0,0,11,0,0,230,230,32,75064,1,0,367977,275109,0,245,283,1,3,60,828522,2164,75064,21,24,7078,0,-76,-2147483648,31243,4294967295,0,0
3577000517,3577.000517,177652,177620,177620,0,6,8,49166,0,49174,0,0,11,0,0,243,243,32,75064,1,0,367977,275128,0,244,283,1,3,60,828522,1167,75064,22,24,7078,0,-76,-2147483648,281255,4294967295,0,0
3577250517,3577.250517,177664,177632,177632,0,6,8,49166,0,49174,0,0,11,0,0,255,255,32,75064,1,0,367977,275148,0,138,283,0,3,61,828522,2457,75064,22,24,7079,0,-74,-2147483648,31206,4294967295,0,0
3577500519,3577.500519,177677,177645,177645,0,6,8,49166,0,49174,0,0,11,0,0,12,12,32,75064,1,0,367977,275167,0,244,283,0,3,61,828522,1168,75064,21,24,7079,0,-74,-2147483648,281208,4294967295,0,0
3577750520,3577.750520,177689,177657,177657,0,6,8,49166,0,49174,0,0,11,0,0,24,24,32,75064,1,0,367977,275186,0,244,283,1,3,60,828522,2164,75064,22,24,7080,0,-78,-2147483648,30730,4294967295,0,0
3578000520,3578.000520,177702,177669,177669,0,6,8,49166,0,49174,1,0,11,0,0,37,36,32,75064,1,0,367977,275204,0,244,283,0,3,61,828522,2168,75064,22,24,7080,0,-78,-2147483648,280730,4294967295,0,0
3578250520,3578.250520,177714,177682,177682,0,6,8,49166,0,49174,0,0,11,0,0,49,49,32,75064,1,0,367977,275225,0,138,283,1,3,60,828522,2454,75064,21,24,7081,0,-77,-2147483648,19560,4294967295,0,0
3578500521,3578.500521,177727,177694,177694,0,6,8,49166,0,49174,1,0,11,0,0,62,61,32,75064,1,0,367977,275243,0,138,283,1,3,60,828522,2167,75064,22,24,7081,0,-77,-2147483648,269561,4294967295,0,0
3578750523,3578.750523,177739,177707,177707,0,6,8,49166,0,49174,0,0,11,0,0,74,74,32,75064,1,0,367977,275263,0,245,283,1,3,2,828522,2164,75064,21,24,7082,0,-80,-2147483648,17744,4294967295,0,0
3579000524,3579.000524,177752,177720,177720,0,6,8,49166,0,49174,0,0,11,0,0,87,87,32,75064,1,0,367977,275282,0,244,283,1,3,60,828522,2168,75064,22,24,7082,0,-80,-2147483648,267745,4294967295,0,0
3579250524,3579.250524,177764,177732,177732,0,6,8,49166,0,49174,0,0,11,0,0,99,99,32,75064,1,0,367977,275302,0,138,283,1,3,60,828522,1674,75064,22,24,7083,0,-81,-2147483648,16138,4294967295,0,0
3579500526,3579.500526,177777,177745,177745,0,6,8,49166,0,49174,0,0,11,0,0,112,112,32,75064,1,0,367977,275321,0,244,283,1,3,60,828522,1167,75064,22,24,7083,0,-81,-2147483648,266140,4294967295,0,0
3579750527,3579.750527,177789,177757,177757,0,5,8,49166,0,49174,0,0,11,0,0,124,124,32,75064,1,0,367977,275340,0,245,283,1,3,60,828522,2164,75064,21,24,7084,0,-80,-2147483648,15268,4294967295,0,0
3580000527,3580.000527,177802,177769,177769,0,6,8,49166,0,49174,1,0,11,0,0,137,136,32,75064,1,0,367977,275358,0,245,283,0,3,61,828522,2167,75064,21,24,7084,0,-80,-2147483648,265268,4294967295,0,0
3580250529,3580.250529,177814,177782,177782,0,6,8,49166,0,49174,0,0,11,0,0,149,149,32,75064,1,0,367977,275378,0,244,283,0,3,61,828522,2165,75064,22,24,7085,0,-82,-2147483648,13702,4294967295,0,0
3580500531,3580.500531,177827,177795,177795,0,6,8,49166,0,49174,0,0,11,0,0,162,162,32,75064,1,0,367977,275398,0,244,283,0,3,61,828522,2167,75064,22,24,7085,0,-82,-2147483648,263704,4294967295,0,0
3580750531,3580.750531,177839,177807,177807,0,6,8,49166,0,49174,0,0,11,0,0,174,174,32,75064,1,0,367977,275417,0,245,283,0,3,61,828522,1164,75064,21,24,7086,0,-79,-2147483648,11656,4294967295,0,0
3581000533,3581.000533,177852,177820,177820,0,6,8,49166,0,49174,0,0,11,0,0,187,187,32,75064,1,0,367977,275436,0,244,283,1,3,2,828522,2167,75064,22,24,7086,0,-79,-2147483648,261658,4294967295,0,0
3581250534,3581.250534,177864,177832,177832,0,6,8,49166,0,49174,0,0,11,0,0,199,199,32,75064,1,0,367977,275456,0,138,283,1,3,60,828522,2161,75064,22,24,7087,0,-87,-2147483648,10851,4294967295,0,0
3581500535,3581.500535,177877,177844,177844,0,6,8,49166,0,49174,1,0,11,0,0,212,211,32,75064,1,0,367977,275474,0,138,283,1,3,60,828522,2167,75064,22,24,7087,0,-87,-2147483648,260852,4294967295,0,0
3581750535,3581.750535,177889,177857,177857,0,5,8,49166,0,49174,0,0,11,0,0,224,224,32,75064,1,0,367977,275494,0,138,283,0,3,61,828522,2167,75064,22,24,7088,0,-101,-2147483648,10070,4294967295,0,0
3582000535,3582.000535,177902,177869,177869,0,5,8,49166,0,49174,1,0,11,0,0,237,236,32,75064,1,0,367977,275512,0,245,283,1,3,60,828522,2167,75064,21,24,7088,0,-101,-2147483648,260070,4294967295,0,0
3582250536,3582.250536,177914,177882,177882,0,6,8,49166,0,49174,0,0,11,0,0,249,249,32,75064,1,0,367977,275533,0,138,283,1,3,60,828522,2454,75064,21,24,7089,0,-79,-2147483648,10026,4294967295,0,0
3582500537,3582.500537,177927,177894,177894,0,6,8,49166,0,49174,1,0,11,0,0,6,5,32,75064,1,0,367977,275551,0,138,283,1,3,60,828522,2167,75064,22,24,7089,0,-79,-2147483648,260027,4294967295,0,0
3582750537,3582.750537,177939,177907,177907,0,6,8,49166,0,49174,0,0,11,0,0,18,18,32,75064,1,0,367977,275570,0,245,283,1,3,60,828522,2164,75064,21,24,7089,0,-79,-2147483648,510027,4294967295,0,0
3583000539,3583.000539,177952,177919,177919,0,6,8,49166,0,49174,1,0,11,0,0,31,30,32,75064,1,0,367977,275589,0,280,283,1,3,60,828522,2167,75064,21,24,7090,0,-87,-2147483648,249100,4294967295,0,0
3583250540,3583.250540,177964,177932,177932,0,6,8,49166,0,49174,0,0,11,0,0,43,43,32,75064,1,0,367977,275609,0,138,283,1,3,60,828522,2652,75064,22,24,7090,0,-87,-2147483648,499101,4294967295,0,0
3583500542,3583.500542,177977,177944,177944,0,6,8,49166,0,49174,1,0,11,0,0,56,55,32,75064,1,0,367977,275628,0,138,283,1,3,60,828522,2167,75064,22,24,7091,0,-79,-2147483648,248689,4294967295,0,0
3583750542,3583.750542,177989,177957,177957,0,6,8,49166,0,49174,0,0,11,0,0,68,68,32,75064,1,0,367977,275647,0,244,283,1,3,60,828522,2164,75064,22,24,7091,0,-79,-2147483648,498689,4294967295,0,0
3584000544,3584.000544,178002,177969,177969,0,6,8,49166,0,49174,1,0,11,0,0,81,80,32,75064,1,0,367977,275666,0,245,283,1,3,60,828522,2167,75064,21,24,7092,0,-80,-2147483648,248410,4294967295,0,0
3584250545,3584.250545,178014,177982,177982,0,6,8,49166,0,49174,0,0,11,0,0,93,93,32,75064,1,0,367977,275686,0,139,283,0,3,61,828522,1840,75064,22,24,7092,0,-80,-2147483648,498411,4294967295,0,0
3584500546,3584.500546,178027,177994,177994,0,6,8,49166,0,49174,1,0,11,0,0,106,105,32,75064,1,0,367977,275705,0,138,283,1,3,60,828522,2167,75064,22,24,7093,0,-81,-2147483648,248138,4294967295,0,0
3584750548,3584.750548,178039,178007,178007,0,5,8,49166,0,49174,0,0,11,0,0,118,118,32,75064,1,0,367977,275724,0,245,283,1,3,60,828522,2164,75064,21,24,7093,0,-81,-2147483648,498140,4294967295,0,0
3585000550,3585.000550,178052,178019,178019,0,6,8,49166,0,49174,1,0,11,0,0,131,130,32,75064,1,0,367977,275743,0,245,283,1,3,60,828522,2167,75064,21,24,7094,0,-82,-2147483648,247789,4294967295,0,0
3585250551,3585.250551,178064,178032,178032,0,6,8,49166,0,49174,0,0,11,0,0,143,143,32,75064,1,0,367977,275763,0,138,283,1,3,60,828522,2454,75064,22,24,7094,0,-82,-2147483648,497790,4294967295,0,0
3585500551,3585.500551,178077,178044,178044,0,6,8,49166,0,49174,1,0,11,0,0,156,155,32,75064,1,0,367977,275782,0,138,283,1,3,60,828522,2167,75064,22,24,7095,0,-82,-2147483648,245787,4294967295,0,0
3585750552,3585.750552,178089,178057,178057,0,6,8,49166,0,49174,0,0,11,0,0,168,168,32,75064,1,0,367977,275801,0,244,283,1,3,60,828522,2164,75064,22,24,7095,0,-82,-2147483648,495788,4294967295,0,0
3586000565,3586.000565,178102,178070,178070,0,6,8,49166,0,49174,0,0,11,0,0,181,181,32,75064,1,0,367977,275821,0,244,283,1,3,1,828522,2167,75064,21,24,7096,0,-77,-2147483648,244192,4294967295,0,0
3586250565,3586.250565,178114,178082,178082,0,6,8,49166,0,49174,0,0,11,0,0,193,193,32,75064,1,0,367977,275840,0,140,283,1,3,2,828522,1456,75064,21,24,7096,0,-77,-2147483648,494192,4294967295,0,0
3586500566,3586.500566,178127,178094,178094,0,6,8,49166,143,49174,0,0,11,0,0,206,205,32,75064,1,0,367977,275859,0,140,283,0,3,60,828522,2167,75064,22,24,7097,0,-75,-2147483648,243505,4294967295,0,0
3586750568,3586.750568,178139,178107,178107,0,6,8,49166,0,49174,0,0,11,0,0,218,218,32,75064,1,0,367977,275878,0,245,283,1,3,60,828522,2164,75064,22,24,7097,0,-75,-2147483648,493507,4294967295,0,0
3587000572,3587.000572,178152,178120,178120,0,6,8,49166,0,49174,0,0,11,0,0,231,231,32,75064,1,0,367977,275898,0,245,283,1,3,60,828522,2167,75064,22,24,7098,0,-77,-2147483648,241566,4294967295,0,0
3587250573,3587.250573,178164,178132,178132,0,6,8,49166,0,49174,0,0,11,0,0,243,243,32,75064,1,0,367977,275917,0,138,283,1,3,60,828522,2170,75064,21,24,7098,0,-77,-2147483648,491567,4294967295,0,0
3587500573,3587.500573,178177,178144,178144,0,6,8,49166,0,49174,1,0,11,0,0,0,255,32,75064,1,0,367977,275936,0,138,283,1,3,2,828522,2167,75064,22,24,7099,0,-80,-2147483648,240326,4294967295,0,0
3587750575,3587.750575,178189,178157,178157,0,6,8,49166,0,49174,0,0,11,0,0,12,12,32,75064,1,0,367977,275955,0,244,283,1,3,61,828522,2164,75064,22,24,7099,0,-80,-2147483648,490328,4294967295,0,0
3588000575,3588.000575,178202,178169,178169,0,6,8,49166,0,49174,1,0,11,0,0,25,24,32,75064,1,0,367977,275974,0,244,283,1,3,60,828522,2167,75064,22,24,7100,0,-77,-2147483648,227438,4294967295,0,0
3588250575,3588.250575,178214,178182,178182,0,6,8,49166,0,49174,0,0,11,0,0,37,37,32,75064,1,0,367977,275994,0,138,283,0,3,61,828522,2699,75064,22,24,7100,0,-77,-2147483648,477438,4294967295,0,0
3588500576,3588.500576,178227,178194,178194,0,6,8,49166,0,49174,1,0,11,0,0,50,49,32,75064,1,0,367977,276013,0,138,283,1,3,60,828522,2168,75064,22,24,7101,0,-74,-2147483648,225291,4294967295,0,0
3588750577,3588.750577,178239,178207,178207,0,6,8,49166,0,49174,0,0,11,0,0,62,62,32,75064,1,0,367977,276032,0,244,283,1,3,60,828522,2164,75064,22,24,7101,0,-74,-2147483648,475292,4294967295,0,0
3589000579,3589.000579,178252,178219,178219,0,6,8,49166,0,49174,1,0,11,0,0,75,74,32,75064,1,0,367977,276051,0,280,283,1,3,60,828522,2167,75064,22,24,7102,0,-79,-2147483648,223195,4294967295,0,0
3589250580,3589.250580,178264,178232,178232,0,6,8,49166,0,49174,0,0,11,0,0,87,87,32,75064,1,0,367977,276071,0,138,283,1,3,60,828522,2682,75064,22,24,7102,0,-79,-2147483648,473196,4294967295,0,0
3589500582,3589.500582,178277,178244,178244,0,6,8,49166,0,49174,1,0,11,0,0,100,99,32,75064,1,0,367977,276090,0,138,283,1,3,60,828522,2167,75064,21,24,7103,0,-75,-2147483648,222238,4294967295,0,0
3589750582,3589.750582,178289,178257,178257,0,5,8,49166,0,49174,0,0,11,0,0,112,112,32,75064,1,0,367977,276109,0,245,283,1,3,61,828522,2164,75064,21,24,7103,0,-75,-2147483648,472238,4294967295,0,0
3590000583,3590.000583,178302,178269,178269,0,6,8,49166,0,49174,1,0,11,0,0,125,124,32,75064,1,0,367977,276128,0,245,283,1,3,60,828522,2167,75064,21,24,7104,0,-77,-2147483648,221061,4294967295,0,0
3590250583,3590.250583,178314,178282,178282,0,6,8,49166,0,49174,0,0,11,0,0,137,137,32,75064,1,0,367977,276148,0,138,283,1,3,60,828522,2714,75064,22,24,7104,0,-77,-2147483648,471061,4294967295,0,0
3590500583,3590.500583,178327,178294,178294,0,6,8,49166,0,49174,1,0,11,0,0,150,149,32,75064,1,0,367977,276167,0,138,283,1,3,60,828522,2167,75064,22,24,7105,0,-78,-2147483648,208084,4294967295,0,0
3590750585,3590.750585,178339,178307,178307,0,6,8,49166,0,49174,0,0,11,0,0,162,162,32,75064,1,0,367977,276186,0,244,283,1,3,60,828522,2164,75064,22,24,7105,0,-78,-2147483648,458086,4294967295,0,0
3591000585,3591.000585,178352,178319,178319,0,6,8,49166,0,49174,1,0,11,0,0,175,174,32,75064,1,0,367977,276205,0,245,283,1,3,2,828522,2167,75064,22,24,7106,0,-78,-2147483648,207850,4294967295,0,0
3591250585,3591.250585,178364,178332,178332,0,6,8,49166,0,49174,0,0,11,0,0,187,187,32,75064,1,0,367977,276225,0,138,283,1,3,60,828522,2674,75064,22,24,7106,0,-78,-2147483648,457850,4294967295,0,0
3591500586,3591.500586,178377,178344,178344,0,5,8,49166,267,49174,0,0,11,0,0,200,199,32,75064,1,0,367977,276245,0,245,283,1,3,265,828522,2167,75064,21,24,7107,0,-77,-2147483648,206949,4294967295,0,0
3591750586,3591.750586,178389,178357,178357,0,6,8,49166,0,49174,0,0,11,0,0,212,212,32,75064,1,0,367977,276263,0,244,283,1,3,60,828522,2164,75064,22,24,7107,0,-77,-2147483648,456949,4294967295,0,0
3592000587,3592.000587,178402,178369,178369,0,6,8,49166,0,49174,1,0,11,0,0,225,224,32,75064,1,0,367977,276282,0,244,283,1,3,60,828522,2167,75064,22,24,7108,0,-76,-2147483648,206661,4294967295,0,0
3592250588,3592.250588,178414,178382,178382,0,5,8,49166,0,49174,0,0,11,0,0,237,237,32,75064,1,0,367977,276302,0,138,283,1,3,60,828522,2164,75064,21,24,7108,0,-76,-2147483648,456662,4294967295,0,0
3592500601,3592.500601,178427,178395,178395,0,6,8,49166,0,49174,0,0,11,0,0,250,250,32,75064,1,0,367977,276322,0,244,283,1,3,2,828522,2167,75064,22,24,7109,0,-76,-2147483648,204642,4294967295,0,0
3592750601,3592.750601,178439,178407,178407,0,6,8,49166,0,49174,0,0,11,0,0,6,6,32,75064,1,0,367977,276340,0,245,283,1,3,60,828522,2164,75064,21,24,7109,0,-76,-2147483648,454642,4294967295,0,0
3593000601,3593.000601,178452,178420,178420,0,6,8,49166,0,49174,0,0,11,0,0,19,19,32,75064,1,0,367977,276360,0,244,283,0,3,60,828522,2167,75064,22,24,7110,0,-77,-2147483648,203833,4294967295,0,0
3593250602,3593.250602,178464,178432,178432,0,6,8,49166,0,49174,0,0,11,0,0,31,31,32,75064,1,0,367977,276379,0,139,283,1,3,60,828522,2161,75064,22,24,7110,0,-77,-2147483648,453834,4294967295,0,0
3593500604,3593.500604,178477,178444,178444,0,6,8,49166,0,49174,1,0,11,0,0,44,43,32,75064,1,0,367977,276398,0,138,283,1,3,60,828522,2167,75064,22,24,7111,0,-80,-2147483648,202655,4294967295,0,0
3593750605,3593.750605,178489,178457,178457,0,6,8,49166,0,49174,0,0,11,0,0,56,56,32,75064,1,0,367977,276417,0,279,283,1,3,60,828522,2164,75064,22,24,7111,0,-80,-2147483648,452656,4294967295,0,0
3594000605,3594.000605,178502,178469,178469,0,6,8,49166,0,49174,1,0,11,0,0,69,68,32,75064,1,0,367977,276436,0,244,283,1,3,60,828522,2167,75064,22,24,7112,0,-78,-2147483648,202235,4294967295,0,0
3594250607,3594.250607,178514,178482,178482,0,6,8,49166,0,49174,0,0,11,0,0,81,81,32,75064,1,0,367977,276456,0,138,283,1,3,60,828522,2164,75064,22,24,7112,0,-78,-2147483648,452237,4294967295,0,0
3594500607,3594.500607,178527,178494,178494,0,6,8,49166,0,49174,1,0,11,0,0,94,93,32,75064,1,0,367977,276475,0,138,283,1,3,2,828522,2167,75064,22,24,7113,0,-76,-2147483648,201092,4294967295,0,0
3594750609,3594.750609,178539,178507,178507,0,6,8,49166,0,49174,0,0,11,0,0,106,106,32,75064,1,0,367977,276494,0,244,283,1,3,60,828522,1164,75064,21,24,7113,0,-76,-2147483648,451094,4294967295,0,0
3595000609,3595.000609,178552,178520,178520,0,6,8,49166,0,49174,0,0,11,0,0,119,119,32,75064,1,0,367977,276514,0,244,283,1,3,61,828522,2167,75064,22,24,7114,0,-77,-2147483648,188763,4294967295,0,0
3595250609,3595.250609,178564,178532,178532,0,6,8,49166,0,49174,0,0,11,0,0,131,131,32,75064,1,0,367977,276533,0,138,283,1,3,60,828522,2160,75064,22,24,7114,0,-77,-2147483648,438763,4294967295,0,0
3595500611,3595.500611,178577,178544,178544,0,6,8,49166,0,49174,1,0,11,0,0,144,143,32,75064,1,0,367977,276552,0,138,283,1,3,60,828522,2167,75064,22,24,7115,0,-78,-2147483648,187000,4294967295,0,0
3595750612,3595.750612,178589,178557,178557,0,5,8,49166,0,49174,0,0,11,0,0,156,156,32,75064,1,0,367977,276571,0,245,283,1,3,60,828522,2164,75064,22,24,7115,0,-78,-2147483648,437001,4294967295,0,0
3596000613,3596.000613,178602,178569,178569,0,6,8,49166,0,49174,1,0,11,0,0,169,168,32,75064,1,0,367977,276590,0,244,283,1,3,60,828522,2167,75064,22,24,7116,0,-78,-2147483648,185823,4294967295,0,0
3596250613,3596.250613,178614,178582,178582,0,6,8,49166,0,49174,0,0,11,0,0,181,181,32,75064,1,0,367977,276610,0,139,283,1,3,60,828522,2647,75064,22,24,7116,0,-78,-2147483648,435823,4294967295,0,0
3596500615,3596.500615,178627,178594,178594,0,6,8,49166,0,49174,1,0,11,0,0,194,193,32,75064,1,0,367977,276629,0,138,283,1,3,60,828522,2167,75064,22,24,7117,0,-83,-2147483648,185838,4294967295,0,0
3596750616,3596.750616,178639,178607,178607,0,6,8,49166,0,49174,0,0,11,0,0,206,206,32,75064,1,0,367977,276648,0,245,283,1,3,60,828522,2164,75064,21,24,7117,0,-83,-2147483648,435839,4294967295,0,0
3597000616,3597.000616,178652,178620,178620,0,6,8,49166,0,49174,0,0,11,0,0,219,219,32,75064,1,0,367977,276668,0,244,283,1,3,60,828522,1167,75064,21,24,7118,0,-81,-2147483648,185000,4294967295,0,0
3597250618,3597.250618,178664,178632,178632,0,6,8,49166,0,49174,0,0,11,0,0,231,231,32,75064,1,0,367977,276687,0,138,283,1,3,60,828522,2164,75064,21,24,7118,0,-81,-2147483648,435002,4294967295,0,0
3597500618,3597.500618,178677,178644,178644,0,6,8,49166,90,49174,0,0,11,0,0,244,243,32,75064,1,0,367977,276706,0,139,283,0,3,60,828522,2167,75064,22,24,7119,0,-77,-2147483648,184635,4294967295,0,0
3597750618,3597.750618,178689,178657,178657,0,6,8,49166,0,49174,0,0,11,0,0,0,0,32,75064,1,0,367977,276725,0,244,283,1,3,60,828522,2164,75064,22,24,7119,0,-77,-2147483648,434635,4294967295,0,0
3598000620,3598.000620,178702,178670,178670,0,6,8,49166,0,49174,0,0,11,0,0,13,13,32,75064,1,0,367977,276745,0,244,283,1,3,60,828522,1167,75064,22,24,7120,0,-81,-2147483648,183321,4294967295,0,0
3598250620,3598.250620,178714,178682,178682,0,6,8,49166,0,49174,0,0,11,0,0,25,25,32,75064,1,0,367977,276764,0,138,283,1,3,61,828522,2164,75064,21,24,7120,0,-81,-2147483648,433321,4294967295,0,0
3598500622,3598.500622,178727,178695,178695,0,6,8,49166,0,49174,0,0,11,0,0,38,38,32,75064,1,0,367977,276784,0,244,283,1,3,60,828522,2167,75064,22,24,7121,0,-77,-2147483648,181226,4294967295,0,0
3598750622,3598.750622,178739,178707,178707,0,6,8,49166,0,49174,0,0,11,0,0,50,50,32,75064,1,0,367977,276802,0,244,283,1,3,60,828522,2164,75064,22,24,7121,0,-77,-2147483648,431226,4294967295,0,0
3599000624,3599.000624,178752,178720,178720,0,6,8,49166,0,49174,0,0,11,0,0,63,63,32,75064,1,0,367977,276822,0,244,283,0,3,60,828522,2167,75064,22,24,7122,0,-79,-2147483648,180356,4294967295,0,0
3599250626,3599.250626,178764,178732,178732,0,6,8,49166,0,49174,0,0,11,0,0,75,75,32,75064,1,0,367977,276841,0,138,283,1,3,60,828522,2161,75064,21,24,7122,0,-79,-2147483648,430358,4294967295,0,0
3599500647,3599.500647,178777,178744,178744,0,6,8,49166,36,49174,0,0,11,0,0,88,87,32,75064,1,0,367977,276860,0,138,283,0,3,60,828522,2167,75064,21,24,7123,0,-78,-2147483648,167247,4294967295,0,0
3599750648,3599.750648,178789,178757,178757,0,6,8,49166,0,49174,0,0,11,0,0,100,100,32,75064,1,0,367977,276879,0,244,283,1,3,60,828522,2164,75064,22,24,7123,0,-78,-2147483648,417248,4294967295,0,0
3600000649,3600.000649,178802,178769,178769,0,6,8,49166,0,49174,1,0,11,0,0,113,112,32,75064,1,0,367977,276898,0,244,283,1,3,60,828522,2167,75064,22,24,7124,0,-81,-2147483648,165340,4294967295,0,0
3600250651,3600.250651,178814,178782,178782,0,6,8,49166,0,49174,0,0,11,0,0,125,125,32,75064,1,0,367977,276918,0,140,283,1,3,60,828522,1682,75064,21,24,7124,0,-81,-2147483648,415342,4294967295,0,0
3600500651,3600.500651,178827,178795,178795,0,6,8,49166,0,49174,0,0,11,0,0,138,138,32,75064,1,0,367977,276938,0,245,283,0,3,61,828522,2167,75064,21,24,7125,0,-82,-2147483648,163826,4294967295,0,0
3600750652,3600.750652,178839,178807,178807,0,6,8,49166,0,49174,0,0,11,0,0,150,150,32,75064,1,0,367977,276956,0,244,283,1,3,60,828522,2164,75064,22,24,7125,0,-82,-2147483648,413827,4294967295,0,0
3601000654,3601.000654,178852,178820,178820,0,6,8,49166,0,49174,0,0,11,0,0,163,163,32,75064,1,0,367977,276976,0,244,283,1,3,60,828522,2168,75064,22,24,7126,0,-78,-2147483648,162884,4294967295,0,0
3601250656,3601.250656,178864,178832,178832,0,6,8,49166,0,49174,0,0,11,0,0,175,175,32,75064,1,0,367977,276995,0,138,283,1,3,60,828522,1681,75064,21,24,7126,0,-78,-2147483648,412886,4294967295,0,0
3601500658,3601.500658,178877,178845,178845,0,6,8,49166,0,49174,0,0,11,0,0,188,188,32,75064,1,0,367977,277015,0,244,283,1,3,60,828522,2167,75064,22,24,7127,0,-80,-2147483648,161631,4294967295,0,0
3601750659,3601.750659,178889,178857,178857,0,5,8,49166,0,49174,0,0,11,0,0,200,200,32,75064,1,0,367977,277033,0,245,283,1,3,60,828522,2164,75064,21,24,7127,0,-80,-2147483648,411632,4294967295,0,0
3602000659,3602.000659,178902,178869,178869,0,6,8,49166,0,49174,1,0,11,0,0,213,212,32,75064,1,0,367977,277052,0,245,283,1,3,60,828522,1167,75064,21,24,7128,0,-75,-2147483648,160218,4294967295,0,0
3602250659,3602.250659,178914,178882,178882,0,6,8,49166,0,49174,0,0,11,0,0,225,225,32,75064,1,0,367977,277072,0,138,283,1,3,60,828522,2161,75064,22,24,7128,0,-75,-2147483648,410218,4294967295,0,0
3602500659,3602.500659,178927,178894,178894,0,6,8,49166,0,49174,1,0,11,0,0,238,237,32,75064,1,0,367977,277091,0,138,283,1,3,60,828522,2167,75064,22,24,7129,0,-77,-2147483648,148268,4294967295,0,0
3602750660,3602.750660,178939,178907,178907,0,6,8,49166,0,49174,0,0,11,0,0,250,250,32,75064,1,0,367977,277110,0,244,283,1,3,60,828522,1164,75064,22,24,7129,0,-77,-2147483648,398269,4294967295,0,0
3603000662,3603.000662,178952,178919,178919,0,6,8,49166,0,49174,1,0,11,0,0,7,6,32,75064,1,0,367977,277129,0,244,283,1,3,60,828522,1167,75064,22,24,7130,0,-77,-2147483648,146361,4294967295,0,0
3603250663,3603.250663,178964,178932,178932,0,6,8,49166,0,49174,0,0,11,0,0,19,19,32,75064,1,0,367977,277149,0,138,283,1,3,60,828522,2165,75064,22,24,7130,0,-77,-2147483648,396362,4294967295,0,0
3603500669,3603.500669,178977,178945,178945,0,6,8,49166,0,49174,0,0,11,0,0,32,32,32,75064,1,0,367977,277169,0,244,283,0,3,2,828522,2167,75064,22,24,7131,0,-81,-2147483648,146013,4294967295,0,0
3603750669,3603.750669,178989,178957,178957,0,6,8,49166,0,49174,0,0,11,0,0,44,44,32,75064,1,0,367977,277187,0,245,283,1,3,60,828522,2164,75064,21,24,7131,0,-81,-2147483648,396013,4294967295,0,0
3604000671,3604.000671,179002,178969,178969,0,6,8,49166,0,49174,1,0,11,0,0,57,56,32,75064,1,0,367977,277206,0,244,283,1,3,60,828522,2167,75064,22,24,7132,0,-80,-2147483648,145784,4294967295,0,0
3604250673,3604.250673,179014,178982,178982,0,6,8,49166,0,49174,0,0,11,0,0,69,69,32,75064,1,0,367977,277226,0,138,283,1,3,60,828522,1164,75064,21,24,7132,0,-80,-2147483648,395786,4294967295,0,0
3604500673,3604.500673,179027,178994,178994,0,6,8,49166,0,49174,1,0,11,0,0,82,81,32,75064,1,0,367977,277245,0,139,283,1,3,60,828522,2167,75064,22,24,7133,0,-77,-2147483648,144792,4294967295,0,0
3604750675,3604.750675,179039,179007,179007,0,6,8,49166,0,49174,0,0,11,0,0,94,94,32,75064,1,0,367977,277264,0,245,283,1,3,60,828522,2164,75064,22,24,7133,0,-77,-2147483648,394794,4294967295,0,0
3605000675,3605.000675,179052,179020,179020,0,6,8,49166,0,49174,0,0,11,0,0,107,107,32,75064,1,0,367977,277284,0,244,283,1,3,60,828522,2167,75064,21,24,7134,0,-77,-2147483648,143641,4294967295,0,0
3605250677,3605.250677,179064,179032,179032,0,6,8,49166,0,49174,0,0,11,0,0,119,119,32,75064,1,0,367977,277303,0,138,283,1,3,60,828522,1164,75064,22,24,7134,0,-77,-2147483648,393643,4294967295,0,0
3605500679,3605.500679,179077,179045,179045,0,6,8,49166,0,49174,0,0,11,0,0,132,132,32,75064,1,0,367977,277322,0,244,283,1,3,60,828522,1167,75064,22,24,7135,0,-79,-2147483648,142653,4294967295,0,0
3605750681,3605.750681,179089,179057,179057,0,6,8,49166,0,49174,0,0,11,0,0,144,144,32,75064,1,0,367977,277341,0,244,283,1,3,60,828522,2164,75064,22,24,7135,0,-79,-2147483648,392655,4294967295,0,0
3606000682,3606.000682,179102,179069,179069,0,6,8,49166,0,49174,1,0,11,0,0,157,156,32,75064,1,0,367977,277360,0,244,283,1,3,61,828522,2167,75064,22,24,7136,0,-79,-2147483648,141509,4294967295,0,0
3606250682,3606.250682,179114,179082,179082,0,6,8,49166,0,49174,0,0,11,0,0,169,169,32,75064,1,0,367977,277380,0,139,283,1,3,60,828522,2161,75064,21,24,7136,0,-79,-2147483648,391509,4294967295,0,0
3606500694,3606.500694,179127,179095,179095,0,6,8,49166,0,49174,0,0,11,0,0,182,182,32,75064,1,0,367977,277400,0,245,283,0,3,61,828522,1167,75064,21,24,7137,0,-81,-2147483648,140985,4294967295,0,0
3606750694,3606.750694,179139,179107,179107,0,6,8,49166,0,49174,0,0,11,0,0,194,194,32,75064,1,0,367977,277418,0,244,283,1,3,60,828522,2164,75064,22,24,7137,0,-81,-2147483648,390985,4294967295,0,0
3607000786,3607.000786,179152,179119,179119,0,6,8,49166,0,49174,1,0,11,0,0,207,206,32,75064,1,0,367977,277437,0,244,283,1,3,60,828522,2167,75064,22,24,7138,0,-78,-2147483648,140846,4294967295,0,0
3607250788,3607.250788,179164,179132,179132,0,6,8,49166,0,49174,0,0,11,0,0,219,219,32,75064,1,0,367977,277457,0,138,283,1,3,60,828522,2458,75064,22,24,7138,0,-78,-2147483648,390848,4294967295,0,0
3607500797,3607.500797,179177,179145,179145,0,6,8,49166,0,49174,0,0,11,0,0,232,232,32,75064,1,0,367977,277476,0,244,283,1,3,60,828522,2167,75064,22,24,7139,0,-78,-2147483648,140136,4294967295,0,0
3607750797,3607.750797,179189,179157,179157,0,6,8,49166,0,49174,0,0,11,0,0,244,244,32,75064,1,0,367977,277495,0,244,283,1,3,60,828522,2164,75064,22,24,7139,0,-78,-2147483648,390136,4294967295,0,0
3608000797,3608.000797,179202,179169,179169,0,6,8,49166,210,49174,0,0,11,0,0,1,0,32,75064,1,0,367977,277514,0,138,283,0,3,60,828522,2167,75064,22,24,7140,0,-76,-2147483648,140065,4294967295,0,0
3608250797,3608.250797,179214,179182,179182,0,6,8,49166,0,49174,0,0,11,0,0,13,13,32,75064,1,0,367977,277534,0,138,283,1,3,60,828522,2456,75064,22,24,7140,0,-76,-2147483648,390065,4294967295,0,0
3608500798,3608.500798,179227,179195,179195,0,5,8,49166,0,49174,0,0,11,0,0,26,26,32,75064,1,0,367977,277553,0,244,283,1,3,60,828522,2167,75064,22,24,7141,0,-78,-2147483648,126626,4294967295,0,0
3608750799,3608.750799,179239,179207,179207,0,6,8,49166,0,49174,0,0,11,0,0,38,38,32,75064,1,0,367977,277572,0,280,283,1,3,60,828522,2164,75064,21,24,7141,0,-78,-2147483648,376627,4294967295,0,0
3609000801,3609.000801,179252,179219,179219,0,6,8,49166,0,49174,1,0,11,0,0,51,50,32,75064,1,0,367977,277591,0,245,283,1,3,60,828522,2167,75064,22,24,7142,0,-76,-2147483648,124473,4294967295,0,0
3609250802,3609.250802,179264,179232,179232,0,6,8,49166,0,49174,0,0,11,0,0,63,63,32,75064,1,0,367977,277610,0,244,283,1,3,60,828522,1777,75064,22,24,7142,0,-76,-2147483648,374474,4294967295,0,0
3609500802,3609.500802,179277,179245,179245,0,6,8,49166,0,49174,0,0,11,0,0,76,76,32,75064,1,0,367977,277630,0,244,283,0,3,61,828522,1167,75064,21,24,7143,0,-78,-2147483648,124473,4294967295,0,0
3609750804,3609.750804,179289,179257,179257,0,6,8,49166,0,49174,0,0,11,0,0,88,88,32,75064,1,0,367977,277649,0,244,283,1,3,60,828522,2164,75064,22,24,7143,0,-78,-2147483648,374475,4294967295,0,0
3610000806,3610.000806,179302,179269,179269,0,6,8,49166,0,49174,1,0,11,0,0,101,100,32,75064,1,0,367977,277668,0,244,283,1,3,60,828522,1167,75064,22,24,7144,0,-77,-2147483648,122391,4294967295,0,0
3610250808,3610.250808,179314,179282,179282,0,6,8,49166,0,49174,0,0,11,0,0,113,113,32,75064,1,0,367977,277688,0,138,283,1,3,60,828522,2453,75064,22,24,7144,0,-77,-2147483648,372393,4294967295,0,0
3610500809,3610.500809,179327,179294,179294,0,6,8,49166,0,49174,1,0,11,0,0,126,125,32,75064,1,0,367977,277707,0,138,283,1,3,60,828522,2167,75064,22,24,7145,0,-80,-2147483648,121187,4294967295,0,0
3610750810,3610.750810,179339,179307,179307,0,6,8,49166,0,49174,0,0,11,0,0,138,138,32,75064,1,0,367977,277726,0,244,283,1,3,60,828522,2164,75064,22,24,7145,0,-80,-2147483648,371188,4294967295,0,0
3611000811,3611.000811,179352,179319,179319,0,6,8,49166,0,49174,1,0,11,0,0,151,150,32,75064,1,0,367977,277745,0,281,283,0,3,60,828522,2167,75064,21,24,7146,0,-75,-2147483648,108855,4294967295,0,0
3611250811,3611.250811,179364,179332,179332,0,6,8,49166,0,49174,0,0,11,0,0,163,163,32,75064,1,0,367977,277765,0,137,283,0,3,61,828522,2455,75064,22,24,7146,0,-75,-2147483648,358855,4294967295,0,0
3611500811,3611.500811,179377,179344,179344,0,6,8,49166,0,49174,1,0,11,0,0,176,175,32,75064,1,0,367977,277784,0,138,283,1,3,60,828522,2167,75064,22,24,7147,0,-83,-2147483648,107722,4294967295,0,0
3611750812,3611.750812,179389,179357,179357,0,5,8,49166,0,49174,0,0,11,0,0,188,188,32,75064,1,0,367977,277803,0,244,283,1,3,60,828522,2164,75064,22,24,7147,0,-83,-2147483648,357723,4294967295,0,0
3612000813,3612.000813,179402,179370,179370,0,6,8,49166,0,49174,0,0,11,0,0,201,201,32,75064,1,0,367977,277823,0,244,283,1,3,60,828522,2167,75064,22,24,7148,0,-81,-2147483648,107687,4294967295,0,0
3612250813,3612.250813,179414,179382,179382,0,6,8,49166,0,49174,0,0,11,0,0,213,213,32,75064,1,0,367977,277842,0,138,283,1,3,60,828522,2453,75064,21,24,7148,0,-81,-2147483648,357687,4294967295,0,0
3612500829,3612.500829,179427,179394,179394,0,6,8,49166,34,49174,0,0,11,0,0,226,225,32,75064,1,0,367977,277861,0,138,283,1,3,61,828522,2167,75064,22,24,7149,0,-79,-2147483648,106804,4294967295,0,0
3612750831,3612.750831,179439,179407,179407,0,5,8,49166,0,49174,0,0,11,0,0,238,238,32,75064,1,0,367977,277880,0,245,283,1,3,2,828522,2164,75064,21,24,7149,0,-79,-2147483648,356806,4294967295,0,0
3613000832,3613.000832,179452,179420,179420,0,6,8,49166,0,49174,0,0,11,0,0,251,251,32,75064,1,0,367977,277900,0,244,283,0,3,61,828522,1167,75064,22,24,7150,0,-75,-2147483648,106148,4294967295,0,0
3613250834,3613.250834,179464,179432,179432,0,6,8,49166,0,49174,0,0,11,0,0,7,7,32,75064,1,0,367977,277919,0,138,283,0,3,61,828522,2453,75064,22,24,7150,0,-75,-2147483648,356150,4294967295,0,0
3613500835,3613.500835,179477,179445,179445,0,5,8,49166,0,49174,0,0,11,0,0,20,20,32,75064,1,0,367977,277939,0,280,283,1,3,60,828522,2167,75064,22,24,7151,0,-77,-2147483648,105094,4294967295,0,0
3613750835,3613.750835,179489,179457,179457,0,5,8,49166,0,49174,0,0,11,0,0,32,32,32,75064,1,0,367977,277957,0,138,283,1,3,60,828522,2164,75064,22,24,7151,0,-77,-2147483648,355094,4294967295,0,0
3614000835,3614.000835,179502,179470,179470,0,6,8,49166,0,49174,0,0,11,0,0,45,45,32,75064,1,0,367977,277977,0,244,283,1,3,60,828522,2167,75064,21,24,7152,0,-79,-2147483648,104002,4294967295,0,0
3614250835,3614.250835,179514,179482,179482,0,6,8,49166,0,49174,0,0,11,0,0,57,57,32,75064,1,0,367977,277996,0,138,283,1,3,60,828522,2164,75064,22,24,7152,0,-79,-2147483648,354002,4294967295,0,0
3614500835,3614.500835,179527,179494,179494,0,6,8,49166,0,49174,1,0,11,0,0,70,69,32,75064,1,0,367977,278015,0,138,283,1,3,60,828522,2167,75064,22,24,7153,0,-87,-2147483648,102551,4294967295,0,0
3614750836,3614.750836,179539,179507,179507,0,5,8,49166,0,49174,0,0,11,0,0,82,82,32,75064,1,0,367977,278034,0,245,283,1,3,60,828522,2164,75064,21,24,7153,0,-87,-2147483648,352552,4294967295,0,0
3615000837,3615.000837,179552,179519,179519,0,6,8,49166,0,49174,1,0,11,0,0,95,94,32,75064,1,0,367977,278053,0,138,283,1,3,60,828522,2167,75064,22,24,7154,0,-79,-2147483648,102080,4294967295,0,0
3615250837,3615.250837,179564,179532,179532,0,6,8,49166,0,49174,0,0,11,0,0,107,107,32,75064,1,0,367977,278072,0,244,283,1,3,60,828522,1779,75064,22,24,7154,0,-79,-2147483648,352080,4294967295,0,0
3615500839,3615.500839,179577,179545,179545,0,6,8,49166,0,49174,0,0,11,0,0,120,120,32,75064,1,0,367977,278092,0,245,283,0,3,61,828522,2167,75064,21,24,7155,0,-79,-2147483648,101599,4294967295,0,0
3615750841,3615.750841,179589,179557,179557,0,6,8,49166,0,49174,0,0,11,0,0,132,132,32,75064,1,0,367977,278111,0,280,283,1,3,60,828522,2164,75064,21,24,7155,0,-79,-2147483648,351601,4294967295,0,0
3616000843,3616.000843,179602,179569,179569,0,5,8,49166,0,49174,1,0,11,0,0,145,144,32,75064,1,0,367977,278130,0,245,283,1,3,60,828522,2167,75064,21,24,7156,0,-81,-2147483648,100286,4294967295,0,0
3616250843,3616.250843,179614,179582,179582,0,6,8,49166,0,49174,0,0,11,0,0,157,157,32,75064,1,0,367977,278150,0,138,283,1,3,60,828522,2164,75064,22,24,7156,0,-81,-2147483648,350286,4294967295,0,0
3616500845,3616.500845,179627,179594,179594,0,6,8,49166,0,49174,1,0,11,0,0,170,169,32,75064,1,0,367977,278169,0,137,283,1,3,60,828522,2167,75064,21,24,7157,0,-81,-2147483648,88407,4294967295,0,0
3616750847,3616.750847,179639,179607,179607,0,6,8,49166,0,49174,0,0,11,0,0,182,182,32,75064,1,0,367977,278188,0,138,283,1,3,61,828522,2164,75064,22,24,7157,0,-81,-2147483648,338409,4294967295,0,0
3617000849,3617.000849,179652,179620,179620,0,6,8,49166,0,49174,0,0,11,0,0,195,195,32,75064,1,0,367977,278208,0,245,283,0,3,61,828522,1168,75064,21,24,7158,0,-79,-2147483648,87158,4294967295,0,0
3617250850,3617.250850,179664,179632,179632,0,6,8,49166,0,49174,0,0,11,0,0,207,207,32,75064,1,0,367977,278226,0,245,283,1,3,60,828522,1777,75064,21,24,7158,0,-79,-2147483648,337159,4294967295,0,0
3617500850,3617.500850,179677,179644,179644,0,6,8,49166,0,49174,1,0,11,0,0,220,219,32,75064,1,0,367977,278246,0,138,283,1,3,60,828522,2167,75064,22,24,7159,0,-80,-2147483648,86878,4294967295,0,0
3617750852,3617.750852,179689,179657,179657,0,6,8,49166,0,49174,0,0,11,0,0,232,232,32,75064,1,0,367977,278265,0,244,283,1,3,60,828522,2164,75064,22,24,7159,0,-80,-2147483648,336880,4294967295,0,0
3618000852,3618.000852,179702,179669,179669,0,6,8,49166,0,49174,1,0,11,0,0,245,244,32,75064,1,0,367977,278284,0,280,283,0,3,60,828522,2167,75064,21,24,7160,0,-81,-2147483648,85329,4294967295,0,0
3618250853,3618.250853,179714,179682,179682,0,6,8,49166,0,49174,0,0,11,0,0,1,1,32,75064,1,0,367977,278304,0,138,283,0,3,2,828522,2164,75064,22,24,7160,0,-81,-2147483648,335330,4294967295,0,0
3618500854,3618.500854,179727,179694,179694,0,6,8,49166,0,49174,1,0,11,0,0,14,13,32,75064,1,0,367977,278323,0,138,283,1,3,60,828522,2167,75064,22,24,7161,0,-81,-2147483648,84221,4294967295,0,0
3618750856,3618.750856,179739,179707,179707,0,6,8,49166,0,49174,0,0,11,0,0,26,26,32,75064,1,0,367977,278342,0,244,283,0,3,60,828522,2164,75064,22,24,7161,0,-81,-2147483648,334223,4294967295,0,0
3619000866,3619.000866,179752,179719,179719,0,6,8,49166,34,49174,0,0,11,0,0,39,38,32,75064,1,0,367977,278361,0,244,283,1,3,60,828522,2167,75064,22,24,7162,0,-80,-2147483648,83514,4294967295,0,0
3619250867,3619.250867,179764,179732,179732,0,6,8,49166,0,49174,0,0,11,0,0,51,51,32,75064,1,0,367977,278381,0,138,283,1,3,2,828522,2164,75064,22,24,7162,0,-80,-2147483648,333515,4294967295,0,0
3619500888,3619.500888,179777,179744,179744,0,5,8,49166,33,49174,0,0,11,0,0,64,63,32,75064,1,0,367977,278400,0,138,283,1,3,61,828522,2167,75064,22,24,7163,0,-77,-2147483648,83547,4294967295,0,0
3619750890,3619.750890,179789,179757,179757,0,6,8,49166,0,49174,0,0,11,0,0,76,76,32,75064,1,0,367977,278419,0,244,283,1,3,2,828522,2164,75064,22,24,7163,0,-77,-2147483648,333549,4294967295,0,0
3620000910,3620.000910,179802,179770,179770,0,6,8,49166,0,49174,0,0,11,0,0,89,89,32,75064,1,0,367977,278439,0,244,283,1,3,2,828522,2167,75064,22,24,7164,0,-80,-2147483648,81534,4294967295,0,0
3620250911,3620.250911,179814,179782,179782,0,6,8,49166,0,49174,0,0,11,0,0,101,101,32,75064,1,0,367977,278458,0,138,283,1,3,60,828522,2160,75064,21,24,7164,0,-80,-2147483648,331535,4294967295,0,0
3620500919,3620.500919,179827,179795,179795,0,6,8,49166,0,49174,0,0,11,0,0,114,114,32,75064,1,0,367977,278478,0,244,283,0,3,2,828522,2167,75064,22,24,7165,0,-86,-2147483648,80976,4294967295,0,0
3620750920,3620.750920,179839,179807,179807,0,6,8,49166,0,49174,0,0,11,0,0,126,126,32,75064,1,0,367977,278496,0,244,283,1,3,60,828522,2164,75064,22,24,7165,0,-86,-2147483648,330977,4294967295,0,0
3621000920,3621.000920,179852,179820,179820,0,6,8,49166,0,49174,0,0,11,0,0,139,139,32,75064,1,0,367977,278516,0,244,283,1,3,60,828522,1167,75064,22,24,7166,0,-78,-2147483648,69681,4294967295,0,0
3621250921,3621.250921,179864,179832,179832,0,6,8,49166,0,49174,0,0,11,0,0,151,151,32,75064,1,0,367977,278535,0,138,283,1,3,60,828522,2161,75064,22,24,7166,0,-78,-2147483648,319682,4294967295,0,0
3621500922,3621.500922,179877,179845,179845,0,6,8,49166,0,49174,0,0,11,0,0,164,164,32,75064,1,0,367977,278555,0,244,283,0,3,61,828522,1167,75064,22,24,7167,0,-78,-2147483648,68257,4294967295,0,0
3621750924,3621.750924,179889,179857,179857,0,6,8,49166,0,49174,0,0,11,0,0,176,176,32,75064,1,0,367977,278573,0,244,283,0,3,61,828522,1164,75064,22,24,7167,0,-78,-2147483648,318259,4294967295,0,0
3622000924,3622.000924,179902,179869,179869,0,6,8,49166,0,49174,1,0,11,0,0,189,188,32,75064,1,0,367977,278592,0,244,283,1,3,2,828522,2167,75064,22,24,7168,0,-85,-2147483648,67055,4294967295,0,0
3622250924,3622.250924,179914,179882,179882,0,6,8,49166,0,49174,0,0,11,0,0,201,201,32,75064,1,0,367977,278612,0,138,283,1,3,60,828522,2164,75064,22,24,7168,0,-85,-2147483648,317055,4294967295,0,0
3622500925,3622.500925,179927,179895,179895,0,6,8,49166,0,49174,0,0,11,0,0,214,214,32,75064,1,0,367977,278632,0,244,283,1,3,60,828522,1167,75064,22,24,7169,0,-81,-2147483648,66090,4294967295,0,0
3622750925,3622.750925,179939,179907,179907,0,6,8,49166,0,49174,0,0,11,0,0,226,226,32,75064,1,0,367977,278650,0,139,283,1,3,61,828522,2164,75064,22,24,7169,0,-81,-2147483648,316090,4294967295,0,0
3623000927,3623.000927,179952,179919,179919,0,5,8,49166,0,49174,1,0,11,0,0,239,238,32,75064,1,0,367977,278669,0,138,283,1,3,60,828522,1167,75064,21,24,7170,0,-77,-2147483648,64604,4294967295,0,0
3623250928,3623.250928,179964,179932,179932,0,6,8,49166,0,49174,0,0,11,0,0,251,251,32,75064,1,0,367977,278688,0,244,283,1,3,60,828522,2758,75064,22,24,7170,0,-77,-2147483648,314605,4294967295,0,0
3623500929,3623.500929,179977,179945,179945,0,6,8,49166,0,49174,0,0,11,0,0,8,8,32,75064,1,0,367977,278708,0,244,283,1,3,60,828522,2167,75064,22,24,7171,0,-79,-2147483648,63245,4294967295,0,0
3623750931,3623.750931,179989,179957,179957,0,6,8,49166,0,49174,0,0,11,0,0,20,20,32,75064,1,0,367977,278727,0,138,283,0,3,61,828522,2164,75064,22,24,7171,0,-79,-2147483648,313247,4294967295,0,0
3624000933,3624.000933,180002,179969,179969,0,6,8,49166,0,49174,1,0,11,0,0,33,32,32,75064,1,0,367977,278746,0,138,283,1,3,60,828522,2167,75064,22,24,7172,0,-80,-2147483648,62349,4294967295,0,0
3624250934,3624.250934,180014,179982,179982,0,6,8,49166,0,49174,0,0,11,0,0,45,45,32,75064,1,0,367977,278766,0,138,283,1,3,60,828522,2164,75064,22,24,7172,0,-80,-2147483648,312350,4294967295,0,0
3624500935,3624.500935,180027,179994,179994,0,6,8,49166,0,49174,1,0,11,0,0,58,57,32,75064,1,0,367977,278784,0,138,283,1,3,60,828522,2167,75064,21,24,7173,0,-97,-2147483648,61568,4294967295,0,0
3624750937,3624.750937,180039,180007,180007,0,6,8,49166,0,49174,0,0,11,0,0,70,70,32,75064,1,0,367977,278804,0,244,283,0,3,61,828522,2165,75064,22,24,7173,0,-97,-2147483648,311570,4294967295,0,0
3625000937,3625.000937,180052,180019,180019,0,5,8,49166,0,49174,1,0,11,0,0,83,82,32,75064,1,0,367977,278823,0,244,283,1,3,60,828522,2167,75064,22,24,7174,0,-86,-2147483648,61215,4294967295,0,0
3625250937,3625.250937,180064,180032,180032,0,6,8,49166,0,49174,0,0,11,0,0,95,95,32,75064,1,0,367977,278843,0,138,283,1,3,60,828522,2164,75064,22,24,7174,0,-86,-2147483648,311215,4294967295,0,0
3625500937,3625.500937,180077,180044,180044,0,6,8,49166,0,49174,1,0,11,0,0,108,107,32,75064,1,0,367977,278862,0,138,283,1,3,61,828522,2167,75064,22,24,7175,0,-80,-2147483648,49294,4294967295,0,0
3625750937,3625.750937,180089,180057,180057,0,6,8,49166,0,49174,0,0,11,0,0,120,120,32,75064,1,0,367977,278881,0,138,283,1,3,60,828522,2164,75064,22,24,7175,0,-80,-2147483648,299294,4294967295,0,0
3626000937,3626.000937,180102,180070,180070,0,6,8,49166,0,49174,0,0,11,0,0,133,133,32,75064,1,0,367977,278901,0,244,283,1,3,60,828522,2167,75064,22,24,7176,0,-78,-2147483648,47185,4294967295,0,0
3626250939,3626.250939,180114,180082,180082,0,6,8,49166,0,49174,0,0,11,0,0,145,145,32,75064,1,0,367977,278920,0,138,283,1,3,60,828522,2164,75064,22,24,7176,0,-78,-2147483648,297187,4294967295,0,0
3626500941,3626.500941,180127,180094,180094,0,6,8,49166,211,49174,0,0,11,0,0,158,157,32,75064,1,0,367977,278939,0,138,283,1,3,60,828522,2167,75064,22,24,7177,0,-77,-2147483648,47139,4294967295,0,0
3626750941,3626.750941,180139,180107,180107,0,5,8,49166,0,49174,0,0,11,0,0,170,170,32,75064,1,0,367977,278958,0,138,283,1,3,60,828522,2164,75064,22,24,7177,0,-77,-2147483648,297139,4294967295,0,0
3627000965,3627.000965,180152,180120,180120,0,6,8,49166,0,49174,0,0,11,0,0,183,183,32,75064,1,0,367977,278978,0,244,283,1,3,2,828522,2167,75064,22,24,7178,0,-80,-2147483648,44978,4294967295,0,0
3627250967,3627.250967,180164,180132,180132,0,6,8,49166,0,49174,0,0,11,0,0,195,195,32,75064,1,0,367977,278997,0,138,283,0,3,61,828522,2165,75064,21,24,7178,0,-80,-2147483648,294980,4294967295,0,0
3627500968,3627.500968,180177,180145,180145,0,6,8,49166,0,49174,0,0,11,0,0,208,208,32,75064,1,0,367977,279017,0,244,283,1,3,60,828522,1167,75064,22,24,7179,0,-82,-2147483648,45014,4294967295,0,0
3627750968,3627.750968,180189,180157,180157,0,6,8,49166,0,49174,0,0,11,0,0,220,220,32,75064,1,0,367977,279035,0,244,283,1,3,60,828522,2165,75064,22,24,7179,0,-82,-2147483648,295014,4294967295,0,0
3628000974,3628.000974,180202,180170,180170,0,6,8,49166,0,49174,0,0,11,0,0,233,233,32,75064,1,0,367977,279055,0,245,283,1,3,60,828522,2168,75064,21,24,7180,0,-96,-2147483648,44484,4294967295,0,0
3628250976,3628.250976,180214,180182,180182,0,6,8,49166,0,49174,0,0,11,0,0,245,245,32,75064,1,0,367977,279074,0,137,283,1,3,60,828522,1164,75064,21,24,7180,0,-96,-2147483648,294486,4294967295,0,0
3628500978,3628.500978,180227,180194,180194,0,6,8,49166,263,49174,0,0,11,0,0,2,1,32,75064,1,0,367977,279094,0,245,283,1,3,60,828522,2167,75064,21,24,7181,0,-78,-2147483648,43379,4294967295,0,0
3628750979,3628.750979,180239,180207,180207,0,6,8,49166,0,49174,0,0,11,0,0,14,14,32,75064,1,0,367977,279112,0,138,283,1,3,60,828522,2164,75064,22,24,7181,0,-78,-2147483648,293380,4294967295,0,0
3629000981,3629.000981,180252,180219,180219,0,6,8,49166,0,49174,1,0,11,0,0,27,26,32,75064,1,0,367977,279131,0,244,283,0,3,61,828522,2167,75064,22,24,7182,0,-80,-2147483648,41257,4294967295,0,0
3629250982,3629.250982,180264,180232,180232,0,6,8,49166,0,49174,0,0,11,0,0,39,39,32,75064,1,0,367977,279151,0,138,283,1,3,60,828522,1164,75064,21,24,7182,0,-80,-2147483648,291258,4294967295,0,0
3629500997,3629.500997,180277,180245,180245,0,6,8,49166,0,49174,0,0,11,0,0,52,52,32,75064,1,0,367977,279171,0,244,283,1,3,1,828522,2167,75064,22,24,7183,0,-78,-2147483648,29122,4294967295,0,0
3629750997,3629.750997,180289,180257,180257,0,6,8,49166,0,49174,0,0,11,0,0,64,64,32,75064,1,0,367977,279189,0,138,283,1,3,60,828522,2164,75064,22,24,7183,0,-78,-2147483648,279122,4294967295,0,0
3630000998,3630.000998,180302,180269,180269,0,6,8,49166,0,49174,1,0,11,0,0,77,76,32,75064,1,0,367977,279208,0,244,283,1,3,60,828522,2167,75064,22,24,7184,0,-76,-2147483648,28037,4294967295,0,0
3630250999,3630.250999,180314,180282,180282,0,6,8,49166,0,49174,0,0,11,0,0,89,89,32,75064,1,0,367977,279228,0,138,283,1,3,60,828522,2720,75064,22,24,7184,0,-76,-2147483648,278038,4294967295,0,0
3630501015,3630.501015,180327,180294,180294,0,6,8,49166,50,49174,0,0,11,0,0,102,101,32,75064,1,0,367977,279247,0,138,283,0,3,61,828522,2169,75064,22,24,7185,0,-82,-2147483648,27577,4294967295,0,0
3630751017,3630.751017,180339,180307,180307,0,6,8,49166,0,49174,0,0,11,0,0,114,114,32,75064,1,0,367977,279266,0,280,283,1,3,60,828522,2164,75064,22,24,7185,0,-82,-2147483648,277579,4294967295,0,0
3631001018,3631.001018,180352,180319,180319,0,6,8,49166,0,49174,1,0,11,0,0,127,126,32,75064,1,0,367977,279285,0,244,283,1,3,60,828522,2167,75064,22,24,7186,0,-74,-2147483648,25843,4294967295,0,0
3631251020,3631.251020,180364,180332,180332,0,6,8,49166,0,49174,0,0,11,0,0,139,139,32,75064,1,0,367977,279304,0,244,283,1,3,60,828522,2164,75064,22,24,7186,0,-74,-2147483648,275845,4294967295,0,0
3631501021,3631.501021,180377,180344,180344,0,6,8,49166,0,49174,1,0,11,0,0,152,151,32,75064,1,0,367977,279324,0,138,283,1,3,60,828522,1167,75064,22,24,7187,0,-78,-2147483648,24460,4294967295,0,0
3631751022,3631.751022,180389,180357,180357,0,5,8,49166,0,49174,0,0,11,0,0,164,164,32,75064,1,0,367977,279343,0,244,283,1,3,60,828522,1164,75064,22,24,7187,0,-78,-2147483648,274461,4294967295,0,0
3632001024,3632.001024,180402,180369,180369,0,5,8,49166,0,49174,1,0,11,0,0,177,176,32,75064,1,0,367977,279362,0,138,283,1,3,60,828522,1167,75064,21,24,7188,0,-76,-2147483648,22340,4294967295,0,0
3632251026,3632.251026,180414,180382,180382,0,6,8,49166,0,49174,0,0,11,0,0,189,189,32,75064,1,0,367977,279382,0,138,283,1,3,60,828522,2164,75064,22,24,7188,0,-76,-2147483648,272342,4294967295,0,0
3632501026,3632.501026,180427,180394,180394,0,6,8,49166,48,49174,0,0,11,0,0,202,201,32,75064,1,0,367977,279401,0,138,283,0,3,60,828522,2167,75064,21,24,7189,0,-79,-2147483648,20180,4294967295,0,0
3632751026,3632.751026,180439,180407,180407,0,6,8,49166,0,49174,0,0,11,0,0,214,214,32,75064,1,0,367977,279420,0,244,283,1,3,60,828522,2164,75064,22,24,7189,0,-79,-2147483648,270180,4294967295,0,0
3633001028,3633.001028,180452,180420,180420,0,6,8,49166,0,49174,0,0,11,0,0,227,227,32,75064,1,0,367977,279440,0,244,283,1,3,60,828522,2167,75064,22,24,7190,0,-75,-2147483648,8129,4294967295,0,0
3633251030,3633.251030,180464,180432,180432,0,6,8,49166,0,49174,0,0,11,0,0,239,239,32,75064,1,0,367977,279459,0,138,283,1,3,60,828522,1164,75064,22,24,7190,0,-75,-2147483648,258131,4294967295,0,0
3633501030,3633.501030,180477,180444,180444,0,6,8,49166,0,49174,1,0,11,0,0,252,251,32,75064,1,0,367977,279477,0,138,283,0,3,60,828522,2167,75064,22,24,7191,0,-78,-2147483648,6949,4294967295,0,0
3633751030,3633.751030,180489,180457,180457,0,6,8,49166,0,49174,0,0,11,0,0,8,8,32,75064,1,0,367977,279497,0,139,283,1,3,60,828522,2164,75064,22,24,7191,0,-78,-2147483648,256949,4294967295,0,0
3634001031,3634.001031,180502,180470,180470,0,6,8,49166,0,49174,0,0,11,0,0,21,21,32,75064,1,0,367977,279517,0,244,283,1,3,60,828522,2167,75064,21,24,7192,0,-82,-2147483648,6471,4294967295,0,0
3634251033,3634.251033,180514,180482,180482,0,6,8,49166,0,49174,0,0,11,0,0,33,33,32,75064,1,0,367977,279536,0,138,283,1,3,60,828522,2164,75064,22,24,7192,0,-82,-2147483648,256473,4294967295,0,0
3634501035,3634.501035,180527,180494,180494,0,6,8,49166,0,49174,1,0,11,0,0,46,45,32,75064,1,0,367977,279555,0,138,283,1,3,60,828522,2167,75064,21,24,7193,0,-80,-2147483648,5178,4294967295,0,0
3634751037,3634.751037,180539,180507,180507,0,5,8,49166,0,49174,0,0,11,0,0,58,58,32,75064,1,0,367977,279574,0,138,283,1,3,60,828522,2164,75064,22,24,7193,0,-80,-2147483648,255180,4294967295,0,0
3635001038,3635.001038,180552,180519,180519,0,6,8,49166,0,49174,1,0,11,0,0,71,70,32,75064,1,0,367977,279593,0,138,283,1,3,60,828522,2167,75064,22,24,7194,0,-75,-2147483648,4610,4294967295,0,0
3635251039,3635.251039,180564,180532,180532,0,6,8,49166,0,49174,0,0,11,0,0,83,83,32,75064,1,0,367977,279613,0,138,283,1,3,1,828522,2164,75064,22,24,7194,0,-75,-2147483648,254611,4294967295,0,0
3635501041,3635.501041,180577,180544,180544,0,6,8,49166,0,49174,1,0,11,0,0,96,95,32,75064,1,0,367977,279631,0,138,283,1,3,60,828522,2168,75064,22,24,7195,0,-83,-2147483648,4600,4294967295,0,0
3635751043,3635.751043,180589,180557,180557,0,6,8,49166,0,49174,0,0,11,0,0,108,108,32,75064,1,0,367977,279651,0,138,283,1,3,60,828522,1164,75064,21,24,7195,0,-83,-2147483648,254602,4294967295,0,0
3636001044,3636.001044,180602,180569,180569,0,6,8,49166,214,49174,0,0,11,0,0,121,120,32,75064,1,0,367977,279670,0,138,283,0,3,60,828522,2167,75064,21,24,7196,0,-79,-2147483648,3546,4294967295,0,0
3636251046,3636.251046,180614,180582,180582,0,6,8,49166,0,49174,0,0,11,0,0,133,133,32,75064,1,0,367977,279689,0,244,283,1,3,60,828522,2164,75064,22,24,7196,0,-79,-2147483648,253548,4294967295,0,0
3636501046,3636.501046,180627,180595,180595,0,6,8,49166,0,49174,0,0,11,0,0,146,146,32,75064,1,0,367977,279710,0,244,283,1,3,60,828522,2101,75064,22,24,7197,0,-82,-2147483648,1791,4294967295,0,0
3636751047,3636.751047,180639,180607,180607,0,6,8,49166,0,49174,0,0,11,0,0,158,158,32,75064,1,0,367977,279728,0,244,283,0,3,61,828522,2164,75064,22,24,7197,0,-82,-2147483648,251792,4294967295,0,0
3637001048,3637.001048,180652,180619,180619,0,6,8,49166,0,49174,1,0,11,0,0,171,170,32,75064,1,0,367977,279747,0,138,283,0,3,61,828522,2167,75064,22,24,7198,0,-80,-2147483648,975,4294967295,0,0
3637251049,3637.251049,180664,180632,180632,0,6,8,49166,0,49174,0,0,11,0,0,183,183,32,75064,1,0,367977,279766,0,244,283,1,3,60,828522,2164,75064,22,24,7198,0,-80,-2147483648,250976,4294967295,0,0
3637501051,3637.501051,180677,180645,180645,0,6,8,49166,0,49174,0,0,11,0,0,196,196,32,75064,1,0,367977,279786,0,245,283,0,3,61,828522,2167,75064,21,24,7198,0,-80,-2147483648,500978,4294967295,0,0
3637751052,3637.751052,180689,180657,180657,0,5,8,49166,0,49174,0,0,11,0,0,208,208,32,75064,1,0,367977,279805,0,244,283,1,3,60,828522,2165,75064,22,24,7199,0,-81,-2147483648,239322,4294967295,0,0
3638001075,3638.001075,180702,180670,180670,0,6,8,49166,0,49174,0,0,11,0,0,221,221,32,75064,1,0,367977,279824,0,244,283,0,3,2,828522,2167,75064,22,24,7199,0,-81,-2147483648,489345,4294967295,0,0
3638251076,3638.251076,180714,180682,180682,0,6,8,49166,0,49174,0,0,11,0,0,233,233,32,75064,1,0,367977,279843,0,244,283,1,3,60,828522,1164,75064,22,24,7200,0,-80,-2147483648,239084,4294967295,0,0
3638501078,3638.501078,180727,180694,180694,0,6,8,49166,0,49174,1,0,11,0,0,246,245,32,75064,1,0,367977,279862,0,138,283,1,3,60,828522,2168,75064,21,24,7200,0,-80,-2147483648,489086,4294967295,0,0
3638751079,3638.751079,180739,180707,180707,0,5,8,49166,0,49174,0,0,11,0,0,2,2,32,75064,1,0,367977,279882,0,138,283,1,3,60,828522,2164,75064,22,24,7201,0,-75,-2147483648,238153,4294967295,0,0
3639001080,3639.001080,180752,180720,180720,0,6,8,49166,0,49174,0,0,11,0,0,15,15,32,75064,1,0,367977,279901,0,245,283,0,3,61,828522,1167,75064,21,24,7201,0,-75,-2147483648,488154,4294967295,0,0
3639251081,3639.251081,180764,180732,180732,0,6,8,49166,0,49174,0,0,11,0,0,27,27,32,75064,1,0,367977,279921,0,138,283,1,3,60,828522,2165,75064,22,24,7202,0,-75,-2147483648,236946,4294967295,0,0
3639501082,3639.501082,180777,180745,180745,0,5,8,49166,0,49174,0,0,11,0,0,40,40,32,75064,1,0,367977,279940,0,245,283,1,3,60,828522,2167,75064,21,24,7202,0,-75,-2147483648,486947,4294967295,0,0
3639751082,3639.751082,180789,180757,180757,0,6,8,49166,0,49174,0,0,11,0,0,52,52,32,75064,1,0,367977,279959,0,244,283,1,3,60,828522,2164,75064,22,24,7203,0,-77,-2147483648,235023,4294967295,0,0
3640001083,3640.001083,180802,180770,180770,0,6,8,49166,0,49174,0,0,11,0,0,65,65,32,75064,1,0,367977,279978,0,244,283,1,3,60,828522,1167,75064,22,24,7203,0,-77,-2147483648,485024,4294967295,0,0
3640251083,3640.251083,180814,180782,180782,0,6,8,49166,0,49174,0,0,11,0,0,77,77,32,75064,1,0,367977,279997,0,244,283,1,3,60,828522,2164,75064,22,24,7204,0,-78,-2147483648,232850,4294967295,0,0
3640501083,3640.501083,180827,180794,180794,0,6,8,49166,0,49174,1,0,11,0,0,90,89,32,75064,1,0,367977,280016,0,138,283,1,3,60,828522,2167,75064,22,24,7204,0,-78,-2147483648,482850,4294967295,0,0
3640751083,3640.751083,180839,180807,180807,0,6,8,49166,0,49174,0,0,11,0,0,102,102,32,75064,1,0,367977,280036,0,244,283,1,3,60,828522,2164,75064,21,24,7205,0,-79,-2147483648,232494,4294967295,0,0
3641001084,3641.001084,180852,180819,180819,0,6,8,49166,0,49174,1,0,11,0,0,115,114,32,75064,1,0,367977,280054,0,138,283,1,3,60,828522,2167,75064,22,24,7205,0,-79,-2147483648,482495,4294967295,0,0
3641251086,3641.251086,180864,180832,180832,0,6,8,49166,0,49174,0,0,11,0,0,127,127,32,75064,1,0,367977,280074,0,245,283,1,3,2,828522,2164,75064,22,24,7206,0,-75,-2147483648,230413,4294967295,0,0
3641501087,3641.501087,180877,180844,180844,0,6,8,49166,308,49174,0,0,11,0,0,140,139,32,75064,1,0,367977,280094,0,281,283,1,3,300,828522,2167,75064,21,24,7206,0,-75,-2147483648,480414,4294967295,0,0
3641751087,3641.751087,180889,180857,180857,0,6,8,49166,0,49174,0,0,11,0,0,152,152,32,75064,1,0,367977,280113,0,244,283,1,3,60,828522,2164,75064,22,24,7207,0,-81,-2147483648,219689,4294967295,0,0
3642001087,3642.001087,180902,180870,180870,0,6,8,49166,0,49174,0,0,11,0,0,165,165,32,75064,1,0,367977,280132,0,244,283,1,3,60,828522,2167,75064,22,24,7207,0,-81,-2147483648,469689,4294967295,0,0
3642251088,3642.251088,180914,180882,180882,0,6,8,49166,0,49174,0,0,11,0,0,177,177,32,75064,1,0,367977,280151,0,280,283,1,3,60,828522,2164,75064,21,24,7208,0,-77,-2147483648,218293,4294967295,0,0
3642501090,3642.501090,180927,180894,180894,0,6,8,49166,0,49174,1,0,11,0,0,190,189,32,75064,1,0,367977,280169,0,244,283,1,3,60,828522,2167,75064,22,24,7208,0,-77,-2147483648,468295,4294967295,0,0
3642751092,3642.751092,180939,180907,180907,0,6,8,49166,0,49174,0,0,11,0,0,202,202,32,75064,1,0,367977,280189,0,244,283,1,3,60,828522,2164,75064,22,24,7209,0,-75,-2147483648,216103,4294967295,0,0
3643001092,3643.001092,180952,180919,180919,0,5,8,49166,0,49174,1,0,11,0,0,215,214,32,75064,1,0,367977,280208,0,138,283,1,3,60,828522,2167,75064,22,24,7209,0,-75,-2147483648,466103,4294967295,0,0
3643251094,3643.251094,180964,180932,180932,0,6,8,49166,0,49174,0,0,11,0,0,227,227,32,75064,1,0,367977,280228,0,244,283,1,3,60,828522,2164,75064,22,24,7210,0,-74,-2147483648,214817,4294967295,0,0
3643501095,3643.501095,180977,180945,180945,0,6,8,49166,0,49174,0,0,11,0,0,240,240,32,75064,1,0,367977,280247,0,244,283,0,3,61,828522,2167,75064,22,24,7210,0,-74,-2147483648,464818,4294967295,0,0
3643751097,3643.751097,180989,180957,180957,0,6,8,49166,0,49174,0,0,11,0,0,252,252,32,75064,1,0,367977,280267,0,138,283,1,3,60,828522,2164,75064,21,24,7211,0,-77,-2147483648,214802,4294967295,0,0
3644001097,3644.001097,181002,180970,180970,0,6,8,49166,0,49174,0,0,11,0,0,9,9,32,75064,1,0,367977,280286,0,244,283,1,3,61,828522,2167,75064,22,24,7211,0,-77,-2147483648,464802,4294967295,0,0
3644251099,3644.251099,181014,180982,180982,0,6,8,49166,0,49174,0,0,11,0,0,21,21,32,75064,1,0,367977,280305,0,244,283,1,3,60,828522,1164,75064,22,24,7212,0,-82,-2147483648,214050,4294967295,0,0
3644501100,3644.501100,181027,180994,180994,0,6,8,49166,0,49174,1,0,11,0,0,34,33,32,75064,1,0,367977,280324,0,138,283,1,3,60,828522,2167,75064,21,24,7212,0,-82,-2147483648,464051,4294967295,0,0
3644751102,3644.751102,181039,181007,181007,0,5,8,49166,0,49174,0,0,11,0,0,46,46,32,75064,1,0,367977,280344,0,138,283,1,3,60,828522,2164,75064,21,24,7213,0,-83,-2147483648,212355,4294967295,0,0
3645001102,3645.001102,181052,181020,181020,0,6,8,49166,0,49174,0,0,11,0,0,59,59,32,75064,1,0,367977,280363,0,244,283,1,3,60,828522,2167,75064,22,24,7213,0,-83,-2147483648,462355,4294967295,0,0
3645251102,3645.251102,181064,181032,181032,0,6,8,49166,0,49174,0,0,11,0,0,71,71,32,75064,1,0,367977,280382,0,244,283,1,3,60,828522,2164,75064,21,24,7214,0,-84,-2147483648,210530,4294967295,0,0
3645501104,3645.501104,181077,181044,181044,0,6,8,49166,0,49174,1,0,11,0,0,84,83,32,75064,1,0,367977,280401,0,138,283,1,3,60,828522,2167,75064,21,24,7214,0,-84,-2147483648,460532,4294967295,0,0
3645751104,3645.751104,181089,181057,181057,0,6,8,49166,0,49174,0,0,11,0,0,96,96,32,75064,1,0,367977,280421,0,138,283,1,3,60,828522,2164,75064,22,24,7215,0,-81,-2147483648,198201,4294967295,0,0
3646001105,3646.001105,181102,181070,181070,0,6,8,49166,0,49174,0,0,11,0,0,109,109,32,75064,1,0,367977,280439,0,245,283,1,3,60,828522,2167,75064,21,24,7215,0,-81,-2147483648,448202,4294967295,0,0
3646251106,3646.251106,181114,181082,181082,0,6,8,49166,0,49174,0,0,11,0,0,121,121,32,75064,1,0,367977,280460,0,138,283,1,3,60,828522,2164,75064,22,24,7216,0,-80,-2147483648,198128,4294967295,0,0
3646501107,3646.501107,181127,181094,181094,0,6,8,49166,0,49174,1,0,11,0,0,134,133,32,75064,1,0,367977,280477,0,244,283,1,3,60,828522,2167,75064,21,24,7216,0,-80,-2147483648,448129,4294967295,0,0
3646751109,3646.751109,181139,181107,181107,0,5,8,49166,0,49174,0,0,11,0,0,146,146,32,75064,1,0,367977,280498,0,244,283,1,3,60,828522,2164,75064,22,24,7217,0,-75,-2147483648,197657,4294967295,0,0
3647001111,3647.001111,181152,181119,181119,0,6,8,49166,0,49174,1,0,11,0,0,159,158,32,75064,1,0,367977,280516,0,244,283,1,3,60,828522,2167,75064,22,24,7217,0,-75,-2147483648,447659,4294967295,0,0
3647251113,3647.251113,181164,181132,181132,0,6,8,49166,0,49174,0,0,11,0,0,171,171,32,75064,1,0,367977,280536,0,244,283,1,3,60,828522,2164,75064,22,24,7218,0,-75,-2147483648,197429,4294967295,0,0
3647501114,3647.501114,181177,181145,181145,0,6,8,49166,0,49174,0,0,11,0,0,184,184,32,75064,1,0,367977,280555,0,244,283,1,3,60,828522,2167,75064,22,24,7218,0,-75,-2147483648,447430,4294967295,0,0
3647751114,3647.751114,181189,181157,181157,0,6,8,49166,0,49174,0,0,11,0,0,196,196,32,75064,1,0,367977,280575,0,244,283,1,3,60,828522,2164,75064,22,24,7219,0,-88,-2147483648,197073,4294967295,0,0
3648001116,3648.001116,181202,181170,181170,0,6,8,49166,0,49174,0,0,11,0,0,209,209,32,75064,1,0,367977,280594,0,244,283,1,3,60,828522,2167,75064,22,24,7219,0,-88,-2147483648,447075,4294967295,0,0
3648251116,3648.251116,181214,181182,181182,0,6,8,49166,0,49174,0,0,11,0,0,221,221,32,75064,1,0,367977,280613,0,280,283,0,3,61,828522,2164,75064,21,24,7220,0,-88,-2147483648,196387,4294967295,0,0
3648501116,3648.501116,181227,181195,181195,0,6,8,49166,0,49174,0,0,11,0,0,234,234,32,75064,1,0,367977,280632,0,244,283,1,3,60,828522,2167,75064,22,24,7220,0,-88,-2147483648,446387,4294967295,0,0
3648751117,3648.751117,181239,181207,181207,0,6,8,49166,0,49174,0,0,11,0,0,246,246,32,75064,1,0,367977,280652,0,138,283,1,3,60,828522,2164,75064,22,24,7221,0,-80,-2147483648,194230,4294967295,0,0
3649001117,3649.001117,181252,181219,181219,0,5,8,49166,0,49174,1,0,11,0,0,3,2,32,75064,1,0,367977,280670,0,138,283,1,3,60,828522,2167,75064,21,24,7221,0,-80,-2147483648,444230,4294967295,0,0
3649251119,3649.251119,181264,181232,181232,0,6,8,49166,0,49174,0,0,11,0,0,15,15,32,75064,1,0,367977,280691,0,138,283,1,3,60,828522,2337,75064,22,24,7222,0,-79,-2147483648,193119,4294967295,0,0
3649501119,3649.501119,181277,181245,181245,0,6,8,49166,0,49174,0,0,11,0,0,28,28,32,75064,1,0,367977,280709,0,244,283,0,3,61,828522,2167,75064,22,24,7222,0,-79,-2147483648,443119,4294967295,0,0
3649751119,3649.751119,181289,181257,181257,0,6,8,49166,0,49174,0,0,11,0,0,40,40,32,75064,1,0,367977,280729,0,138,283,0,3,61,828522,2164,75064,22,24,7223,0,-76,-2147483648,191846,4294967295,0,0
3650001120,3650.001120,181302,181269,181269,0,5,8,49166,0,49174,1,0,11,0,0,53,52,32,75064,1,0,367977,280747,0,138,283,1,3,60,828522,2167,75064,21,24,7223,0,-76,-2147483648,441847,4294967295,0,0
3650251122,3650.251122,181314,181282,181282,0,6,8,49166,0,49174,0,0,11,0,0,65,65,32,75064,1,0,367977,280767,0,244,283,1,3,60,828522,2164,75064,21,24,7224,0,-78,-2147483648,178229,4294967295,0,0
3650501123,3650.501123,181327,181294,181294,0,6,8,49166,0,49174,1,0,11,0,0,78,77,32,75064,1,0,367977,280786,0,138,283,1,3,60,828522,2167,75064,21,24,7224,0,-78,-2147483648,428230,4294967295,0,0
3650751124,3650.751124,181339,181307,181307,0,6,8,49166,0,49174,0,0,11,0,0,90,90,32,75064,1,0,367977,280806,0,245,283,1,3,60,828522,2164,75064,21,24,7225,0,-76,-2147483648,177179,4294967295,0,0
3651001125,3651.001125,181352,181319,181319,0,5,8,49166,0,49174,1,0,11,0,0,103,102,32,75064,1,0,367977,280823,0,244,283,1,3,60,828522,2167,75064,22,24,7225,0,-76,-2147483648,427180,4294967295,0,0
3651251125,3651.251125,181364,181332,181332,0,6,8,49166,0,49174,0,0,11,0,0,115,115,32,75064,1,0,367977,280845,0,140,283,1,3,60,828522,2164,75064,22,24,7226,0,-81,-2147483648,175105,4294967295,0,0
3651501125,3651.501125,181377,181344,181344,0,5,8,49166,53,49174,0,0,11,0,0,128,127,32,75064,1,0,367977,280862,0,244,283,1,3,60,828522,2167,75064,22,24,7226,0,-81,-2147483648,425105,4294967295,0,0
3651751127,3651.751127,181389,181357,181357,0,6,8,49166,0,49174,0,0,11,0,0,140,140,32,75064,1,0,367977,280883,0,138,283,1,3,60,828522,2164,75064,21,24,7227,0,-87,-2147483648,174208,4294967295,0,0
3652001127,3652.001127,181402,181370,181370,0,6,8,49166,0,49174,0,0,11,0,0,153,153,32,75064,1,0,367977,280902,0,244,283,1,3,60,828522,2167,75064,22,24,7227,0,-87,-2147483648,424208,4294967295,0,0
3652251128,3652.251128,181414,181382,181382,0,6,8,49166,0,49174,0,0,11,0,0,165,165,32,75064,1,0,367977,280921,0,244,283,1,3,60,828522,2164,75064,22,24,7228,0,-77,-2147483648,173151,4294967295,0,0
3652501128,3652.501128,181427,181394,181394,0,6,8,49166,0,49174,1,0,11,0,0,178,177,32,75064,1,0,367977,280939,0,245,283,1,3,60,828522,2167,75064,21,24,7228,0,-77,-2147483648,423151,4294967295,0,0
3652751128,3652.751128,181439,181407,181407,0,5,8,49166,0,49174,0,0,11,0,0,190,190,32,75064,1,0,367977,280960,0,244,283,1,3,60,828522,2164,75064,22,24,7229,0,-74,-2147483648,172039,4294967295,0,0
3653001130,3653.001130,181452,181419,181419,0,6,8,49166,0,49174,1,0,11,0,0,203,202,32,75064,1,0,367977,280978,0,138,283,1,3,2,828522,2168,75064,22,24,7229,0,-74,-2147483648,422041,4294967295,0,0
3653251132,3653.251132,181464,181432,181432,0,6,8,49166,0,49174,0,0,11,0,0,215,215,32,75064,1,0,367977,280998,0,244,283,1,3,60,828522,2164,75064,21,24,7230,0,-78,-2147483648,170712,4294967295,0,0
3653501133,3653.501133,181477,181444,181444,0,6,8,49166,0,49174,1,0,11,0,0,228,227,32,75064,1,0,367977,281017,0,138,283,1,3,2,828522,2167,75064,22,24,7230,0,-78,-2147483648,420713,4294967295,0,0
3653751133,3653.751133,181489,181457,181457,0,6,8,49166,0,49174,0,0,11,0,0,240,240,32,75064,1,0,367977,281037,0,138,283,0,3,61,828522,2165,75064,22,24,7231,0,-75,-2147483648,160392,4294967295,0,0
3654001134,3654.001134,181502,181470,181470,0,6,8,49166,0,49174,0,0,11,0,0,253,253,32,75064,1,0,367977,281056,0,244,283,0,3,61,828522,2167,75064,21,24,7231,0,-75,-2147483648,410393,4294967295,0,0
3654251134,3654.251134,181514,181482,181482,0,6,8,49166,0,49174,0,0,11,0,0,9,9,32,75064,1,0,367977,281075,0,244,283,1,3,60,828522,2164,75064,21,24,7232,0,-74,-2147483648,157469,4294967295,0,0
3654501134,3654.501134,181527,181494,181494,0,6,8,49166,0,49174,1,0,11,0,0,22,21,32,75064,1,0,367977,281093,0,244,283,1,3,60,828522,2167,75064,22,24,7232,0,-74,-2147483648,407469,4294967295,0,0
3654751136,3654.751136,181539,181507,181507,0,6,8,49166,0,49174,0,0,11,0,0,34,34,32,75064,1,0,367977,281114,0,245,283,1,3,60,828522,2164,75064,21,24,7233,0,-81,-2147483648,156475,4294967295,0,0
3655001137,3655.001137,181552,181519,181519,0,6,8,49166,0,49174,1,0,11,0,0,47,46,32,75064,1,0,367977,281132,0,140,283,1,3,60,828522,2167,75064,22,24,7233,0,-81,-2147483648,406476,4294967295,0,0
3655251138,3655.251138,181564,181532,181532,0,6,8,49166,0,49174,0,0,11,0,0,59,59,32,75064,1,0,367977,281152,0,244,283,1,3,60,828522,2164,75064,22,24,7234,0,-78,-2147483648,154541,4294967295,0,0
3655501139,3655.501139,181577,181545,181545,0,6,8,49166,0,49174,0,0,11,0,0,72,72,32,75064,1,0,367977,281171,0,244,283,0,3,61,828522,2167,75064,22,24,7234,0,-78,-2147483648,404542,4294967295,0,0
3655751139,3655.751139,181589,181557,181557,0,6,8,49166,0,49174,0,0,11,0,0,84,84,32,75064,1,0,367977,281191,0,244,283,1,3,60,828522,2164,75064,22,24,7235,0,-78,-2147483648,153303,4294967295,0,0
3656001141,3656.001141,181602,181570,181570,0,6,8,49166,0,49174,0,0,11,0,0,97,97,32,75064,1,0,367977,281210,0,244,283,1,3,1,828522,2167,75064,22,24,7235,0,-78,-2147483648,403305,4294967295,0,0
3656251143,3656.251143,181614,181582,181582,0,6,8,49166,0,49174,0,0,11,0,0,109,109,32,75064,1,0,367977,281229,0,244,283,1,3,60,828522,2164,75064,21,24,7236,0,-79,-2147483648,152696,4294967295,0,0
3656501145,3656.501145,181627,181594,181594,0,6,8,49166,0,49174,1,0,11,0,0,122,121,32,75064,1,0,367977,281248,0,139,283,1,3,2,828522,2167,75064,21,24,7236,0,-79,-2147483648,402698,4294967295,0,0
3656751146,3656.751146,181639,181607,181607,0,6,8,49166,0,49174,0,0,11,0,0,134,134,32,75064,1,0,367977,281268,0,244,283,1,3,2,828522,1164,75064,21,24,7237,0,-77,-2147483648,152537,4294967295,0,0
3657001147,3657.001147,181652,181620,181620,0,6,8,49166,0,49174,0,0,11,0,0,147,147,32,75064,1,0,367977,281287,0,244,283,1,3,60,828522,2167,75064,22,24,7237,0,-77,-2147483648,402538,4294967295,0,0
3657251147,3657.251147,181664,181632,181632,0,6,8,49166,0,49174,0,0,11,0,0,159,159,32,75064,1,0,367977,281306,0,244,283,1,3,61,828522,2164,75064,22,24,7238,0,-85,-2147483648,152342,4294967295,0,0
3657501149,3657.501149,181677,181645,181645,0,6,8,49166,0,49174,0,0,11,0,0,172,172,32,75064,1,0,367977,281326,0,244,283,0,3,61,828522,2167,75064,22,24,7238,0,-85,-2147483648,402344,4294967295,0,0
3657751149,3657.751149,181689,181657,181657,0,6,8,49166,0,49174,0,0,11,0,0,184,184,32,75064,1,0,367977,281345,0,244,283,1,3,60,828522,2164,75064,22,24,7239,0,-80,-2147483648,151818,4294967295,0,0
3658001150,3658.001150,181702,181670,181670,0,6,8,49166,0,49174,0,0,11,0,0,197,197,32,75064,1,0,367977,281364,0,244,283,0,3,61,828522,2167,75064,22,24,7239,0,-80,-2147483648,401819,4294967295,0,0
3658251152,3658.251152,181714,181682,181682,0,6,8,49166,0,49174,0,0,11,0,0,209,209,32,75064,1,0,367977,281384,0,138,283,1,3,60,828522,2164,75064,22,24,7240,0,-88,-2147483648,151160,4294967295,0,0
3658501153,3658.501153,181727,181694,181694,0,6,8,49166,0,49174,1,0,11,0,0,222,221,32,75064,1,0,367977,281401,0,244,283,1,3,60,828522,2167,75064,22,24,7240,0,-88,-2147483648,401161,4294967295,0,0
3658751153,3658.751153,181739,181707,181707,0,5,8,49166,0,49174,0,0,11,0,0,234,234,32,75064,1,0,367977,281422,0,138,283,1,3,60,828522,2164,75064,22,24,7241,0,-84,-2147483648,150871,4294967295,0,0
3659001155,3659.001155,181752,181719,181719,0,5,8,49166,0,49174,1,0,11,0,0,247,246,32,75064,1,0,367977,281440,0,138,283,1,3,60,828522,2167,75064,22,24,7241,0,-84,-2147483648,400873,4294967295,0,0
3659251155,3659.251155,181764,181732,181732,0,6,8,49166,0,49174,0,0,11,0,0,3,3,32,75064,1,0,367977,281460,0,244,283,1,3,61,828522,2164,75064,22,24,7242,0,-82,-2147483648,138497,4294967295,0,0
3659501156,3659.501156,181777,181744,181744,0,6,8,49166,0,49174,1,0,11,0,0,16,15,32,75064,1,0,367977,281478,0,244,283,1,3,2,828522,2167,75064,21,24,7242,0,-82,-2147483648,388498,4294967295,0,0
3659751158,3659.751158,181789,181757,181757,0,6,8,49166,0,49174,0,0,11,0,0,28,28,32,75064,1,0,367977,281499,0,280,283,1,3,60,828522,2164,75064,21,24,7243,0,-86,-2147483648,136584,4294967295,0,0
3660001173,3660.001173,181802,181770,181770,0,6,8,49166,0,49174,0,0,11,0,0,41,41,32,75064,1,0,367977,281518,0,244,283,1,3,2,828522,2167,75064,22,24,7243,0,-86,-2147483648,386599,4294967295,0,0
3660251174,3660.251174,181814,181782,181782,0,6,8,49166,0,49174,0,0,11,0,0,53,53,32,75064,1,0,367977,281537,0,244,283,1,3,60,828522,2164,75064,22,24,7244,0,-78,-2147483648,135950,4294967295,0,0
3660501176,3660.501176,181827,181795,181795,0,6,8,49166,0,49174,0,0,11,0,0,66,66,32,75064,1,0,367977,281556,0,244,283,0,3,61,828522,1167,75064,22,24,7244,0,-78,-2147483648,385952,4294967295,0,0
3660751176,3660.751176,181839,181807,181807,0,6,8,49166,0,49174,0,0,11,0,0,78,78,32,75064,1,0,367977,281575,0,245,283,1,3,60,828522,2164,75064,21,24,7245,0,-82,-2147483648,135315,4294967295,0,0
3661001178,3661.001178,181852,181820,181820,0,5,8,49166,0,49174,0,0,11,0,0,91,91,32,75064,1,0,367977,281595,0,245,283,1,3,60,828522,2168,75064,21,24,7245,0,-82,-2147483648,385317,4294967295,0,0
3661251178,3661.251178,181864,181832,181832,0,6,8,49166,0,49174,0,0,11,0,0,103,103,32,75064,1,0,367977,281614,0,139,283,1,3,60,828522,2164,75064,21,24,7246,0,-88,-2147483648,134701,4294967295,0,0
3661501179,3661.501179,181877,181845,181845,0,6,8,49166,0,49174,0,0,11,0,0,116,116,32,75064,1,0,367977,281634,0,244,283,1,3,60,828522,2167,75064,22,24,7246,0,-88,-2147483648,384702,4294967295,0,0
3661751180,3661.751180,181889,181857,181857,0,6,8,49166,0,49174,0,0,11,0,0,128,128,32,75064,1,0,367977,281653,0,138,283,1,3,60,828522,2164,75064,22,24,7247,0,-87,-2147483648,133729,4294967295,0,0
3662001181,3662.001181,181902,181869,181869,0,6,8,49166,133,49174,0,0,11,0,0,141,140,32,75064,1,0,367977,281671,0,138,283,0,3,60,828522,2167,75064,22,24,7247,0,-87,-2147483648,383730,4294967295,0,0
3662251182,3662.251182,181914,181882,181882,0,6,8,49166,0,49174,0,0,11,0,0,153,153,32,75064,1,0,367977,281689,0,244,283,0,3,61,828522,2164,75064,22,24,7248,0,-82,-2147483648,132941,4294967295,0,0
3662501183,3662.501183,181927,181895,181895,0,6,8,49166,0,49174,0,0,11,0,0,166,166,32,75064,1,0,367977,281710,0,244,283,1,3,60,828522,1167,75064,22,24,7248,0,-82,-2147483648,382942,4294967295,0,0
3662751185,3662.751185,181939,181907,181907,0,6,8,49166,0,49174,0,0,11,0,0,178,178,32,75064,1,0,367977,281730,0,138,283,1,3,60,828522,2164,75064,22,24,7249,0,-84,-2147483648,132721,4294967295,0,0
3663001186,3663.001186,181952,181920,181920,0,6,8,49166,0,49174,0,0,11,0,0,191,191,32,75064,1,0,367977,281749,0,244,283,1,3,60,828522,2167,75064,22,24,7249,0,-84,-2147483648,382722,4294967295,0,0
3663251186,3663.251186,181964,181932,181932,0,6,8,49166,0,49174,0,0,11,0,0,203,203,32,75064,1,0,367977,281769,0,138,283,1,3,60,828522,2164,75064,22,24,7250,0,-84,-2147483648,131342,4294967295,0,0
3663501188,3663.501188,181977,181945,181945,0,6,8,49166,0,49174,0,0,11,0,0,216,216,32,75064,1,0,367977,281788,0,245,283,1,3,60,828522,2167,75064,22,24,7250,0,-84,-2147483648,381344,4294967295,0,0
3663751189,3663.751189,181989,181957,181957,0,5,8,49166,0,49174,0,0,11,0,0,228,228,32,75064,1,0,367977,281807,0,244,283,1,3,60,828522,2165,75064,22,24,7251,0,-90,-2147483648,119455,4294967295,0,0
3664001191,3664.001191,182002,181970,181970,0,6,8,49166,0,49174,0,0,11,0,0,241,241,32,75064,1,0,367977,281826,0,244,283,0,3,61,828522,2167,75064,22,24,7251,0,-90,-2147483648,369457,4294967295,0,0
3664251192,3664.251192,182014,181982,181982,0,6,8,49166,0,49174,0,0,11,0,0,253,253,32,75064,1,0,367977,281845,0,244,283,1,3,60,828522,2164,75064,22,24,7252,0,-84,-2147483648,118220,4294967295,0,0
3664501192,3664.501192,182027,181994,181994,0,6,8,49166,0,49174,1,0,11,0,0,10,9,32,75064,1,0,367977,281864,0,138,283,0,3,61,828522,2168,75064,22,24,7252,0,-84,-2147483648,368220,4294967295,0,0
3664751194,3664.751194,182039,182007,182007,0,6,8,49166,0,49174,0,0,11,0,0,22,22,32,75064,1,0,367977,281884,0,138,283,1,3,60,828522,2164,75064,22,24,7253,0,-87,-2147483648,117282,4294967295,0,0
3665001194,3665.001194,182052,182019,182019,0,5,8,49166,0,49174,1,0,11,0,0,35,34,32,75064,1,0,367977,281902,0,244,283,1,3,60,828522,2167,75064,22,24,7253,0,-87,-2147483648,367282,4294967295,0,0
3665251196,3665.251196,182064,182032,182032,0,6,8,49166,0,49174,0,0,11,0,0,47,47,32,75064,1,0,367977,281923,0,138,283,0,3,61,828522,2165,75064,21,24,7254,0,-85,-2147483648,116717,4294967295,0,0
3665501196,3665.501196,182077,182045,182045,0,6,8,49166,0,49174,0,0,11,0,0,60,60,32,75064,1,0,367977,281941,0,244,283,0,3,61,828522,2167,75064,22,24,7254,0,-85,-2147483648,366717,4294967295,0,0
3665751196,3665.751196,182089,182057,182057,0,6,8,49166,0,49174,0,0,11,0,0,72,72,32,75064,1,0,367977,281961,0,280,283,1,3,2,828522,1164,75064,21,24,7255,0,-90,-2147483648,116582,4294967295,0,0
3666001197,3666.001197,182102,182069,182069,0,6,8,49166,0,49174,1,0,11,0,0,85,84,32,75064,1,0,367977,281979,0,137,283,1,3,60,828522,1167,75064,21,24,7255,0,-90,-2147483648,366583,4294967295,0,0
3666251199,3666.251199,182114,182082,182082,0,6,8,49166,0,49174,0,0,11,0,0,97,97,32,75064,1,0,367977,282000,0,138,283,1,3,60,828522,2164,75064,22,24,7256,0,-88,-2147483648,113910,4294967295,0,0
3666501200,3666.501200,182127,182095,182095,0,6,8,49166,0,49174,0,0,11,0,0,110,110,32,75064,1,0,367977,282019,0,244,283,1,3,60,828522,2167,75064,22,24,7256,0,-88,-2147483648,363911,4294967295,0,0
3666751200,3666.751200,182139,182107,182107,0,6,8,49166,0,49174,0,0,11,0,0,122,122,32,75064,1,0,367977,282038,0,138,283,1,3,60,828522,2164,75064,22,24,7257,0,-83,-2147483648,114443,4294967295,0,0
3667001200,3667.001200,182152,182119,182119,0,6,8,49166,0,49174,1,0,11,0,0,135,134,32,75064,1,0,367977,282055,0,245,283,1,3,60,828522,2167,75064,21,24,7257,0,-83,-2147483648,364443,4294967295,0,0
3667251202,3667.251202,182164,182132,182132,0,6,8,49166,0,49174,0,0,11,0,0,147,147,32,75064,1,0,367977,282077,0,137,283,1,3,60,828522,2164,75064,21,24,7258,0,-91,-2147483648,112316,4294967295,0,0
3667501203,3667.501203,182177,182145,182145,0,6,8,49166,0,49174,0,0,11,0,0,160,160,32,75064,1,0,367977,282096,0,244,283,1,3,60,828522,2167,75064,22,24,7258,0,-91,-2147483648,362317,4294967295,0,0
3667751205,3667.751205,182189,182157,182157,0,6,8,49166,0,49174,0,0,11,0,0,172,172,32,75064,1,0,367977,282115,0,137,283,1,3,60,828522,2164,75064,22,24,7259,0,-84,-2147483648,111488,4294967295,0,0
3668001207,3668.001207,182202,182169,182169,0,6,8,49166,0,49174,1,0,11,0,0,185,184,32,75064,1,0,367977,282133,0,138,283,0,3,61,828522,2168,75064,21,24,7259,0,-84,-2147483648,361490,4294967295,0,0
3668251207,3668.251207,182214,182182,182182,0,6,8,49166,0,49174,0,0,11,0,0,197,197,32,75064,1,0,367977,282153,0,244,283,1,3,60,828522,2164,75064,22,24,7260,0,-81,-2147483648,111153,4294967295,0,0
3668501207,3668.501207,182227,182194,182194,0,5,8,49166,159,49174,0,0,11,0,0,210,209,32,75064,1,0,367977,282171,0,244,283,1,3,60,828522,2167,75064,21,24,7260,0,-81,-2147483648,361153,4294967295,0,0
3668751207,3668.751207,182239,182207,182207,0,6,8,49166,0,49174,0,0,11,0,0,222,222,32,75064,1,0,367977,282192,0,138,283,1,3,60,828522,2164,75064,22,24,7261,0,-84,-2147483648,111142,4294967295,0,0
3669001209,3669.001209,182252,182219,182219,0,6,8,49166,214,49174,0,0,11,0,0,235,234,32,75064,1,0,367977,282210,0,138,283,0,3,60,828522,2167,75064,22,24,7261,0,-84,-2147483648,361144,4294967295,0,0
3669251210,3669.251210,182264,182232,182232,0,6,8,49166,0,49174,0,0,11,0,0,247,247,32,75064,1,0,367977,282230,0,244,283,1,3,60,828522,2164,75064,22,24,7262,0,-85,-2147483648,110550,4294967295,0,0
3669501212,3669.501212,182277,182245,182245,0,6,8,49166,0,49174,0,0,11,0,0,4,4,32,75064,1,0,367977,282249,0,244,283,1,3,60,828522,2167,75064,22,24,7262,0,-85,-2147483648,360552,4294967295,0,0
3669751212,3669.751212,182289,182257,182257,0,5,8,49166,0,49174,0,0,11,0,0,16,16,32,75064,1,0,367977,282269,0,138,283,1,3,60,828522,2164,75064,22,24,7263,0,-91,-2147483648,99251,4294967295,0,0
3670001212,3670.001212,182302,182270,182270,0,6,8,49166,0,49174,0,0,11,0,0,29,29,32,75064,1,0,367977,282288,0,244,283,1,3,1,828522,2167,75064,22,24,7263,0,-91,-2147483648,349251,4294967295,0,0
3670251212,3670.251212,182314,182282,182282,0,6,8,49166,0,49174,0,0,11,0,0,41,41,32,75064,1,0,367977,282307,0,244,283,1,3,60,828522,2164,75064,22,24,7264,0,-85,-2147483648,97739,4294967295,0,0
3670501212,3670.501212,182327,182294,182294,0,6,8,49166,0,49174,1,0,11,0,0,54,53,32,75064,1,0,367977,282325,0,245,283,1,3,60,828522,2167,75064,21,24,7264,0,-85,-2147483648,347739,4294967295,0,0
3670751212,3670.751212,182339,182307,182307,0,6,8,49166,0,49174,0,0,11,0,0,66,66,32,75064,1,0,367977,282345,0,244,283,1,3,60,828522,2164,75064,22,24,7265,0,-81,-2147483648,96885,4294967295,0,0
3671001214,3671.001214,182352,182319,182319,0,6,8,49166,196,49174,0,0,11,0,0,79,78,32,75064,1,0,367977,282364,0,138,283,1,3,60,828522,2167,75064,22,24,7265,0,-81,-2147483648,346887,4294967295,0,0
3671251214,3671.251214,182364,182332,182332,0,6,8,49166,0,49174,0,0,11,0,0,91,91,32,75064,1,0,367977,282384,0,244,283,1,3,60,828522,2164,75064,22,24,7266,0,-88,-2147483648,96760,4294967295,0,0
3671501216,3671.501216,182377,182344,182344,0,6,8,49166,0,49174,1,0,11,0,0,104,103,32,75064,1,0,367977,282403,0,138,283,1,3,60,828522,2167,75064,22,24,7266,0,-88,-2147483648,346762,4294967295,0,0
3671751217,3671.751217,182389,182357,182357,0,6,8,49166,0,49174,0,0,11,0,0,116,116,32,75064,1,0,367977,282423,0,138,283,0,3,61,828522,1164,75064,22,24,7267,0,-81,-2147483648,96227,4294967295,0,0
3672001218,3672.001218,182402,182370,182370,0,6,8,49166,0,49174,0,0,11,0,0,129,129,32,75064,1,0,367977,282442,0,244,283,1,3,60,828522,2167,75064,22,24,7267,0,-81,-2147483648,346228,4294967295,0,0
3672251218,3672.251218,182414,182382,182382,0,6,8,49166,0,49174,0,0,11,0,0,141,141,32,75064,1,0,367977,282461,0,244,283,1,3,2,828522,1164,75064,22,24,7268,0,-92,-2147483648,95627,4294967295,0,0
3672501220,3672.501220,182427,182395,182395,0,6,8,49166,0,49174,0,0,11,0,0,154,154,32,75064,1,0,367977,282480,0,244,283,1,3,60,828522,2167,75064,21,24,7268,0,-92,-2147483648,345629,4294967295,0,0
3672751220,3672.751220,182439,182407,182407,0,6,8,49166,0,49174,0,0,11,0,0,166,166,32,75064,1,0,367977,282500,0,138,283,1,3,60,828522,2164,75064,22,24,7269,0,-76,-2147483648,94634,4294967295,0,0
3673001220,3673.001220,182452,182420,182420,0,6,8,49166,0,49174,0,0,11,0,0,179,179,32,75064,1,0,367977,282519,0,244,283,1,3,60,828522,2168,75064,22,24,7269,0,-76,-2147483648,344634,4294967295,0,0
3673251220,3673.251220,182464,182432,182432,0,6,8,49166,0,49174,0,0,11,0,0,191,191,32,75064,1,0,367977,282539,0,138,283,1,3,60,828522,1164,75064,22,24,7270,0,-76,-2147483648,94614,4294967295,0,0
3673501222,3673.501222,182477,182445,182445,0,6,8,49166,0,49174,0,0,11,0,0,204,204,32,75064,1,0,367977,282558,0,244,283,0,3,61,828522,2168,75064,22,24,7270,0,-76,-2147483648,344616,4294967295,0,0
3673751222,3673.751222,182489,182457,182457,0,6,8,49166,0,49174,0,0,11,0,0,216,216,32,75064,1,0,367977,282577,0,245,283,1,3,60,828522,2164,75064,21,24,7271,0,-76,-2147483648,93440,4294967295,0,0
3674001231,3674.001231,182502,182469,182469,0,6,8,49166,33,49174,0,0,11,0,0,229,228,32,75064,1,0,367977,282595,0,244,283,0,3,60,828522,2167,75064,22,24,7271,0,-76,-2147483648,343449,4294967295,0,0
3674251232,3674.251232,182514,182482,182482,0,6,8,49166,0,49174,0,0,11,0,0,241,241,32,75064,1,0,367977,282615,0,138,283,1,3,60,828522,2164,75064,22,24,7272,0,-77,-2147483648,92347,4294967295,0,0
3674501234,3674.501234,182527,182495,182495,0,5,8,49166,0,49174,0,0,11,0,0,254,254,32,75064,1,0,367977,282634,0,244,283,0,3,61,828522,1167,75064,22,24,7272,0,-77,-2147483648,342349,4294967295,0,0
3674751236,3674.751236,182539,182507,182507,0,6,8,49166,0,49174,0,0,11,0,0,10,10,32,75064,1,0,367977,282654,0,244,283,0,3,61,828522,2165,75064,22,24,7273,0,-76,-2147483648,92327,4294967295,0,0
3675001237,3675.001237,182552,182519,182519,0,6,8,49166,0,49174,0,0,11,0,0,23,22,32,75064,1,0,367977,282673,0,279,283,0,3,300,828522,2167,75064,22,24,7273,0,-76,-2147483648,342328,4294967295,0,0
3675251239,3675.251239,182564,182532,182532,0,6,8,49166,0,49174,0,0,11,0,0,35,35,32,75064,1,0,367977,282692,0,245,283,1,3,60,828522,2164,75064,21,24,7274,0,-79,-2147483648,81088,4294967295,0,0
3675501241,3675.501241,182577,182545,182545,0,6,8,49166,0,49174,0,0,11,0,0,48,48,32,75064,1,0,367977,282712,0,244,283,1,3,60,828522,2168,75064,22,24,7274,0,-79,-2147483648,331090,4294967295,0,0
3675751243,3675.751243,182589,182557,182557,0,6,8,49166,0,49174,0,0,11,0,0,60,60,32,75064,1,0,367977,282731,0,138,283,1,3,60,828522,2164,75064,21,24,7275,0,-76,-2147483648,78539,4294967295,0,0
3676001245,3676.001245,182602,182570,182570,0,6,8,49166,0,49174,0,0,11,0,0,73,73,32,75064,1,0,367977,282750,0,245,283,1,3,60,828522,2167,75064,21,24,7275,0,-76,-2147483648,328541,4294967295,0,0
3676251246,3676.251246,182614,182582,182582,0,5,8,49166,0,49174,0,0,11,0,0,85,85,32,75064,1,0,367977,282769,0,244,283,1,3,60,828522,2164,75064,22,24,7276,0,-76,-2147483648,78159,4294967295,0,0
3676501247,3676.501247,182627,182595,182595,0,6,8,49166,0,49174,0,0,11,0,0,98,98,32,75064,1,0,367977,282789,0,244,283,1,3,60,828522,2167,75064,22,24,7276,0,-76,-2147483648,328160,4294967295,0,0
3676751247,3676.751247,182639,182607,182607,0,5,8,49166,0,49174,0,0,11,0,0,110,110,32,75064,1,0,367977,282808,0,245,283,1,3,61,828522,2164,75064,21,24,7277,0,-76,-2147483648,77631,4294967295,0,0
3677001247,3677.001247,182652,182620,182620,0,6,8,49166,0,49174,0,0,11,0,0,123,123,32,75064,1,0,367977,282827,0,244,283,1,3,60,828522,2167,75064,22,24,7277,0,-76,-2147483648,327631,4294967295,0,0
3677251248,3677.251248,182664,182632,182632,0,6,8,49166,0,49174,0,0,11,0,0,135,135,32,75064,1,0,367977,282846,0,279,283,1,3,60,828522,2164,75064,22,24,7278,0,-79,-2147483648,75739,4294967295,0,0
3677501250,3677.501250,182677,182644,182644,0,6,8,49166,0,49174,1,0,11,0,0,148,147,32,75064,1,0,367977,282864,0,245,283,1,3,60,828522,2167,75064,21,24,7278,0,-79,-2147483648,325741,4294967295,0,0
3677751250,3677.751250,182689,182657,182657,0,6,8,49166,0,49174,0,0,11,0,0,160,160,32,75064,1,0,367977,282885,0,138,283,1,3,60,828522,2164,75064,22,24,7279,0,-79,-2147483648,73910,4294967295,0,0
3678001252,3678.001252,182702,182670,182670,0,6,8,49166,0,49174,0,0,11,0,0,173,173,32,75064,1,0,367977,282904,0,244,283,0,3,61,828522,2168,75064,21,24,7279,0,-79,-2147483648,323912,4294967295,0,0
3678251252,3678.251252,182714,182682,182682,0,6,8,49166,0,49174,0,0,11,0,0,185,185,32,75064,1,0,367977,282923,0,244,283,1,3,60,828522,2165,75064,22,24,7280,0,-78,-2147483648,73754,4294967295,0,0
3678501254,3678.501254,182727,182694,182694,0,6,8,49166,0,49174,1,0,11,0,0,198,197,32,75064,1,0,367977,282941,0,244,283,1,3,60,828522,2167,75064,22,24,7280,0,-78,-2147483648,323756,4294967295,0,0
3678751255,3678.751255,182739,182707,182707,0,6,8,49166,0,49174,0,0,11,0,0,210,210,32,75064,1,0,367977,282962,0,244,283,0,3,61,828522,2164,75064,22,24,7281,0,-77,-2147483648,72338,4294967295,0,0
3679001257,3679.001257,182752,182719,182719,0,6,8,49166,253,49174,0,0,11,0,0,223,222,32,75064,1,0,367977,282981,0,244,283,0,3,60,828522,2168,75064,22,24,7281,0,-77,-2147483648,322340,4294967295,0,0
3679251259,3679.251259,182764,182732,182732,0,6,8,49166,0,49174,0,0,11,0,0,235,235,32,75064,1,0,367977,283000,0,244,283,1,3,60,828522,1164,75064,22,24,7282,0,-77,-2147483648,70172,4294967295,0,0
3679501261,3679.501261,182777,182744,182744,0,6,8,49166,0,49174,1,0,11,0,0,248,247,32,75064,1,0,367977,283018,0,244,283,1,3,60,828522,2167,75064,22,24,7282,0,-77,-2147483648,320174,4294967295,0,0
3679751263,3679.751263,182789,182757,182757,0,6,8,49166,0,49174,0,0,11,0,0,4,4,32,75064,1,0,367977,283039,0,245,283,1,3,2,828522,1164,75064,21,24,7283,0,-78,-2147483648,70196,4294967295,0,0
3680001263,3680.001263,182802,182769,182769,0,6,8,49166,0,49174,1,0,11,0,0,17,16,32,75064,1,0,367977,283057,0,138,283,0,3,60,828522,2167,75064,22,24,7283,0,-78,-2147483648,320196,4294967295,0,0
3680251265,3680.251265,182814,182782,182782,0,6,8,49166,0,49174,0,0,11,0,0,29,29,32,75064,1,0,367977,283077,0,244,283,1,3,60,828522,2164,75064,22,24,7284,0,-75,-2147483648,59097,4294967295,0,0
3680501265,3680.501265,182827,182794,182794,0,6,8,49166,0,49174,1,0,11,0,0,42,41,32,75064,1,0,367977,283095,0,244,283,1,3,61,828522,2167,75064,22,24,7284,0,-75,-2147483648,309097,4294967295,0,0
3680751267,3680.751267,182839,182807,182807,0,6,8,49166,0,49174,0,0,11,0,0,54,54,32,75064,1,0,367977,283116,0,138,283,1,3,60,828522,2164,75064,21,24,7285,0,-77,-2147483648,58246,4294967295,0,0
3681001269,3681.001269,182852,182820,182820,0,6,8,49166,0,49174,0,0,11,0,0,67,67,32,75064,1,0,367977,283135,0,244,283,0,3,2,828522,2167,75064,21,24,7285,0,-77,-2147483648,308248,4294967295,0,0
3681251269,3681.251269,182864,182832,182832,0,6,8,49166,0,49174,0,0,11,0,0,79,79,32,75064,1,0,367977,283154,0,244,283,1,3,60,828522,2164,75064,22,24,7286,0,-78,-2147483648,57071,4294967295,0,0
3681501271,3681.501271,182877,182844,182844,0,6,8,49166,0,49174,1,0,11,0,0,92,91,32,75064,1,0,367977,283172,0,244,283,1,3,60,828522,2167,75064,22,24,7286,0,-78,-2147483648,307073,4294967295,0,0
3681751272,3681.751272,182889,182857,182857,0,6,8,49166,0,49174,0,0,11,0,0,104,104,32,75064,1,0,367977,283193,0,138,283,0,3,61,828522,2165,75064,21,24,7287,0,-78,-2147483648,54980,4294967295,0,0
3682001273,3682.001273,182902,182870,182870,0,6,8,49166,0,49174,0,0,11,0,0,117,117,32,75064,1,0,367977,283212,0,244,283,1,3,60,828522,2167,75064,22,24,7287,0,-78,-2147483648,304981,4294967295,0,0
3682251275,3682.251275,182914,182882,182882,0,6,8,49166,0,49174,0,0,11,0,0,129,129,32,75064,1,0,367977,283231,0,244,283,0,3,61,828522,2164,75064,22,24,7288,0,-76,-2147483648,53860,4294967295,0,0
